probe_subject,claimed_subject,session,llr,fidelity,bhattacharyya
s002,s003,5,0.11042474997090486,0.011156520092424299,0.6812548643491482
s002,s004,5,0.20393142548389204,0.16920138783811403,0.7359325667562234
s002,s005,5,0.10166301909394636,0.0020508260119631726,0.654388735383208
s002,s007,5,0.17601340632619306,0.002847740770120688,0.6556608329275202
s002,s008,5,0.1804164976619428,0.06110290777259463,0.6194517943940939
s002,s010,5,0.214371430259814,0.05000636511604716,0.6897401831263387
s002,s011,5,0.12919904648832556,0.00392604245226245,0.5214938232198413
s002,s012,5,0.1304813885073717,0.01333109455252819,0.5897539261452119
s002,s013,5,0.22740197517299499,0.13602275692166083,0.7721007700598363
s002,s015,5,0.16908529049228657,0.008363693876114311,0.667638483791602
s002,s016,5,0.0739731126851128,0.08799841430576738,0.6447501111281423
s002,s017,5,0.24886914063064558,0.06279721692305881,0.7348129631757444
s002,s018,5,0.19566356708566113,0.00902504509654524,0.6100491866627809
s002,s019,5,0.18141108884635085,0.0007211854332438892,0.6522104055653866
s002,s020,5,0.2355060377659838,0.0003476023166667633,0.6616597200822923
s002,s021,5,0.0806240569200386,6.683622830009567e-05,0.5860702938153685
s002,s022,5,0.09947689744610215,0.026316453440082252,0.49229577883593134
s002,s024,5,0.12408429525294339,0.01701651412616102,0.6703448645464433
s002,s025,5,0.12751186969889267,0.00017630461288572466,0.5705676944522365
s002,s026,5,0.10574479771209642,6.696555305441934e-05,0.6713164024286954
s002,s027,5,0.1035049961200182,0.0012228178864283677,0.7100009355573736
s002,s028,5,0.1486600021915323,0.2220066645535114,0.7740531041970405
s002,s029,5,0.19801613856301487,0.003089301052287924,0.7954967006873394
s002,s030,5,0.09178609689483622,0.003415146141032112,0.580837511942898
s002,s031,5,0.086704913393666,5.18637628231453e-05,0.623803668714182
s002,s032,5,0.13165298939698672,0.11959137066773481,0.7111827922560463
s002,s033,5,0.09194295165779635,0.06303119173677481,0.7092225915976563
s002,s034,5,0.18364746669750853,0.04563288156071615,0.708609596231029
s002,s035,5,0.16794332758174743,0.15516538574369798,0.6292841099490956
s002,s036,5,0.11664339136543357,0.03552603883595473,0.38835387620857853
s002,s037,5,0.22636907188984612,0.04062959394912055,0.6179818985487414
s002,s038,5,0.10011642618454476,0.03517326385261236,0.6330576414098229
s002,s039,5,0.14039289110240896,0.1357062570133751,0.7013111231285744
s002,s040,5,0.12257214124520974,0.11285749955088305,0.6234383464980896
s002,s041,5,0.15220576441874228,0.015052042067700375,0.6421979677624606
s002,s042,5,0.12023507958161163,0.10753336806910786,0.7343694006385106
s002,s043,5,0.08796381254974264,0.01811581373796355,0.47585149668606735
s002,s044,5,0.13346294979042447,0.03390473524594427,0.6157013144542016
s002,s046,5,0.22705475400044645,0.02427646375108336,0.6602432618992282
s002,s047,5,0.15293824504924625,0.00947997001616775,0.8003187059740957
s002,s048,5,0.12311971271507766,0.0009839695246615726,0.5832134869247798
s002,s049,5,0.17986861642197766,0.0061387640022731605,0.4952483569767444
s002,s050,5,0.23566647817637165,0.0896329788207439,0.6818795565857789
s002,s051,5,0.169637033042488,0.011324852110202639,0.6338257813908881
s002,s052,5,0.07336814548806395,0.06702707057875915,0.5793779672679341
s002,s053,5,0.13576813618641154,0.040044477658758876,0.7021728688241539
s002,s054,5,0.11365520830150619,0.005463419573033212,0.7009028025301033
s002,s055,5,0.20214616101156804,0.2043695502193899,0.6359120464755634
s002,s056,5,0.16841977505387157,0.032810298803453306,0.6885281965426796
s002,s057,5,0.13789955119041483,0.005879388189654167,0.602352424379644
s002,s003,6,0.05859099952291646,0.010407610319599954,0.7389336787217099
s002,s004,6,0.18903605098932533,0.018993540706145347,0.6052629740168224
s002,s005,6,0.10788512757762242,0.00268263561077997,0.6057046814718716
s002,s007,6,0.1620776977171101,0.0012995068598979898,0.6680884204215878
s002,s008,6,0.20976870925788121,0.13066773512903482,0.6569281109105871
s002,s010,6,0.27642428532221336,0.04132577345637196,0.5650905787649456
s002,s011,6,0.1375942656786503,0.018361883335017648,0.6014987054245199
s002,s012,6,0.0766663495495679,0.046420313869447824,0.649081167791485
s002,s013,6,0.2579887840849887,0.11593932176898508,0.6754355648097405
s002,s015,6,0.11909407859493569,0.004913813016173963,0.6721998598078116
s002,s016,6,0.073844677840234,0.08710603427742307,0.5412784875726396
s002,s017,6,0.27349282873061875,0.001039984380568491,0.7340329892873612
s002,s018,6,0.08157207458258695,0.020424928866243783,0.6353090281247261
s002,s019,6,0.14187946268689985,0.00635519216402343,0.6298484440197708
s002,s020,6,0.14627043718660335,0.0036515281366395823,0.6957496389987392
s002,s021,6,0.059474856635017656,0.024655952664936222,0.5726159580386038
s002,s022,6,0.08415432603102715,0.1456490321739036,0.5662065196268941
s002,s024,6,0.057670271232774815,0.0024816997510418,0.7931792588317236
s002,s025,6,0.1150547907877054,0.001306926353454017,0.560368489984503
s002,s026,6,0.08747210675486185,0.04131845683990079,0.5977501030253636
s002,s027,6,0.058523428703644804,0.0056000796626230155,0.5210664820507586
s002,s028,6,0.23322255301538491,0.0034713664563937115,0.5582951171529388
s002,s029,6,0.1935016833685258,0.028316984840861224,0.6662746325205265
s002,s030,6,0.07910007883046273,0.041667681696078616,0.5125437203310195
s002,s031,6,0.07967429148812886,0.0003559457665691938,0.5565344291123844
s002,s032,6,0.06283375582361415,0.038736275950515195,0.6593313110804149
s002,s033,6,0.08494454906266892,0.0003197134574250005,0.46805727691978244
s002,s034,6,0.20186384148970296,0.12606144185392687,0.6415798728322525
s002,s035,6,0.11383726196285616,0.0089741190994976,0.635529487234314
s002,s036,6,0.11264860912658003,0.15349527496663468,0.4820243080277769
s002,s037,6,0.20065463828686286,0.029452505110553945,0.5682446690705232
s002,s038,6,0.049313842237298504,0.042530300388112056,0.6178589771167143
s002,s039,6,0.16941385900930434,0.019084131805757094,0.609618494710936
s002,s040,6,0.06457049462393737,0.0007430696892960491,0.6114125150991188
s002,s041,6,0.08653839151979328,0.014850747168789624,0.4776782976653852
s002,s042,6,0.06567453078929332,0.004529798271412134,0.522860983484507
s002,s043,6,0.1204577479749407,0.00034000651984238866,0.6738756305661278
s002,s044,6,0.09904232464911567,0.0001212250194196418,0.6349633864939664
s002,s046,6,0.06292136190034915,0.006805829188234504,0.5451176236447971
s002,s047,6,0.05496274649711857,0.005097709909848838,0.4961973446032117
s002,s048,6,0.13366192942833105,0.01726690120232021,0.7283841370947479
s002,s049,6,0.1025404858603575,0.010434661731814118,0.5513455460663844
s002,s050,6,0.17859757174509083,0.002468212196829092,0.6273733738060417
s002,s051,6,0.2373152526495332,0.05409840413044508,0.7095504838569386
s002,s052,6,0.07770205203304627,0.06412243615246803,0.4991468458662506
s002,s053,6,0.08828028678864906,0.0005976457622715588,0.6135839875556863
s002,s054,6,0.14795740110371616,0.0009698893210489078,0.6774072794269508
s002,s055,6,0.19786657694813845,0.11640910575479652,0.7530508718837887
s002,s056,6,0.15321556928345814,0.05477216654858497,0.6821540953596352
s002,s057,6,0.10954980548591074,0.021563720693549514,0.6183866149754426
s002,s003,7,0.1143823849487019,0.016000937671327427,0.5589257270493397
s002,s004,7,0.146549758006824,0.06494415096359378,0.5848520919847089
s002,s005,7,0.12593934084807773,0.003279872734330924,0.6106758729569862
s002,s007,7,0.19139138799475636,0.00036411137209433985,0.6339478830067977
s002,s008,7,0.26691262000739957,0.06055037542557331,0.6366691434741847
s002,s010,7,0.16128568705750185,0.0007052954408136955,0.6458968676712252
s002,s011,7,0.13211106361576147,0.00030151685905807553,0.5334734183507607
s002,s012,7,0.115805889993977,0.012870530567024854,0.6842602922314466
s002,s013,7,0.16891165225039922,0.0011853769013850089,0.5866068898802355
s002,s015,7,0.16509923660154383,0.009231611801389117,0.5060048169288973
s002,s016,7,0.10261802547653423,0.05689683852969133,0.5204849549174545
s002,s017,7,0.17206279030593796,0.0019131620150550414,0.6704692145744716
s002,s018,7,0.14868385283269744,0.020907270084258273,0.575163316811467
s002,s019,7,0.09143657062975304,0.023440196725266926,0.6321628335195916
s002,s020,7,0.18505213730583114,0.03331723623749987,0.4801470018862723
s002,s021,7,0.07685023910034554,0.044137035696132344,0.5656617727732958
s002,s022,7,0.0993408209411664,0.013422152839616992,0.4431780474122037
s002,s024,7,0.11045079511805966,0.0014458438160335312,0.656250741777245
s002,s025,7,0.2262487151771858,7.281055158277532e-09,0.6278109724402047
s002,s026,7,0.08066243619402418,0.0006891774661182087,0.6271464106852324
s002,s027,7,0.08015300241551307,0.014435975343726907,0.5137210147417118
s002,s028,7,0.15464833914140505,0.010231636137287552,0.667593698583451
s002,s029,7,0.14914166220031505,0.06075245002715324,0.704672760075698
s002,s030,7,0.09508494764996808,0.06755557052029666,0.6268809120779544
s002,s031,7,0.060828551424480765,0.009260192316903271,0.6712915927445252
s002,s032,7,0.10068349454930225,0.0034287802506287003,0.6451635077096323
s002,s033,7,0.10915052724485749,0.002464131898994095,0.5529550813867503
s002,s034,7,0.13431517499571466,2.1963888292612094e-05,0.6406921724210349
s002,s035,7,0.20708915365711014,0.00048355843462894745,0.6236723673449256
s002,s036,7,0.12183043681704686,0.02591407139319621,0.3300936987715052
s002,s037,7,0.1839136620003589,0.14889646410722251,0.6297841756355284
s002,s038,7,0.12928815939549343,0.09726161741517864,0.7869725673138432
s002,s039,7,0.114553345166338,0.02058943923616871,0.6823799102868728
s002,s040,7,0.10434350635481573,0.10965688191811973,0.752042747413156
s002,s041,7,0.19107930542185178,0.012524077297296661,0.5622527191882836
s002,s042,7,0.08613574709103249,0.13100751634795504,0.6492662120223207
s002,s043,7,0.07670253376846164,0.029226950165966045,0.46493919355911234
s002,s044,7,0.06380973904307871,0.056191725284038756,0.7075673986929497
s002,s046,7,0.29054177996418157,0.05390083380813097,0.6500033538784223
s002,s047,7,0.0836165491830603,0.0017717464904372761,0.5553507453761329
s002,s048,7,0.1493013948866952,0.0008817038109069782,0.6295989197519739
s002,s049,7,0.11601327598673809,0.007459524159462147,0.535458395195698
s002,s050,7,0.1769106672701279,0.18702710748926213,0.8020013632062244
s002,s051,7,0.2942328219987956,0.06609159590868667,0.723112642453689
s002,s052,7,0.07019729617838748,0.041398751621199055,0.5385693470055533
s002,s053,7,0.09288825395368351,0.04383306280191098,0.5773776107356949
s002,s054,7,0.189232239653533,0.006708367246911659,0.7804277902884218
s002,s055,7,0.17825342955525733,0.0006365291310542715,0.5964668939918966
s002,s056,7,0.18959605921497405,0.12186599159329344,0.7677450377498694
s002,s057,7,0.17963020484181147,0.0054513505210683506,0.5934154709679789
s002,s003,8,0.29106586295681497,0.03456240896081311,0.7288134019272826
s002,s004,8,0.21018528823441968,0.00013788099383420555,0.7254896105107445
s002,s005,8,0.3924669837725466,0.0077727659064163205,0.6145098520118522
s002,s007,8,0.0925640238111778,0.01794363873825332,0.619601464256129
s002,s008,8,0.2042408174808987,0.08122538883553874,0.6804682029015631
s002,s010,8,0.06204378969964515,0.0013895513900984025,0.7032407032030662
s002,s011,8,0.27288473154992404,0.14428368752184156,0.7052014755356918
s002,s012,8,0.35340186071672886,0.12199744887994199,0.732403640064496
s002,s013,8,0.08640426044100719,0.0006061444594370169,0.7792471214364208
s002,s015,8,0.06527209201879716,0.016180626244950945,0.5674544606481761
s002,s016,8,0.0885895549174889,0.009704708872094325,0.6044840815334664
s002,s017,8,0.04556658689067314,0.06960758730126944,0.7870959469755472
s002,s018,8,0.2617145406337522,0.06454656899528946,0.7216867085878785
s002,s019,8,0.1054953477573356,0.037282080154398475,0.5501631129818867
s002,s020,8,0.14428170888122796,0.002957986574724453,0.6653204796415227
s002,s021,8,0.06135506973963887,0.04271015269377306,0.6371583056440245
s002,s022,8,0.07076413435252678,0.07538413883766072,0.7038155272990547
s002,s024,8,0.03790374681507899,0.0451725490607016,0.790023016342067
s002,s025,8,0.07823135325080444,0.042143156938210025,0.6282985603081764
s002,s026,8,0.06730890052436575,0.03562113294594448,0.6380553809504563
s002,s027,8,0.1499331970101265,0.036387440342267985,0.6535320428920058
s002,s028,8,0.06433540351352109,0.017755929437231022,0.7512899675954184
s002,s029,8,0.06890836763121387,0.03907545811370905,0.7819204114661935
s002,s030,8,0.1619659010653488,0.0009329510848628594,0.6379169134156232
s002,s031,8,0.046698904092428786,0.07026074598669878,0.6363699527683858
s002,s032,8,0.07190979861587736,6.397023479435998e-05,0.8252082295014544
s002,s033,8,0.31552540930846645,2.8754545529821416e-05,0.6494074418840302
s002,s034,8,0.15348725540868602,0.06413907344505307,0.7208940598150905
s002,s035,8,0.12634372921752274,0.04210390985172647,0.616204234312486
s002,s036,8,0.04853703378705166,0.199854350481596,0.5742622074472474
s002,s037,8,0.15802698682246857,0.06414038757386227,0.6065911531911828
s002,s038,8,0.08489740986970809,0.102936082702726,0.6203035815815284
s002,s039,8,0.18307230277488576,0.05152329146764134,0.6574390783471983
s002,s040,8,0.1475142785934401,0.00590613635543575,0.7001718396552642
s002,s041,8,0.6059709459822707,0.18358297557148362,0.7492810541767574
s002,s042,8,0.11774417703578517,0.005649328337033161,0.6560887953567083
s002,s043,8,0.07002942300608858,0.060230192694058465,0.6753547952967719
s002,s044,8,0.06295447190112365,0.020165389846352515,0.6975839502301606
s002,s046,8,0.2053353776286723,0.012402669378232284,0.6456098639189555
s002,s047,8,0.06995474411961139,0.04705887224729,0.5741356392300941
s002,s048,8,0.09716106443462243,0.11035319429153131,0.6361761098843665
s002,s049,8,0.14448620432079365,0.0030163461614149496,0.632518953639593
s002,s050,8,0.08734863493466748,7.592119156717859e-06,0.6762462195553336
s002,s051,8,0.09826470948125794,0.014008628055432064,0.6381089257992117
s002,s052,8,0.08735791197689761,0.10488127255303416,0.5367146206455238
s002,s053,8,0.11689946098848068,0.011672263878998187,0.7169457369856899
s002,s054,8,0.11393037389717633,0.0016934709561828183,0.6888903133279988
s002,s055,8,0.23004089409206357,0.07567881706492635,0.7141216293357342
s002,s056,8,0.17230610730645385,0.28408258757622457,0.8022215452946216
s002,s057,8,0.3940290540177293,0.014008797018465333,0.7543764303371707
s003,s002,5,0.1350512427488425,0.001526415666066673,0.6323629079468412
s003,s004,5,0.08420310352311328,0.0046265767425230945,0.6556454283085147
s003,s005,5,0.04463375677034159,0.015080287328867428,0.6279262717285612
s003,s007,5,0.15173958815602695,0.07002865634768907,0.6973521348325926
s003,s008,5,0.07961495447084445,0.022549466002129332,0.7111473171803783
s003,s010,5,0.0329677009428847,0.09699119846802977,0.5953091287845166
s003,s011,5,0.0782375786259971,0.25182836534156583,0.7936047092514088
s003,s012,5,0.18770696945486928,0.26319604324560036,0.8399319037932794
s003,s013,5,0.0425278053362627,0.03237481332073345,0.7568443739617273
s003,s015,5,0.12051230332540375,0.00723568812569118,0.5585708089201922
s003,s016,5,0.02963323541046491,0.06454800909545311,0.5684849412340235
s003,s017,5,0.03139117168922561,0.06211261641165949,0.7233747247269611
s003,s018,5,0.052990529479911445,0.0821067802110754,0.7321081858395614
s003,s019,5,0.04484795665139336,0.021228616880206795,0.6281842461464419
s003,s020,5,0.096115675296759,0.07143901659465068,0.7336747496641107
s003,s021,5,0.03493692106305623,0.005576880903494792,0.5048601820550185
s003,s022,5,0.02571345167368059,0.13150407495468086,0.8050461676561523
s003,s024,5,0.017136281249793873,0.046925054221181914,0.7217203092407712
s003,s025,5,0.03167030344920487,0.03772777755547476,0.6448458298161895
s003,s026,5,0.052910105019772335,0.0019138107064353485,0.6041842035513237
s003,s027,5,0.09864269966624656,0.00045051906289151494,0.5031007056685219
s003,s028,5,0.030146560880132657,0.07735546574373392,0.6746206408037261
s003,s029,5,0.05367867197717734,0.015083763727755323,0.6822321398937682
s003,s030,5,0.10289769720005554,0.0027098961938301727,0.6790096571998039
s003,s031,5,0.022568231928902605,0.007496280088660111,0.6198452092680875
s003,s032,5,0.06926394188757025,0.08199133729244636,0.799892722114642
s003,s033,5,0.07043333565564945,0.029818566647086802,0.5072896140309701
s003,s034,5,0.08493950568600808,0.021962395556754204,0.6605624827860571
s003,s035,5,0.028131014301578914,0.0025619724669079962,0.49802606392420457
s003,s036,5,0.026981908433721963,0.2806424248775343,0.7086068317497058
s003,s037,5,0.13556379222967,0.005171482627372581,0.6467106033150807
s003,s038,5,0.038995632705320686,0.017353112835647604,0.557648273200758
s003,s039,5,0.021285384795905263,0.02820169985265206,0.4984315993388079
s003,s040,5,0.1442874079513027,0.0985568182959231,0.555377549684328
s003,s041,5,0.13091186452615833,0.11995972820869692,0.6321093504366417
s003,s042,5,0.05530089824886533,0.001555217938643151,0.6317738673558767
s003,s043,5,0.0243840946982888,0.11762344994986951,0.7333670016816545
s003,s044,5,0.017243003948989297,0.1677440446335237,0.7284798706927672
s003,s046,5,0.044115628377996555,0.015492353873301338,0.6068377486256876
s003,s047,5,0.04160258521217155,0.08878526086028464,0.5684604407527332
s003,s048,5,0.04787613632014428,0.00821889145946432,0.7220674869480068
s003,s049,5,0.053076310034940025,0.04617910256759411,0.5952539823317577
s003,s050,5,0.04391801972772077,0.0032215672051608586,0.5901704943670326
s003,s051,5,0.12000270579442174,0.016258438540576643,0.6311044998540261
s003,s052,5,0.03706898611476897,0.003981060854309274,0.38673754468239213
s003,s053,5,0.17354646256885065,0.030067758054160967,0.60279619920108
s003,s054,5,0.03315885178349056,0.005314732604141921,0.6740494694969711
s003,s055,5,0.10195685093345137,0.13599048330339253,0.6911545263203246
s003,s056,5,0.08114040036167654,0.014526930210523667,0.748764149319499
s003,s057,5,0.07366288167043479,0.056693116612550776,0.7818183866893156
s003,s002,6,0.10318310105810764,0.007722185115967825,0.6549741231350251
s003,s004,6,0.0860284949534024,0.005594508570991572,0.5837887459360711
s003,s005,6,0.045917762759524104,0.018815121577753575,0.5760919361701061
s003,s007,6,0.06123986462332517,0.02995586075873325,0.7540723315364399
s003,s008,6,0.1710030245318072,0.0027753870057570474,0.6486710967218492
s003,s010,6,0.04628409069469211,0.06051042701280005,0.6069762418078826
s003,s011,6,0.12644870121899376,0.03613663132168602,0.5200931465846532
s003,s012,6,0.17368816548298383,0.07950731256343815,0.5882613947722962
s003,s013,6,0.05533915947792588,0.04917907577696801,0.6408694871017316
s003,s015,6,0.10096650173408568,0.00034919071968384505,0.6234567523668311
s003,s016,6,0.01505900084416769,0.0005034511977966638,0.4390627212788741
s003,s017,6,0.021144046772024878,0.016971771387646748,0.6569299668245081
s003,s018,6,0.05319634556873066,0.011495359898055677,0.5867935308003364
s003,s019,6,0.04322897875831906,0.025926429478675506,0.5962609200674385
s003,s020,6,0.04527028826368069,0.0009628636313723172,0.581378320295721
s003,s021,6,0.04161556439386201,0.022226197726367154,0.5583869126249082
s003,s022,6,0.020191611324251946,0.006291975023060495,0.5345402227636582
s003,s024,6,0.022645785452959755,0.0012335476242700742,0.6766148488427404
s003,s025,6,0.027639632480552973,0.0008362595319976546,0.6021711792193984
s003,s026,6,0.037788381644113626,0.0014720158722288815,0.5772462367796185
s003,s027,6,0.11154866656324025,0.02587942092007107,0.5112269467621712
s003,s028,6,0.03378392553900238,0.0019146470484553556,0.5462326609893242
s003,s029,6,0.042298796814973255,0.0004199511428026165,0.713479287154894
s003,s030,6,0.05413162186049765,0.0028574639547610877,0.48298339646382965
s003,s031,6,0.04380801918849891,0.0010472923344021742,0.6015365656351792
s003,s032,6,0.04979995408291752,0.03954517745906241,0.6975911855804114
s003,s033,6,0.07290924560029564,0.0029873319586693294,0.4053225147805259
s003,s034,6,0.05602020596001084,0.0006225256568632714,0.5471332875745448
s003,s035,6,0.01678721378967795,0.0024090758588571695,0.5383232773280582
s003,s036,6,0.019980142946499822,0.06052387651776513,0.4057350358432633
s003,s037,6,0.10723065252050293,0.019592893018011696,0.6506236631627399
s003,s038,6,0.0350587885632024,0.01620984967671952,0.5288096212704574
s003,s039,6,0.024424152303098426,0.03536255164118414,0.545141797123419
s003,s040,6,0.044263933786321055,0.010810445959453194,0.4420367638806894
s003,s041,6,0.10845407684670073,0.015630006227043938,0.4849835536687684
s003,s042,6,0.03257113068428673,0.06756940711133486,0.7009146811495439
s003,s043,6,0.025016389754245888,0.004424063192271977,0.5179201853158351
s003,s044,6,0.01837395944546596,0.04752726604720881,0.6389056295273688
s003,s046,6,0.04024751175985026,0.006373965716019719,0.6332461599645907
s003,s047,6,0.020952984323914306,0.022177288053174857,0.49175251738703973
s003,s048,6,0.04046713255458101,0.012580326692069864,0.6741255998149754
s003,s049,6,0.03783799163959239,0.003524447884404957,0.5179619556083643
s003,s050,6,0.04464712498901379,0.0001481849114517385,0.5993253164584211
s003,s051,6,0.02966746775405528,0.005593633588446206,0.6297398097323373
s003,s052,6,0.031275532413127104,0.04206603242845764,0.31717887424712293
s003,s053,6,0.08792812766511256,0.00314592611128914,0.5970704238103717
s003,s054,6,0.04241781075482286,0.051197398858666435,0.6536676307323457
s003,s055,6,0.09461829095625665,0.07370367175777819,0.5961627344270141
s003,s056,6,0.068338797652905,0.006232874669976013,0.586598540295014
s003,s057,6,0.03701101049662289,0.0031577951360713193,0.6380321034449821
s003,s002,7,0.10143287390285294,0.015032870025710476,0.686701643202218
s003,s004,7,0.11064649913640506,0.0017627426913496718,0.6887307519549686
s003,s005,7,0.06667275514887312,0.007329717654948767,0.7060973890250647
s003,s007,7,0.13439788480373094,0.2115394358339814,0.6864649514468374
s003,s008,7,0.0983935071969785,0.039716904544367736,0.7753253216264652
s003,s010,7,0.05129132595275874,0.02244138159765235,0.5628674336016372
s003,s011,7,0.11225398137222135,0.12749009397035688,0.7444647680260185
s003,s012,7,0.3576991431979651,0.107941381447777,0.7059768636179939
s003,s013,7,0.05885072147319698,0.00012954531898789692,0.8224281801652065
s003,s015,7,0.16573846047339388,0.09708875784617299,0.5561335730287927
s003,s016,7,0.030488459421582265,0.004183778094700105,0.5817786015190803
s003,s017,7,0.04589141316728808,0.006178824052328424,0.8327949574854037
s003,s018,7,0.09451548020221254,2.818933698239753e-06,0.7028810414892642
s003,s019,7,0.060231023056581685,0.07319682517688947,0.5999031824699378
s003,s020,7,0.07203805463713692,0.09451057752246102,0.6588542255531461
s003,s021,7,0.05678940105800295,0.020479275448896352,0.5379238314743034
s003,s022,7,0.02697947211081942,0.03162282475211738,0.6567702491026322
s003,s024,7,0.01928149415838351,0.04147256558973455,0.7175333277051068
s003,s025,7,0.041071989964506034,0.08561376307610762,0.6840454901426287
s003,s026,7,0.0568990722122875,0.014955585992073875,0.6874622685025058
s003,s027,7,0.21178894081002286,0.007887218273971581,0.6831959823363261
s003,s028,7,0.04334018587015294,0.020297403464406914,0.6865100386508068
s003,s029,7,0.033201649872489566,0.03138039231844021,0.7492160366362811
s003,s030,7,0.1402857624428797,0.16794380204806572,0.7972051071190209
s003,s031,7,0.024989151751480483,0.055658197967834784,0.7312541483509226
s003,s032,7,0.05414192145292417,0.0169103246481261,0.725079419019729
s003,s033,7,0.15069519660469324,0.007438896812991035,0.5158834664210181
s003,s034,7,0.09015352183341072,0.0017188190261140815,0.7237699844651415
s003,s035,7,0.03131275567708759,0.004233673654466466,0.6601765302285695
s003,s036,7,0.031221618643739804,0.0937041222332529,0.5102137052923806
s003,s037,7,0.196932770502813,0.0014103187785391648,0.6626631801939006
s003,s038,7,0.04438645720313941,0.003536968279253775,0.6617636539041784
s003,s039,7,0.02903931150166354,0.038667135696838564,0.5788571064194025
s003,s040,7,0.19812667018723232,0.07171575235119476,0.6196580624406057
s003,s041,7,0.21266645219216262,0.10062672445088874,0.6508522192171349
s003,s042,7,0.0660262034363064,0.016919264518303664,0.701746469776374
s003,s043,7,0.03565460421714714,0.061809569347089144,0.6487596969457131
s003,s044,7,0.017575103521011565,0.12225808163689103,0.7518192851189035
s003,s046,7,0.12404590944701509,0.016735948214731032,0.654060482712001
s003,s047,7,0.056219187876387085,0.08400887534153714,0.6570010654072399
s003,s048,7,0.1437584235806226,0.08647103124300945,0.6270262353696404
s003,s049,7,0.060510870630321754,0.029326278383853453,0.5764788706897176
s003,s050,7,0.06115704530236004,0.012026368552318797,0.7084803501658292
s003,s051,7,0.12235165027844573,0.051804972999169384,0.6918459371582287
s003,s052,7,0.05868832499852607,0.0004549992355325862,0.4201325659829277
s003,s053,7,0.17056778367427855,0.009258564636300733,0.5931401338127276
s003,s054,7,0.046169101624677716,0.08397013059524958,0.7119735164547055
s003,s055,7,0.11154570747381116,0.02422821438653632,0.7112258773407907
s003,s056,7,0.11637056338449939,0.0010570560887164318,0.7448866019433515
s003,s057,7,0.17061499213851752,0.0013545560187556754,0.7085606243416874
s003,s002,8,0.09359677808567983,0.00017373630960266164,0.7813135297983408
s003,s004,8,0.16798673732525626,0.0034413867026180586,0.6719835184345873
s003,s005,8,0.14007300495729597,3.599253819937004e-05,0.5968799744440776
s003,s007,8,0.11954482423460262,0.10275729690993926,0.6387126055902852
s003,s008,8,0.15689885097235395,0.017183988287048143,0.7123150971094323
s003,s010,8,0.06610736829923983,0.16090406703645746,0.6984918348796512
s003,s011,8,0.1824340794872955,0.13067053869810186,0.6906369149489994
s003,s012,8,0.4228342103333343,0.1531302478187228,0.7232921735107585
s003,s013,8,0.09364471109954779,0.00030231030896641406,0.7905824761641335
s003,s015,8,0.19679842788930468,0.09490133985735358,0.646104974631827
s003,s016,8,0.035076853679867605,0.016853422067817873,0.5847283473674073
s003,s017,8,0.059497345161576703,0.02355195982506496,0.8362346200559655
s003,s018,8,0.11621539389712887,0.0052041153438577535,0.7362273601900735
s003,s019,8,0.07074055842001432,0.007587635533172032,0.5758521327673712
s003,s020,8,0.1937719485391869,0.04258423257988414,0.6575240138225552
s003,s021,8,0.08019710500375683,0.09254333982003114,0.6881686140129165
s003,s022,8,0.02569809203062727,0.046326357195677015,0.622178491134512
s003,s024,8,0.029430771275895825,0.048770683657515745,0.8038544241458158
s003,s025,8,0.050062281761672045,0.0939677661405431,0.6287372905127278
s003,s026,8,0.08158556639406228,0.0011906368153324195,0.6934951740327295
s003,s027,8,0.3565520027833176,0.019767254406857674,0.6311158909052599
s003,s028,8,0.051936218162699645,0.03803329395398943,0.7462157753118761
s003,s029,8,0.05370079234789805,0.04959329317829949,0.737536745850354
s003,s030,8,0.20926003748139876,0.07854892913380761,0.7069965234293422
s003,s031,8,0.035295221592998784,0.03445944058674147,0.6781301623201479
s003,s032,8,0.10720440523299368,0.0016872976006015756,0.7738561577472707
s003,s033,8,0.23813338355557223,0.09810090706886242,0.6321941578547895
s003,s034,8,0.15445038167405054,0.0021013859716953803,0.6907485217221293
s003,s035,8,0.04002644646001055,0.02083377992458682,0.748567138176359
s003,s036,8,0.0550731431682433,0.09445128819784088,0.5070536706302922
s003,s037,8,0.3221202086289756,0.030188533525949513,0.7280812674497549
s003,s038,8,0.058805451523325426,0.013778687870477372,0.7377248333369769
s003,s039,8,0.1544881221992819,0.08949023838775952,0.7490118707788602
s003,s040,8,0.17742232392248858,0.1946800172282496,0.7576753419074402
s003,s041,8,0.19284117861711667,0.1692710721885366,0.6984210936748382
s003,s042,8,0.08009642406304754,0.004721699735830857,0.6664714932810262
s003,s043,8,0.03458937958932478,0.007059751802925236,0.6547705115197707
s003,s044,8,0.026091322086370695,0.06985611628858258,0.7415557243851344
s003,s046,8,0.17089865360577444,0.021866937201415314,0.6762860326887957
s003,s047,8,0.08005304599139217,0.14578621116753007,0.6724812789171895
s003,s048,8,0.0724797964473879,0.09672457083035667,0.599670001581552
s003,s049,8,0.09114763764971097,0.017241522654567732,0.5811971867918776
s003,s050,8,0.11237509755486404,0.05067415241879966,0.7450810200023967
s003,s051,8,0.057854557232970456,0.013073342515105427,0.6685786168135822
s003,s052,8,0.07965854133471355,8.22372421792783e-05,0.6077220667273818
s003,s053,8,0.1403917753722329,0.0017997667314314627,0.7461341320991407
s003,s054,8,0.05398667537489455,0.01698686108795947,0.7355958586186073
s003,s055,8,0.14110441593122533,0.03646980153549229,0.7377537098941795
s003,s056,8,0.10171583426520021,0.0009147955350665229,0.8239237592506689
s003,s057,8,0.18471366796747063,0.00038266299342353227,0.7312815612031289
s004,s002,5,0.02607666448401713,0.04967887400276208,0.6693429016969525
s004,s003,5,0.26726147306500414,0.24621365990870017,0.7431702011338821
s004,s005,5,0.0741227770284898,0.005108216158259995,0.6637987738151659
s004,s007,5,0.02623057555731063,0.03713343077126655,0.6003437793617167
s004,s008,5,0.11679059445794406,0.06114531762726572,0.6699725318878004
s004,s010,5,0.023461832168686234,0.00022080477880553057,0.6394720825491967
s004,s011,5,0.08235420984949521,0.07108980690558916,0.6796665857199508
s004,s012,5,0.07028675274381414,0.09154530727718431,0.7239086378656429
s004,s013,5,0.06385282576798273,0.19778633401533705,0.7192009191382883
s004,s015,5,0.19961342583914465,8.564989833709347e-05,0.6758593322385091
s004,s016,5,0.03801403692734542,0.09669710071992284,0.6572471862066079
s004,s017,5,0.06570873916263456,0.06159540319294205,0.6968992456604777
s004,s018,5,0.06804285209220881,0.09485713774326046,0.7653914445021206
s004,s019,5,0.02963369862097301,0.027409669014537282,0.75151812170331
s004,s020,5,0.07459346425664727,0.11204480530431653,0.7834530073189987
s004,s021,5,0.03964174422369972,0.013814679916178468,0.5873495463321962
s004,s022,5,0.03124857133775389,0.2688062868967131,0.6660752190992821
s004,s024,5,0.018477876823663093,0.1158784476085274,0.6684657507548654
s004,s025,5,0.03511584917589208,0.05899825899529983,0.6087120148889346
s004,s026,5,0.034792201628686965,0.03937285230060878,0.5903015502521795
s004,s027,5,0.08642819545237893,0.02011270280712106,0.5801235873525454
s004,s028,5,0.07634313481338155,0.0034529926206569687,0.736840969309007
s004,s029,5,0.03378789357576564,0.000560954428580907,0.7361641930228373
s004,s030,5,0.04714256323078848,0.01720607631517648,0.5721712271764545
s004,s031,5,0.03834662612367517,0.0017263260808051198,0.6312361047465366
s004,s032,5,0.0757778782526532,0.2275184934275396,0.7472727735310611
s004,s033,5,0.10363227309263903,0.0008266256235113469,0.5361303011612449
s004,s034,5,0.07497793141456503,0.07989477672331398,0.7011418587721651
s004,s035,5,0.036482953681500896,0.08352116155607339,0.5966603556281502
s004,s036,5,0.049360741605093704,0.13750744430130454,0.6218093680523555
s004,s037,5,0.027207455919928077,0.008293524053601956,0.6812493278937046
s004,s038,5,0.0728682952805865,0.01378883526187571,0.6200326038172336
s004,s039,5,0.14750363330402091,0.07214831465821066,0.6094357616581485
s004,s040,5,0.0611448412780047,0.059272725148203524,0.5889209791795507
s004,s041,5,0.08102578607996862,0.00035007701924012747,0.5762894479136631
s004,s042,5,0.02308911346639544,0.10049473468080773,0.774122095881278
s004,s043,5,0.06347655074541875,0.10577765746041227,0.6508421246286769
s004,s044,5,0.02553560357936145,0.039947072495473315,0.6844438771234116
s004,s046,5,0.07903500685253953,0.001245105980650656,0.599024048314626
s004,s047,5,0.023815998458689917,0.015907421309288627,0.6759042954878979
s004,s048,5,0.06071165748983368,0.002409102964532325,0.6691709346333495
s004,s049,5,0.11284916909732325,0.0029567703562178834,0.5827484623245272
s004,s050,5,0.0850300915532237,0.005279087016638359,0.6567182865893959
s004,s051,5,0.04745587670231465,0.0051493006929568055,0.6201232214456137
s004,s052,5,0.04646343652464701,0.04311768366156226,0.5180446277056485
s004,s053,5,0.07418511444670257,0.016967432112617597,0.6471794237379633
s004,s054,5,0.031572895049523986,0.05296327694520576,0.7030955258407651
s004,s055,5,0.11769093527979577,0.16335125719387833,0.672191512107102
s004,s056,5,0.11508658759349727,0.07086203446490982,0.7135111597056286
s004,s057,5,0.036312551036979356,0.01567488019940164,0.7145452764035497
s004,s002,6,0.0871173404505612,0.02828085224155428,0.5731640410222691
s004,s003,6,0.22826240947170717,0.08803495277836791,0.7146807808726932
s004,s005,6,0.1130537084348938,0.0006388484926243101,0.6803517147370326
s004,s007,6,0.06251128703326679,0.10063971492689273,0.5579683031739183
s004,s008,6,0.21066998070058499,0.0016117810545539424,0.706133896080452
s004,s010,6,0.04753514797579493,0.0003235835598125954,0.5274539393456104
s004,s011,6,0.16955216745894658,0.03580074355306401,0.6413998050542273
s004,s012,6,0.08514628356922621,0.08736525093466246,0.6651982252018597
s004,s013,6,0.1222624623956472,0.2842443321895471,0.7414288849180133
s004,s015,6,0.09693927048555663,0.00011892637794303647,0.5652774651132586
s004,s016,6,0.04986678747671396,0.16391758417887406,0.5417067395682752
s004,s017,6,0.08522952651588843,0.06523976002049162,0.6630948154967845
s004,s018,6,0.06713723284159799,0.02415844163004633,0.6874710199985473
s004,s019,6,0.07706058931983747,0.0010973342585141814,0.6564508287843984
s004,s020,6,0.1346851749735223,0.1282399830802562,0.7406239776941208
s004,s021,6,0.07993856997798071,0.004539080158045229,0.546948673973901
s004,s022,6,0.03805772991066913,0.2718913054297485,0.6615032660686422
s004,s024,6,0.050514767386446696,0.10874967482018691,0.6047289575955739
s004,s025,6,0.0683611425594288,0.0018014536826637716,0.5516423373781972
s004,s026,6,0.08982559383685193,0.03349371581385071,0.5574644588294395
s004,s027,6,0.15641316641372524,0.13999003305953883,0.6876168530184775
s004,s028,6,0.10215613982468306,0.003265037922801268,0.6656927314374071
s004,s029,6,0.06429238153720945,0.04453372831266599,0.7095701929612034
s004,s030,6,0.08998879524994911,0.0187274701209271,0.6532988717368613
s004,s031,6,0.0456989388802547,0.0020132471425136976,0.6714341363287938
s004,s032,6,0.1042007365822395,0.2324333304989004,0.7000348724713057
s004,s033,6,0.11348759579585721,0.0768211242458303,0.3885072572679836
s004,s034,6,0.08318840352413898,0.00395532690200112,0.5649759451067061
s004,s035,6,0.0736359097493189,0.03097746952889604,0.5398530184687974
s004,s036,6,0.06544988450405657,0.14413139879681605,0.5807295891860081
s004,s037,6,0.047164223677269225,0.0005089969576639246,0.6871310637061195
s004,s038,6,0.06509074539946134,6.855060494568709e-05,0.45276179498214525
s004,s039,6,0.17836065974139423,0.10436099131439892,0.4844061254084519
s004,s040,6,0.06140922697619172,0.0005286129476065915,0.40407343393287776
s004,s041,6,0.11530126869175489,0.0016004212738561048,0.5545670795644765
s004,s042,6,0.045769911160472146,0.15151911421733621,0.7429175494741407
s004,s043,6,0.06047312302514905,0.16048710590275805,0.6635587453374084
s004,s044,6,0.04559090234605509,0.11677649215134418,0.7209037581258084
s004,s046,6,0.15809536888675552,0.006489538348354431,0.6154870895928278
s004,s047,6,0.0346388637761536,0.030630806157653328,0.6015020347641059
s004,s048,6,0.045874704995043564,0.012615248305861826,0.629077417669757
s004,s049,6,0.07591011643901711,0.007627882115054961,0.6069698791510602
s004,s050,6,0.05808047092616107,0.03405697956583793,0.5375466887325439
s004,s051,6,0.09216918442641761,6.936359947572185e-05,0.5193357496719838
s004,s052,6,0.0530002721460895,3.160082955949376e-05,0.32554987599558327
s004,s053,6,0.18453116265739408,0.0011131301975339364,0.4991105428170026
s004,s054,6,0.05638457910753842,0.014634318529540941,0.5353188194341805
s004,s055,6,0.16071609983741195,0.10355543270049501,0.6240040633967197
s004,s056,6,0.15024615416084636,0.048943313667094895,0.5595713117223566
s004,s057,6,0.0695432628164059,0.02538735059822133,0.6988123431370546
s004,s002,7,0.25453620248730313,0.042433227534520994,0.6863830718921544
s004,s003,7,0.3152101521806609,0.1975452414156255,0.7088804277013343
s004,s005,7,0.3863504156390792,0.05326387927902504,0.6770489855475421
s004,s007,7,0.0851527774064921,0.020863105749216515,0.6312927578024222
s004,s008,7,0.3600855205910904,0.03843237620153098,0.6416838217164874
s004,s010,7,0.08562831028731324,0.030356865683669788,0.5455792368348763
s004,s011,7,0.2885667162620496,0.07817769338219006,0.6303920988751781
s004,s012,7,0.2288000428717468,0.08587720656709105,0.7098573674096548
s004,s013,7,0.1537465146182772,0.17837591959611812,0.7323310445880737
s004,s015,7,0.11958407826926702,0.02656236001908477,0.6421499791269961
s004,s016,7,0.10720776420560744,0.10667942336533218,0.6237998047330601
s004,s017,7,0.14672171545136858,0.03401130078982645,0.6618617932206415
s004,s018,7,0.10596258623594865,0.007463387349994224,0.6536760252294779
s004,s019,7,0.09880188574969115,0.019601869586471185,0.7231286240146466
s004,s020,7,0.18141963337435327,0.008202323577378469,0.7286339403735868
s004,s021,7,0.09591829979061386,0.001294275634149812,0.5959952231198536
s004,s022,7,0.10237795460463399,0.17564185504393554,0.6014452759823741
s004,s024,7,0.08119638044939097,0.20672346135337882,0.6398655833183483
s004,s025,7,0.1307815446028661,0.008613476488625354,0.5702326399356454
s004,s026,7,0.13664187156846577,0.015344973789042886,0.5962833366135453
s004,s027,7,0.26204384022130245,0.14178961850828423,0.7237951147918302
s004,s028,7,0.24403085936197416,0.021157487240144966,0.6534154747845363
s004,s029,7,0.11668919563318136,0.04508762330025776,0.7074064102251981
s004,s030,7,0.13768867150505612,0.01621554951451275,0.6466658374057009
s004,s031,7,0.10612366560399855,0.03428949836159725,0.67886384759121
s004,s032,7,0.13843201874525632,0.06077321530809544,0.7530113037921032
s004,s033,7,0.16232766991895053,0.07751871551636697,0.4258570930271814
s004,s034,7,0.15792263781163302,0.0026316767324224143,0.6545001002692002
s004,s035,7,0.08621704756314193,0.006797440871967264,0.5344881680338326
s004,s036,7,0.11213069400925088,0.1450131797429073,0.5149327432066136
s004,s037,7,0.1045115551914812,0.03081942550166103,0.6721367610610937
s004,s038,7,0.11475035141895497,0.002517679930259087,0.5205634489934364
s004,s039,7,0.3969760837784021,0.15181556140591285,0.5453401766634095
s004,s040,7,0.1195657622246957,0.010840375167035307,0.4761372455119869
s004,s041,7,0.23570168591453952,0.01888962215183721,0.5640262978775464
s004,s042,7,0.11344205286776946,0.07548669066648458,0.7094703422827808
s004,s043,7,0.11223204392585921,0.025908808190271155,0.637337407143573
s004,s044,7,0.07183553519904909,0.07429403380492824,0.7263234620374276
s004,s046,7,0.24649622222501535,0.001404608628731819,0.6973889459483716
s004,s047,7,0.07914157589495881,0.0217714295623872,0.524285333454408
s004,s048,7,0.10717086437695046,0.004642480374721627,0.6973294880904655
s004,s049,7,0.16233689036255952,1.576185659602853e-05,0.6874959972672579
s004,s050,7,0.10491877670816187,0.009039058552657717,0.5914408525785888
s004,s051,7,0.10642276315087225,0.00653373361663358,0.7076625431830459
s004,s052,7,0.14331205622542295,0.001414033085434817,0.4259071454744676
s004,s053,7,0.26639767366949485,0.001180759071749486,0.5658449774251865
s004,s054,7,0.10177171121801858,0.008730725447259583,0.6377722108748823
s004,s055,7,0.30660092546103407,0.06614633751672025,0.6887236544310175
s004,s056,7,0.20755987238449788,0.014695268541122212,0.6037785931963167
s004,s057,7,0.11106351349036554,0.00019935415547337815,0.7426526209907534
s004,s002,8,0.4234762635641536,0.0035783144532044973,0.6732907979860263
s004,s003,8,0.1866443831148866,0.18660226674550684,0.6950635544071329
s004,s005,8,0.1831589340039783,0.00010168042826582927,0.664760119841011
s004,s007,8,0.13685979498163267,0.003496582187910887,0.5636745773983565
s004,s008,8,0.1868294581599301,0.010375281443344948,0.6997897653022557
s004,s010,8,0.09069301297190836,0.0016585632644133175,0.6841028394581634
s004,s011,8,0.22824829098503716,0.039681330009566605,0.6082441302561444
s004,s012,8,0.19207755831514617,0.021154710073436233,0.6556144606947049
s004,s013,8,0.12958379021173264,0.27377943723833786,0.7623904730068524
s004,s015,8,0.13311003936623642,0.03572146271369788,0.6209415813028304
s004,s016,8,0.1438826252157415,0.1300350422021398,0.5773877218431593
s004,s017,8,0.12485080186390786,0.005763901506009085,0.7183103943896259
s004,s018,8,0.1493399585918202,0.0463560161497674,0.7420208757008663
s004,s019,8,0.0996432741357262,0.002335546271229307,0.6393901652124973
s004,s020,8,0.1715568477041614,0.003465443475093283,0.6610915969888603
s004,s021,8,0.09419291745971956,0.00020279834276301788,0.666986514853813
s004,s022,8,0.07048961137413566,0.10397411957207459,0.6015613841724725
s004,s024,8,0.08218680078088879,0.03350358173555774,0.6387371531483677
s004,s025,8,0.1301884971240473,0.007091602111596909,0.5975796670538217
s004,s026,8,0.11620496326453614,0.046008987974588106,0.5914129596474486
s004,s027,8,0.1424349394984736,0.028228464376877718,0.6536278577262126
s004,s028,8,0.17593215949517704,0.008396763066265009,0.7165042849789395
s004,s029,8,0.10697247938716702,0.026947577875401068,0.7645188083744507
s004,s030,8,0.09870842793809498,0.0034309488878021335,0.5888029266382371
s004,s031,8,0.08334915565341197,0.024715802752192026,0.7191839696162673
s004,s032,8,0.12396620604544567,0.1730675782522109,0.7413332476520987
s004,s033,8,0.17742823364877924,2.857606340973887e-05,0.4893113698255256
s004,s034,8,0.12677876324530601,0.007535942601969255,0.5933565773113124
s004,s035,8,0.17480527454036718,0.07742672878095042,0.5578824584089518
s004,s036,8,0.06471861772874662,0.09714483831004733,0.5238618871931111
s004,s037,8,0.10274523807074025,0.05237148717009543,0.6288959897273243
s004,s038,8,0.12183479555897411,0.033303944494106494,0.502287247748602
s004,s039,8,0.11716600922193125,0.02315973493695445,0.4704228812203826
s004,s040,8,0.08475056627913428,0.0076562704059743945,0.40064047348815246
s004,s041,8,0.1803795964124713,3.567765545478213e-05,0.6632804304747559
s004,s042,8,0.10033426916221337,0.09387665295199327,0.7221061341032923
s004,s043,8,0.07338475739491263,0.09022918276320369,0.5726230023854546
s004,s044,8,0.09683090986962456,0.04115307310598409,0.6621782948902887
s004,s046,8,0.18164873554653937,0.007272216487597228,0.6616690767326167
s004,s047,8,0.07561834795179997,0.10268639166129709,0.5560200898971638
s004,s048,8,0.09718443126612816,0.006319794136325414,0.6566277910907198
s004,s049,8,0.14480751982766693,0.04799158235529236,0.6300080475483567
s004,s050,8,0.09337954832998516,1.0539162706113473e-05,0.6101878318226651
s004,s051,8,0.2087458141957576,0.00997795310319869,0.6219436263221051
s004,s052,8,0.11995822921100825,0.0011838641548472368,0.3281820542707921
s004,s053,8,0.19941277846997832,0.015733938501178702,0.6176243176608256
s004,s054,8,0.11803297487480058,0.0022717407196409843,0.6504107916587958
s004,s055,8,0.216199019302338,0.12887645021075075,0.6536532309601607
s004,s056,8,0.1388870675045762,0.04029470157341358,0.6209014085199639
s004,s057,8,0.12011210715960635,0.030292989236732612,0.7649396353929673
s005,s002,5,0.15727833912547876,0.006195124407479463,0.6664626535052349
s005,s003,5,0.0823640440624136,0.026345687346890287,0.7488951718690711
s005,s004,5,0.07395648683684673,0.006713415610470021,0.4788321266745328
s005,s007,5,0.07342324062043895,0.020690208396730893,0.7176198824017871
s005,s008,5,0.12193595865032371,0.012742823338258533,0.7435980059442499
s005,s010,5,0.050402702808480644,0.006152473129539129,0.4620731550085569
s005,s011,5,0.07291993319042486,0.00020322985264356489,0.693532675507469
s005,s012,5,0.06801698838859353,0.037341121486129406,0.6315797571334368
s005,s013,5,0.035092261885713266,0.03726812367971202,0.6304459546767085
s005,s015,5,0.0377234535061351,0.12876389863913895,0.6432818110927012
s005,s016,5,0.11878039304050195,0.0024188631345496685,0.5284970184873338
s005,s017,5,0.08560474865482438,0.014113379804278642,0.8018595030415737
s005,s018,5,0.06480001289757281,9.319241005343614e-05,0.6056131382510784
s005,s019,5,0.10359177768959324,0.10645722514601302,0.6912890386288179
s005,s020,5,0.036563445158501046,0.18253846810816404,0.6399035979805577
s005,s021,5,0.12030576937849945,0.14775765890092366,0.661965888431761
s005,s022,5,0.05142111684099828,0.16339515292317794,0.5915294936145793
s005,s024,5,0.10541284754038088,0.026301431001828066,0.7215692099549318
s005,s025,5,0.07781666080823416,0.09880979011663475,0.7247702457425458
s005,s026,5,0.10003098482829666,0.0054829343036866774,0.6676147432282745
s005,s027,5,0.09196633823134108,1.0744513939397498e-08,0.5100686542897801
s005,s028,5,0.09498706122909642,0.004937974774649594,0.5404863510573339
s005,s029,5,0.04334782034519749,0.03807858496807536,0.7045893675800156
s005,s030,5,0.1551459380358521,0.08843080055123143,0.6580913880886742
s005,s031,5,0.060425229403095415,0.0008139722714338335,0.664102350760084
s005,s032,5,0.06718245999178268,0.0005979270469921742,0.6370506800606298
s005,s033,5,0.07955395827994521,0.0035796239299460144,0.4109968585441841
s005,s034,5,0.028721428038514723,0.034501779543457047,0.6402536204264413
s005,s035,5,0.05748199931962239,0.014259025114161664,0.7668969592120022
s005,s036,5,0.07553572440460456,0.0763264647375667,0.5156626177052485
s005,s037,5,0.060826062163311226,0.2059988413835271,0.7000954660451661
s005,s038,5,0.06085679739530613,0.01789210214452771,0.7058112099123413
s005,s039,5,0.12057447673899702,0.10844526895184659,0.6459883483131934
s005,s040,5,0.06648107971457995,0.09113734583994668,0.554422420701158
s005,s041,5,0.07266745060675021,0.22783250653837106,0.5770492480259125
s005,s042,5,0.06016886564436974,0.005244984724840064,0.5368248453214176
s005,s043,5,0.08825858802083493,0.03903709378814503,0.7574141002534996
s005,s044,5,0.030990882205124748,0.05645559923902987,0.7991822207720296
s005,s046,5,0.07992991115639932,0.026143964911247177,0.6145686198815651
s005,s047,5,0.06041684893787757,0.03184588853823575,0.5343831057091611
s005,s048,5,0.038131968157328215,0.16043488904616185,0.688761817387367
s005,s049,5,0.0977060463961256,0.10101588808868298,0.6725894026922772
s005,s050,5,0.09013039056325481,0.0009595650273905882,0.6352859742675295
s005,s051,5,0.10416971233006651,0.007769694415384694,0.6553610844568203
s005,s052,5,0.08479254076959412,0.01684728815338507,0.5507385660553108
s005,s053,5,0.04988782372469915,0.059373367036078,0.53674969386795
s005,s054,5,0.09941108801631189,0.0037252347553569922,0.7280445965278743
s005,s055,5,0.08536713959530302,0.0005168506004313014,0.7539484788961057
s005,s056,5,0.05534266440432042,0.0008332279281363386,0.5698872188840867
s005,s057,5,0.05285332218434006,0.051677746371591685,0.5363320637541705
s005,s002,6,0.06121307602775852,0.01451323632174287,0.6267951470472927
s005,s003,6,0.02901834614405793,0.0011494425944333696,0.6037118425399385
s005,s004,6,0.03536051705979682,0.016742714891085475,0.4917534014672349
s005,s007,6,0.024150601681490462,0.10771945640516983,0.6965538672601617
s005,s008,6,0.03046721333359996,0.0011251399172108004,0.6024000892324105
s005,s010,6,0.029027496754059818,0.008885437843398188,0.44100447021617767
s005,s011,6,0.02136960609981264,3.0248429446200994e-07,0.4396798782571089
s005,s012,6,0.030549637537949193,0.004090736648522285,0.5098402262071784
s005,s013,6,0.011361050465216634,0.005109996547183016,0.5244042440910078
s005,s015,6,0.00898235997460045,0.11548447815298146,0.6782672080547836
s005,s016,6,0.02006038755850975,0.08518607578263669,0.5850263207631269
s005,s017,6,0.025450548494036506,0.06902422922763966,0.657871548916561
s005,s018,6,0.021774805964446798,0.00012523749273462908,0.4683193343911216
s005,s019,6,0.0393531917827278,0.19067949930887013,0.7954394271093036
s005,s020,6,0.012406952755546432,0.13431530284323218,0.5869503097410796
s005,s021,6,0.023921829399917494,0.03371925929831172,0.579762760163396
s005,s022,6,0.06308341758291465,0.018303955672144136,0.3331594946109111
s005,s024,6,0.01281697855354784,0.11171448931432672,0.5857788347522476
s005,s025,6,0.029225414341694435,0.07469905375823319,0.6220773089830057
s005,s026,6,0.02930761203102863,0.04626188028027898,0.604506404866278
s005,s027,6,0.01833983016844394,0.009802938548557084,0.5847330078403714
s005,s028,6,0.023581280986331877,0.0004084059301300946,0.4733803914038027
s005,s029,6,0.014571577870236435,0.0833273915018078,0.6319651290270566
s005,s030,6,0.028990266318153827,0.017001488704209526,0.5300462717731614
s005,s031,6,0.01693112050374528,0.009420080574040894,0.6214072695024931
s005,s032,6,0.018839950397368885,0.002135089198133773,0.5595740654939344
s005,s033,6,0.028583235981162285,0.03922117089886893,0.36504058343377177
s005,s034,6,0.016198380347085352,6.966905312416869e-05,0.5555335861088923
s005,s035,6,0.01479311949229629,0.014443941097421269,0.598403498671923
s005,s036,6,0.020034161439110302,0.005677841139960106,0.29516112754747814
s005,s037,6,0.020274930966766334,0.17314874012622847,0.5900372875413323
s005,s038,6,0.01668219149029986,0.011602204629966126,0.5858081559827983
s005,s039,6,0.07820939683205301,0.14942653942691364,0.5891268703667172
s005,s040,6,0.012183603488762006,0.039951676455501725,0.4314346564389296
s005,s041,6,0.02266052708812742,0.024175105180118835,0.41784685760454976
s005,s042,6,0.02902420946649645,0.01347767731485347,0.5068304027231078
s005,s043,6,0.020773970897480228,0.025006759345020335,0.5183430377443005
s005,s044,6,0.01371970632610378,0.005951865094421593,0.6496400479669611
s005,s046,6,0.020716508468325526,0.006860290635002779,0.6812175446134088
s005,s047,6,0.019685161523332505,0.02469060521517906,0.48535876574022374
s005,s048,6,0.015440063899104415,0.09282495388320462,0.696546800691328
s005,s049,6,0.03572013759078562,0.08084979594923578,0.6274040208486291
s005,s050,6,0.024620164931460686,0.006795054795462382,0.525290688395667
s005,s051,6,0.013772055822071479,0.1320857100780214,0.7402071088059641
s005,s052,6,0.02847908205768601,0.00015361796304937385,0.5147697713502356
s005,s053,6,0.0178968236308791,0.044887258328578664,0.4639673622771681
s005,s054,6,0.036740477922614145,0.034250898930384174,0.6547452389186973
s005,s055,6,0.033418415905727555,0.018511243102423094,0.6710084266051624
s005,s056,6,0.018244716978203596,0.00839686881469508,0.41724369564567965
s005,s057,6,0.008851428781436079,0.0754640568668802,0.43131446246148736
s005,s002,7,0.0997567112135733,0.002449424640340015,0.6515742292345749
s005,s003,7,0.0673653620436938,0.025065823002818753,0.551751058629771
s005,s004,7,0.06114242811096526,0.008960710691472286,0.3493176934950844
s005,s007,7,0.03455920630133646,0.1353680619179463,0.7275776811442691
s005,s008,7,0.07551229081731198,0.03931208948277899,0.591234868814198
s005,s010,7,0.04828566532470751,0.008997922113692915,0.43801621529524165
s005,s011,7,0.04228010201247958,0.04508915248312945,0.4248846075024842
s005,s012,7,0.05153648240865939,0.01742317061800578,0.437544374227138
s005,s013,7,0.01837675961169797,0.030003436045450232,0.5097747456742961
s005,s015,7,0.011258543182330384,0.20690658166444276,0.6861222020917684
s005,s016,7,0.03883004172165136,0.058679298728559176,0.5559197405964645
s005,s017,7,0.05392645590953465,0.11527859383000788,0.7136539125946401
s005,s018,7,0.03846275246110148,0.008532348319749456,0.3782785004334883
s005,s019,7,0.06039190095661221,0.12845252049168046,0.6969977694659181
s005,s020,7,0.018336167270543623,0.01700750521528157,0.5022767687882899
s005,s021,7,0.05363917569988849,0.05531583895494376,0.6376855921411088
s005,s022,7,0.04831095141892012,0.00742412667371312,0.2636189533495367
s005,s024,7,0.020478269731832446,0.10867931777488814,0.5940285268304106
s005,s025,7,0.03602867058999657,0.01821986144490854,0.5798188265705588
s005,s026,7,0.03750941092597523,0.19418679256082028,0.7380867157935754
s005,s027,7,0.031105003256983947,0.004879672399328327,0.5058855969364806
s005,s028,7,0.04247467552119963,0.024316809224761995,0.4167146993881586
s005,s029,7,0.027902189396389245,0.05348322936033167,0.6190851291334443
s005,s030,7,0.04773497279980646,0.034572420266098525,0.585458070479547
s005,s031,7,0.03919324607653739,0.00023165038423337729,0.574819415394125
s005,s032,7,0.04768318219341541,0.017466199030059117,0.5890303421269996
s005,s033,7,0.05944293721257189,0.05950626580534648,0.3825917857225147
s005,s034,7,0.03605912149041754,0.0028038778510112838,0.4761774076622974
s005,s035,7,0.024971465257011598,0.0019947287932496737,0.6255865028056666
s005,s036,7,0.030873853328682296,0.0003707866199776076,0.17399099693377867
s005,s037,7,0.03770718523652214,0.1835368106487508,0.603734083121462
s005,s038,7,0.03523871599123172,0.007978076736204242,0.6540394614249018
s005,s039,7,0.13642595471332852,0.07132236896727595,0.6336062625543047
s005,s040,7,0.02314757555644094,0.015436096236436662,0.46213968556118157
s005,s041,7,0.043657960130560815,0.0023292554810598904,0.41298227988608677
s005,s042,7,0.037665075864852335,8.151681860455487e-05,0.4144882324323325
s005,s043,7,0.03087826270677449,0.0007792334612366472,0.47481735112493234
s005,s044,7,0.025951829392640905,0.014556217357621517,0.6434130030330836
s005,s046,7,0.05385529206127107,0.0004986360268088483,0.6806273167306036
s005,s047,7,0.03247045260736137,0.11263654438661438,0.44763755758176493
s005,s048,7,0.029202236200174148,0.09591891983087625,0.6073682366078756
s005,s049,7,0.08154873263096053,0.11379971781480235,0.6045417768501655
s005,s050,7,0.02615998963737442,0.0027746470412209033,0.5831896012191714
s005,s051,7,0.03970114830541958,0.18760623864537496,0.7271288259914761
s005,s052,7,0.041535011203861855,0.0009591842010857513,0.5326482897597292
s005,s053,7,0.021923230291571286,0.09514544513651252,0.49134713432808585
s005,s054,7,0.07045849810685499,0.01687989843909424,0.6405107180206295
s005,s055,7,0.07223581460363213,0.023097444084177153,0.6215178886669162
s005,s056,7,0.038436854310542896,0.0022584408348454046,0.3868780955037678
s005,s057,7,0.017427339329614613,0.04587734248161044,0.40063886264207266
s005,s002,8,0.17305614575127634,0.04431527990045128,0.6538655152765577
s005,s003,8,0.03614646302237862,0.007194422872107169,0.687361776047981
s005,s004,8,0.038711656338710126,0.06503371298177058,0.5385562191267718
s005,s007,8,0.041869441796333715,0.07689216932780132,0.7031411472614101
s005,s008,8,0.03382494991975581,0.002885021316952405,0.634076562000983
s005,s010,8,0.04988112410794491,0.052350243181959535,0.6388986566779975
s005,s011,8,0.04031299776559641,0.038582956495350124,0.5743075795191759
s005,s012,8,0.04002576175609565,0.0043731663598918944,0.5401530248356132
s005,s013,8,0.01166505028063416,0.12492085998848786,0.6797266979757286
s005,s015,8,0.010662023439970456,0.13130258965841649,0.6880450335874774
s005,s016,8,0.02114267758382554,0.01188757415823961,0.6595818584211565
s005,s017,8,0.04003437357418884,0.017926495457910703,0.7313997553264662
s005,s018,8,0.044015079429993,0.0027248210450808333,0.5062321486994273
s005,s019,8,0.04272526135998909,0.22019293791207303,0.6970742868849492
s005,s020,8,0.0236155827838422,0.07196023120296523,0.5585950060250152
s005,s021,8,0.03833534230540925,0.03103492515192225,0.6702069103802227
s005,s022,8,0.02451156438720404,0.08512453174398005,0.4593487180386315
s005,s024,8,0.026018189633529674,0.09015283956852935,0.6378478452651295
s005,s025,8,0.021992245242749106,0.003603201390082666,0.5745329664732728
s005,s026,8,0.03250470908447291,0.10800440303689376,0.7446534860165407
s005,s027,8,0.025764221577067172,0.04197048105246845,0.48875596962319307
s005,s028,8,0.022982526542202827,0.10150523615783225,0.6145904618245548
s005,s029,8,0.025383665448835427,0.11375636324951333,0.7692423930693485
s005,s030,8,0.023092060502328843,0.041874491933552506,0.687994381889396
s005,s031,8,0.013963678151491753,0.006550117492264912,0.5966511038800899
s005,s032,8,0.03005647581232328,0.00013013076528901852,0.6831605254309888
s005,s033,8,0.03262193280936047,0.07448562664348791,0.5415089183717336
s005,s034,8,0.021437712452754804,0.003911342025979066,0.5251265108111132
s005,s035,8,0.027914553204043163,0.0006541627422683499,0.6025138456053872
s005,s036,8,0.02572849627495681,0.015414365978632199,0.3039158858676836
s005,s037,8,0.012884581874326364,0.11396521212492017,0.6306897432595576
s005,s038,8,0.026153931528714848,0.005271027004921883,0.7224012313448291
s005,s039,8,0.10296052674176423,0.021502561303798292,0.6444704403815635
s005,s040,8,0.018843703042297023,0.01139192467163735,0.585570087561358
s005,s041,8,0.02675240536530395,0.005499851333915612,0.549455492236146
s005,s042,8,0.03306172557904835,0.00036506538428286836,0.5579897412481163
s005,s043,8,0.023433686322018508,0.03810790329620574,0.5818857952376837
s005,s044,8,0.01134341058901232,0.024955359568818523,0.7550781573020114
s005,s046,8,0.022766585943530013,5.99948867894727e-05,0.7235231762508051
s005,s047,8,0.01695036929303115,0.017857752034452806,0.5594668211088227
s005,s048,8,0.015464256954489759,0.12424043430047506,0.6154998044279933
s005,s049,8,0.04931134471999971,0.08796730961379333,0.7078129088463134
s005,s050,8,0.048402586543677274,0.009540471798394498,0.7137971938658204
s005,s051,8,0.022699397022116354,0.1093097889132655,0.7098286459164056
s005,s052,8,0.029494732059824686,0.003917465736178694,0.5755173621296196
s005,s053,8,0.027173327282546816,0.03915127176728125,0.6059776978120691
s005,s054,8,0.049378198746558494,0.0004578658977929508,0.7304485688547917
s005,s055,8,0.06120439195447183,8.828598432223442e-07,0.6115135327323543
s005,s056,8,0.021763276314375583,0.01868297378177371,0.523079497849023
s005,s057,8,0.01761089829261399,0.03396531126146532,0.564883935316205
s007,s002,5,0.3665347481309636,0.02236439695838401,0.6693153326979345
s007,s003,5,0.3376635121090573,0.1434179907370801,0.755323845692456
s007,s004,5,0.18378943465551695,0.01981982700785269,0.6153641507165031
s007,s005,5,0.056267775572002396,0.009961830841759754,0.6131041972338989
s007,s008,5,0.5131047928924609,0.2650513975270061,0.7425627147902021
s007,s010,5,0.23078257437760424,0.010179017875599146,0.5700233261607801
s007,s011,5,0.39081481265259005,0.053894111745143095,0.6491848748917998
s007,s012,5,0.266221474018774,0.007155460787776549,0.6799821220936405
s007,s013,5,0.25330779313972307,0.0904634134086754,0.7114210371286597
s007,s015,5,0.34041421400743244,0.08203763444723473,0.6123104755602921
s007,s016,5,0.17387305050717944,0.027834591024610594,0.42434598060015244
s007,s017,5,0.14062836419853722,0.01914259160967084,0.7307591488384427
s007,s018,5,0.10177369482030228,0.008865970136098574,0.6876117866155548
s007,s019,5,0.0965458653954366,0.007581466493549575,0.5692377721846861
s007,s020,5,0.18748803238021727,0.002700649253344062,0.6183988230959289
s007,s021,5,0.12717143838401576,0.01071312687387937,0.6610980213369091
s007,s022,5,0.06465640691998133,0.07985580526676268,0.6509362710436675
s007,s024,5,0.0928234062005743,0.05691242863660381,0.7511953736600647
s007,s025,5,0.08386025184991631,0.07936853531994896,0.7743959771279639
s007,s026,5,0.1825847046562819,0.0018756573650553973,0.688442275930894
s007,s027,5,0.29294694888552314,0.0053561419608430935,0.5794143620774037
s007,s028,5,0.31072250624580766,0.0011728809129401992,0.6311696286714201
s007,s029,5,0.33334971450332274,2.947419561103448e-06,0.6964169133511663
s007,s030,5,0.12377889945810203,0.013656632491020193,0.6079931687637068
s007,s031,5,0.08193495602344598,0.02500160744699773,0.721091804745737
s007,s032,5,0.1499779670204722,0.063115849369897,0.6879305425230686
s007,s033,5,0.12254119945212949,0.012602109399098572,0.5086088523140136
s007,s034,5,0.2813002054671615,0.13609675176505787,0.7085306781328837
s007,s035,5,0.07132327152602906,0.008486519464613991,0.6328517676259845
s007,s036,5,0.050235144059735094,0.06357526399125198,0.5262522708434016
s007,s037,5,0.12807541823492116,0.0006274373138701668,0.7845032602444841
s007,s038,5,0.10594551649873364,0.013265991986250293,0.6002632496073405
s007,s039,5,0.15981189793899334,0.009992904574630816,0.5528153052367637
s007,s040,5,0.0954480575394072,0.002604393822912309,0.4409165524417938
s007,s041,5,0.14170146462061967,0.0018978624245036615,0.6651414434241415
s007,s042,5,0.17528821808454864,0.010549638037874754,0.6382982646856471
s007,s043,5,0.07918379160287614,0.04944382766073534,0.6604913216161581
s007,s044,5,0.056840306898597086,0.05243283011167526,0.7587908701868772
s007,s046,5,0.14091472687365827,0.004283397473609428,0.6888319916763072
s007,s047,5,0.08986429116211635,0.05533847020806875,0.5351079364306783
s007,s048,5,0.21146567742156272,0.0504082080362635,0.724171982776518
s007,s049,5,0.053526952134501156,0.13195359796874717,0.5628351940597818
s007,s050,5,0.15158896970691416,0.003990855470678213,0.6005095176181167
s007,s051,5,0.16972052103535054,0.013259750105462209,0.6444665596738242
s007,s052,5,0.12261175893105801,0.022678769156131387,0.35744014492956827
s007,s053,5,0.2643238687322549,0.03754546835568405,0.5691348303154025
s007,s054,5,0.2599221321570016,0.012661796466340133,0.7273385963637471
s007,s055,5,0.2969285775277741,0.025586767772606257,0.6684692372283179
s007,s056,5,0.30960012647297364,0.007866332826715144,0.6408076405551297
s007,s057,5,0.13056133639501233,0.04360225277669365,0.7023483166425992
s007,s002,6,0.4918381082720841,0.001098809526414984,0.6475672817486929
s007,s003,6,0.24474642998127702,0.11891389049808541,0.7141386960402657
s007,s004,6,0.13211573728409406,0.0031268533476451065,0.4694433763723264
s007,s005,6,0.08030817893529754,0.010478738237423733,0.698072448695882
s007,s008,6,0.2280053989323997,0.27301999443348013,0.725162082466411
s007,s010,6,0.1680470749057596,0.0023116677636603167,0.550483544071148
s007,s011,6,0.287707591205877,0.04318363118074048,0.6289756293628208
s007,s012,6,0.15441954565250418,0.008174043357226737,0.6080468362040751
s007,s013,6,0.1356620380545413,0.049567111600888766,0.6217854116914501
s007,s015,6,0.3853054052535442,0.00042419899241447165,0.6029641969530908
s007,s016,6,0.17018556403003804,0.09878619724468778,0.521127065078655
s007,s017,6,0.14267084581248862,0.00012875279724945885,0.7555376188351407
s007,s018,6,0.10807417400644376,0.0025114214711914845,0.6617099198696846
s007,s019,6,0.1103450269775751,0.00010764445884620624,0.6502624201086104
s007,s020,6,0.12653878137865718,0.0028446933657991333,0.5296838499136184
s007,s021,6,0.10079656082351675,0.0034600047454634575,0.6273419926118604
s007,s022,6,0.07157354776177235,0.03924361586830089,0.514214084864846
s007,s024,6,0.06714293825683704,0.08531584752595268,0.6633029258171463
s007,s025,6,0.06193280802762616,0.0676871327423911,0.8573409406935795
s007,s026,6,0.11974658076602694,0.05289146184811708,0.6150233112157162
s007,s027,6,0.22364307988343055,0.011019217344390165,0.6052433252277423
s007,s028,6,0.23337067338548803,0.0005895462515608862,0.5777161317573588
s007,s029,6,0.20875076909563087,0.0027199459699863027,0.6939310200762805
s007,s030,6,0.07190199112880417,0.0003152057069775764,0.5691438518668267
s007,s031,6,0.06883742972637182,0.10815894776422987,0.7351370511187991
s007,s032,6,0.11901101154900014,0.03772386298557823,0.6223058485119874
s007,s033,6,0.08997667341909939,0.019238995444269488,0.5033172020433353
s007,s034,6,0.1972322002038001,0.4571001937149185,0.7660405385420989
s007,s035,6,0.06310289619739791,0.0395937227399568,0.6279711806969406
s007,s036,6,0.04352909416682948,0.00952711715625851,0.4393154402637392
s007,s037,6,0.13618735668705748,0.003160440134830659,0.6095693667785631
s007,s038,6,0.057386138243190866,0.009847405032414987,0.5965799549483048
s007,s039,6,0.06734706052794072,0.0007099043941158621,0.5160466195393907
s007,s040,6,0.12221728664690809,0.002773316436878856,0.44697577253265436
s007,s041,6,0.1389834840913677,0.0006155919308758527,0.6778049568845032
s007,s042,6,0.11437828835655009,0.007690520643473777,0.5877409612161733
s007,s043,6,0.08712731353406604,0.008617400254196893,0.5338417504636714
s007,s044,6,0.06254851679101181,5.624704431199105e-05,0.6677884941460928
s007,s046,6,0.083731592778099,0.014029806126279128,0.6975750762897797
s007,s047,6,0.07727669095092228,1.4715284702761341e-05,0.5014264923230244
s007,s048,6,0.07284180695192487,5.277657744218355e-05,0.6684731625500067
s007,s049,6,0.04193343345943685,0.03755806574286727,0.5988855039991727
s007,s050,6,0.09860628334902373,0.07465872407765092,0.5705103659562609
s007,s051,6,0.18799304923621793,0.02382772363719715,0.7288134886647445
s007,s052,6,0.11237859148050344,0.006154542155257532,0.40155488215044965
s007,s053,6,0.3399832028898847,0.009478511967857381,0.550132069784957
s007,s054,6,0.12876210553873382,0.0036637660693570892,0.7723159631296688
s007,s055,6,0.1947572747966683,0.15273019596099444,0.7055592594514394
s007,s056,6,0.2595677053779764,0.015145350857423776,0.6012321474027149
s007,s057,6,0.1443888640798516,0.016647747058277453,0.5718586892981243
s007,s002,7,0.5122943082713316,0.03091045927823862,0.6850818473268795
s007,s003,7,0.24438231932333696,0.07347057875049903,0.7012696221628086
s007,s004,7,0.20008947887162906,0.011557156684746118,0.7002136710326221
s007,s005,7,0.12175277234501718,0.042808698886266296,0.6838983245203702
s007,s008,7,0.2475206942493135,0.10961168412140355,0.6306008784293657
s007,s010,7,0.2784933796279003,0.009411592841388627,0.5955959203884257
s007,s011,7,0.2825986737268806,0.015212281721833242,0.6967146358246129
s007,s012,7,0.26304376783486116,0.01924500273173606,0.7716772498896379
s007,s013,7,0.36798971416134785,0.15250003243360014,0.7973070017686271
s007,s015,7,0.3878698966142465,0.1682573428851276,0.5878698712923689
s007,s016,7,0.1953403212558853,0.07295589339307026,0.653161453429922
s007,s017,7,0.15401801348224597,0.002641482206377413,0.787743383843067
s007,s018,7,0.2846653194147251,0.0903135179149964,0.701758318529477
s007,s019,7,0.14985071827522753,0.019793233035977718,0.6704379596218961
s007,s020,7,0.17058524377153583,0.030578813222382612,0.7994665967301989
s007,s021,7,0.1552643562629357,0.00018988331177958946,0.6212279709255278
s007,s022,7,0.09009940650200075,0.17899371305578143,0.6807534473814475
s007,s024,7,0.08749601136500476,0.005924051466399314,0.6732750452966862
s007,s025,7,0.11036693899899118,0.014351434325472309,0.6998294572693555
s007,s026,7,0.2142622262282489,0.10882945565785523,0.6781782567758465
s007,s027,7,0.20083914831419108,0.017938686564415322,0.5764123629446088
s007,s028,7,0.3934212648700595,0.026596691744946832,0.7349020059184864
s007,s029,7,0.4862281559926251,0.011290367044022686,0.6730692455806543
s007,s030,7,0.09163049682329537,0.02057374478428008,0.6393682675983164
s007,s031,7,0.12349570636043558,0.03906852646362392,0.5951568772119401
s007,s032,7,0.22201525575183312,0.07364116028748525,0.7670506942655543
s007,s033,7,0.13961837118242568,0.05526614067239971,0.6301813840691797
s007,s034,7,0.2508964409597352,0.030579533542760443,0.6443017504639514
s007,s035,7,0.14675624014260552,0.04647831921746112,0.5465711337476278
s007,s036,7,0.0588554160663099,0.15636473317215607,0.6132464137896058
s007,s037,7,0.20106004631747304,0.0002704690562077181,0.6478072695771189
s007,s038,7,0.09186081034230593,0.0020219245138759037,0.578230501111928
s007,s039,7,0.1625339139303999,0.008205360116224124,0.5277851400610483
s007,s040,7,0.15635099003453137,0.04184230850762279,0.4736973079916087
s007,s041,7,0.2572315824391501,0.000489848510794272,0.6978194710381463
s007,s042,7,0.2224362887131855,0.03884102996670789,0.7119796045585051
s007,s043,7,0.06354782920560359,0.09309270217754026,0.6386403098327019
s007,s044,7,0.19479751186107755,0.024551699390035337,0.7429872962972549
s007,s046,7,0.10623055620077973,0.058727479020597766,0.6799579612280662
s007,s047,7,0.11206208092369807,0.16989108599475208,0.5986704539040142
s007,s048,7,0.11561210919276035,0.08217176995069457,0.6848361246467602
s007,s049,7,0.08005455282908874,0.13272550292639546,0.6126698757681733
s007,s050,7,0.18370886659504826,0.021446094828095813,0.5894895779450134
s007,s051,7,0.28074074293490364,0.07848813929901269,0.7140218891172784
s007,s052,7,0.18641138396764725,0.0003047137315000684,0.41877565578560105
s007,s053,7,0.33816808733301235,0.06260346068851541,0.6286649117234475
s007,s054,7,0.2944380285542231,0.01933167734740729,0.7196969510475579
s007,s055,7,0.28336703023801474,0.03703499074845959,0.7013945279735704
s007,s056,7,0.2819792605283327,0.0023931136667388973,0.7246177454825442
s007,s057,7,0.22952856460898752,0.028702946186569482,0.7612375272020657
s007,s002,8,0.3473770261017587,0.0018009997860180752,0.6848166399878223
s007,s003,8,0.3521972688231817,0.21746465072685617,0.7567303689072553
s007,s004,8,0.14081775509693262,0.0005222786761236807,0.6723671896284386
s007,s005,8,0.048421248613308744,0.051907047363017704,0.7309682163341313
s007,s008,8,0.43807153926328185,0.2896545570525174,0.7243612874174136
s007,s010,8,0.2866613686521024,0.008221048827043994,0.6212020929049045
s007,s011,8,0.23083302046689283,0.09767952905678591,0.7253749558900144
s007,s012,8,0.15342555916839995,0.019859525136994415,0.7445177468355161
s007,s013,8,0.2813677198446056,0.11217334130183913,0.6886490441272022
s007,s015,8,0.3776321968020002,0.055955250380101317,0.6204742856738711
s007,s016,8,0.145834806193451,0.062179488792472634,0.5075704527731929
s007,s017,8,0.15889383762782788,0.001331166428002964,0.7328357228873736
s007,s018,8,0.13176772040012052,0.04463681662423109,0.747626055354573
s007,s019,8,0.08501381218250405,0.04018259604925759,0.7179322823968181
s007,s020,8,0.18347383365935516,0.037184345295971914,0.7202490733653962
s007,s021,8,0.1099929092073682,0.038535014147017155,0.6754935301727003
s007,s022,8,0.06844418919560923,0.06424851632073024,0.7187906705371417
s007,s024,8,0.0731356106517543,1.4898822161060124e-05,0.7274649848419389
s007,s025,8,0.09122299180264011,0.035468103167296886,0.6956494047150238
s007,s026,8,0.10043721311405539,0.0004513588083302401,0.6405226252238636
s007,s027,8,0.3280246534939946,0.020714787230154495,0.5372824613123395
s007,s028,8,0.3002329314312304,0.003426734975399484,0.6363578023576485
s007,s029,8,0.39147495362733276,0.07112037021270629,0.7357150319527953
s007,s030,8,0.06787635893726521,0.03344434639675365,0.6645565336993572
s007,s031,8,0.15489623012685025,0.052330268274505994,0.7240812341259775
s007,s032,8,0.22712189972820554,0.03542747459747144,0.7842519054977418
s007,s033,8,0.0714876065488117,0.02215642529985767,0.4892948189931036
s007,s034,8,0.18785801445416406,0.08999728220642954,0.6353054642932774
s007,s035,8,0.09159890817876101,0.006112668570334077,0.6382464855713907
s007,s036,8,0.05031551716983248,0.23269944976160348,0.6299444363732861
s007,s037,8,0.17287556033616905,0.00011415858108827364,0.7065436067795322
s007,s038,8,0.06641517833434199,9.91491955010504e-05,0.5710845940623976
s007,s039,8,0.08423341196519087,0.062536523470517,0.5198614759511432
s007,s040,8,0.1238147198738057,0.08144989589975474,0.4888979807520397
s007,s041,8,0.14384820023687303,0.00821716154399386,0.641465575877032
s007,s042,8,0.1775166060692143,0.009133931298718758,0.6007052507137981
s007,s043,8,0.13296649743819536,0.049897839006109744,0.7469303738793495
s007,s044,8,0.04202103517272793,0.008280198618587718,0.8323548202833848
s007,s046,8,0.10601814562286546,0.1034224939309271,0.7332640875964155
s007,s047,8,0.0680688776022122,0.06167568021154797,0.5645611093725366
s007,s048,8,0.08695998431641239,0.16992591934935758,0.80717055152909
s007,s049,8,0.05232380014696251,0.05344101587595161,0.7286260490298586
s007,s050,8,0.0937133332743439,0.013245249858686811,0.6583074621640663
s007,s051,8,0.18882797660372422,0.05926072679045771,0.6170218199402857
s007,s052,8,0.10786860942188452,0.004867975910154907,0.4174611089895346
s007,s053,8,0.255620996581561,0.11162192876403315,0.5891905111861058
s007,s054,8,0.1986006465934731,0.018232192038815636,0.7134678347407799
s007,s055,8,0.2875360283769982,0.03271907828679651,0.6883016576269948
s007,s056,8,0.20036935992065974,0.010358780679550149,0.619162089727468
s007,s057,8,0.14182428356474563,0.017050049663728688,0.7265848500989741
s008,s002,5,0.08351008815540541,0.0011104361314226495,0.6711797069373112
s008,s003,5,0.12692201637539569,0.150832882596009,0.6890548227721088
s008,s004,5,0.09381734193075901,0.007031252880404339,0.5293685921481324
s008,s005,5,0.045762902655397175,0.022120313447318248,0.6867464788196317
s008,s007,5,0.08128843141107771,0.0530684778100584,0.5567699068130296
s008,s010,5,0.07215771451139398,0.0008285333789021131,0.665282981174246
s008,s011,5,0.08252695047809012,0.17499037587956642,0.7414812749071477
s008,s012,5,0.06987082471065457,0.017056112939095598,0.7198625708211941
s008,s013,5,0.12431053522986422,0.11618371534487423,0.6807231192239395
s008,s015,5,0.09183117911303247,0.027624738598369742,0.49107840410475506
s008,s016,5,0.02316158837013214,0.10948361947027817,0.5126800965745862
s008,s017,5,0.09356383870473378,0.016735856203781815,0.7895774719027845
s008,s018,5,0.07684143267575265,0.04885664850950848,0.771041036993547
s008,s019,5,0.07433124373527748,0.07804985790655414,0.5702575106846465
s008,s020,5,0.12188875863567845,0.030466785117360777,0.5719505192360894
s008,s021,5,0.05368692823720003,0.0034268723661868643,0.6464501984283524
s008,s022,5,0.03879936320700876,0.0791217302104408,0.6788278333523181
s008,s024,5,0.03638946911768217,0.014738912565020235,0.6500944292255953
s008,s025,5,0.035663494673902146,0.17753463000700825,0.8305501030327533
s008,s026,5,0.07430772497285215,0.019589703741494807,0.5681703742752443
s008,s027,5,0.09763155752231,0.016294969225425695,0.5951114630037323
s008,s028,5,0.069069742189919,0.0010520534474937702,0.639686360683609
s008,s029,5,0.14829874027551035,0.007764424761978965,0.7397903530714245
s008,s030,5,0.037702506895819325,0.00021660749689790103,0.666552367016867
s008,s031,5,0.040514520616975254,0.18461206555023538,0.850322831997275
s008,s032,5,0.06824534275292167,0.07621437068200303,0.7388471694929805
s008,s033,5,0.03725731672238578,0.03670156565358531,0.5066425605232644
s008,s034,5,0.16081521038435417,0.27579452365974017,0.6758964857329006
s008,s035,5,0.0391248179850155,0.038811348400800916,0.614650690409165
s008,s036,5,0.0611799405409219,0.10258028787669532,0.6272755749624624
s008,s037,5,0.03666380552022362,0.027791906895455243,0.71675957938272
s008,s038,5,0.06246639306293754,0.0008109102752068777,0.601120578940633
s008,s039,5,0.07074193788016413,0.004841329714106805,0.4877177969697738
s008,s040,5,0.03083970439713689,0.0009061471580405927,0.5035443370403947
s008,s041,5,0.06302331510158755,0.0008823570648392274,0.7682297802594956
s008,s042,5,0.07055384169463388,0.014883118673956041,0.5828105182058582
s008,s043,5,0.05662292140992329,0.0525036867085663,0.618936709315149
s008,s044,5,0.045082176685921946,0.014151047326865528,0.7224026574689774
s008,s046,5,0.07044886730851405,0.027080699118494107,0.696800244182696
s008,s047,5,0.03245752320258289,0.000501266673144549,0.47728383314152184
s008,s048,5,0.08638268690644386,0.08560950875755183,0.6661340995876495
s008,s049,5,0.0252895336657743,0.11759262613452001,0.6742434136214983
s008,s050,5,0.05173973753288423,0.08339266987605182,0.5668584854801193
s008,s051,5,0.0766620089678242,8.058283826191948e-05,0.6403157128818203
s008,s052,5,0.11638015563294846,1.4297951280323528e-05,0.3153379191449375
s008,s053,5,0.11703995921763949,0.030310585013394665,0.6197026188390866
s008,s054,5,0.18807832177410916,0.04247210942727805,0.6694404468826286
s008,s055,5,0.1313531006342159,0.2202929627997553,0.7554758132667357
s008,s056,5,0.09673989057258102,0.03915649421897666,0.6662650707391435
s008,s057,5,0.032446477938100085,0.03913861544409986,0.7414744893264629
s008,s002,6,0.0924761082361541,0.0065568480115922945,0.5467979059871618
s008,s003,6,0.1538602432753132,0.2338856093107004,0.7573562687971481
s008,s004,6,0.10266014765920771,1.1467475540067538e-05,0.5722726091005835
s008,s005,6,0.02856761856044215,0.002285689181786014,0.5964646531381786
s008,s007,6,0.050692583542265954,0.02429861708326872,0.6050452713114649
s008,s010,6,0.085489707572853,0.046305136080527304,0.47558539987681847
s008,s011,6,0.15883998324082996,0.4717220920711995,0.8263088319022219
s008,s012,6,0.07717193044066516,0.17174936818072495,0.8300322395993065
s008,s013,6,0.10983568972804866,0.10691897237987098,0.7164810170684068
s008,s015,6,0.0627603423279601,0.00010806104322034018,0.514961976026935
s008,s016,6,0.02586442303187891,0.09659997207565159,0.5488920651150664
s008,s017,6,0.07494181403037432,0.012561063804647339,0.7394290896501955
s008,s018,6,0.08054242197932723,0.3422189967416747,0.7593207799859159
s008,s019,6,0.08821499382932309,0.0016608930193292837,0.573717077951223
s008,s020,6,0.12012022247508264,0.06595648057429004,0.7814012088406819
s008,s021,6,0.045727871432594006,0.008242105531505492,0.4080494541821127
s008,s022,6,0.036488947972495855,0.24660038809195628,0.8320390543133682
s008,s024,6,0.042246693073955115,0.05134931218441254,0.5935809753772366
s008,s025,6,0.03730549207911246,0.09815266090435984,0.5992898768960854
s008,s026,6,0.08468069424863946,0.020749815077099002,0.49103107811138413
s008,s027,6,0.12029623735730581,0.003874539587144536,0.3977170271581476
s008,s028,6,0.07861199891263168,0.07747989878718047,0.6182930179287096
s008,s029,6,0.15403343870726982,0.05929690961380257,0.5868614165537017
s008,s030,6,0.04508538446895288,0.05556847230939855,0.5994873953938303
s008,s031,6,0.02268544963538434,0.09893217561127228,0.64224982057427
s008,s032,6,0.06221926259845271,0.09143543465123559,0.6913586123776169
s008,s033,6,0.036669014113422806,0.00817748624600729,0.3868076647438659
s008,s034,6,0.10811893230284009,0.11879854775644039,0.5754360903618079
s008,s035,6,0.028557033249516688,0.0018411549542377283,0.4443831658937243
s008,s036,6,0.043873369657178765,0.4422127967253703,0.8008591607667512
s008,s037,6,0.038826655974966075,0.0058797595415556675,0.6925063322950054
s008,s038,6,0.05769194097147874,0.03587187264940961,0.5028587985839211
s008,s039,6,0.05444051870772033,0.005096171261444573,0.3888662923400025
s008,s040,6,0.04094029491220118,0.002554031686373037,0.4399056368099733
s008,s041,6,0.05532079341028694,0.061249434470388255,0.5796640488420326
s008,s042,6,0.08825383248999948,0.06994004579678544,0.5411860832902412
s008,s043,6,0.08532582510350029,0.15567671760202204,0.7149849966011721
s008,s044,6,0.025832749434501198,0.06742801631922028,0.6363302410939141
s008,s046,6,0.05080857998805174,0.001982317370037575,0.5036423599024785
s008,s047,6,0.02843345179199432,0.001097612529912636,0.44580153597392264
s008,s048,6,0.060443152240508655,0.06744278196377028,0.6812014824119244
s008,s049,6,0.03243226180158532,0.08400891944538814,0.5019101160687133
s008,s050,6,0.05558436164940805,0.014463897363938443,0.429923710859137
s008,s051,6,0.0673794329240701,0.003856790623566558,0.6062235555911782
s008,s052,6,0.06555028607614549,0.010857219949353071,0.26011643242905624
s008,s053,6,0.13211915906864802,0.016184582545230936,0.5807051528724229
s008,s054,6,0.1349374309289685,0.01654598529376816,0.5970850677340629
s008,s055,6,0.09628066270896131,0.19024815555414615,0.7450858187112325
s008,s056,6,0.18641171472906728,0.12450871839179595,0.680132233935409
s008,s057,6,0.06289006476037813,0.24040034541527347,0.750172780045542
s008,s002,7,0.1273442688704916,0.00910667571270998,0.5927409214666467
s008,s003,7,0.22341189733249797,0.03660735457913708,0.6829478063379495
s008,s004,7,0.12811367765007362,0.013525154780986337,0.5354067238369876
s008,s005,7,0.07750866957091433,0.0008834547771820736,0.722557321057017
s008,s007,7,0.1620429231272271,0.1115564412938945,0.5898249274550429
s008,s010,7,0.17406532846185427,0.00032345698823201994,0.566030761676556
s008,s011,7,0.13729116867969743,0.2262243783259236,0.7610181717136302
s008,s012,7,0.13396719976163374,0.06666658791304512,0.7045227978826201
s008,s013,7,0.20684464330195365,0.10720473334552462,0.6950033575884618
s008,s015,7,0.10503546292869519,0.009646914015320827,0.5270849486406007
s008,s016,7,0.07963020854692857,0.1281437943714833,0.5204080190475354
s008,s017,7,0.15975240782879294,0.014462315188691791,0.7852091891227553
s008,s018,7,0.09786594724638914,0.05332666253957776,0.7105036368070887
s008,s019,7,0.11362227405724135,0.005404730247058365,0.5993382592844998
s008,s020,7,0.14140242050674073,0.0061399437613791664,0.6850616720264662
s008,s021,7,0.08748706161357224,0.007127927676730546,0.6120764532579525
s008,s022,7,0.04957358556240882,0.09189985817220697,0.7618279178742271
s008,s024,7,0.05074594760407458,0.03363918829034466,0.6287951393650927
s008,s025,7,0.07418301895804968,0.07489443770954161,0.7936797886645567
s008,s026,7,0.09988278916303021,0.0001607038310755719,0.5397315573772296
s008,s027,7,0.1500325952093812,0.005806007324470754,0.5391686366882976
s008,s028,7,0.10560905901118721,0.002125880812755918,0.6372219670966682
s008,s029,7,0.19744388448259823,0.0036321185581297192,0.6944783815013733
s008,s030,7,0.046579537268581675,2.9475870031329612e-05,0.645184249352297
s008,s031,7,0.043108851525387695,0.21491722726088217,0.6814623134100248
s008,s032,7,0.15600502626512444,0.07376259739203297,0.7045371670783881
s008,s033,7,0.07584390686833326,0.02753705945040524,0.5378820014833409
s008,s034,7,0.25596710692219987,0.16291555320973097,0.6189316494999766
s008,s035,7,0.0934964675273423,0.08166434414414513,0.5919089027215233
s008,s036,7,0.04375823028200873,0.14381082145530358,0.6835712768633702
s008,s037,7,0.0689522266852041,0.04638730725613574,0.6405722747993323
s008,s038,7,0.08268243766640118,0.020811162593356705,0.54837010115069
s008,s039,7,0.11992353184827236,0.004078664935176,0.40607355774325654
s008,s040,7,0.1179514154353862,0.02257147788807863,0.42905161468064795
s008,s041,7,0.12402879030810571,0.0017436995931112379,0.7501254010702821
s008,s042,7,0.1243127293774014,0.02718216133677098,0.5603652897528508
s008,s043,7,0.09737773394782649,0.13034154818180105,0.6517430854498509
s008,s044,7,0.04239036504127492,0.13954729274227332,0.7490121245944839
s008,s046,7,0.05309621305174708,0.05246368157863913,0.6400400585362872
s008,s047,7,0.058028370090460815,0.04935072724765572,0.579781389237601
s008,s048,7,0.15732536868791627,0.09441217588941149,0.7189255241288981
s008,s049,7,0.05112273784048057,0.11355471614779973,0.6307472035570112
s008,s050,7,0.09998237680464885,0.01916753026708378,0.5095862716277073
s008,s051,7,0.12625737270836856,0.000276708677413285,0.5944233000571101
s008,s052,7,0.17469053409972912,0.0021664014088551586,0.2879978389448016
s008,s053,7,0.2633341682607035,0.02695299883318419,0.5546937543925038
s008,s054,7,0.21697726635457704,0.12012050358972906,0.6415250196843466
s008,s055,7,0.26856035381059684,0.25311737689623887,0.732238151385028
s008,s056,7,0.2009384196518498,0.034933927694574665,0.5559390905814993
s008,s057,7,0.11742869340600919,0.07034961300513215,0.6969629161373607
s008,s002,8,0.05247169863745621,0.0623401008232908,0.6078653452094984
s008,s003,8,0.15757072460927787,0.10150618738664825,0.6347181196831112
s008,s004,8,0.11249363203004178,0.00036673135839518226,0.488532350461147
s008,s005,8,0.0365620830300313,0.0011475369540643687,0.6768181311190931
s008,s007,8,0.0700627829259067,0.028851095795579443,0.5422537587240263
s008,s010,8,0.07232044399757494,0.00018120772334358546,0.6555554958799542
s008,s011,8,0.10516365398574266,0.11950315838046525,0.7057413346621666
s008,s012,8,0.07487948642073528,0.0037548000827095484,0.6236789967079446
s008,s013,8,0.12489712269702513,0.08898159283471951,0.689766935764671
s008,s015,8,0.1321559740567021,0.05576811232986409,0.5181973304032227
s008,s016,8,0.016960137835288908,0.11193516994398715,0.5417129394232828
s008,s017,8,0.08442243756464929,0.0826863169130163,0.7269046200662677
s008,s018,8,0.09143130809351824,0.09003252664756504,0.644896430920479
s008,s019,8,0.05020785967113207,0.00026609813177736743,0.551399860611558
s008,s020,8,0.07334913004962461,0.004933397000298122,0.5701414230615148
s008,s021,8,0.04969293158215275,0.0032093243813997433,0.618967247531232
s008,s022,8,0.03455796811571007,0.016653621692949688,0.624016361243406
s008,s024,8,0.041343725788283096,0.0008227688050569089,0.5569935590139697
s008,s025,8,0.04998745679699183,0.06381462089231699,0.7439771153985584
s008,s026,8,0.041809930202877474,1.9720057471393293e-05,0.6065663529442014
s008,s027,8,0.07821792279428809,0.022453711957987694,0.4286525545303547
s008,s028,8,0.08974458700214225,4.1954922831832494e-05,0.5997251900012079
s008,s029,8,0.1487026581125305,0.0008678622382690228,0.7043850234494553
s008,s030,8,0.034082776742724315,0.0009366781125753684,0.6361782498673946
s008,s031,8,0.037138796164915666,0.15809767814898512,0.654641632180092
s008,s032,8,0.10350456972382774,0.13382926340504894,0.6762998603548914
s008,s033,8,0.029270987967827324,0.04396941651742021,0.5974675381655833
s008,s034,8,0.12353853413344339,0.0961721380332201,0.5335681700626663
s008,s035,8,0.05083269315208549,0.037436775591870225,0.47392461913463557
s008,s036,8,0.027460743998326362,0.06726071349736794,0.5444121719570134
s008,s037,8,0.04330242101074489,0.03309542455834171,0.6061783840581287
s008,s038,8,0.03828670136811954,0.0027436715011132425,0.5358885597696562
s008,s039,8,0.06540974435680534,0.0013778138549290825,0.3916493072232443
s008,s040,8,0.039151844064045,0.0008626964632798533,0.38794478633756196
s008,s041,8,0.053605157533804716,0.02011046240143814,0.7125266036865048
s008,s042,8,0.0344322654557508,0.000697359536923134,0.47489145392863147
s008,s043,8,0.09271263959184291,0.0247576247856877,0.5393028041970098
s008,s044,8,0.019932425441634944,0.04899608345899852,0.6654499712932862
s008,s046,8,0.08982948735455794,0.034714642304787456,0.6872676665942739
s008,s047,8,0.026648993117794013,0.021883772683675057,0.5032347667262235
s008,s048,8,0.052998305868282254,0.017681391648437433,0.6955946358912733
s008,s049,8,0.024169217901811278,0.19823216503319274,0.634035583066127
s008,s050,8,0.05405647491076594,0.03694925857853124,0.5678773143932171
s008,s051,8,0.10875517567177345,0.011421235302072699,0.6369422904163327
s008,s052,8,0.06842941086517552,0.010084717495334239,0.29636113390072394
s008,s053,8,0.11058380479232187,0.1255694228503462,0.6629856780885943
s008,s054,8,0.09466076231764022,0.09777300343830055,0.6635442870090807
s008,s055,8,0.11978482033443617,0.13689861093483952,0.6283557507536405
s008,s056,8,0.13409727285023199,0.057772847846900656,0.5348532498249837
s008,s057,8,0.0990312597068641,0.10754928435783596,0.7337368166796215
s010,s002,5,0.1736667571063505,0.032126161958566296,0.7389284721477439
s010,s003,5,0.0811322271623739,0.004316762311727618,0.5179615442311939
s010,s004,5,0.08651280278795609,0.012047335662540015,0.5461330012962052
s010,s005,5,0.06617456744847297,0.05613105266628434,0.5970158326299867
s010,s007,5,0.14104936918827887,0.022143528912772815,0.5123833794359871
s010,s008,5,0.14491571545721074,0.12075211687045595,0.5863064431169879
s010,s011,5,0.06408391870490789,0.003405601220020571,0.5540907371021063
s010,s012,5,0.04578425421722475,0.007725125139089195,0.5327643246724558
s010,s013,5,0.25131535275889727,0.1331834040782147,0.6792543453405864
s010,s015,5,0.12661339087571374,8.177492290680368e-05,0.6043573386808732
s010,s016,5,0.0774417433582442,0.10389765561257569,0.6220111780609193
s010,s017,5,0.15069918050226433,0.03497391814128723,0.706252382056142
s010,s018,5,0.048121462739630555,0.010061017213918978,0.6556327273945378
s010,s019,5,0.1095564586458723,0.058231908754782076,0.5249590111063924
s010,s020,5,0.08410654060546113,0.0003354168479074257,0.4332376799773954
s010,s021,5,0.23832563180389496,0.15428933286301644,0.7334077118806958
s010,s022,5,0.0511458772647622,0.039031603545062285,0.40417805695592585
s010,s024,5,0.1773985984024354,0.0456821488546263,0.6600802519047345
s010,s025,5,0.14277523371549403,0.008790449041905396,0.6303742611816017
s010,s026,5,0.28714420718037637,0.0056793848480874735,0.681303187687383
s010,s027,5,0.11294237447868509,0.04189351477957305,0.5433589654519736
s010,s028,5,0.17609897138284084,0.176827226980702,0.684686245686398
s010,s029,5,0.13378596609917057,0.009780549044509639,0.7524773967718092
s010,s030,5,0.04651256384686821,0.003064091242802254,0.598406659178462
s010,s031,5,0.0550620170997637,0.03486277808305424,0.612964273447957
s010,s032,5,0.1018848135804423,0.11626818657891831,0.7303043491891003
s010,s033,5,0.032627832192606634,0.20212858133166473,0.7724738392882491
s010,s034,5,0.06782999541066753,0.019309048202453192,0.5494023073174522
s010,s035,5,0.06049751004050621,0.011063083123228613,0.6227246837043419
s010,s036,5,0.12969668313953156,0.00010500494831387246,0.33560410638851007
s010,s037,5,0.11675526667758652,0.03484275172329098,0.5428364602058551
s010,s038,5,0.054572444768663575,0.04141776507608275,0.6571475463626104
s010,s039,5,0.07329951609148215,0.008722572513729366,0.6822694686826666
s010,s040,5,0.023372377427543747,0.04090298685711501,0.6375573873485308
s010,s041,5,0.07047612318116858,0.14977783827634664,0.7790192576742421
s010,s042,5,0.1173585857134877,0.001432322363829317,0.5641169498500562
s010,s043,5,0.17649665090248848,0.002691241376438761,0.35624171902778445
s010,s044,5,0.09840284530009565,3.799076175764085e-06,0.5975221972953074
s010,s046,5,0.07094011729468297,0.033194164320128304,0.7278296307698896
s010,s047,5,0.0649256133126224,0.028029938529952645,0.5726525751869818
s010,s048,5,0.0770070564448658,0.00016158834244985588,0.49100832892250545
s010,s049,5,0.050047114738162916,0.128544773750245,0.6641041349803825
s010,s050,5,0.09686530560046176,0.00016780961397353322,0.7331405637037792
s010,s051,5,0.18003151567516787,0.10816627436988645,0.7069908642549103
s010,s052,5,0.06466805632348671,0.017752941179280335,0.5749651213813939
s010,s053,5,0.12438000941983056,0.025885513179806342,0.7971377284589503
s010,s054,5,0.20754161643416774,0.10144601717840508,0.7907797520376096
s010,s055,5,0.2518901973187715,0.13738315402710627,0.5867894931381455
s010,s056,5,0.22330289482640425,0.05825391829501729,0.6390956280306228
s010,s057,5,0.20453987816579933,0.010565225800525147,0.7090417126453878
s010,s002,6,0.08955668638287345,0.027532081293530318,0.7200141028618708
s010,s003,6,0.03202765103575043,0.0007700786588330582,0.5213870145961436
s010,s004,6,0.03957945715087008,0.03335637690400986,0.5714355672130985
s010,s005,6,0.035818804640224584,0.2080863914085039,0.6469154842017522
s010,s007,6,0.08418553119667038,0.03525156366657889,0.5903651559191464
s010,s008,6,0.03730262103087612,0.0063034335002526256,0.6259339403053467
s010,s011,6,0.02150958992839942,0.04105302705335639,0.5112936727897192
s010,s012,6,0.020289371346527,4.081993792879585e-05,0.5507332904404899
s010,s013,6,0.0989875930687372,0.13596174925904828,0.6937322023030718
s010,s015,6,0.03635935479586285,0.017423139912619463,0.6419471253904149
s010,s016,6,0.01605592881229957,0.028090639754730154,0.6524446959911382
s010,s017,6,0.10473906688271868,0.05556692199204749,0.7421020505168103
s010,s018,6,0.017963391867342207,0.0011102215791148316,0.6376539811071056
s010,s019,6,0.04790972652922541,0.07568848330984489,0.5919051863783807
s010,s020,6,0.036203545594793364,0.030331749657329897,0.5305649351942937
s010,s021,6,0.1109386869681214,0.08719400556915916,0.7251219680165406
s010,s022,6,0.027113731551807428,0.09046017493886896,0.3946719515888783
s010,s024,6,0.06846506166231627,0.006349131499159529,0.6426778610044231
s010,s025,6,0.05062460976998493,0.0025282186359883723,0.6666974625470607
s010,s026,6,0.11611126898831912,0.07489320796995444,0.6332211181172308
s010,s027,6,0.035908233106487726,0.0054324058432263685,0.550127786668749
s010,s028,6,0.0546793634879448,0.18108430451115662,0.7180838788843373
s010,s029,6,0.05388879726812459,0.00019345884476257757,0.7617955681213312
s010,s030,6,0.01431261025310439,0.005531302020897917,0.545995000946528
s010,s031,6,0.01899587036182848,0.017346718496948913,0.5955874491126958
s010,s032,6,0.02842050387050858,0.03881423518844482,0.703530123852602
s010,s033,6,0.009544129394150688,0.19350188484247904,0.778982444929514
s010,s034,6,0.03067645250095391,0.008592349033204542,0.5553449113630362
s010,s035,6,0.03078673574891843,0.050717051658672616,0.6367538610453312
s010,s036,6,0.08863449446198125,0.0015056986642836723,0.3319242148871257
s010,s037,6,0.047152800622634806,0.008845067623632904,0.5503470138699814
s010,s038,6,0.02705953312478273,0.058998962812307716,0.6949612937808834
s010,s039,6,0.07080694544748171,0.006606349235433878,0.6685138403280381
s010,s040,6,0.012197889597863045,0.06216124379471608,0.6241290940619088
s010,s041,6,0.018341233743820577,0.052237108222730186,0.7175679662229186
s010,s042,6,0.05343081370834949,0.0018290363007181633,0.5995300898363076
s010,s043,6,0.0346289603946035,0.027587939666771092,0.3736180094809249
s010,s044,6,0.036419769781452845,0.0024326131687990695,0.6060540743146798
s010,s046,6,0.02030881116312805,4.6207040886161014e-05,0.7108612820913793
s010,s047,6,0.025476036809567715,0.0019113349119960078,0.6460635372853317
s010,s048,6,0.043993743585450835,0.0004851267959720563,0.586058053962188
s010,s049,6,0.017301351382086643,0.11843509239767076,0.5969254289934198
s010,s050,6,0.03949125218118346,0.029877269392077202,0.7430365864505101
s010,s051,6,0.025942388322712135,0.0396396278794424,0.740050763376372
s010,s052,6,0.02560079762968015,0.003399030455557835,0.5749212353449951
s010,s053,6,0.0653318983748266,0.015475378397850058,0.7554886743838294
s010,s054,6,0.10088770052513953,0.010491264579805563,0.8025024327104153
s010,s055,6,0.13690904754301142,0.1096561110652497,0.6254859663078046
s010,s056,6,0.040022821022510785,0.026403039004687854,0.6626288992632097
s010,s057,6,0.06263891584712848,0.05015111171031858,0.6371463041016785
s010,s002,7,0.09212985202141358,0.04732365238893066,0.7525663305555724
s010,s003,7,0.026523705089140148,0.007247032518352448,0.5552088011069534
s010,s004,7,0.022284211359001344,0.0019727687336072563,0.49090706543024387
s010,s005,7,0.015166447695471045,0.12478591004191943,0.6468500774011589
s010,s007,7,0.025663420747904876,0.10142786724658755,0.559425083693109
s010,s008,7,0.05117999689524642,0.06315139058552528,0.5873469998002191
s010,s011,7,0.029191397454923308,0.01778057583918131,0.6242910532090485
s010,s012,7,0.027836614749176043,0.0005194886179815329,0.5852145910996542
s010,s013,7,0.0755464510945726,0.13147562927999598,0.6990599940799778
s010,s015,7,0.04998126197438972,0.022116972146744296,0.5959003787743771
s010,s016,7,0.033748798854453047,0.10243001697120167,0.7014725030805999
s010,s017,7,0.06862073172329924,0.12664403905293306,0.7486774959083645
s010,s018,7,0.016490503147863468,0.017139669605407616,0.6630125098478232
s010,s019,7,0.03790809289691867,0.129692245744536,0.5648459350571298
s010,s020,7,0.03218293270460825,0.004375999965380552,0.5081503291176661
s010,s021,7,0.1237460294343697,0.14321648738008622,0.7572143149012468
s010,s022,7,0.01616028690589377,0.057139802948015135,0.4757678525869802
s010,s024,7,0.03999712406663493,0.05178710965136927,0.7189779053154571
s010,s025,7,0.05099579584996012,0.047818356372821794,0.697043871428894
s010,s026,7,0.09191261638111034,0.042737056887786444,0.6155748239344386
s010,s027,7,0.022605951904980853,0.030619620188326414,0.542617047044085
s010,s028,7,0.13314175945717355,0.09269417139321497,0.7022941582843939
s010,s029,7,0.04764465663555481,0.05334905812997829,0.7526085506540546
s010,s030,7,0.023372354737729157,0.0020227364410733166,0.5889181662216226
s010,s031,7,0.015983681346184435,0.14512724328612453,0.630226116136077
s010,s032,7,0.031456000493945535,0.164028428329861,0.7399924466816847
s010,s033,7,0.01645363775086414,0.22623295556276538,0.8111151261301442
s010,s034,7,0.0245969928075734,0.041107830367964976,0.6220271878888183
s010,s035,7,0.018107052350667032,0.03031528908227764,0.6234402734092234
s010,s036,7,0.06096934758430914,0.012014816245224082,0.4410872844311953
s010,s037,7,0.05874757273974804,0.005529362130500386,0.5318053215664821
s010,s038,7,0.020182050854163577,0.041372099755486516,0.6358061510888559
s010,s039,7,0.04770059667784758,0.002909819725157047,0.6592925648876278
s010,s040,7,0.013083099610055805,0.08193812648117606,0.6112199356069675
s010,s041,7,0.03165555227013125,0.14287452031153744,0.8611594187283151
s010,s042,7,0.040493700607944896,0.0021767703418921758,0.4686553565124603
s010,s043,7,0.02354443643778761,0.04354986575749909,0.44578116823185693
s010,s044,7,0.02566302627550064,0.0027093650221708654,0.6159835184397312
s010,s046,7,0.05512158675726474,0.01976329523450055,0.7284364814925721
s010,s047,7,0.025320824822952375,0.02205326877302176,0.5297718757060673
s010,s048,7,0.06275789785320247,0.013746235542073925,0.5530475305778599
s010,s049,7,0.017263547451679115,0.20909883042477853,0.7288628260912577
s010,s050,7,0.04236978149499004,0.0025719810641800633,0.6555602628123008
s010,s051,7,0.03846023902585265,0.060809708869498255,0.6963577026255834
s010,s052,7,0.03293996813479173,7.039668556970536e-05,0.6212296531756726
s010,s053,7,0.028236866304417994,0.06431596005265636,0.8312926038030422
s010,s054,7,0.06717026869848128,0.11109025507839972,0.7825217477955763
s010,s055,7,0.10051618699628537,0.20763250341055067,0.707137309132898
s010,s056,7,0.08424309706323833,0.15144002672564869,0.6797056831877382
s010,s057,7,0.04645564319855664,0.08370002957551641,0.6731283224168527
s010,s002,8,0.48712089077102133,0.025197720908928176,0.6850362578402359
s010,s003,8,0.08927625809538607,0.004856627206857992,0.49818850686003685
s010,s004,8,0.14135096099260833,0.004313867038350639,0.5091806171167426
s010,s005,8,0.06115441104451972,0.11816004741679138,0.6612928088448482
s010,s007,8,0.17356902042367564,0.04079875575832815,0.5415712598458254
s010,s008,8,0.29035172420972216,0.04620207985014715,0.6245929250442173
s010,s011,8,0.07459036445190911,0.00017528142090665556,0.48029737471548756
s010,s012,8,0.04052537720322441,0.00020210717049480762,0.45158703973157055
s010,s013,8,0.11992278059357783,0.08445396841192508,0.6416167647192901
s010,s015,8,0.08978733632283957,0.022355382985268273,0.6190380073790984
s010,s016,8,0.09965668930229128,0.04943826083271517,0.5531831907651374
s010,s017,8,0.17536078478096712,0.07269900441751909,0.7286265130361582
s010,s018,8,0.03100760635292896,0.03035514787357528,0.6329908503910623
s010,s019,8,0.11276501111237265,0.05887432819642779,0.5451444638299593
s010,s020,8,0.08444806136699468,2.219313878986471e-06,0.44401793541222584
s010,s021,8,0.17373304075764073,0.05313087449475467,0.6916517997083558
s010,s022,8,0.03429893705428828,0.011390963038583758,0.3340756203474942
s010,s024,8,0.08159505304648551,0.006633988444228728,0.5882358652058541
s010,s025,8,0.13633598040311448,0.001012955167725207,0.6604622626240995
s010,s026,8,0.20083704831099441,0.020217618834078688,0.682975444364374
s010,s027,8,0.11812630684930223,0.001957415382802873,0.5997084765017541
s010,s028,8,0.19119417498138672,0.13304127337163354,0.6249619056652896
s010,s029,8,0.06985593796061938,8.681804392210118e-05,0.7648177571950008
s010,s030,8,0.03811736973316021,7.748370292774287e-05,0.5472143281371269
s010,s031,8,0.031590967241173044,0.14460485893442515,0.7039176116623154
s010,s032,8,0.08297511967842568,0.06641574571571936,0.6706608827458364
s010,s033,8,0.03751845196331761,0.11741358290652591,0.6187608911753428
s010,s034,8,0.0816481473865024,0.005996693774783494,0.5645763624423942
s010,s035,8,0.041473899757773436,0.00508857339212438,0.6243057301138926
s010,s036,8,0.09358876051668728,0.007379457873963615,0.2786269380622261
s010,s037,8,0.11206268355505626,0.005326008757813528,0.5545525093137843
s010,s038,8,0.04816330309406111,0.02681442864072435,0.5650763696937809
s010,s039,8,0.0896914787630561,0.0012388611874288833,0.5851016523631972
s010,s040,8,0.041810900456442514,0.003432256794522877,0.4518241468797167
s010,s041,8,0.05685058283383052,0.11176388919131076,0.7049637447531638
s010,s042,8,0.11170987494710777,0.00030494404834909103,0.5839635650005061
s010,s043,8,0.08683467501330627,0.0058722571636190095,0.29456359174166474
s010,s044,8,0.07107397305303176,1.9962908482774197e-05,0.5559044934377532
s010,s046,8,0.061036590648446486,0.11515396153845307,0.7391217897315108
s010,s047,8,0.04308266287759058,0.0003639619132142267,0.4919331325472177
s010,s048,8,0.05339562072773116,0.004354135197726356,0.5112533978874406
s010,s049,8,0.03759453307106037,0.07132126930978595,0.6312476990941502
s010,s050,8,0.11101846292050939,0.0013140810882299903,0.7023215537893903
s010,s051,8,0.1039687104583562,0.012466650194651622,0.7238837835163303
s010,s052,8,0.05856898300068815,0.0009639096974623739,0.41331257022662427
s010,s053,8,0.11133496033468294,0.05194563751323146,0.7515075693611264
s010,s054,8,0.19177762502849463,0.21465956724035098,0.7492493907429674
s010,s055,8,0.2790628524963324,0.07124763941617504,0.5582946029484674
s010,s056,8,0.2702835758937479,0.05704401545610509,0.5575425479622113
s010,s057,8,0.13561983726739357,0.035833454052358986,0.6294482291544776
s011,s002,5,0.05345559241977831,0.05191564142803681,0.6292316475918727
s011,s003,5,0.15071394338766966,0.14755175468661222,0.8516121023032238
s011,s004,5,0.08402354341738398,0.0035524867888981028,0.7060927725349648
s011,s005,5,0.031062484707533224,0.0034831405704365366,0.6852395582533309
s011,s007,5,0.10974138513224066,0.004069258607557488,0.5466927324358885
s011,s008,5,0.07290041671373841,0.09421073850901182,0.8079079345259386
s011,s010,5,0.03385464052244275,0.022499910402920226,0.5029793758414082
s011,s012,5,0.20671015733774417,0.32437996389520873,0.7838042922420548
s011,s013,5,0.01922863335651114,1.6560539710455068e-06,0.7750467543317998
s011,s015,5,0.04942294092465309,0.011963882132938653,0.5813333072825606
s011,s016,5,0.0168815967236035,0.1205696672503319,0.5446032785916782
s011,s017,5,0.03418189179371769,0.12088158459262524,0.7191709013497551
s011,s018,5,0.13471974005119872,0.2843455056319711,0.8103909082967369
s011,s019,5,0.038549189783030395,0.00575159433955219,0.5996444772815376
s011,s020,5,0.09648751906272156,0.06338369653094506,0.711449245998703
s011,s021,5,0.050353158445146144,0.03238894113753371,0.5450632624960429
s011,s022,5,0.03449491829463532,0.1539448053724727,0.7956162440052696
s011,s024,5,0.015146518613826331,0.08942615375886816,0.6910020235790104
s011,s025,5,0.02000314218999314,0.16773362090070584,0.6868999953636419
s011,s026,5,0.033722133091429504,0.02345326663960387,0.5514764274949201
s011,s027,5,0.03247322736632673,0.08853046686905221,0.5468857958271077
s011,s028,5,0.023020046205477873,0.11300611077083504,0.6318994726875478
s011,s029,5,0.09419612764145607,0.003766481177790207,0.7055822615246797
s011,s030,5,0.042871697774882235,0.01390417153538395,0.7583015768239756
s011,s031,5,0.01776995095005749,0.15878418902244684,0.715186844172257
s011,s032,5,0.033665840268806396,0.0846656713019594,0.7323733899306656
s011,s033,5,0.10163077700492437,0.005853106285038409,0.3766458063523167
s011,s034,5,0.072755081107884,0.07260833053140368,0.6254202984361424
s011,s035,5,0.060024378228889425,0.02462930557416189,0.5728290051336264
s011,s036,5,0.012116362016914156,0.24006096140519456,0.7395982599819211
s011,s037,5,0.030672995468102687,0.0006860879301607714,0.7655479377994905
s011,s038,5,0.022921446183973515,0.014022014300256474,0.5737177715480415
s011,s039,5,0.036267418230587524,0.0012856101713052855,0.4672000867689525
s011,s040,5,0.07830290233857125,0.016690521805095723,0.5009980076376714
s011,s041,5,0.08886536281268462,0.09168377746045131,0.6485498466032804
s011,s042,5,0.08401584504932218,0.07508410258868163,0.6464704273805258
s011,s043,5,0.032981248547280725,0.2179177349894744,0.7940432150460321
s011,s044,5,0.017206406583567996,0.08171414868466992,0.7911724621283884
s011,s046,5,0.03683008309344091,0.0009313035475652406,0.5784845527271466
s011,s047,5,0.03961215590369255,0.02202624204620304,0.5233767745961518
s011,s048,5,0.03541418936774967,0.003932701236630805,0.7217195352005399
s011,s049,5,0.04691742017285021,0.1240828561528049,0.6611409038075583
s011,s050,5,0.02085836430429398,0.05018831564696913,0.5809018669360461
s011,s051,5,0.08392726444908352,0.003261651756321709,0.5445403370313386
s011,s052,5,0.08524809020955475,0.001095235073634608,0.32646829705193714
s011,s053,5,0.09608353970668858,0.01378132444720796,0.5570794153809141
s011,s054,5,0.03815948566132925,0.06904973091418813,0.6314345580024924
s011,s055,5,0.06620220780767232,0.22989405825927453,0.7557483248737215
s011,s056,5,0.35551067810973946,0.17786935296386097,0.6472487468496367
s011,s057,5,0.11802989510701523,0.1270451847589218,0.7906450798297607
s011,s002,6,0.05792819652343041,0.0016747683462616685,0.5452056310676575
s011,s003,6,0.09244067322648179,0.1708154547857897,0.7943938195736046
s011,s004,6,0.06703841041526479,0.002158179633424651,0.6611911480683881
s011,s005,6,0.03529559084562142,0.006241320616555434,0.6297994769820857
s011,s007,6,0.1494503566806441,0.010336016953808588,0.4866687003459949
s011,s008,6,0.14478688837146866,0.13024600854648227,0.7864799093450643
s011,s010,6,0.0388770351509926,0.01680688403704658,0.4460274590438956
s011,s012,6,0.16606877013156535,0.38417283904392996,0.8273215463547504
s011,s013,6,0.036915346373190314,0.024449835917855912,0.7346268259479647
s011,s015,6,0.03066104479223665,0.005917891034852831,0.489566759343759
s011,s016,6,0.02943830553799346,0.09409460550536207,0.5487884258802956
s011,s017,6,0.034792981376217516,0.18659804985070985,0.6922014443071245
s011,s018,6,0.10490132965747935,0.3154434423093725,0.8420790952416705
s011,s019,6,0.02838664713952208,0.019030437800107828,0.5734036640785801
s011,s020,6,0.054212690404097555,0.03822744222329078,0.6930797302309819
s011,s021,6,0.0482135413443209,0.00010253475368181922,0.42464995055060556
s011,s022,6,0.031724324375140465,0.3003271685143735,0.81820197240884
s011,s024,6,0.021921696689892498,0.10915056351415686,0.6204685270836989
s011,s025,6,0.019778011906814847,0.17396970611659363,0.6197688239473267
s011,s026,6,0.04756700093791998,0.0036505581474175594,0.4858103471163949
s011,s027,6,0.04611354960699869,0.02752330355835855,0.49072688532614045
s011,s028,6,0.03616488525119689,0.1371513125216552,0.6346408501732966
s011,s029,6,0.06968860020418441,0.006123448913873963,0.6720134539780369
s011,s030,6,0.029443671757328337,0.029602702044289424,0.6925019713227678
s011,s031,6,0.03861091418736835,0.13980349993862107,0.7040526783164864
s011,s032,6,0.03648412603192142,0.06562165479108192,0.7153569585377282
s011,s033,6,0.08148764595291771,0.0008609052581878738,0.3047017493045105
s011,s034,6,0.04292292458467292,0.16640207730669349,0.6193600887361066
s011,s035,6,0.03065169256249527,0.007780066115194038,0.4538529572522908
s011,s036,6,0.01366739258001063,0.35739893263282685,0.7888238894849164
s011,s037,6,0.033379384572139695,0.03389526232728527,0.6857192207253442
s011,s038,6,0.0224958278176955,0.006221297309539977,0.5181230387433491
s011,s039,6,0.03969233904336869,0.0014560482229003095,0.354220254986369
s011,s040,6,0.06284534131456901,0.02129921241700237,0.44880843168119167
s011,s041,6,0.08237233900990643,0.1114720572812729,0.634771835745638
s011,s042,6,0.10657371642342421,0.08590132470934442,0.6477827255048875
s011,s043,6,0.020856168817751444,0.21584028928255972,0.7416832084280145
s011,s044,6,0.01688399437574959,0.041442633488567686,0.6753641054968343
s011,s046,6,0.025303976176514677,0.0005130002651429228,0.46926145694871996
s011,s047,6,0.028448379118114295,0.02426689878436324,0.42871173472235746
s011,s048,6,0.03874770213939989,0.02926389560603636,0.6401802850230558
s011,s049,6,0.02858936860899123,0.14304666129465618,0.5930356810224924
s011,s050,6,0.023281901435215163,0.07994997859478539,0.5417482532753229
s011,s051,6,0.05904596430752625,0.0026684906318696056,0.5399486186568054
s011,s052,6,0.0621190811201815,0.007724548860553144,0.23537412745651126
s011,s053,6,0.045040750915376314,0.011995560757089886,0.48363397132198127
s011,s054,6,0.04278225136335354,0.004816723334380002,0.6228673081738484
s011,s055,6,0.08059985773850249,0.24251801369666423,0.722116764388694
s011,s056,6,0.2874709698857909,0.2684242013903073,0.6900490749198367
s011,s057,6,0.09250838364205438,0.1253601477798626,0.7964132901285699
s011,s002,7,0.11974443212301628,0.006337918825845018,0.68373112741189
s011,s003,7,0.23291128778840955,0.05050379034892133,0.8394660013419485
s011,s004,7,0.15754730528185557,0.017940936264584754,0.6286303956980428
s011,s005,7,0.06664677030018286,0.024385318413106115,0.6398278013585956
s011,s007,7,0.24853107162545962,0.035532268215817356,0.6052118570299047
s011,s008,7,0.29054503759875805,0.04195697624159974,0.7956467549642469
s011,s010,7,0.14526501762997018,0.035551454900542886,0.5582233825669869
s011,s012,7,0.40999044093527925,0.33164926081313906,0.8355652880471155
s011,s013,7,0.10426325999871576,4.6273131066767576e-05,0.7061264944613805
s011,s015,7,0.11926249763103491,0.0006325546508239536,0.5292894125004128
s011,s016,7,0.04093615077901126,0.04511777205699068,0.5213794691532441
s011,s017,7,0.1061760576741024,0.09136151216908271,0.731559171811038
s011,s018,7,0.2591723346973734,0.23788212756703583,0.8109449304611805
s011,s019,7,0.06184178679939447,0.019152170380327845,0.5901450821194931
s011,s020,7,0.23264376224713113,0.06845978499851532,0.6742444861548961
s011,s021,7,0.13729776861558685,0.004248724945986947,0.6139254067037625
s011,s022,7,0.03862413748586028,0.22598625189851176,0.8528473512560756
s011,s024,7,0.03091102906376423,0.10639779393110478,0.7558340616825683
s011,s025,7,0.04926591618441067,0.17429799731377235,0.7004364275423707
s011,s026,7,0.07457294912642963,0.004803098582875474,0.5336119361231829
s011,s027,7,0.10214224824858692,2.374789762999285e-07,0.5399429381339114
s011,s028,7,0.043569522510154016,0.1350070024928686,0.6366689311576087
s011,s029,7,0.15032158882755187,0.00015193661834368333,0.6835788846496293
s011,s030,7,0.07560050000421166,0.008810111873974114,0.7015844139803998
s011,s031,7,0.05650707800036479,0.09974102747731321,0.7384941136864462
s011,s032,7,0.10692252848166874,0.09019432382193672,0.7707732521229212
s011,s033,7,0.16223166626257451,0.021865397394616494,0.3832997566896603
s011,s034,7,0.22335522596738386,0.09680679941300203,0.723246912153115
s011,s035,7,0.07815741992667967,0.0440893727089541,0.6087348944253219
s011,s036,7,0.043740568312402514,0.3069562432089152,0.7604472029246934
s011,s037,7,0.05800649782751694,0.0002769605675046189,0.7532410644479239
s011,s038,7,0.06169464134998311,0.03653842990779659,0.6309197078250504
s011,s039,7,0.17653694152923294,0.06803761127561751,0.5100640411899152
s011,s040,7,0.15840665976319782,0.001458451743438639,0.5530991611592636
s011,s041,7,0.2663445690720658,0.07975634811606427,0.7010210049380103
s011,s042,7,0.19445217530937492,0.056815652522127655,0.6086032992300732
s011,s043,7,0.08004163366437106,0.2575445436419595,0.8553654084915377
s011,s044,7,0.022990700747725083,0.18375582286608846,0.8157666461255434
s011,s046,7,0.06587247927860232,0.003260335099179672,0.6087670081681104
s011,s047,7,0.05852566003610424,0.017701533282532603,0.4197132511493017
s011,s048,7,0.296353256797294,0.01803898530643827,0.7035560442930983
s011,s049,7,0.08552077419865793,0.12288033186135092,0.7188288539207963
s011,s050,7,0.099616881818328,0.003766652352971701,0.5778472226868762
s011,s051,7,0.20526188898569042,0.0009304809423680235,0.5804305201225708
s011,s052,7,0.17156361019119382,0.002300569787171054,0.38477578327633594
s011,s053,7,0.1604713641401816,0.003996232444836703,0.5906692043488019
s011,s054,7,0.14363138310600737,0.03649204466337537,0.6465219795187731
s011,s055,7,0.2564193721819281,0.2217725571724004,0.7814934383398253
s011,s056,7,0.5520680359641033,0.1861946278295275,0.7266847835521322
s011,s057,7,0.39659734891915505,0.07480868629991032,0.8167258658155757
s011,s002,8,0.10134385708245772,0.014659820971823506,0.7043342949933898
s011,s003,8,0.09785719495386451,0.12807180515077626,0.731219309082394
s011,s004,8,0.10908642759355242,0.003679814938806497,0.6177288477935227
s011,s005,8,0.03281569380228085,0.030679539793022785,0.6300974639462652
s011,s007,8,0.24804757264515434,0.0023327125653847753,0.6965628337931924
s011,s008,8,0.14503380905908259,0.0005106376973207134,0.6752255462003166
s011,s010,8,0.10779801651195936,0.06154789595522787,0.6625353250956091
s011,s012,8,0.18585204179672252,0.18291284961540508,0.6898666471618214
s011,s013,8,0.09138398085238239,0.01961962647927335,0.6899727125028093
s011,s015,8,0.036498536234024354,0.03583752285678886,0.6017578534609945
s011,s016,8,0.02196424813118454,2.17849134860293e-06,0.5829471526161618
s011,s017,8,0.047462747557051765,0.07680481334966854,0.7047705622144584
s011,s018,8,0.10897457993498597,0.031971942209541686,0.716064454253478
s011,s019,8,0.0344383551457442,0.013540353334209108,0.6207403841612181
s011,s020,8,0.10928416053964662,0.005989478849163662,0.6291059902574757
s011,s021,8,0.051417114386951436,0.019599609619397353,0.5846040918369811
s011,s022,8,0.023777316814880853,0.06402892753697992,0.6149690319784029
s011,s024,8,0.016577685904635164,0.07484588083462346,0.7158932390590013
s011,s025,8,0.024422379903756758,0.026284683170847985,0.6506016501483057
s011,s026,8,0.05948341888273057,0.0013602735597505059,0.5650964447074736
s011,s027,8,0.03910437197950869,0.015681428909798224,0.5549778445639245
s011,s028,8,0.07964341811059873,0.09259490454105877,0.6264887555972924
s011,s029,8,0.17054877688701192,0.0007974398069152593,0.748114355367008
s011,s030,8,0.05306358026862281,0.11491866431024089,0.5375214834450621
s011,s031,8,0.04113489417713954,0.016716528085151533,0.6466124245351037
s011,s032,8,0.03897182956075967,0.023718145047851663,0.7961842153538705
s011,s033,8,0.10440531226155203,0.007945934815300449,0.47004025458093374
s011,s034,8,0.1278822956125857,0.060236053338635485,0.6374626363452242
s011,s035,8,0.039461875161974067,0.023426424824326494,0.5333563205833713
s011,s036,8,0.03168676629533779,0.11369022851493084,0.5527156540163547
s011,s037,8,0.09824585175559378,0.028886995635548182,0.6517759744801773
s011,s038,8,0.06181752584746686,0.053798358740759715,0.5828219884451072
s011,s039,8,0.09667747493746813,0.005230269140901944,0.5720561443967477
s011,s040,8,0.09860144318775238,0.0012823836647622047,0.5347822913362551
s011,s041,8,0.24263419781877876,0.09969105098846054,0.6097861868931315
s011,s042,8,0.08926574855260765,0.0005956554990594718,0.665317317541815
s011,s043,8,0.016749955214098337,0.06606243912265142,0.5943188179036504
s011,s044,8,0.040851023960988914,0.04872686131975993,0.669276805709754
s011,s046,8,0.08199685153389687,0.017322447051729056,0.6557858415647726
s011,s047,8,0.04190338896669325,0.003995693201998975,0.4501339722031527
s011,s048,8,0.22360965797612384,0.015885049006456927,0.7314966038464467
s011,s049,8,0.05262421859139773,0.007532943312292423,0.6411943749826526
s011,s050,8,0.028198014665659146,0.009717571350449454,0.6179541752046666
s011,s051,8,0.07870317640412178,0.024164548811450675,0.7230888402254749
s011,s052,8,0.16846682805650293,0.02411082557473668,0.40559921414732863
s011,s053,8,0.15578264024911528,0.017784707474247975,0.6771940537782063
s011,s054,8,0.12415678967354964,0.011440654751864014,0.7410355146204093
s011,s055,8,0.25947355783869547,0.24865685770405382,0.7371266595175655
s011,s056,8,0.27903225952604704,0.0658202859302152,0.6943867544113187
s011,s057,8,0.14422964114188708,0.05097194394450618,0.7392405130430557
s012,s002,5,0.07481439254208827,0.06709249938141501,0.6426722574719999
s012,s003,5,0.19795388786921014,0.12748247595954285,0.6499542716385582
s012,s004,5,0.042592827767084486,0.00028084476500466143,0.5406404923169019
s012,s005,5,0.10867332854698046,0.003382515317483641,0.5644558283449982
s012,s007,5,0.07015658868720867,0.0007267886721822917,0.45520587976479465
s012,s008,5,0.046526337447128994,0.02875158423796907,0.6514810912847402
s012,s010,5,0.020568978385913747,0.15935948036894196,0.5727306642420227
s012,s011,5,0.12333625596273795,0.453673821772226,0.8284637530570483
s012,s013,5,0.03322800089291219,0.003751703378566786,0.7466648764887838
s012,s015,5,0.019571094500008712,0.01080435773520292,0.4671910870798361
s012,s016,5,0.016277545822211838,0.02059827875228673,0.6856321997346783
s012,s017,5,0.01027192218481038,0.2501030831814692,0.7130132478447943
s012,s018,5,0.07099222277779835,0.14099161142076835,0.7771328237892788
s012,s019,5,0.026872983065520443,0.0006758278860914215,0.5369835095628002
s012,s020,5,0.045428985677795616,0.15567586054318472,0.7218728667915089
s012,s021,5,0.017150735566623363,0.059581791836064685,0.5469868364740829
s012,s022,5,0.011542095826395761,0.3076599472928941,0.8071956718816946
s012,s024,5,0.007786362703061977,0.16570645641468637,0.6322558113660917
s012,s025,5,0.013613797166422114,0.05367088106420481,0.5919219799545602
s012,s026,5,0.02020415099975579,0.03888774052427169,0.4261649548636277
s012,s027,5,0.03109329588680771,0.0005919819286916916,0.38995462057652264
s012,s028,5,0.028034767244619507,0.26997159757397127,0.7004575542456631
s012,s029,5,0.05065692096472091,0.002082385747467857,0.6251464697509787
s012,s030,5,0.05462017830484931,0.027608493681361975,0.6208214188875967
s012,s031,5,0.018398336667511863,0.010873679551688826,0.5949020356636217
s012,s032,5,0.01918496535878103,0.028321923836662623,0.8000392554503142
s012,s033,5,0.07056431487870188,0.17366108314333514,0.5497137953847663
s012,s034,5,0.018592769868442025,0.011882202877400654,0.5460646602640798
s012,s035,5,0.01593362972285826,0.04171863869260247,0.3908289580609338
s012,s036,5,0.010877381664546378,0.4901072875673527,0.8460830748943222
s012,s037,5,0.13155104639441237,0.23382759172500334,0.6491061694040123
s012,s038,5,0.01601370706222077,0.06450022557434175,0.5393617559070998
s012,s039,5,0.046155108310434415,0.0015342617628615353,0.4274960499280361
s012,s040,5,0.048094903715511325,0.07293254702608627,0.5181841836873003
s012,s041,5,0.18268754701079895,0.34523305435404106,0.7765748503132406
s012,s042,5,0.05793874977586484,0.019495062595075795,0.502379721553318
s012,s043,5,0.01302762454900274,0.28212584663289403,0.7264546256052901
s012,s044,5,0.009078796994042142,0.15570990750370692,0.6542774264948272
s012,s046,5,0.17077817008655763,0.004813206196995043,0.533312183621456
s012,s047,5,0.02202936109771278,0.0020139990646688005,0.36985344840767503
s012,s048,5,0.01617201047113277,0.0129682206106152,0.6233521417121688
s012,s049,5,0.029255755800147852,0.02137153916162497,0.6815831515232472
s012,s050,5,0.017101484860368436,5.242978267168735e-05,0.44898155199187184
s012,s051,5,0.014514209015716383,0.0002498113444916757,0.5854256343003339
s012,s052,5,0.029167992694347975,0.0038725379009153017,0.3894032450384168
s012,s053,5,0.04916945369685175,0.0007569774932558387,0.6667263877735217
s012,s054,5,0.032295552780083,0.005423142373845944,0.6059441335269761
s012,s055,5,0.058907067047030304,0.14245349076777153,0.8097362706610766
s012,s056,5,0.02906737044958648,0.1346932672607111,0.7548140338166385
s012,s057,5,0.07768032563756104,0.14022510279118133,0.8467983681984851
s012,s002,6,0.03237208244135929,0.0024129945362131645,0.6599909444277101
s012,s003,6,0.10857770640639931,0.061931339997448535,0.6287311274665647
s012,s004,6,0.04205769078533487,0.00023685902750134153,0.5617665581850603
s012,s005,6,0.03882763608637443,0.0041579513832960295,0.6641080832367375
s012,s007,6,0.04878245158460623,0.006158472189294192,0.540515645479279
s012,s008,6,0.04016896284588658,0.024400612589245602,0.6897329996880448
s012,s010,6,0.029021411557012645,0.12157064137122015,0.7109473026397531
s012,s011,6,0.08760467595008714,0.29673107318614356,0.7780119481911167
s012,s013,6,0.023873997133730698,0.004066005856649812,0.6770195276387461
s012,s015,6,0.016295078861669657,0.0006372441432651354,0.5213485327998415
s012,s016,6,0.008181681846618407,0.010296628120976032,0.6544033131187104
s012,s017,6,0.010708710430816873,0.17170729022870526,0.6951745019548609
s012,s018,6,0.061911083328016876,0.05831742866050669,0.7910572426820409
s012,s019,6,0.016142055278622655,0.0008008874399976184,0.6499883096161041
s012,s020,6,0.04821556421041133,0.17369668865784976,0.6575684893842836
s012,s021,6,0.026850935381088903,0.009055407388462873,0.633359087184967
s012,s022,6,0.008994643872638562,0.22095436906780647,0.769516405471692
s012,s024,6,0.006732969237229003,0.1699449619920269,0.6797011483161517
s012,s025,6,0.012383750639992032,0.05568250609488694,0.6636596845223729
s012,s026,6,0.019022610276388845,0.04130479996412203,0.48160945429729535
s012,s027,6,0.027125249222463534,0.007081005470808268,0.4326522956725492
s012,s028,6,0.018858166351202917,0.23345471569301857,0.7023305853215975
s012,s029,6,0.01904249904954523,0.0027419877445054464,0.7190630798630462
s012,s030,6,0.032618134260157,0.009046111801141817,0.6564175526480707
s012,s031,6,0.008529083393438296,3.5143371025090745e-06,0.6312206307197604
s012,s032,6,0.02083507320134169,0.020320224155140825,0.8188318226038349
s012,s033,6,0.05142501396419756,0.15229418984311482,0.6100483038447606
s012,s034,6,0.028098089178833982,1.8148703590872778e-06,0.5802698819119724
s012,s035,6,0.013003783932504145,0.04600356611740483,0.4997985062386084
s012,s036,6,0.011883177810634386,0.271270980114523,0.7481626339535078
s012,s037,6,0.060553826120969906,0.08964614747509846,0.606194521543584
s012,s038,6,0.013212722052734853,0.08485450265810639,0.6317756133816902
s012,s039,6,0.036187944722077564,0.010009488242756414,0.5242123031779716
s012,s040,6,0.05341639824775658,0.17348443407113553,0.598208341401479
s012,s041,6,0.09650192754700754,0.31554967312137694,0.7656682802559167
s012,s042,6,0.04181303875517484,0.00695847182710953,0.5436447592765123
s012,s043,6,0.008254884639339011,0.1140855291759466,0.6907206085780545
s012,s044,6,0.005385714794111631,0.2150120299236019,0.75196494521507
s012,s046,6,0.04574470903136577,0.008160804652740487,0.6499687359502121
s012,s047,6,0.01030334498735485,4.120536119322646e-06,0.4911396170290062
s012,s048,6,0.02238533442284636,0.003257065684685545,0.7041370011201741
s012,s049,6,0.02192517460539598,0.06471292485266025,0.7480695568561604
s012,s050,6,0.029621582433921,0.0006827724678359691,0.6017229604961088
s012,s051,6,0.028463691824616062,0.00030459772036000557,0.6121172446114371
s012,s052,6,0.029742780408418535,0.0005849401607752567,0.4445721582944529
s012,s053,6,0.038898122655246475,0.018740009560081084,0.6577155811849265
s012,s054,6,0.022955116068333715,0.00926657505285207,0.6763028321588598
s012,s055,6,0.060286618593371435,0.017026557127653892,0.7522805917840032
s012,s056,6,0.03861909392366402,0.028181604639549145,0.7257072763334151
s012,s057,6,0.09698669795470544,0.10123557412177481,0.7897616968380199
s012,s002,7,0.05360818090193571,0.003935134329075519,0.6990138873519054
s012,s003,7,0.1457663995521335,0.12757199863263244,0.6908123548161333
s012,s004,7,0.07806601731504349,0.006964873903580577,0.6293497776900514
s012,s005,7,0.054896988555931316,0.0006705299296275439,0.5958949873156283
s012,s007,7,0.06977401414756756,0.0014491266730299684,0.5838301267768228
s012,s008,7,0.04940029549245434,0.11541882848522085,0.6957540362307902
s012,s010,7,0.01729266375223782,0.1574781227686874,0.640130129692165
s012,s011,7,0.12943600331989719,0.3742102263230194,0.8117228055697953
s012,s013,7,0.024097703100091728,0.009199153369745663,0.7494412771895816
s012,s015,7,0.013426145398261539,0.01033256311571516,0.49230726009871634
s012,s016,7,0.007468497369228452,0.04522339342010704,0.6380875930901717
s012,s017,7,0.009539545800832362,0.22050473914241572,0.7319261411191235
s012,s018,7,0.0781420988422991,0.06950924934955353,0.750525902326113
s012,s019,7,0.01314233157101958,0.004548020142452877,0.5861011533295033
s012,s020,7,0.04738498232399529,0.1124952427126129,0.6844401993380735
s012,s021,7,0.0198585512397757,0.0643627769374743,0.5404523028264778
s012,s022,7,0.009563097596772856,0.21487026681262966,0.7639929052239866
s012,s024,7,0.00696294505265987,0.20888001574553874,0.6903803437398967
s012,s025,7,0.01032357170811381,0.06986060664599562,0.638073182145169
s012,s026,7,0.016871926497731466,0.07473753769938246,0.4773521833130331
s012,s027,7,0.045659147240650004,0.011095654387191158,0.4391903300467104
s012,s028,7,0.028913598187198977,0.15582781752110667,0.7424365795717123
s012,s029,7,0.013781838811280787,0.00933588082296989,0.6760920987885493
s012,s030,7,0.020203013844364483,0.029296794791876697,0.6591780126752751
s012,s031,7,0.007218032018672913,0.05027228840839439,0.6255038984016391
s012,s032,7,0.02898103913292887,0.04287368437655963,0.783755286098741
s012,s033,7,0.04890324751050637,0.12729043726607553,0.5886572864165672
s012,s034,7,0.0553076758530218,0.020768729985050156,0.5972463088133314
s012,s035,7,0.015458884312698137,0.03232599081575652,0.5569559848037136
s012,s036,7,0.012164060923995666,0.22969692638961134,0.7437991100393986
s012,s037,7,0.042824307462396884,0.04464496311094881,0.6919193605214871
s012,s038,7,0.01705567455248808,0.021821802249032317,0.687554576036355
s012,s039,7,0.021073132746911763,0.05118112274589762,0.5949561593421111
s012,s040,7,0.053284181391819466,0.29078601880530613,0.7159393524473678
s012,s041,7,0.09649015436153456,0.3036008198047097,0.7208698554445085
s012,s042,7,0.03668196651158903,0.012705026818545606,0.6108648523653658
s012,s043,7,0.012608120747795928,0.10927316784625885,0.7058849275445921
s012,s044,7,0.00673737749526982,0.1136583278065152,0.7670287118695884
s012,s046,7,0.03663970565106226,0.0005271521252907738,0.5787599307437845
s012,s047,7,0.013134627387017643,0.006975354278695847,0.5350075299012721
s012,s048,7,0.02686382081035661,0.008076114337308937,0.6854634930313576
s012,s049,7,0.018642100327844326,0.053447538111243774,0.6358833032038751
s012,s050,7,0.012549971344788882,0.07597182865171133,0.6252336326408687
s012,s051,7,0.01718978765289658,0.0006350424565551125,0.6552378998584134
s012,s052,7,0.02597407212127383,0.0016857149533559411,0.49899465307373836
s012,s053,7,0.06156604487074181,0.06089845062701542,0.6843199819790894
s012,s054,7,0.01675257198283906,0.004629028624293601,0.707173818203069
s012,s055,7,0.08501266080650474,0.10489531861658148,0.8069433192032047
s012,s056,7,0.03462990179212761,0.025508658271464164,0.806489316333102
s012,s057,7,0.08985470121000842,0.10209960817852937,0.7815935930067942
s012,s002,8,0.036880416171595126,0.01535169091080867,0.722737295381502
s012,s003,8,0.16829483746477314,0.028970341021626086,0.7088672796964935
s012,s004,8,0.08855207268473045,0.03333320857516046,0.611231921933733
s012,s005,8,0.029231909729683866,0.003649461209020631,0.6601486401817588
s012,s007,8,0.0546310247376396,0.014391241850059713,0.5618177315811325
s012,s008,8,0.08166759898626741,0.006584132694892037,0.641137011416533
s012,s010,8,0.026946129805911195,0.11202375940023923,0.7224647132758647
s012,s011,8,0.11848930035036635,0.14427855854962318,0.7326500748355012
s012,s013,8,0.031958140808318755,0.023656356474362122,0.7253601645245287
s012,s015,8,0.015821042334976568,0.014188115758268303,0.5881025352802104
s012,s016,8,0.007999428869735033,0.14055665599437994,0.733101502249213
s012,s017,8,0.009137420431881503,0.23121388347062607,0.737101749846329
s012,s018,8,0.04430442694998609,0.011033481388976647,0.7483391932871193
s012,s019,8,0.02327864019421718,0.0037940758854247076,0.672476640525533
s012,s020,8,0.05845372925446979,0.1298354356037138,0.6719658090195684
s012,s021,8,0.02782013080253283,0.02277729448247206,0.5934917896016032
s012,s022,8,0.006734730340308819,0.19627383846607158,0.6870260667919972
s012,s024,8,0.007724372576691858,0.14611655923519912,0.6916059789330403
s012,s025,8,0.013242186143425268,8.377304126066434e-06,0.6648065227996404
s012,s026,8,0.02359115026945595,1.4030783892585464e-07,0.5181001120479156
s012,s027,8,0.03487994823014318,0.016333102399129096,0.42065408793145914
s012,s028,8,0.013451168549552852,0.11557606841553208,0.7203829769262264
s012,s029,8,0.021471137406144588,0.023242971204996424,0.7952206673731231
s012,s030,8,0.019475911387074513,0.04651458336318379,0.5904439563442896
s012,s031,8,0.03338099466089245,0.0006046421968044736,0.6110276549011664
s012,s032,8,0.035780488694090125,0.01665500512251944,0.744378228594328
s012,s033,8,0.058460432047421775,0.4122958532667345,0.6836731544414446
s012,s034,8,0.05665967658645431,0.01986038801327715,0.6697277379018048
s012,s035,8,0.01694745412846506,0.04489845799316593,0.5370218019449812
s012,s036,8,0.014695678211475622,0.1984546427659416,0.6788936237679847
s012,s037,8,0.11105054053228092,0.047884632531434844,0.6249305569777055
s012,s038,8,0.02516183069871285,0.028875420803061002,0.7196847265745794
s012,s039,8,0.043075592541968244,0.00667184766763323,0.6012450715760637
s012,s040,8,0.04991780293626071,0.16135047015451037,0.6938491332602101
s012,s041,8,0.10908895602087731,0.14060559452386373,0.6954434769634481
s012,s042,8,0.04008583721760779,0.021398816812887814,0.6089902670513425
s012,s043,8,0.013024725845919616,0.13279624764765877,0.6641078619372149
s012,s044,8,0.006531352273828128,0.027065666364316406,0.6774602609907673
s012,s046,8,0.05176696809521449,0.021014197285354787,0.5845416892638851
s012,s047,8,0.01204502098764552,0.015012265696093034,0.6483713563089574
s012,s048,8,0.03001532123765875,0.008226973906493724,0.713700342366501
s012,s049,8,0.023262470697612378,0.0001244754848046385,0.6225130635284765
s012,s050,8,0.014242691308624128,0.006186178011310647,0.6334809606576106
s012,s051,8,0.02544797874113256,0.005998701271499956,0.7016245293950957
s012,s052,8,0.031286994281822134,0.013430590970223397,0.5921282768286459
s012,s053,8,0.06216970272797358,0.017027249530464184,0.748201057102486
s012,s054,8,0.02877128709876464,0.000884134487528598,0.75156156336153
s012,s055,8,0.08600550413985007,0.041048749390005766,0.7666356622825938
s012,s056,8,0.049448498243866816,0.0020186918184167905,0.7967868100637417
s012,s057,8,0.19192392195164412,0.06073407778153829,0.7512598363796287
s013,s002,5,0.04058869239128396,6.416470056712583e-07,0.654389611767092
s013,s003,5,0.12698471893790692,0.12396554528537676,0.7253274341191435
s013,s004,5,0.05015644841309403,0.10095993228307691,0.6073158858440519
s013,s005,5,0.01845470603545957,0.07556362470535868,0.579874605178013
s013,s007,5,0.0502617068433478,0.0021577939247506327,0.5157852204292945
s013,s008,5,0.18514007078476996,0.1735337054990435,0.6904036216010516
s013,s010,5,0.09239469714017484,0.007367700571704581,0.5695693941293625
s013,s011,5,0.029503442807805168,0.014414294245773451,0.648991634878107
s013,s012,5,0.03367811871348325,0.000628794463055757,0.5522548092342702
s013,s015,5,0.23826725774617896,0.06408478443480813,0.5696911930946585
s013,s016,5,0.017058703832188826,0.08480536393518343,0.4946089648312066
s013,s017,5,0.08873133631961393,0.06590847320412377,0.7145042033384362
s013,s018,5,0.02961358867963808,0.013666645048354843,0.668048104147313
s013,s019,5,0.027524576908657172,0.019480329246820298,0.50112038613168
s013,s020,5,0.038158901710603564,0.02882203167982019,0.5463697632454015
s013,s021,5,0.03787714793254961,0.05386407372238941,0.6863554454200715
s013,s022,5,0.01376867455813771,0.1280097065793558,0.5366809836461127
s013,s024,5,0.04601161635356434,0.0012828339916524073,0.5826550029813725
s013,s025,5,0.023847197624242568,0.14097719641807843,0.7047658917009029
s013,s026,5,0.02843522827328718,0.0042496385972954935,0.5246951022394775
s013,s027,5,0.06401912724284209,0.017184723699308038,0.6763925854020232
s013,s028,5,0.038723800779644164,0.024037049591300687,0.6709251587432965
s013,s029,5,0.03537975699656988,0.03937760494422374,0.6944027779076981
s013,s030,5,0.013407487791169959,0.03650038552009524,0.5925658354521942
s013,s031,5,0.021579164157497457,0.0019470265895415674,0.7197689941417704
s013,s032,5,0.07490454279423012,0.06368238588399769,0.6565234969327369
s013,s033,5,0.01939818359595828,0.0019324656310388297,0.5012961920585519
s013,s034,5,0.0976493930499824,0.0693071298674123,0.6572230155253309
s013,s035,5,0.045860054041596356,0.005127306977750905,0.6392732871507377
s013,s036,5,0.035281747425077795,0.03289053386131838,0.4826177713317992
s013,s037,5,0.04889532754834941,0.0017754749283648836,0.7016701150610124
s013,s038,5,0.06829929493456766,0.011134680676026998,0.513223211392882
s013,s039,5,0.03705094569877424,0.0018691586891776712,0.521550079427983
s013,s040,5,0.01367464530053375,5.838807705717727e-05,0.38457261072249566
s013,s041,5,0.03647472179323502,0.00010805673458135075,0.7031339285060304
s013,s042,5,0.02725449673362659,0.16396187744229243,0.6497702781689664
s013,s043,5,0.10484420828870322,0.00019062278122302173,0.5964269428751217
s013,s044,5,0.03007517960812854,6.950669104834934e-05,0.6736354287181457
s013,s046,5,0.020301776692870883,0.02235521055356642,0.6911234508764814
s013,s047,5,0.03353098161889337,0.04384683278778062,0.5540794940114863
s013,s048,5,0.028328449612870454,0.0055694973604895415,0.597390062037297
s013,s049,5,0.02530370054399344,0.11530890320505238,0.6206039183951804
s013,s050,5,0.07442160247935825,0.0028974707208958336,0.5235014949915932
s013,s051,5,0.019021585520518646,0.00016876968917264282,0.5571310480236759
s013,s052,5,0.03727710719981131,0.02344960746154685,0.39618033857342144
s013,s053,5,0.06034188708771415,0.05832437813696832,0.6775425349780332
s013,s054,5,0.07586339828113679,7.547882903434348e-07,0.6362959741574514
s013,s055,5,0.11149390520040593,0.10215928706770762,0.6822705614628202
s013,s056,5,0.06970556049249667,0.039515314460641326,0.5486395513418398
s013,s057,5,0.07904847661922056,0.10976636930681419,0.6715729489394171
s013,s002,6,0.026771019981882836,0.024204863683766634,0.7066590498348128
s013,s003,6,0.1331707257043375,0.054047836446361006,0.6585934545365404
s013,s004,6,0.06952592139168208,0.30960947056985194,0.8186168889513659
s013,s005,6,0.017661373440286444,0.05114316309213173,0.47604731144163925
s013,s007,6,0.0394157300521963,0.012742573794824423,0.5019825956818071
s013,s008,6,0.24558246687437274,0.018618149843051886,0.6259071746872777
s013,s010,6,0.11368169659970619,0.03514100064013928,0.6401057431966326
s013,s011,6,0.03697283190224183,0.014292583734091615,0.5260269115245624
s013,s012,6,0.04710564992947009,0.001323195973383169,0.5951952537420595
s013,s015,6,0.13761525766406071,0.045179077125510135,0.5483546463483414
s013,s016,6,0.01883971245128564,0.0010499927494033742,0.45340023632615184
s013,s017,6,0.06540535884954193,0.006844683903620961,0.612988886231347
s013,s018,6,0.03279899553259563,0.0037579940850251616,0.5634158097596546
s013,s019,6,0.02414971522109868,0.016593036255029694,0.4735473158139834
s013,s020,6,0.07920044860111468,0.10590650275573942,0.5259068469209702
s013,s021,6,0.07167861153615632,0.025973758589744607,0.5639315325788912
s013,s022,6,0.020031138716335075,0.07809909983966724,0.5047702032026434
s013,s024,6,0.046210581397488924,0.0001634694771147399,0.6063109246567034
s013,s025,6,0.03202423852546034,0.00039468417700979844,0.4523047584899912
s013,s026,6,0.04412477837882981,0.07284065400765592,0.6435212780316135
s013,s027,6,0.15214607322119383,0.13612607210313485,0.6393348823061247
s013,s028,6,0.07599238549174506,0.08961260775245337,0.7576408782558203
s013,s029,6,0.05014483032850135,0.0057478088890937,0.6792033455073538
s013,s030,6,0.024563500134522468,0.000582572386763258,0.6536252555804002
s013,s031,6,0.024827305792267072,0.013418625526985212,0.6352221715503097
s013,s032,6,0.07181548461508033,0.06760286575322706,0.7042616586292595
s013,s033,6,0.020309352030325495,0.0022145125235258707,0.5114965763986453
s013,s034,6,0.10224982878609859,0.009488809189144977,0.5564728502947002
s013,s035,6,0.029916695907754868,0.018245226229558847,0.5566832118424281
s013,s036,6,0.059778347442831496,0.03469324645284957,0.34129603706919237
s013,s037,6,0.06009234737523946,0.037051317874793814,0.7829891306625337
s013,s038,6,0.046221672491811056,0.007973483706162802,0.6063276536947355
s013,s039,6,0.03717691035283959,0.03803047149832092,0.6643608772111184
s013,s040,6,0.01746408778634785,0.040416273406091156,0.61176248678264
s013,s041,6,0.039238846331707704,0.01314580977873119,0.5221182011923825
s013,s042,6,0.027636952596394943,0.3458841631493961,0.809772835297153
s013,s043,6,0.06223683392775665,0.02204361346682516,0.49828035515548186
s013,s044,6,0.03058169565774725,0.018026525084901823,0.662529959093749
s013,s046,6,0.014784783315442376,0.019668184014147962,0.6487016627926725
s013,s047,6,0.032234374094911214,0.023283622416445916,0.6855663719080095
s013,s048,6,0.026762251058069675,0.002174754351569461,0.48920309433615156
s013,s049,6,0.029989225426248,0.028835146730547042,0.437037144862749
s013,s050,6,0.10174256884028517,0.09867747756715615,0.6902859305586091
s013,s051,6,0.024847318672523953,0.0011094555866949835,0.4740871727094159
s013,s052,6,0.028540832332423452,0.08321572122494719,0.443435963458147
s013,s053,6,0.06874652138434878,8.60396634163409e-05,0.6311648062309922
s013,s054,6,0.07355176015965982,0.09534129602979996,0.5735052719105286
s013,s055,6,0.12765006558211126,0.01973868741487055,0.47961211472042375
s013,s056,6,0.08338301229888402,0.058644264017298435,0.6404242369804735
s013,s057,6,0.06484782520868067,0.008570542850216925,0.7240255899169146
s013,s002,7,0.054705632077315755,0.006435072087890582,0.7090991896923404
s013,s003,7,0.17298608627872672,0.08586840202557182,0.7145128874514511
s013,s004,7,0.18629996276446625,0.21310884620549475,0.7891806760661376
s013,s005,7,0.04329361379651695,0.09427479025230805,0.5766167509881017
s013,s007,7,0.09106428065380799,0.009029997429833202,0.5015578510967162
s013,s008,7,0.5293696743502093,0.0869859813111027,0.7006496753744437
s013,s010,7,0.20210814123826143,0.004052999051442308,0.6853547519230759
s013,s011,7,0.07745385228960926,0.003063137773279296,0.6112613446447662
s013,s012,7,0.09159243874609867,0.004346499849139431,0.6112864129510648
s013,s015,7,0.19659796075530495,0.21148050117515535,0.6752404731136277
s013,s016,7,0.0355169390547552,0.04144786120609389,0.5406711860388679
s013,s017,7,0.10136179998510947,0.016893895817396785,0.731474059411864
s013,s018,7,0.053064879355391316,0.00046266277119109327,0.7074752851113355
s013,s019,7,0.08361760926323067,0.03263293961159161,0.5261193354425898
s013,s020,7,0.1272396151363302,0.07477266035264614,0.6054961135907988
s013,s021,7,0.11947331459577536,0.0038916504783513776,0.7166391682662362
s013,s022,7,0.035360682529260425,0.16935269141806866,0.5895598455286299
s013,s024,7,0.07011431239082379,0.005890778674973647,0.6656386312624889
s013,s025,7,0.07348574597731135,0.041796846451045984,0.5691797532888958
s013,s026,7,0.0954279949279057,0.015544238590977625,0.6282221840962624
s013,s027,7,0.12886099541294638,0.09902405004975455,0.7154275946371467
s013,s028,7,0.1646329675124451,0.08625826892860686,0.7871861977432097
s013,s029,7,0.08241296674287134,0.009583055015570186,0.7435582346822244
s013,s030,7,0.04070518678740494,0.008446186646924703,0.6529051480001831
s013,s031,7,0.0438908684521622,0.0028623792474428865,0.7134884156302673
s013,s032,7,0.13293354358287407,0.14644698226251637,0.7832076236125454
s013,s033,7,0.048307915618425235,0.000876825310578185,0.5593926466653732
s013,s034,7,0.2024039967687496,0.009597624403691812,0.6236581739266853
s013,s035,7,0.05170280963108557,0.01037792180056989,0.6662550859041936
s013,s036,7,0.0851986690160831,0.04764363872684681,0.46202890060847257
s013,s037,7,0.11909937342754953,0.020398033551221443,0.7455231945110364
s013,s038,7,0.07716615697496008,0.001053012656386049,0.5746853404043223
s013,s039,7,0.07773531448910549,0.0012650881213943398,0.6106934768445093
s013,s040,7,0.04914288684917684,0.008851294981786625,0.5619707479625048
s013,s041,7,0.1025269962184646,0.010296331151942447,0.6974197098107159
s013,s042,7,0.0776334316633145,0.11074987958635885,0.750289913974575
s013,s043,7,0.0835415545996732,0.016425986451460383,0.6207104520302611
s013,s044,7,0.03905756250031973,0.007421229541615694,0.736636681571464
s013,s046,7,0.05752325888049829,0.03679473050977392,0.7557094572732874
s013,s047,7,0.047300724004377986,0.07142804616099252,0.5981808051464746
s013,s048,7,0.07730180637703556,0.0016819075732782448,0.591822746535347
s013,s049,7,0.037446599765619135,0.18290501124487557,0.6630640778026012
s013,s050,7,0.1192223555213509,0.0008007110793292896,0.6846746881505922
s013,s051,7,0.08723413344367222,0.028121710996839775,0.6008584003038343
s013,s052,7,0.06695392151002297,0.042509029933528585,0.46820322540989595
s013,s053,7,0.09738224780239935,0.026611898300705636,0.7128931998310926
s013,s054,7,0.15916041368760583,0.013098553243592222,0.6508147902986222
s013,s055,7,0.18769956697950296,0.06221497476416977,0.621633300646979
s013,s056,7,0.14053852387015958,0.038687557037919505,0.6114181518536935
s013,s057,7,0.12915393256726898,0.08269609222515122,0.8063650319508232
s013,s002,8,0.07195232776011354,3.29843194544848e-05,0.6930240062394174
s013,s003,8,0.18667002982454958,0.044540874459358,0.6296223509259818
s013,s004,8,0.4112301289898385,0.3290859442525537,0.7899459114896444
s013,s005,8,0.05048798121313159,0.06348941746532426,0.595080050979606
s013,s007,8,0.09555898796700099,0.0573337915133692,0.5909387868768252
s013,s008,8,0.5887698710101615,0.1859580668249718,0.6556541539160401
s013,s010,8,0.18544490586513182,0.11702172963896555,0.664158221588682
s013,s011,8,0.09530879741224985,0.0030007019768561864,0.5908124136230228
s013,s012,8,0.07170670953975179,0.005136728716450618,0.6464086142547266
s013,s015,8,0.14534191818736653,0.007129316350829427,0.6759337710804929
s013,s016,8,0.05088918250830432,0.102582491796601,0.5738007681149621
s013,s017,8,0.11052997113867018,0.0003959158717943569,0.7340699209624023
s013,s018,8,0.04384886619028417,0.0033456955147410875,0.6382884536112581
s013,s019,8,0.08896453640990198,0.04942959514467825,0.6103495958628228
s013,s020,8,0.135908123586176,0.11157926898535603,0.6935187799708068
s013,s021,8,0.1070963105724356,0.0033310464676164515,0.6128543791190869
s013,s022,8,0.03557473250689294,0.13114270623702814,0.5177148617347623
s013,s024,8,0.047322065908218316,0.09370500064966236,0.6403032321195952
s013,s025,8,0.05900629485757747,0.016965871500828702,0.544809177064531
s013,s026,8,0.09776863267984878,0.013313903050531936,0.5847300833013744
s013,s027,8,0.16659512145791036,0.030412001668463893,0.7272845139617325
s013,s028,8,0.19511152683753066,0.13645704119908278,0.7757126335011053
s013,s029,8,0.16048056604823052,0.014162854027310257,0.709889169737281
s013,s030,8,0.04077493340037061,0.0011583004756787678,0.5889782802063795
s013,s031,8,0.10438075267783872,0.013009297304984012,0.6403729741016126
s013,s032,8,0.14284801019931426,0.10070061032249937,0.7612265017768792
s013,s033,8,0.04978998101046463,0.008375475193662267,0.6113896295108633
s013,s034,8,0.1389179745067969,0.028898299688309422,0.5520863115538117
s013,s035,8,0.07476775113556157,0.031383604630340754,0.6062835233186943
s013,s036,8,0.05166410773665953,0.020877640494219564,0.4438796984028503
s013,s037,8,0.13189796464337727,0.006099183599259789,0.6183496298476572
s013,s038,8,0.0969453988110708,0.0016048765951577704,0.47991605736298315
s013,s039,8,0.16067205288672867,0.045930461075886685,0.5999291493904554
s013,s040,8,0.042722098892607266,0.012732199022352871,0.5221471093070554
s013,s041,8,0.10352984517895879,0.011227175707761338,0.6358220948843765
s013,s042,8,0.08901941070077383,0.11460637002144931,0.7344905962140345
s013,s043,8,0.07307500941713423,0.05119901575408138,0.43208626260845884
s013,s044,8,0.0652032729382413,0.005467773462182129,0.6162972958067027
s013,s046,8,0.06631810557100855,0.03158701424833363,0.6690453698230635
s013,s047,8,0.04704187604811215,0.0048636790435504325,0.7315077163553335
s013,s048,8,0.14917459992693652,0.0010595031988815712,0.6051019852496803
s013,s049,8,0.03153435475566811,0.02394281584553961,0.4997294180374939
s013,s050,8,0.08434683731047861,0.01663544028317005,0.6534375985894499
s013,s051,8,0.07336276396939052,0.0048233327055741005,0.6402813835266221
s013,s052,8,0.09375968786825352,0.0052959989905199106,0.4075515458565748
s013,s053,8,0.1643093358304098,0.002659426583816614,0.6782237053616246
s013,s054,8,0.33740657574554567,0.004473992959672307,0.6716677844440061
s013,s055,8,0.23589598362282477,0.08840846472993391,0.6530079710139883
s013,s056,8,0.19188201725387827,0.04542508815243145,0.6131650249078024
s013,s057,8,0.10492725871408261,0.02384568972698015,0.706067340401438
s015,s002,5,0.03199445862231347,0.0038889082037817063,0.7198960134001241
s015,s003,5,0.04032824822602669,0.06042576952830723,0.666529405240606
s015,s004,5,0.033890638023713934,0.06505134830980792,0.6850972847123677
s015,s005,5,0.015825891260592785,0.12268157767556269,0.7396484821238459
s015,s007,5,0.04316971348690443,0.11555981703907972,0.5971267505726006
s015,s008,5,0.03917244121111629,0.17686206898644272,0.7189159340110741
s015,s010,5,0.06310793865187764,0.03566926280810414,0.7844691486286166
s015,s011,5,0.08132565396971024,0.02952968026353693,0.6515780637590437
s015,s012,5,0.03435766680985719,5.284314085040495e-05,0.6253920285823852
s015,s013,5,0.12407393372786386,0.22363745367330026,0.7936056867854622
s015,s016,5,0.01908714025450874,0.09652944208565263,0.6567843790193609
s015,s017,5,0.04402812264995614,0.025701152655879175,0.7716456170502565
s015,s018,5,0.04037692891688304,0.06206752332354845,0.7176151187359202
s015,s019,5,0.025352748419957803,0.1302199286344264,0.6383950111400403
s015,s020,5,0.05323125701675922,0.01714273310304663,0.6669292624832251
s015,s021,5,0.0632803399595599,0.000901555225645162,0.7944734896521207
s015,s022,5,0.032460137190094794,0.018991559571488088,0.6084945103094497
s015,s024,5,0.03298851920888482,0.005033286181335349,0.7148460442928242
s015,s025,5,0.02696964399761532,0.0059113699044962015,0.6654971942033479
s015,s026,5,0.018147005881507566,7.16988322478204e-05,0.7487408620991993
s015,s027,5,0.034454771473782904,0.00011458313160659963,0.6708449355933305
s015,s028,5,0.04258541279821426,0.12215392459769162,0.703539911154307
s015,s029,5,0.0808118527028951,0.026069070190655703,0.8040343770563417
s015,s030,5,0.01839790571065292,0.003127344584339678,0.6882625104450104
s015,s031,5,0.06434040171486985,0.049550259104945586,0.6583978091755135
s015,s032,5,0.07554768545245358,0.1963499829036553,0.8223852659347097
s015,s033,5,0.02872041711107749,0.12363580121668301,0.6867228313990824
s015,s034,5,0.03530018545746549,0.015828589600486925,0.5990524274612998
s015,s035,5,0.08042281038197212,0.032800657598529515,0.6241886497466642
s015,s036,5,0.03220413480337354,0.04459871171823121,0.47934068420335196
s015,s037,5,0.03024080999417962,0.0440725229515454,0.6312704947596633
s015,s038,5,0.08915206100762875,0.0015576880483510022,0.606168913324106
s015,s039,5,0.02543859732028291,0.054192943990692785,0.5960335184689961
s015,s040,5,0.041550048160381804,0.0016787290825218475,0.5099357540391888
s015,s041,5,0.04582263834646864,0.076600131081938,0.7944048446864298
s015,s042,5,0.033865028731543255,0.008726230639512896,0.6470724758590402
s015,s043,5,0.023158123572359662,0.042993093759816296,0.5757890272281144
s015,s044,5,0.03966002860358526,0.020328940877762238,0.7271258690686535
s015,s046,5,0.019647462544956213,0.10482360809942377,0.7583226294405737
s015,s047,5,0.0317786430608134,0.02463313161207031,0.5774463968323846
s015,s048,5,0.06740730445546272,0.07430292530696724,0.5937211825786293
s015,s049,5,0.03005546896538411,0.12447637009681327,0.7820555842789758
s015,s050,5,0.047080186919691513,0.013897482966584754,0.695680952579434
s015,s051,5,0.06580670174002083,0.11304573474909939,0.7248203882408791
s015,s052,5,0.05315106921364077,3.9713947587199256e-05,0.47329227309581406
s015,s053,5,0.05976695964315717,0.04839650387986138,0.7313618419053076
s015,s054,5,0.036023421256301195,0.015604117626155857,0.7329025178283081
s015,s055,5,0.09901934731879777,0.07360706743862314,0.6553517581021469
s015,s056,5,0.07595770786484991,0.01855547817868099,0.603983213091325
s015,s057,5,0.05367796999777149,0.04811274527037681,0.8058485119564606
s015,s002,6,0.032931523670663564,0.003005050366900095,0.7097516014970459
s015,s003,6,0.03687467397488539,0.06700288881502736,0.6465431855710373
s015,s004,6,0.08391465090737674,0.08093222315212767,0.6374413425570263
s015,s005,6,0.020521720633090358,0.06548216297762303,0.7126841408590507
s015,s007,6,0.0580985508996884,0.0464474033486878,0.6220782933199486
s015,s008,6,0.031541486832912115,0.08225977900045474,0.6911916363537618
s015,s010,6,0.10054231453826087,0.00011381703979230137,0.769992130463843
s015,s011,6,0.0788312683991886,0.07469011495417666,0.6936987467642314
s015,s012,6,0.07840619160209357,0.012858899257517114,0.7127039704710904
s015,s013,6,0.1653366288913533,0.18865757342553974,0.7710914249083874
s015,s016,6,0.01616473612701702,0.11381502892620286,0.6657047265612361
s015,s017,6,0.06571594129957983,0.0023239296128571446,0.7898391889159375
s015,s018,6,0.0970775207780117,0.09317509104821255,0.7633405257653006
s015,s019,6,0.02610698319721504,0.029707173402305175,0.6809728619528121
s015,s020,6,0.07652675311186703,0.01896027905806502,0.7104588879496427
s015,s021,6,0.04816778353087485,0.038945638610109905,0.8140396246025865
s015,s022,6,0.02367521706708793,0.10740642086444084,0.6435524471207069
s015,s024,6,0.04722694256557782,0.00013107504792920637,0.6861717154015226
s015,s025,6,0.03456685950276224,0.022162634744870933,0.6604481140128255
s015,s026,6,0.0372562057149092,0.010576520765406437,0.6277557797948187
s015,s027,6,0.06394252551924344,0.03133269475842778,0.5650844522152353
s015,s028,6,0.03640470627532008,0.004116896783859945,0.7464087891752528
s015,s029,6,0.08299587104497858,0.013659753903162953,0.7793695139183325
s015,s030,6,0.027432939457635745,0.009888050241847532,0.5834143507680546
s015,s031,6,0.04050158598989003,0.05192494116289122,0.6129957413612364
s015,s032,6,0.2414889961507529,0.16419668350915773,0.8203179854151611
s015,s033,6,0.041751551831143756,0.025625880899287683,0.6851994477326973
s015,s034,6,0.07133499163597525,0.025679739052723076,0.5801636017508807
s015,s035,6,0.05773384271149287,0.0017195090823392256,0.6383152418409634
s015,s036,6,0.03177674305741426,0.09608745475740285,0.584170519819829
s015,s037,6,0.03631538955017343,1.5371956681075053e-05,0.6109793221003256
s015,s038,6,0.09558367307200519,0.030391422350502444,0.6214790614648362
s015,s039,6,0.02268361872633654,0.13810811412115404,0.6253446522890375
s015,s040,6,0.036565561723871834,0.07584496452868685,0.5302294369514277
s015,s041,6,0.032153861683945725,0.005983162043389451,0.7805679142063392
s015,s042,6,0.03773944158938712,0.0024331890341169615,0.6161069326909587
s015,s043,6,0.03576330727684377,0.024313499358312056,0.6564717184395253
s015,s044,6,0.03305097016367866,0.027831683808526506,0.7249980738271877
s015,s046,6,0.03101506378230432,0.07249748225933075,0.6813567449485696
s015,s047,6,0.03274493662688772,0.17149492773975877,0.5969848137909823
s015,s048,6,0.0909741715358872,0.07839210158483671,0.6607198026954344
s015,s049,6,0.03379697166136182,0.23324795244887966,0.737808968634045
s015,s050,6,0.0478035117139466,0.02129283702301371,0.6661235394505662
s015,s051,6,0.0723243014129691,0.11526932667690452,0.6892478581873666
s015,s052,6,0.0677271557574359,0.01406793244587485,0.5570714622383987
s015,s053,6,0.10066486712483565,0.0929726084230861,0.771026887021545
s015,s054,6,0.0967082724533059,0.024816811115935648,0.7668366995069545
s015,s055,6,0.0974431612363044,0.05658824919090829,0.7184578053719624
s015,s056,6,0.08035195300074839,0.02873808900870716,0.6649526581965173
s015,s057,6,0.0662310590416701,0.0898024818797457,0.7154701070038701
s015,s002,7,0.07283172277075461,0.03771680895182571,0.7482451782367434
s015,s003,7,0.07760294081226525,0.12747476502530783,0.6455894020233162
s015,s004,7,0.08889460530183332,0.0014005002595262831,0.5909919553977258
s015,s005,7,0.04181274278202244,0.038384445370925516,0.6285302604320837
s015,s007,7,0.04878789266156002,0.013308300531952205,0.5658573251826182
s015,s008,7,0.07277487736329347,0.12440178729317708,0.6306005991214066
s015,s010,7,0.1243255668353516,0.0032039076255749544,0.7876687133415085
s015,s011,7,0.11350414179090151,0.07728391139665752,0.6883361270363789
s015,s012,7,0.06706592262109709,0.00989913306806687,0.708967962477525
s015,s013,7,0.4012887626751013,0.34577168795709234,0.814767051109213
s015,s016,7,0.027310333865998425,0.28149918873037916,0.6739930696691324
s015,s017,7,0.08388078578573491,0.0065743594839373105,0.7712366529902387
s015,s018,7,0.08855224076027673,0.018116746369398144,0.6943505242703523
s015,s019,7,0.05322752605122077,0.013479907875882323,0.5740191793075907
s015,s020,7,0.06577562877694666,0.0032139479682476136,0.6092394642592122
s015,s021,7,0.0844907082186469,0.008855852724982256,0.8065844499171085
s015,s022,7,0.04860536281184511,0.04930244652018655,0.5995848641264876
s015,s024,7,0.04952130648257522,0.0005225419051795948,0.7223870471354432
s015,s025,7,0.07000039643234979,0.029941542703372435,0.606930800241123
s015,s026,7,0.04386200037298292,0.004055231090220599,0.6406435820697637
s015,s027,7,0.09072627920736445,0.0037570732172806055,0.5338147753336856
s015,s028,7,0.0842420460511395,0.002241539476423206,0.7986075953809705
s015,s029,7,0.23406741349767216,1.0738518696435187e-06,0.7850686179351319
s015,s030,7,0.030556485159309196,0.0036413004421622405,0.6345014779876611
s015,s031,7,0.05606939500820666,0.06277955241631125,0.6032620362890222
s015,s032,7,0.19193623704402743,0.10284339046102928,0.8017973748372731
s015,s033,7,0.039459876958092624,0.010548021262043948,0.7642197221569367
s015,s034,7,0.08441281894577123,0.013742272546117354,0.5845716664298981
s015,s035,7,0.10801169800756068,0.004689373168455515,0.6715178398176814
s015,s036,7,0.04692842310921776,0.08948101588240258,0.5451682344620962
s015,s037,7,0.0840926177980135,0.00459579130796304,0.6308464121943347
s015,s038,7,0.15921571515026087,0.08315793024107689,0.6660781526906665
s015,s039,7,0.0426619198850864,0.15960940631098364,0.7184935487015375
s015,s040,7,0.08243834151844083,0.14601749097651542,0.6476151758258585
s015,s041,7,0.13172195205827372,0.004704022431827038,0.8331001701104377
s015,s042,7,0.04826636436230419,0.007084395118034395,0.5656700733754713
s015,s043,7,0.047035518532813236,0.002239434877751568,0.6347496252834438
s015,s044,7,0.11445717538606871,0.001809758889216424,0.7120581952213432
s015,s046,7,0.03144033107901157,0.2546816036894475,0.7005461165025972
s015,s047,7,0.06953884786861708,0.09472245732426869,0.6041158360343599
s015,s048,7,0.10782258803140206,0.06494081569869709,0.6034779859466851
s015,s049,7,0.041562135158970975,0.20594279386459943,0.7300423930260902
s015,s050,7,0.04639691285159082,0.09459431976901664,0.7037521017854904
s015,s051,7,0.08532027629014953,0.038082742638890235,0.658915815347776
s015,s052,7,0.1538756286051304,0.051115084897756576,0.6607758256388837
s015,s053,7,0.2557567106004594,0.3542488257412198,0.852639218939199
s015,s054,7,0.04211942132834171,0.05154036111632402,0.7512952524772277
s015,s055,7,0.16239843416597177,0.07338262386661712,0.7005010604219752
s015,s056,7,0.18324427889953382,0.03703702937545474,0.7103888716686673
s015,s057,7,0.1451089412408415,0.08387496073309589,0.7583402522329269
s015,s002,8,0.023539751044831723,0.003362054015032564,0.7132458143536208
s015,s003,8,0.08204192448147785,0.07016173440052431,0.69076770009844
s015,s004,8,0.036673560816822375,0.034740171335292586,0.6141447591327981
s015,s005,8,0.03334321784606942,0.05949225908719547,0.7202963078419419
s015,s007,8,0.08535930487439658,0.03200434587581081,0.6448728924269722
s015,s008,8,0.07480853605879809,0.046175668003382214,0.6964686552113116
s015,s010,8,0.14653587885409333,6.735812689678159e-05,0.7522142188350087
s015,s011,8,0.1264957453291883,0.047431057203182525,0.6763540013796225
s015,s012,8,0.07136343832419888,0.013956273997376043,0.7193474382444026
s015,s013,8,0.23098602392554385,0.20682965548804766,0.766775358336021
s015,s016,8,0.01947282977786407,0.057397020026402124,0.6836000880276241
s015,s017,8,0.11152055956343872,0.0063168461094262095,0.7918549720489089
s015,s018,8,0.07848999405136338,0.05493983820442781,0.7428844523224889
s015,s019,8,0.04536686946825174,0.061598783779312015,0.7288974192891466
s015,s020,8,0.08288132636118654,0.022183922635053345,0.7416035002187916
s015,s021,8,0.06536829859265535,0.07332913264589443,0.7917110140312164
s015,s022,8,0.037536509103438295,0.08187507881420161,0.6086126329533533
s015,s024,8,0.040650628511519044,0.004702009448142819,0.6980553895906518
s015,s025,8,0.051522331874722806,0.028765018979715142,0.6490959823719618
s015,s026,8,0.04802208069725738,0.019915658993237703,0.6014872685995802
s015,s027,8,0.07080319992300262,0.044389962396376444,0.5352669815123918
s015,s028,8,0.043996646818337384,0.0018745764173266307,0.7477979708244014
s015,s029,8,0.22962166208352539,0.016408604027394497,0.7592939214551586
s015,s030,8,0.021574011792687656,0.0076755520026721,0.5740418704711816
s015,s031,8,0.04078309772799456,0.07084638189602828,0.627672565788192
s015,s032,8,0.1583781643803503,0.14795893046804215,0.8052819865712643
s015,s033,8,0.04724239293126622,0.022415631990475856,0.6288726782295687
s015,s034,8,0.08192050988237694,0.013862967314016738,0.551879180296871
s015,s035,8,0.09977729585080099,0.004306043932858601,0.62405418094155
s015,s036,8,0.033965099106005155,0.10969236147854083,0.566083598384908
s015,s037,8,0.04875733245986159,0.002612213104993968,0.6765842950977662
s015,s038,8,0.0881665231711563,0.010201972709671466,0.6300459739022163
s015,s039,8,0.0327470153826773,0.07270474008752782,0.6257069068899113
s015,s040,8,0.05935033793839717,0.06669595763488285,0.5151925057249759
s015,s041,8,0.0569856860427172,0.0012029015324264767,0.7067343416059959
s015,s042,8,0.0445108850837352,0.027454713973522695,0.6465231325939823
s015,s043,8,0.0674378459427375,0.03024644282013544,0.6288683423587056
s015,s044,8,0.041613996575954076,0.022750926819871124,0.7276335100463147
s015,s046,8,0.043932478033992355,0.06855434093404489,0.6896632111746933
s015,s047,8,0.03630859025000357,0.13579278365956035,0.5867816456176885
s015,s048,8,0.14850272848836668,0.10609925162290672,0.6952459883969232
s015,s049,8,0.03796804990624028,0.22274354065936236,0.7053616542129433
s015,s050,8,0.06484860843021573,0.01177109167183997,0.6572220672401141
s015,s051,8,0.08220741620555197,0.14313736978628092,0.7054319044580267
s015,s052,8,0.10272113276056592,0.015291164330387736,0.5135706068012301
s015,s053,8,0.16345394426602813,0.07489259399252918,0.7551256150481435
s015,s054,8,0.07153882762845065,0.011830542327731904,0.770348126592598
s015,s055,8,0.186302064657929,0.058771415520854076,0.750854825602797
s015,s056,8,0.12410725926601199,0.05992032430698734,0.64851859782903
s015,s057,8,0.14094941235075398,0.09766321394687068,0.711359165855318
s016,s002,5,0.08158541351086875,7.4574506590082e-06,0.6971047844334733
s016,s003,5,0.034190405826321484,0.20123301001556185,0.6652286923471065
s016,s004,5,0.06514850637990971,0.00640602722747826,0.4608285363269701
s016,s005,5,0.11018653374070145,0.0003402953766382881,0.7636699277481966
s016,s007,5,0.061594365950137474,0.005106345204626671,0.6212087554972525
s016,s008,5,0.04024201382414605,0.1194513849171836,0.5194376217831287
s016,s010,5,0.06130283576354859,0.01618782142640718,0.7344267783278892
s016,s011,5,0.04690371121982129,0.06150180965004513,0.6276444247500389
s016,s012,5,0.03918796766337788,0.1014871956003544,0.6533542405266055
s016,s013,5,0.030835299291090617,0.1166123791991673,0.7195291670495141
s016,s015,5,0.060971628050113066,0.00899308399528489,0.6996343427939117
s016,s017,5,0.03388763973826292,0.016465597442020346,0.7221695134682025
s016,s018,5,0.05418412595118714,0.04424981304047657,0.6105134018895865
s016,s019,5,0.18616743608203895,0.010804154558272546,0.7481744692899757
s016,s020,5,0.06893428769723536,0.0016893415936340462,0.6956421310614005
s016,s021,5,0.06837497797295074,0.00922639618008389,0.7113159363599424
s016,s022,5,0.13762034323782363,0.14443046668454834,0.5722141206484745
s016,s024,5,0.06133117530324763,0.005449249475195233,0.7163221221360448
s016,s025,5,0.05351132369416723,0.005452647870590503,0.5842969151339024
s016,s026,5,0.07283091311810386,0.032179634489048516,0.617916831851591
s016,s027,5,0.08834217596046624,0.013323433287960906,0.4512760692534385
s016,s028,5,0.027962175261484014,0.0015197859623577517,0.6942685652841679
s016,s029,5,0.03988767053517413,0.004278299070686042,0.7368236825446453
s016,s030,5,0.09657249958731849,0.046106002962723096,0.6197410065464499
s016,s031,5,0.04201571599916601,0.004541832770086537,0.46203191252608444
s016,s032,5,0.04868507262852337,0.15746266212274002,0.7607320707574167
s016,s033,5,0.18566267496047398,0.0014218798682213844,0.7547478143573298
s016,s034,5,0.043474588891169424,0.05804425273717593,0.6156262216260092
s016,s035,5,0.04089947504491045,0.038408559405478916,0.5338601703032819
s016,s036,5,0.10358796863433792,0.07017115738413202,0.5304480643972268
s016,s037,5,0.042813047384949766,0.00024122593357561126,0.5406708847189913
s016,s038,5,0.05682471208637711,0.11380376862797642,0.7507109861743759
s016,s039,5,0.07341551849160982,0.1397163139283909,0.6543185731199661
s016,s040,5,0.07920160940936073,0.09414285521402382,0.6349528447704162
s016,s041,5,0.06934542821123162,0.009665445480894904,0.7296600518842037
s016,s042,5,0.11069382923041701,0.0006559977786554943,0.4852971859737254
s016,s043,5,0.07176118257957692,0.0001787822436971653,0.6596547291090609
s016,s044,5,0.038620580757493514,0.01631678952678938,0.6949698738629856
s016,s046,5,0.15012539085577864,0.21749521746388414,0.6983376676153913
s016,s047,5,0.08272473268679831,0.0008652155039844947,0.5204590228539355
s016,s048,5,0.03159529749052275,9.486486619515741e-05,0.649226127493546
s016,s049,5,0.12820400003033572,0.05087055484734117,0.8420205696135478
s016,s050,5,0.08738409359857152,0.11002964302823359,0.6091122821118136
s016,s051,5,0.03756730374536119,0.0005708416590397056,0.7253337898058215
s016,s052,5,0.07850201413104249,0.008491268087069362,0.730287335431564
s016,s053,5,0.05553849506140849,0.20127736763177292,0.7606356241911594
s016,s054,5,0.07989952301342525,0.01581315987523891,0.7343698212716687
s016,s055,5,0.0349800339957883,0.18636835992124234,0.8051356151884775
s016,s056,5,0.06596281716720236,0.014721816330116246,0.6606737977918672
s016,s057,5,0.04161113127740672,0.06102119872096426,0.6850151410408784
s016,s002,6,0.16560843294214328,0.027946596521252497,0.7511542089989282
s016,s003,6,0.11118854344961124,0.08921360806963011,0.6087112668945387
s016,s004,6,0.12489059410595668,0.012718205885435907,0.5127896215466575
s016,s005,6,0.1825038388370571,0.0021129732751192687,0.6883103939965255
s016,s007,6,0.10536434040254504,0.004380817235784703,0.5362315761684867
s016,s008,6,0.10258331648088932,0.1013328340290199,0.4923322757440878
s016,s010,6,0.09005988745911042,0.018710108906439493,0.7591174827155441
s016,s011,6,0.05677737225692672,0.05427765019172207,0.6387678452513145
s016,s012,6,0.23939197189980455,0.04855844532823409,0.6389367655866985
s016,s013,6,0.07715535886429907,0.11721793681456784,0.7797680689404556
s016,s015,6,0.04409314494216119,0.043262392397152155,0.6598706772290744
s016,s017,6,0.07608436309780751,0.0060479445503781775,0.7243006110323902
s016,s018,6,0.07976989961616573,0.05535548364713416,0.592600881994817
s016,s019,6,0.2199788481414488,0.020142377791021567,0.6272955800182547
s016,s020,6,0.13644829094936323,0.0002810498244928148,0.6007461974644571
s016,s021,6,0.1426771014532705,0.04934836811553032,0.6822121023289986
s016,s022,6,0.15256721936852258,0.08370515941534235,0.5241788157207438
s016,s024,6,0.055733634141896,0.0004861747072095771,0.6332999862420066
s016,s025,6,0.08819594817261917,0.016313907140008136,0.5258404803788069
s016,s026,6,0.14329815756670916,0.0016204266332723947,0.6053443334548161
s016,s027,6,0.14159276842613633,0.0010387793965110248,0.49636125897805816
s016,s028,6,0.07076477708883047,0.0016717407054524548,0.7474878590212517
s016,s029,6,0.07934582574960938,0.002788769835506076,0.7470725418316227
s016,s030,6,0.21238490237124558,0.022567189069540278,0.679410919936206
s016,s031,6,0.10179578227933216,0.00482762104538443,0.46869727263722716
s016,s032,6,0.0696145798989155,0.24687345561506258,0.7958485652681667
s016,s033,6,0.2982812079302922,0.0009698127670473831,0.8154446896963596
s016,s034,6,0.06821721412610353,0.011903291199721161,0.5777136461988628
s016,s035,6,0.07250530412408755,0.004730509974632417,0.47882633335975033
s016,s036,6,0.21155292607380127,0.03962902873031016,0.4629712357996491
s016,s037,6,0.21534830974361588,0.016576277830947603,0.5144009767763714
s016,s038,6,0.08949244110591083,0.08212599889921052,0.7322733215935366
s016,s039,6,0.23246260673318456,0.1280936635494885,0.651833992445703
s016,s040,6,0.12809946241611536,0.12059843054508229,0.6736987643104627
s016,s041,6,0.18773215432207635,0.07823239863344288,0.798304632446385
s016,s042,6,0.15225423676153166,0.00024460923933290605,0.5290595141636033
s016,s043,6,0.14631959650061718,0.005856695587687709,0.5150572939427145
s016,s044,6,0.11571834109260608,0.0014970217538317564,0.6211235073574614
s016,s046,6,0.41580548784520266,0.31509779503004837,0.676005190287821
s016,s047,6,0.13733816930262913,0.009587584932093614,0.5596987318070243
s016,s048,6,0.051611124535270225,0.0008904706821511759,0.49169083746184233
s016,s049,6,0.2331369773392786,0.10861608840753806,0.764354810118108
s016,s050,6,0.14571578097781904,0.0938709823338616,0.635794858287883
s016,s051,6,0.08932044679991898,0.00450019196578036,0.7123391862159872
s016,s052,6,0.13639260057644453,0.08348579737571991,0.7032073208468108
s016,s053,6,0.07141337732146022,0.21042831507104717,0.8115557421235972
s016,s054,6,0.18159095179714604,0.05275619681371692,0.7115354983041662
s016,s055,6,0.07810412154868436,0.14525766732291498,0.7107443209361333
s016,s056,6,0.09670707056877408,0.004700961074704569,0.6911614209136911
s016,s057,6,0.09832699129141978,0.08079691428057167,0.7304091681073687
s016,s002,7,0.22675549847470947,0.01978627861227759,0.6921174984695582
s016,s003,7,0.26397888233816846,0.015245201386623912,0.5674641570279079
s016,s004,7,0.3182510441255827,0.0041466391627664615,0.4905019607856805
s016,s005,7,0.26956364838196206,0.05487970867840524,0.8621275515636128
s016,s007,7,0.3051042279038504,0.032407678340524014,0.6830411217330072
s016,s008,7,0.29826084234313366,0.0049684836118814085,0.6447784672349359
s016,s010,7,0.29488069602172656,0.00594022219347235,0.724609879998792
s016,s011,7,0.3679773393458266,0.001860804058738525,0.5192591601767
s016,s012,7,0.209652212033814,0.0230802694473747,0.5286137897169084
s016,s013,7,0.23183087356190685,0.0006901098483119034,0.6424676420665824
s016,s015,7,0.16542488806023808,0.0005670934211567457,0.6691880272746658
s016,s017,7,0.22808216167891165,0.05790589789233639,0.7747370455311029
s016,s018,7,0.1992668708768804,0.02147591510545579,0.5498339256635562
s016,s019,7,0.34609122763748196,0.06465198752780654,0.8032849165620733
s016,s020,7,0.3547459193008424,0.04080443897164895,0.6196472381994274
s016,s021,7,0.18313907972686141,0.1377858658620692,0.7002536008133264
s016,s022,7,0.46367868900116604,9.05638766605863e-06,0.4061997037119247
s016,s024,7,0.32414392297511624,0.00104343869680933,0.6491345590371581
s016,s025,7,0.2758518143944691,0.11280483390278072,0.7544337816046512
s016,s026,7,0.5045113082310164,0.06057524867714428,0.7040420687094364
s016,s027,7,0.326789845876194,0.0005003138228082206,0.588655626718886
s016,s028,7,0.19669544604729228,0.011973114952189138,0.5943096655902177
s016,s029,7,0.31644259903621763,5.948914191734208e-08,0.7646444158291857
s016,s030,7,0.29491288604320304,0.00032289073840584563,0.6219603497821932
s016,s031,7,0.20713973338607822,0.038508358664538486,0.6611219475165966
s016,s032,7,0.2613064483222944,0.10677509363218761,0.6696475728857599
s016,s033,7,0.25235944736418386,8.016134615677193e-06,0.7249021360839565
s016,s034,7,0.2594881331744835,0.0015384778209977174,0.6038373891791606
s016,s035,7,0.21557340749705864,0.05083085107605247,0.6509768549467806
s016,s036,7,0.3330484739737997,0.042560540302910205,0.35827511440897886
s016,s037,7,0.2197498192776206,0.00175194758091588,0.58889360123264
s016,s038,7,0.21444555657595846,0.08449766953486576,0.6715628468973691
s016,s039,7,0.31136459071044387,0.13600714552960763,0.6260126273916947
s016,s040,7,0.2592518530056487,0.023387110686252408,0.5299616664695311
s016,s041,7,0.4439575874446244,0.1472124049424097,0.6738225573031187
s016,s042,7,0.27114079585087186,0.003555596952154161,0.5122399321512799
s016,s043,7,0.3180527946687632,0.04642351236376354,0.4287893574272073
s016,s044,7,0.22669748723776378,0.0038626678230442553,0.6610754394112509
s016,s046,7,0.3920623855904515,0.1546505277682978,0.8076969026203394
s016,s047,7,0.2753694987063151,0.09723673945732264,0.6773618465655766
s016,s048,7,0.2858248122394943,0.21820265440914213,0.703877695177495
s016,s049,7,0.2844307901505916,0.013126229395227212,0.7049613391844604
s016,s050,7,0.35579780535676103,0.0937544236101826,0.6201980312863177
s016,s051,7,0.19277959585313242,0.003152817350867749,0.7426473365126224
s016,s052,7,0.24457135425613766,0.004750273918764487,0.5801370194415297
s016,s053,7,0.17702214570211483,0.11263249489007489,0.6476923727468997
s016,s054,7,0.494437115685034,0.013815458281901895,0.7654008472379494
s016,s055,7,0.3128646568226729,3.140829499934122e-05,0.7099219763674489
s016,s056,7,0.3960286963908345,0.0004400820857833689,0.5170942996753956
s016,s057,7,0.2007191288431418,0.02119082222038168,0.5449340692577904
s016,s002,8,0.3927642944500733,0.26298488400731673,0.818246181710775
s016,s003,8,0.1987086111287764,0.0073324531348520775,0.5715833427329006
s016,s004,8,0.2479948377623985,0.02703201705469543,0.6582741059981497
s016,s005,8,0.34662598060577016,0.011961986230230266,0.690833138523744
s016,s007,8,0.22397312822365362,0.02515323816740526,0.6355489410872804
s016,s008,8,0.19437591627432732,3.060056843226229e-05,0.5776410113904388
s016,s010,8,0.19338132151340037,6.128179098229919e-06,0.7525757561484332
s016,s011,8,0.16076108589242988,0.028292781969636943,0.5465863617353732
s016,s012,8,0.19963586598806413,0.04623434064446549,0.6347303299885387
s016,s013,8,0.16130755997684385,0.010830621543639962,0.6727859818945503
s016,s015,8,0.1532330890528746,0.022707977558490924,0.5955287604996667
s016,s017,8,0.16073389143560277,0.010680173451423632,0.768871802814741
s016,s018,8,0.21538566629102568,0.04712350264502153,0.5649263401248599
s016,s019,8,0.3236245532719031,2.6161906744291923e-07,0.6706711375323829
s016,s020,8,0.24866977525280284,0.008695691129819761,0.6258000039610203
s016,s021,8,0.1704899939148305,0.1207816442674716,0.687384461364631
s016,s022,8,0.40514854261017913,0.02367899752723111,0.523479344918093
s016,s024,8,0.1670212736692893,0.0038128405145282066,0.723504135560068
s016,s025,8,0.14874942244417333,0.008631562323604501,0.6081665100103985
s016,s026,8,0.28126311952008287,0.002122313983766361,0.73650752595155
s016,s027,8,0.21968408023318653,0.058631809872117274,0.6010503859965756
s016,s028,8,0.115001832230141,0.005545150645785096,0.6816738532656014
s016,s029,8,0.19467138636706136,0.004146012370988633,0.695089207702296
s016,s030,8,0.21627297873506304,0.011903062786793463,0.647659734293469
s016,s031,8,0.3039778327874873,0.003813105435047317,0.5915618657182017
s016,s032,8,0.1493921176788476,0.16896560179337217,0.7861581699250558
s016,s033,8,0.24880114578351786,0.008997527250990957,0.7444026647478695
s016,s034,8,0.19688337242824236,0.004172651205097405,0.6168532551039679
s016,s035,8,0.21870819658053434,0.001981380712275901,0.6260590935641054
s016,s036,8,0.26008409571229507,0.00028776832068261245,0.393307277703436
s016,s037,8,0.3842154040471512,0.010734613893744211,0.5565013490273693
s016,s038,8,0.2274842032045338,0.0020508028917233523,0.6446239623541027
s016,s039,8,0.22333383931609788,0.12867160224054056,0.6542053946244963
s016,s040,8,0.19377173910528242,0.158055419480018,0.6847066868146895
s016,s041,8,0.4571280193578651,0.05532970315588246,0.6790946708583263
s016,s042,8,0.25823018404036613,0.0009047700573306831,0.6049825909991574
s016,s043,8,0.2604254964007571,0.010050685830605687,0.4727746947080068
s016,s044,8,0.2730536858210688,0.009207474921243495,0.6708037431113939
s016,s046,8,0.47283632300577494,0.04955544090904117,0.757645646290499
s016,s047,8,0.1819838007389215,0.03366809179660169,0.6930042794191941
s016,s048,8,0.1844397702487438,0.04659855583936762,0.6371748442562606
s016,s049,8,0.236419815395979,0.08488100329177788,0.621879339692112
s016,s050,8,0.4111465937723578,0.10692477271769388,0.6844348843300829
s016,s051,8,0.20098211043209013,0.012341250059728266,0.7135412052968323
s016,s052,8,0.2290915163744332,0.04909513307187915,0.5832954464876705
s016,s053,8,0.14823864380479265,0.2512656336802218,0.6970239471463787
s016,s054,8,0.4339826781609359,0.004092166837338826,0.6960464572780841
s016,s055,8,0.15734119635302551,0.016461589034072018,0.5675043800731626
s016,s056,8,0.23140205331825717,0.00209859132371026,0.6334426530320971
s016,s057,8,0.20512949482845672,0.10061115375317752,0.7218744928505986
s017,s002,5,0.07088893215067277,0.023431462171329704,0.759891181993133
s017,s003,5,0.03349391821354293,0.15940838088528853,0.6196446109164085
s017,s004,5,0.03662738090843226,0.035217230282970316,0.5244083181965088
s017,s005,5,0.03963978269871688,0.02645788518957465,0.6854093744494296
s017,s007,5,0.10529810759169216,0.0034358123581401867,0.6262664824537382
s017,s008,5,0.05266913157160314,0.010150359591894215,0.6547447282870027
s017,s010,5,0.1092006659603696,0.16933179324529332,0.6983469446959123
s017,s011,5,0.0415085393204675,0.14768365564011138,0.6771884493177581
s017,s012,5,0.013422306093801493,0.3460540258582377,0.6470133448533314
s017,s013,5,0.09341991595984817,0.0009423714962840406,0.7232760110282483
s017,s015,5,0.07150361862603885,0.020499590001328706,0.6672656523477193
s017,s016,5,0.06281969294751379,0.001849129844584337,0.6344298135588308
s017,s018,5,0.027631598526178136,0.025204307453224186,0.6346602477289922
s017,s019,5,0.06833489691386051,3.7336650162594437e-06,0.6220909300715272
s017,s020,5,0.0524178632193927,0.05182723846132195,0.6706867307384694
s017,s021,5,0.03714804314373641,0.01938449747066336,0.7089021560459465
s017,s022,5,0.06973716641792246,0.03157937735475813,0.5430328243931148
s017,s024,5,0.13123909553764493,0.32112872347411425,0.7597342049261864
s017,s025,5,0.055142753924372616,0.030106289325506123,0.6086395673114579
s017,s026,5,0.13109728197564624,0.07829333517498446,0.7109320113819697
s017,s027,5,0.04073120486750804,0.016226332972331215,0.49037494578966706
s017,s028,5,0.13328705543794714,0.08724279211175179,0.6967466386270834
s017,s029,5,0.09727125323245124,0.09574283520866568,0.6979099379915165
s017,s030,5,0.044955354103181244,0.0013733089744202478,0.631352454900017
s017,s031,5,0.039117329171790734,0.051157267962989666,0.5769164009783941
s017,s032,5,0.043893151892222114,0.0008123949703184628,0.7507527832101232
s017,s033,5,0.017881444673181535,0.1144314917378174,0.6235092206435955
s017,s034,5,0.04415944518363826,5.4871186997675635e-05,0.5973564393666594
s017,s035,5,0.07567402697602747,5.75263999843605e-06,0.7005424121829508
s017,s036,5,0.0884728364794027,0.03281516429848721,0.456824712393744
s017,s037,5,0.04565574415885513,0.006767847073339187,0.5854509538561793
s017,s038,5,0.034125983576577534,0.0007802809957390403,0.7109831077204891
s017,s039,5,0.05250289740866463,0.011311215864798569,0.6545357753882578
s017,s040,5,0.0203089156816746,0.050552998968262715,0.6894046936402889
s017,s041,5,0.02615782205812283,0.1282728877281607,0.640255399671764
s017,s042,5,0.0494692545236192,0.016118616304012425,0.5486809174184857
s017,s043,5,0.04330416124690815,0.05219575645306932,0.5938363534457592
s017,s044,5,0.06642155015027681,0.027930804639531383,0.6847347489750674
s017,s046,5,0.05338543453723622,0.0006018610568569819,0.6345388707800296
s017,s047,5,0.030764970106342958,1.8818319283439834e-05,0.5413486474844512
s017,s048,5,0.027059564764202675,0.01260389138196332,0.6019010798699606
s017,s049,5,0.02990573651784682,0.019768245679755683,0.6517693237641461
s017,s050,5,0.11413227209274383,0.07883433738620012,0.7420456282344887
s017,s051,5,0.12458622912048566,0.0507387382394738,0.683771104777146
s017,s052,5,0.04823053234172193,0.00829351757895072,0.5903251373841902
s017,s053,5,0.0963575733924552,0.014872983965715583,0.7077821886016915
s017,s054,5,0.045455047851868165,0.011098676312719782,0.7888123936591408
s017,s055,5,0.07685887585013994,0.04525834996701512,0.7060321182369228
s017,s056,5,0.04592833143266951,0.0003841955105961121,0.7470418063907075
s017,s057,5,0.0682688882808965,0.0012370361343878003,0.6294448949829431
s017,s002,6,0.21970905202498803,0.0017652477881826463,0.7472649754940711
s017,s003,6,0.035439537865212485,0.030238569307142544,0.6131058511904998
s017,s004,6,0.05051216867406489,0.01107080962273646,0.47066616813116274
s017,s005,6,0.036716472732498534,0.11976588027936104,0.6546498287875149
s017,s007,6,0.14493469823255506,0.005923874971218445,0.6534983508307317
s017,s008,6,0.03455150930204787,0.002086309269735044,0.6645355977277503
s017,s010,6,0.32174902531569227,0.0745534598539895,0.6163461246535924
s017,s011,6,0.046453316653499714,0.09635416294391004,0.5893133807371786
s017,s012,6,0.018334846959865328,0.17675194763267807,0.5602228115061791
s017,s013,6,0.09452099470595016,0.07343258408375886,0.639178692743341
s017,s015,6,0.07696905318721166,0.03695512984721822,0.5934561180350477
s017,s016,6,0.05765970942703962,0.027701649401506236,0.41244455249093
s017,s018,6,0.03380425087710883,0.020132133187483737,0.5481651057796391
s017,s019,6,0.0618499296964342,0.004670579337066688,0.5029415667548851
s017,s020,6,0.041991824420751105,0.02203670263749053,0.4255681466567406
s017,s021,6,0.05462884162070247,0.012437902604802792,0.7906164751420559
s017,s022,6,0.06045124799687494,0.005142904754857789,0.4307363650795134
s017,s024,6,0.15309109416214517,0.2195110975750919,0.6910110189795229
s017,s025,6,0.08200166180641187,0.0013749699054095249,0.6368301002611463
s017,s026,6,0.10808972905985706,0.14705879707267766,0.740768310014242
s017,s027,6,0.05317333239013026,0.01365628033497632,0.5094735609537775
s017,s028,6,0.19424351916373858,0.07647944154920673,0.5651491639404068
s017,s029,6,0.1108638454558786,0.11374865870264568,0.6366250773458972
s017,s030,6,0.04887336875495209,0.13549479526307462,0.7326936109740008
s017,s031,6,0.09768211222391099,0.015311563964046098,0.6514775376733708
s017,s032,6,0.06509565950217899,0.009614513674326955,0.694456710964054
s017,s033,6,0.023142477143710028,0.08918389788415887,0.4966436265655603
s017,s034,6,0.06160870184316783,0.00029067828434921144,0.468850772711134
s017,s035,6,0.06364678658303052,0.007840550108961036,0.7292942294371364
s017,s036,6,0.07476609896786747,0.0028949101972455724,0.28210564451748965
s017,s037,6,0.06479658978434641,0.02298750547764736,0.6974901318501647
s017,s038,6,0.046205626060866284,0.14355697938195455,0.6958171318831713
s017,s039,6,0.06224417855267907,0.04816468973527217,0.6689775838083724
s017,s040,6,0.026154544448406813,0.01872857647105442,0.5498272241571018
s017,s041,6,0.02932775583554009,0.012710385457071054,0.6455079323077573
s017,s042,6,0.07869012827155397,0.015029719048523033,0.50173113719964
s017,s043,6,0.05328028556204696,0.03535383261228719,0.5714696611871833
s017,s044,6,0.08453475558004211,0.3146247129892303,0.8032371823237773
s017,s046,6,0.027934932416295126,0.00012815957305599833,0.7422910363613012
s017,s047,6,0.06910375506251605,0.011137677257194615,0.46806452342732174
s017,s048,6,0.04244505276379882,0.08022142835581618,0.5477298515986745
s017,s049,6,0.04574399709736409,0.024261875825476155,0.6867781603452333
s017,s050,6,0.17578715370384781,0.01703490838814474,0.7442728560855971
s017,s051,6,0.13237509178380352,0.02105346413504493,0.6062127222763919
s017,s052,6,0.046848553466572206,0.00891150329596884,0.49454115044602087
s017,s053,6,0.10149980373927628,0.0666865612326508,0.6315933018306388
s017,s054,6,0.049169207821881826,6.69639777493253e-05,0.6911645505933831
s017,s055,6,0.09885003917156636,0.003451000999739855,0.5710593713441662
s017,s056,6,0.04456051076837984,0.00012200347506400273,0.5360430484815717
s017,s057,6,0.08902211904002884,0.045584273136695296,0.6196477003336937
s017,s002,7,0.11831994464015645,0.009076905912086652,0.7541956351525909
s017,s003,7,0.05698295521521565,0.02346782496923704,0.6494164241905722
s017,s004,7,0.046333906057243524,1.3458604450466795e-05,0.6109504572040734
s017,s005,7,0.032588622330772074,0.09159538396815657,0.678335142262343
s017,s007,7,0.1197968706698415,0.05650037039937414,0.6698122452805662
s017,s008,7,0.04315986326586245,0.0028354063417293787,0.605700572258333
s017,s010,7,0.17228338499684817,0.027471094360356985,0.6295049038107187
s017,s011,7,0.09071125287220261,0.05327511544161878,0.5462350013008049
s017,s012,7,0.025094487672881485,0.16834207408552476,0.5100198713585207
s017,s013,7,0.1992015793234991,0.07475251121817078,0.7346986090296623
s017,s015,7,0.1544692221611604,0.2047010556065794,0.7309853908002832
s017,s016,7,0.0790242455907054,0.009363485240755965,0.5591940852122632
s017,s018,7,0.031173743152570363,0.018731410302040955,0.5221329483574513
s017,s019,7,0.06440676700162479,0.020518949774284336,0.5910138596699058
s017,s020,7,0.05191162818912184,0.0012648509386765866,0.5881318242156267
s017,s021,7,0.09187570744904404,0.01209035125281938,0.8113312820346495
s017,s022,7,0.09232861796680732,0.00022554384413005934,0.43506257580810875
s017,s024,7,0.26931899336592324,0.330587040078433,0.7475052664104183
s017,s025,7,0.10402755131217309,0.009289097550517373,0.5976745094113852
s017,s026,7,0.4200744423322246,0.10152016125428708,0.8060409835736879
s017,s027,7,0.08528911343132968,0.00011840062467652733,0.6237555221924498
s017,s028,7,0.24270426245903393,0.1740581521450797,0.6371265839883757
s017,s029,7,0.1758615392749312,0.0622255358075202,0.7286057008492105
s017,s030,7,0.08288597129790458,0.009813883299963327,0.6243597709908453
s017,s031,7,0.07409625943821964,0.02524050725360011,0.6039718414668597
s017,s032,7,0.07574656624906449,0.007818903554431,0.7087314873326149
s017,s033,7,0.03227358397945996,0.049193123185708815,0.5418713451098855
s017,s034,7,0.050321311817118915,0.007934307329682637,0.5541476261600593
s017,s035,7,0.08551267163172072,8.187356184658543e-05,0.7280562878764081
s017,s036,7,0.15632804184672214,0.007175395459271926,0.2929115701270681
s017,s037,7,0.1165902374056461,0.01862067085984164,0.6786856108455789
s017,s038,7,0.03719827360718601,0.06181191664746708,0.630418886778764
s017,s039,7,0.07366470239106977,0.11885852156223996,0.7092732016925423
s017,s040,7,0.04463822817983585,0.0008109387586018423,0.5399275068553457
s017,s041,7,0.05302978481232502,0.043654278990102574,0.6224815410392379
s017,s042,7,0.11499901950227427,0.013758683298697599,0.580912185277312
s017,s043,7,0.09388163487080012,0.04553186604438336,0.603047112515093
s017,s044,7,0.0697157135708079,0.033618290280073446,0.7418572733667237
s017,s046,7,0.043712073687622685,0.027118525452509236,0.7030540641028199
s017,s047,7,0.06299440204059727,0.05970170485492285,0.5039396131482538
s017,s048,7,0.024620500739767803,0.03369481948475247,0.5846180571076381
s017,s049,7,0.03639232868983186,0.11800638479993751,0.6985131592393934
s017,s050,7,0.1531365612540153,0.0015871393335933634,0.7134609274931156
s017,s051,7,0.20742589645052353,0.15437088929305398,0.709451079254171
s017,s052,7,0.05075739665641141,0.006293954160327302,0.5956978841702532
s017,s053,7,0.12592716599068068,0.048164397017713155,0.6994046441405196
s017,s054,7,0.06267319176874275,0.0003169242079071246,0.7245706625069817
s017,s055,7,0.1262760734969998,0.043081820932408414,0.6398370389787397
s017,s056,7,0.06979910532923665,0.00039887805154034526,0.5644593113320856
s017,s057,7,0.14335021796123204,0.013792792144204766,0.652869098439503
s017,s002,8,0.27687049500764876,0.0011252182272915177,0.8201782972997487
s017,s003,8,0.10109476029024592,0.007139666687759352,0.5735352486300717
s017,s004,8,0.15888190494784493,0.002101127883610311,0.6865022756388063
s017,s005,8,0.053049570805778275,0.09677828946821729,0.6769911278854496
s017,s007,8,0.24820054528953894,0.022122815643876144,0.5538981300898663
s017,s008,8,0.1450591695125784,0.0011465893290869308,0.5832017199810748
s017,s010,8,0.15472310887023707,0.14944134927149,0.8049070851687595
s017,s011,8,0.11016405719443842,0.12693895953481082,0.5990907925621928
s017,s012,8,0.028257534205259616,0.25372570050610166,0.6084764195325755
s017,s013,8,0.3098157070797351,0.17679897447454923,0.747573775572146
s017,s015,8,0.1750210044419168,0.08340123142901719,0.649742123310598
s017,s016,8,0.10400972214440733,0.03268863188214296,0.6510016218565842
s017,s018,8,0.06877764180250133,0.008737848651687677,0.6302623561944054
s017,s019,8,0.1387952798575843,0.011066022837981436,0.6015345189585636
s017,s020,8,0.1121280828554671,0.01947687074928743,0.584659854839521
s017,s021,8,0.09116303553824291,0.02146781477084115,0.8267643215745799
s017,s022,8,0.12062004428660619,0.009981376256722248,0.5237663686318067
s017,s024,8,0.30807332359452533,0.2671757071819104,0.719681776276272
s017,s025,8,0.1782263282372658,0.005908991272623739,0.6221974509254937
s017,s026,8,0.4758848131611719,0.23664770126694037,0.7282065735428526
s017,s027,8,0.11873783551086632,0.010010063442150894,0.6697750420275689
s017,s028,8,0.43978552735973975,0.38686826023005605,0.7705761043936158
s017,s029,8,0.2471188450144353,0.026484553093799417,0.7351709274411553
s017,s030,8,0.06197750589844961,0.003975418845210406,0.6623806053697121
s017,s031,8,0.07014183489251107,2.531735741307024e-05,0.6349086701892123
s017,s032,8,0.1379855830986024,0.04370774229165475,0.8021679311054586
s017,s033,8,0.03937996324216314,0.2781317966695905,0.7854029546466499
s017,s034,8,0.08162202057555717,0.004724086409528783,0.6032147966555956
s017,s035,8,0.1417482923785184,0.04388934763605904,0.6952389412293434
s017,s036,8,0.15724694114335352,0.031452163570240166,0.4088115457206858
s017,s037,8,0.15012224971860605,0.00525179241563171,0.5968619730888223
s017,s038,8,0.07584447686288215,0.04201993113904779,0.6359254542493596
s017,s039,8,0.06220398910430894,0.002552199410256003,0.7099296184614861
s017,s040,8,0.046022344828147356,0.09196645980494918,0.6596281005340688
s017,s041,8,0.07837124610858377,0.1913954035087489,0.8454616279685341
s017,s042,8,0.11787850505864737,0.034731709574080234,0.5899793618218772
s017,s043,8,0.2274797521991699,0.016707813287706378,0.5269297024831732
s017,s044,8,0.19713361752952183,0.061749780741673116,0.7276728786103625
s017,s046,8,0.11179213860914088,0.04766233473268169,0.7793522328569622
s017,s047,8,0.08502089336363365,0.03642833517465615,0.6298908556701186
s017,s048,8,0.06335200917701005,0.014105573455973575,0.5615052463501529
s017,s049,8,0.056267961493102994,0.05028235197829767,0.7414081655908812
s017,s050,8,0.10961702140188419,0.0049339102025164235,0.6965887153459499
s017,s051,8,0.21419462566591893,0.10904282876501252,0.6740746621900537
s017,s052,8,0.07755558295673178,0.02378320442237378,0.6618697557673311
s017,s053,8,0.19183804940221305,0.045370545359608654,0.7916930852783209
s017,s054,8,0.058453151790722066,0.0020645484005051844,0.7272105655358788
s017,s055,8,0.17936896775890798,0.002585087165598228,0.6270999690761666
s017,s056,8,0.09974336103599672,0.00039292583676139007,0.633831178048647
s017,s057,8,0.2380096449728572,0.027427452029815086,0.740838390198293
s018,s002,5,0.08042585774963164,0.02067015951000771,0.7545585331514265
s018,s003,5,0.047027578903397094,0.00656543349783421,0.7639929311875537
s018,s004,5,0.06809282543247831,0.006236689261844781,0.5942291157507124
s018,s005,5,0.16995059611758725,0.006104965346679162,0.6975328667580667
s018,s007,5,0.10803639796685933,0.00023975912761938585,0.6246371706647887
s018,s008,5,0.052392668515396715,0.01666645885536502,0.776295460581546
s018,s010,5,0.06710459526308503,0.0111103875160314,0.7252083585081327
s018,s011,5,0.08607768344165274,0.15793532146566858,0.7859203889727929
s018,s012,5,0.15576226029649454,0.15340466216469661,0.7914747974623649
s018,s013,5,0.061156913468647336,0.01543090638040234,0.813273310934891
s018,s015,5,0.06749306851299461,0.0015700390551740594,0.6778551885671347
s018,s016,5,0.022581685424489597,0.22575168685078426,0.6726829500174888
s018,s017,5,0.04717373814946679,0.05951652124988806,0.837538715744984
s018,s019,5,0.028308374161884805,0.019791577351206232,0.6452560706441853
s018,s020,5,0.08483782571346846,0.01660876333982622,0.6990652130454833
s018,s021,5,0.055017927608519174,0.14446802155391394,0.7737869602158313
s018,s022,5,0.06597411695201437,0.2061866526816526,0.7225172799024937
s018,s024,5,0.026519732754473,0.09846901347214955,0.7636529528852517
s018,s025,5,0.025036313857994836,0.00012038790343737737,0.7566897858402585
s018,s026,5,0.049063790119973354,0.0022797624139512,0.5769840440401077
s018,s027,5,0.05224170268176379,0.013876404342612534,0.5575311949789045
s018,s028,5,0.039340628612896916,0.017040202592481388,0.7528799684853353
s018,s029,5,0.17153517220958847,0.049800521898055165,0.7647059754864491
s018,s030,5,0.023870411671633694,0.0339910055452565,0.6695150566166138
s018,s031,5,0.0674398380934509,0.007290935723693758,0.7289980630584749
s018,s032,5,0.08487488960350015,0.17942808062323087,0.8156484319009688
s018,s033,5,0.06556248467037429,0.02434201527629832,0.6047253367502007
s018,s034,5,0.06618117776274392,0.023472949995431456,0.621762747741657
s018,s035,5,0.044535335524431084,0.027718635913781965,0.6767130140356373
s018,s036,5,0.03640953248301057,0.18462305750071348,0.7037395420610727
s018,s037,5,0.05532102086860384,0.00035652730572744714,0.7807847836954471
s018,s038,5,0.05003634515645086,0.018615564135005043,0.6822387685231026
s018,s039,5,0.043275091082535494,0.03261455608397025,0.6479794966323646
s018,s040,5,0.052953884370720426,0.016826507247674375,0.5739483007368226
s018,s041,5,0.05283095738601663,0.009430605737890957,0.8215481912706938
s018,s042,5,0.07947818387835767,0.06504801657731762,0.6307629189923984
s018,s043,5,0.04994209631034997,0.2550123311643868,0.7628539454794928
s018,s044,5,0.02722137565088042,0.08998979864636601,0.8142417931462839
s018,s046,5,0.04947469257438082,7.032058849463553e-05,0.746983906497596
s018,s047,5,0.06335018302372993,0.10465587332571007,0.5046345177675685
s018,s048,5,0.030122458504046674,0.004309036015866549,0.7251342963092222
s018,s049,5,0.04333894355921656,0.13096499207677326,0.8046936035822181
s018,s050,5,0.08327718058695505,0.010112048531195739,0.6035382103699161
s018,s051,5,0.06387097015386477,0.08392847600080627,0.7132510521761561
s018,s052,5,0.07831127107889164,0.015188609010839467,0.5321129377076446
s018,s053,5,0.08771814145460745,0.07741138151750172,0.8033730050768229
s018,s054,5,0.04291593083778779,0.05115110952308774,0.7666823759339014
s018,s055,5,0.06210437514333916,0.1275426231487305,0.8740371260136414
s018,s056,5,0.07953628765371556,0.11056243241457717,0.7251642451625999
s018,s057,5,0.09386622278773306,0.19415042115950631,0.799737039973188
s018,s002,6,0.06831027617416313,0.002606585322346716,0.659811261329564
s018,s003,6,0.03572431750837219,0.030034157562135275,0.7555563054666512
s018,s004,6,0.022307296959953486,0.0016115876761838013,0.5747807298086154
s018,s005,6,0.09981982920933961,0.038505042459085766,0.6591894565314148
s018,s007,6,0.08619762851921704,0.02074276598718735,0.5692215750055835
s018,s008,6,0.02521062671889005,0.009502011297615048,0.804154608836588
s018,s010,6,0.029771359003998948,0.0005416461977583857,0.6402269894964384
s018,s011,6,0.04990934162306496,0.14861172444700982,0.7916162493369286
s018,s012,6,0.14321311367764866,0.14099854177883112,0.7879926362171694
s018,s013,6,0.03329247369227292,0.006184705679737878,0.7580692205972376
s018,s015,6,0.043421020582524686,0.0044199815707481,0.6375454436591168
s018,s016,6,0.015336683244408846,0.11729709495408595,0.5763683968530894
s018,s017,6,0.012646234172281681,0.1481626087560887,0.7797289487790465
s018,s019,6,0.016085824920067392,0.005038734852205538,0.6074846216767237
s018,s020,6,0.04760780059640368,0.011451488536290952,0.6129132808162293
s018,s021,6,0.023013132766725806,0.04160271545090014,0.6368293723148748
s018,s022,6,0.015310976809594798,0.15992150134443425,0.6954395463668576
s018,s024,6,0.022371719368582472,0.0160091331847993,0.714575760959903
s018,s025,6,0.020695077689332785,0.002314840096452934,0.7924587092486537
s018,s026,6,0.018202903691946302,0.008216057206419596,0.5241444374535233
s018,s027,6,0.025900036313227775,0.002466980037605381,0.5523324150148152
s018,s028,6,0.013168851374532378,0.025581082723794737,0.6559728128870265
s018,s029,6,0.0681122858207724,0.058739611954322896,0.7691431956563355
s018,s030,6,0.027262576214999317,1.7072456619478784e-06,0.6959211336946637
s018,s031,6,0.03469761484513367,0.0007526118294649681,0.7318077733257161
s018,s032,6,0.05967422861020577,0.11350045961768646,0.7494708944503233
s018,s033,6,0.02525196463376656,0.015336686921923422,0.5510689035374764
s018,s034,6,0.037445809482293896,0.025471817887620925,0.638921337637019
s018,s035,6,0.03839667278625458,0.0007406537181040931,0.6036695333124746
s018,s036,6,0.01768941422028473,0.2021985438422764,0.6720029413396419
s018,s037,6,0.054985445769922155,0.005091825768746653,0.6743830410712651
s018,s038,6,0.038950258834382884,0.0008701457241381681,0.6173740137962405
s018,s039,6,0.02074764997168408,0.0013100193812050828,0.5315150772502711
s018,s040,6,0.03951817505722032,0.007785686786534454,0.511363359983462
s018,s041,6,0.04042940527280624,0.010888421490202718,0.7919739158621291
s018,s042,6,0.04750954851603761,0.03451941866399204,0.6150112009538319
s018,s043,6,0.012519769226219148,0.14117585570500427,0.6679423782681653
s018,s044,6,0.015969901058976103,0.11735424915759753,0.7224296467905141
s018,s046,6,0.015121564438837574,0.004596622620537107,0.6355408709709208
s018,s047,6,0.037407408584766745,0.05318646441309534,0.5339802744878366
s018,s048,6,0.011976717715747664,0.00026838571278098403,0.6451713236341649
s018,s049,6,0.02958432176451925,0.08811198244789052,0.6926414369849182
s018,s050,6,0.024094818787358575,0.07318592487050672,0.6537490139060024
s018,s051,6,0.024291290739667355,0.0974187343874556,0.6485452014174088
s018,s052,6,0.027383942308340875,0.003677358534585278,0.39662535677511684
s018,s053,6,0.06408567890499674,0.08752549929399817,0.6425290204254687
s018,s054,6,0.029969455344437384,0.006567926972436636,0.7826553685969496
s018,s055,6,0.02727169932137514,0.09661541854998527,0.7859961467521243
s018,s056,6,0.02899002217762822,0.07374505307724007,0.689850259678885
s018,s057,6,0.03792750329816356,0.14408423997643613,0.73787794530282
s018,s002,7,0.12236512448438773,0.046749195401335215,0.5939525893546374
s018,s003,7,0.09908124370801488,0.08164144769586856,0.6909085679772364
s018,s004,7,0.06621020979606404,0.01182968943647494,0.5646700823116314
s018,s005,7,0.12473500485156103,0.005345132420350326,0.5500482081595417
s018,s007,7,0.19866077935550558,0.02248972280659287,0.44712076518767
s018,s008,7,0.05138743496720457,0.0121734158093658,0.7403059835676651
s018,s010,7,0.05133710425901255,0.0001288776644932607,0.6211916104984806
s018,s011,7,0.09858653007244882,0.1749171585707726,0.813710825457083
s018,s012,7,0.16519712086842384,0.24580907836667104,0.8101225465347552
s018,s013,7,0.08516385272992084,0.039488517303803664,0.7392676776396848
s018,s015,7,0.07056100148167456,0.004413217863889135,0.5766921331587068
s018,s016,7,0.04157012392380955,0.09151992557747311,0.6089668089680443
s018,s017,7,0.0436182212307226,0.13081721418274833,0.7411212826106877
s018,s019,7,0.043254931197469676,0.07558619928736414,0.5420187821630655
s018,s020,7,0.09507055239096862,0.06816383175425156,0.648368359363417
s018,s021,7,0.06289929527333998,0.007471331716425664,0.5564858371574468
s018,s022,7,0.035013512246478314,0.317191439454607,0.728340030130013
s018,s024,7,0.03063427668204843,0.03191387314305677,0.6556540588094225
s018,s025,7,0.06282670281199931,0.003088358075308662,0.7122896682274653
s018,s026,7,0.052701197492985165,0.001935597705840429,0.40282277460766247
s018,s027,7,0.05246994524926578,0.0019766265807428705,0.47003019537269647
s018,s028,7,0.03452229957412509,0.009145048630150998,0.7135862190832604
s018,s029,7,0.11677322591850375,0.21397540124998532,0.6623573206471934
s018,s030,7,0.04918138061987698,0.06150542266722981,0.5768533835834694
s018,s031,7,0.09216044725390359,0.006486040157478762,0.644954931850956
s018,s032,7,0.12648417603952553,0.13048205153734158,0.713571182302368
s018,s033,7,0.07620199860125272,0.04369172359403349,0.5545526715909092
s018,s034,7,0.06351795076801965,0.07011392395628627,0.6482683845653099
s018,s035,7,0.05871356469775516,0.001571876452776161,0.5410423360617014
s018,s036,7,0.054108434649909935,0.3188956913939086,0.7737581151295061
s018,s037,7,0.14785767739140504,0.09214867799310525,0.5701823593089184
s018,s038,7,0.07033321382716866,0.019408335989961344,0.5633381028746068
s018,s039,7,0.04539899142006383,0.00016332343037791893,0.47455507012519516
s018,s040,7,0.07556294073071808,0.0018053308987393344,0.5267849267441472
s018,s041,7,0.13134542559845228,0.001007676143520747,0.769413126806098
s018,s042,7,0.09148975314483034,0.04120208461259731,0.6118619908229893
s018,s043,7,0.044401561059742085,0.20692166933742637,0.6501212555412251
s018,s044,7,0.05609848045912283,0.02732778054043398,0.6087911969412527
s018,s046,7,0.06219848562600586,0.0014272455865434255,0.5024286310411419
s018,s047,7,0.06149773950302678,0.057946460963048445,0.4935984306857206
s018,s048,7,0.026654616039658643,1.6717253837014848e-06,0.5899839221793179
s018,s049,7,0.05974723605707658,0.1091240005179519,0.5809486612031247
s018,s050,7,0.08718351535965439,0.04717636962764432,0.5683421847663764
s018,s051,7,0.06200685695997312,0.09355780305243955,0.592773211257296
s018,s052,7,0.06334528980125846,0.013885822102319383,0.3887254040716963
s018,s053,7,0.11196188813808536,0.04442594541850586,0.6713446008229186
s018,s054,7,0.031675317802994936,0.014219909008953134,0.7345407412561022
s018,s055,7,0.06203085204208896,0.12664458101582327,0.7574526175507812
s018,s056,7,0.060772341164045965,0.17046687242316727,0.7928437109035945
s018,s057,7,0.05340603095894313,0.12809820565924832,0.7373657999246166
s018,s002,8,0.1281700444496467,0.008140364549017587,0.7294340228885595
s018,s003,8,0.24676827864347714,0.05205988915027471,0.7384529051944151
s018,s004,8,0.07369592674771948,0.004585371926666566,0.5855378031233819
s018,s005,8,0.0977822002858717,0.0011278221301292094,0.6601069106824629
s018,s007,8,0.3368530751198412,0.08615403825489684,0.5651959267418197
s018,s008,8,0.1098089739811893,0.006041025603012173,0.7877845570005052
s018,s010,8,0.12194578076511432,0.001646935565034946,0.6374023747059087
s018,s011,8,0.2330707597449343,0.11934133546278228,0.8341377341184059
s018,s012,8,0.33873884377276703,0.14005876353766644,0.8443799163852231
s018,s013,8,0.20780802375536936,0.016047004124732776,0.7594061774491924
s018,s015,8,0.23387963171557677,0.008898457830253132,0.5876890228399448
s018,s016,8,0.07026463442824267,0.044079341216144895,0.6216637847934741
s018,s017,8,0.07268347385149948,0.07675712201654804,0.786099464243955
s018,s019,8,0.058080028420089434,0.05451191229724193,0.611814114280233
s018,s020,8,0.18130944821652298,0.06105028954572937,0.636986036745101
s018,s021,8,0.13094978527774348,0.08497839342729449,0.65492838115657
s018,s022,8,0.05768718185946738,0.19661141098926316,0.7222223181433121
s018,s024,8,0.06683330248074955,0.004241690607582043,0.7417468859937469
s018,s025,8,0.06829683920671324,0.0029199498705601823,0.8005311779684228
s018,s026,8,0.11757594367441768,0.002885463817875795,0.5768424569924804
s018,s027,8,0.075628777681918,0.0007975850202397103,0.5705770436144413
s018,s028,8,0.08383438848312669,0.014317018476510854,0.6862861747357458
s018,s029,8,0.22882872625457304,0.10832911817342605,0.730251788085681
s018,s030,8,0.09200437558179789,0.00638130183829038,0.7305945070411235
s018,s031,8,0.12366273503743012,0.0017890032629141548,0.733033093408275
s018,s032,8,0.24825221414319906,0.1664145132671105,0.7804141408606557
s018,s033,8,0.16328145196272276,0.03640445056341073,0.6016777352970845
s018,s034,8,0.18882052738166616,0.04290903519362228,0.7083470412534904
s018,s035,8,0.10159023091332592,0.0031991850065978063,0.6297518293131117
s018,s036,8,0.07360709822452645,0.27707908867259157,0.720196835745991
s018,s037,8,0.2467241353576361,0.01854638202668004,0.7438851355672216
s018,s038,8,0.08063809347838342,0.02636397915290223,0.6987378517438079
s018,s039,8,0.10312174642868226,0.0009784355314765142,0.6259429038687307
s018,s040,8,0.14636473193702818,0.021840801909861953,0.6083888489649473
s018,s041,8,0.1752649177981042,0.01880747440344567,0.8247862966785672
s018,s042,8,0.14016222284426266,0.05818825106542922,0.5934378030923959
s018,s043,8,0.058399961737477746,0.2061467425211557,0.7037168751082128
s018,s044,8,0.066171111967133,0.12802004487912552,0.7511181978258831
s018,s046,8,0.10528855820358496,0.00021450203667154497,0.6618555460596092
s018,s047,8,0.1049375555352268,0.04716610188657456,0.5482572542632319
s018,s048,8,0.06031078769367038,0.0025431835192970104,0.6558202584234575
s018,s049,8,0.1505137277767293,0.16596858505195947,0.6953397408597538
s018,s050,8,0.40827265590027595,0.050233405443673884,0.6132150886080879
s018,s051,8,0.15666266768283008,0.1451182947626055,0.6871486736841362
s018,s052,8,0.1366414921910918,0.0024985831188267782,0.4995499302241677
s018,s053,8,0.24585646034539152,0.07579857554334271,0.6981021192491059
s018,s054,8,0.10208525496255422,0.005741233687822598,0.7793637511997452
s018,s055,8,0.1177486928584967,0.055964066326382914,0.8390725670687407
s018,s056,8,0.17118684646921156,0.09134015812329363,0.7651580198542941
s018,s057,8,0.13993243014755455,0.16494164196482314,0.7911085479274503
s019,s002,5,0.04253737442435898,0.015858976547020037,0.5660781634972616
s019,s003,5,0.03708874643051976,0.008953078991190855,0.6083309009271143
s019,s004,5,0.0684162075618955,0.03311310969419075,0.576185678187209
s019,s005,5,0.050573894110676414,0.43778677636352953,0.8437431564957077
s019,s007,5,0.026384330311542095,0.040986774500553255,0.7001214394355768
s019,s008,5,0.0653445800683875,0.00028781634113872126,0.5577381306632916
s019,s010,5,0.051481296407038614,0.07960739731897032,0.5657704884145898
s019,s011,5,0.026416563387221686,0.0038165549810764703,0.4545785280908355
s019,s012,5,0.022386189571891278,0.0031421999513062417,0.47127685271843456
s019,s013,5,0.028494337732013885,0.023740755625352484,0.5325258913853483
s019,s015,5,0.023751369795357746,0.18632673215851264,0.7254571514295186
s019,s016,5,0.03872960969508743,0.018236639644712227,0.6395731084215481
s019,s017,5,0.04414147390679456,0.0033658580177712205,0.6488146874708052
s019,s018,5,0.01729199711777507,0.0003991228712369762,0.5114109055451508
s019,s020,5,0.02440894893888034,0.21883349572983685,0.7922299053313622
s019,s021,5,0.059340537499217805,0.06186380023599013,0.5919853958995595
s019,s022,5,0.06940749421823336,0.057684339039710084,0.4466370574809443
s019,s024,5,0.04951620179340578,0.0003337774441653322,0.5791161193114837
s019,s025,5,0.07082432488299052,0.04521281585780659,0.582059043535914
s019,s026,5,0.03695761707094258,0.02363564533225904,0.554641565106577
s019,s027,5,0.07178003372547088,0.0188659051806171,0.5110484804161025
s019,s028,5,0.06216754764785587,0.008436302500348243,0.5219685188898554
s019,s029,5,0.05258925645051807,0.09540951777062738,0.6581304842118075
s019,s030,5,0.021535373890778718,0.014287115957525902,0.4543007192630285
s019,s031,5,0.024872587368534885,0.015682228527764852,0.5364240110452215
s019,s032,5,0.0840458532185277,0.0031746226644284756,0.5664466156729154
s019,s033,5,0.025795573663999323,0.0007460040531794267,0.4841978549490956
s019,s034,5,0.0342800664795021,2.474923048179503e-06,0.5326205651771954
s019,s035,5,0.030464255050288637,0.032285512652690876,0.5842130825799797
s019,s036,5,0.039030887512197535,0.013157109450721053,0.3826133841131357
s019,s037,5,0.03969759238483972,0.04802125303112825,0.4928007197551957
s019,s038,5,0.028613318150258048,0.0028576648334975763,0.5192440838742678
s019,s039,5,0.05229357229143129,0.06209147978623999,0.46831388756170816
s019,s040,5,0.031876914092633796,0.03459630641689157,0.3807010352427493
s019,s041,5,0.03304502534129195,0.00021232880542975896,0.3970842070658924
s019,s042,5,0.06165061693441275,0.01793257988852767,0.5457025309976408
s019,s043,5,0.08758966931088236,0.052039364648383046,0.5158329706187499
s019,s044,5,0.024680741596082644,0.009798454727474377,0.6756466560352206
s019,s046,5,0.02477026856890408,0.004645491553428736,0.6900628893564472
s019,s047,5,0.040921468180907965,0.0032222668331721564,0.6187611745633242
s019,s048,5,0.020643737358641338,0.1032499616251141,0.7908886991913978
s019,s049,5,0.06508310711743896,0.050485636965061316,0.6546636776826085
s019,s050,5,0.020630008339754032,0.005308243382715614,0.5447108163880415
s019,s051,5,0.04236078462093337,0.12899830165483125,0.6686544006604218
s019,s052,5,0.03956375779899431,0.0022089019017858995,0.4509687954789969
s019,s053,5,0.03546273906356833,0.03751215012775334,0.4995245047894993
s019,s054,5,0.12966566135303823,0.0001320753058748464,0.6518106787809698
s019,s055,5,0.04724484864556672,0.0036559803581441186,0.641010734269144
s019,s056,5,0.029057980979372004,0.008259150893953172,0.3966030464177277
s019,s057,5,0.02524047582631165,0.0027004625717305247,0.43314200532156344
s019,s002,6,0.1307484669989652,0.006998210807700594,0.6460968146573147
s019,s003,6,0.027744950407384828,0.024014103900795433,0.7052069954747229
s019,s004,6,0.049380670830639295,0.004384477174545583,0.6519306841831222
s019,s005,6,0.058690471700394015,0.16600681518044716,0.8650573466383751
s019,s007,6,0.047392900642375654,0.01326999195443267,0.743495645215987
s019,s008,6,0.08965716009627023,0.004538636687617466,0.7190396096020621
s019,s010,6,0.029805701947511087,0.12119249185617938,0.6467157579672044
s019,s011,6,0.027638836721489448,0.049739180824548916,0.615236587160576
s019,s012,6,0.018224589946701442,0.03737901557328471,0.6417453456010053
s019,s013,6,0.03261273265612146,0.0018627018059804619,0.6025666659894383
s019,s015,6,0.04183538398069406,0.03616757823969802,0.6944870313253899
s019,s016,6,0.07674513740667274,0.007988099369456013,0.6737518949059557
s019,s017,6,0.06330600373588545,0.005249539863468325,0.7434665193138651
s019,s018,6,0.013859163694808852,0.09234955177585716,0.6303359663958046
s019,s020,6,0.02652439197837613,0.1641723779252939,0.8150031606950726
s019,s021,6,0.022251602804822874,8.719629398844134e-05,0.6096626957907254
s019,s022,6,0.03894678788602563,0.05090213588267671,0.6296549904935768
s019,s024,6,0.08325819602322486,0.04682801258685437,0.6738941551153185
s019,s025,6,0.06136083963473218,0.08189525617316992,0.6685564030205918
s019,s026,6,0.07726728949165093,0.008302776753272284,0.6216719466214926
s019,s027,6,0.08401510480729314,0.00957806469056151,0.5668183490151218
s019,s028,6,0.14073059392817683,0.03541641926967806,0.6334026640276832
s019,s029,6,0.03466613786870685,0.1408622102674883,0.7133168358918609
s019,s030,6,0.029742129404191436,0.004724362161033009,0.5971766802041855
s019,s031,6,0.02733091872470972,0.08832819745672743,0.6227364800423122
s019,s032,6,0.06750222463661062,0.02658139818477893,0.6875888063299502
s019,s033,6,0.019353685836610048,0.017558705476953897,0.5550160546253528
s019,s034,6,0.03394222056573496,0.014161228269391934,0.6664231355534838
s019,s035,6,0.03538768934936265,0.008964755931612462,0.6158379072898551
s019,s036,6,0.03818773072200111,0.0547703236157263,0.5050846883608698
s019,s037,6,0.029293857680310766,0.014410223030751112,0.5257450365526197
s019,s038,6,0.044514267736169365,0.09501917166536594,0.6224964080683677
s019,s039,6,0.027899408157368005,0.0001982435074952076,0.5071633217299868
s019,s040,6,0.02033692148461712,0.0005289246270189796,0.5673549198673037
s019,s041,6,0.023521194195648826,0.0007196572704397978,0.5256651847363876
s019,s042,6,0.04825589893172572,0.00010713969146713216,0.6166261966517571
s019,s043,6,0.10395829611406081,0.09406309503323691,0.6181151005432728
s019,s044,6,0.026881295408730358,0.001457447338506543,0.7459444650543219
s019,s046,6,0.01814038865515572,0.04396097077760888,0.7253085160690222
s019,s047,6,0.03974757460807506,0.09727088751666944,0.6809326334300477
s019,s048,6,0.02934203918927502,0.04138933132670525,0.8040539027271906
s019,s049,6,0.03389635440611208,0.05857330872501973,0.68308022480498
s019,s050,6,0.03179142934776712,0.00032203596391402724,0.6231832357469618
s019,s051,6,0.03429033069265689,0.12613624583875777,0.7260216378251863
s019,s052,6,0.02767414490498052,0.01772335403376809,0.49832475586576774
s019,s053,6,0.05240905312643461,0.00429262863428599,0.5263611089729245
s019,s054,6,0.0449916854954371,0.06383773856521248,0.7230325739316696
s019,s055,6,0.05468928433028153,0.007727217635836446,0.6634901261263871
s019,s056,6,0.040747507941771094,0.1083420263862658,0.571461718885016
s019,s057,6,0.024036968668184416,0.006436103183970773,0.5798536481583435
s019,s002,7,0.09126288056785269,0.030889679477545836,0.6025034558479473
s019,s003,7,0.11531579176992308,3.075274463042644e-07,0.6720907413435612
s019,s004,7,0.08852897656689168,0.0012548751237015454,0.6139494411042395
s019,s005,7,0.09250524351778003,0.17116843527741818,0.8518842908410069
s019,s007,7,0.07327452799390141,0.00926779748663823,0.7588805013930087
s019,s008,7,0.141240305837384,0.0010919083698989755,0.6242457468677409
s019,s010,7,0.10200547010630641,0.057601950720653765,0.5512573167902501
s019,s011,7,0.039300822403222205,0.015020940465991058,0.5040784800939481
s019,s012,7,0.03258869510576274,0.07763706856438075,0.5578868549669326
s019,s013,7,0.10227480210875382,0.06224432819195662,0.5257340040620728
s019,s015,7,0.056624175477562565,0.027621954731529664,0.5694864811775285
s019,s016,7,0.07737027952960729,0.028278644823995426,0.5767920549182758
s019,s017,7,0.08673727990378696,0.015455147617265,0.6304119460153522
s019,s018,7,0.02863345806925081,0.003509105920066965,0.484640404844308
s019,s020,7,0.03919193814285403,0.1644737819340927,0.6985196951091208
s019,s021,7,0.049068188480559015,0.015710343503734927,0.49704614125281577
s019,s022,7,0.1014216003722485,0.0004277155747740026,0.5050415390603783
s019,s024,7,0.11654472338699289,3.489710761908279e-05,0.5391921531697051
s019,s025,7,0.11617171862840679,0.024447350562223986,0.6226029046496041
s019,s026,7,0.09661735659906784,0.012346456017650682,0.6237558469574166
s019,s027,7,0.4192970022623605,0.05030741948675089,0.6070056390661199
s019,s028,7,0.13938213090159152,0.010632063537489958,0.5580097299373813
s019,s029,7,0.25725794303615845,0.03592209716125594,0.6631984746296379
s019,s030,7,0.067675349656847,0.02498908563205834,0.5449192665472076
s019,s031,7,0.07498382107880754,0.060742013471667196,0.6845770979086816
s019,s032,7,0.1344204194288396,0.001654303289476193,0.6178738773146654
s019,s033,7,0.031312192597420734,0.0016697095373636366,0.43699647621020266
s019,s034,7,0.14381507144464192,0.0031727698977321236,0.6455606869546542
s019,s035,7,0.07545946521675886,0.03935603608549881,0.513455135264031
s019,s036,7,0.08115519029508135,0.011574365206322627,0.37400222324092774
s019,s037,7,0.045894421181230445,0.03187280851785272,0.5203600549604681
s019,s038,7,0.07030154246075386,0.050434174985019085,0.5007638507839444
s019,s039,7,0.07527029857516751,0.011948801435020823,0.41880084867637957
s019,s040,7,0.04067845698390171,0.025523086892894436,0.39116034887149603
s019,s041,7,0.09073927165192142,0.03553068947458538,0.4544775275003224
s019,s042,7,0.09629806849715895,0.0005556044105568033,0.6022664423272245
s019,s043,7,0.10536861372205963,0.05729211496965331,0.4721292550847543
s019,s044,7,0.08607429166893057,0.0007278114920252741,0.6942828719582594
s019,s046,7,0.06502589292655936,0.010894336451925632,0.7171781159173483
s019,s047,7,0.07367150226147462,0.03700450541710613,0.6086217756533591
s019,s048,7,0.0547568971282521,0.08648915678248395,0.7633377769812689
s019,s049,7,0.07281276283629226,0.01865454797261078,0.6122418286036968
s019,s050,7,0.036577979504773185,0.004159303211164247,0.5489570710075072
s019,s051,7,0.03738530266777072,0.045968531780482436,0.6722021990036596
s019,s052,7,0.07200883533968391,0.02972805723822921,0.3240085060801124
s019,s053,7,0.07807473053629632,0.0003704953530284067,0.4493283589175598
s019,s054,7,0.11852558952830843,0.04307231554696807,0.6032192060626049
s019,s055,7,0.0872032898467958,0.0003933624939481019,0.5901137941298453
s019,s056,7,0.07425350968649491,0.020536107314685397,0.4379664237901341
s019,s057,7,0.04807084508014915,0.0034164083513925987,0.5352226882995945
s019,s002,8,0.20508722199088486,7.87264801421032e-05,0.5943776702856741
s019,s003,8,0.0718673430642996,0.08042789975830741,0.6740839233214659
s019,s004,8,0.2496212266361741,0.009443461923757427,0.5867777734375976
s019,s005,8,0.11764690594003736,0.19248161362237312,0.7893238902312011
s019,s007,8,0.052663949303240525,0.003215983462083384,0.6578821070193838
s019,s008,8,0.1494502373055383,0.0629405449257115,0.6688811609951524
s019,s010,8,0.148893816517444,0.0683193770189818,0.6044973686371988
s019,s011,8,0.038842158404595144,0.10761705031150162,0.7266390238992654
s019,s012,8,0.030282475015627183,0.19913335134769386,0.74794933973791
s019,s013,8,0.10567555337549886,0.007177766565733191,0.6574894977302848
s019,s015,8,0.05013701773384871,0.02932624417954931,0.585789343644637
s019,s016,8,0.15390617631756487,0.09099647949004305,0.6273157117103255
s019,s017,8,0.15561508319659642,0.030567097295308304,0.7289584108505694
s019,s018,8,0.03283545643404864,0.06715635494795281,0.6252255161563786
s019,s020,8,0.047458402258388516,0.25575360880406617,0.8170409049167681
s019,s021,8,0.07781845291372307,0.0014302065051953509,0.5748661277679371
s019,s022,8,0.08303325726521688,0.160630168496579,0.7254636177605478
s019,s024,8,0.10629649724642533,0.09655636558341543,0.6402115256021909
s019,s025,8,0.12011381887122985,0.036705363426824844,0.6371890444011736
s019,s026,8,0.09004315011821314,0.0005500429374930383,0.5798087792094468
s019,s027,8,0.14080716144992506,0.0013575155866148696,0.450469245278921
s019,s028,8,0.1979853029896246,0.03059345274334179,0.6262285469076991
s019,s029,8,0.24484635137494537,0.010784039452055421,0.6312398126540422
s019,s030,8,0.04561408274900013,0.0005215070193534774,0.6075625450741683
s019,s031,8,0.04442906136493473,0.09472489054050957,0.6333020956504236
s019,s032,8,0.1104504890018836,0.1039650333554137,0.7087217266845701
s019,s033,8,0.04350676162887328,0.005720619973689689,0.5650970876675583
s019,s034,8,0.07590990690787836,0.016349719181169016,0.6018470302247507
s019,s035,8,0.11775230674064406,0.025370911344208536,0.534938241952525
s019,s036,8,0.07102187183822861,0.12705314945536364,0.6801195839227313
s019,s037,8,0.08876007342360463,0.007684550560621365,0.5437851331968923
s019,s038,8,0.0626455108536921,0.01542534100967083,0.5015218196313554
s019,s039,8,0.1035709911773233,0.007749606220331253,0.4204696150489184
s019,s040,8,0.039262782570606315,0.06437946464006604,0.47074789946900336
s019,s041,8,0.09085660776982005,0.006833725805671561,0.5878715200905633
s019,s042,8,0.06175002767902471,0.005526769473434453,0.46655790702748773
s019,s043,8,0.16983551359160365,0.23213774719200142,0.6868222876542665
s019,s044,8,0.07741665424377998,0.02088680964707784,0.7282174287762946
s019,s046,8,0.14433691166430368,1.3483435345697828e-06,0.6627689711716076
s019,s047,8,0.05341919174453172,0.024440448401761697,0.5896000405500346
s019,s048,8,0.0776673075499236,0.03524718794817691,0.7918781157384269
s019,s049,8,0.10168061831930712,0.08121907829160437,0.6624461114297757
s019,s050,8,0.0772562569080806,0.019774402775466805,0.5119677646127935
s019,s051,8,0.14937573867860868,0.0222583030764657,0.6377078725378169
s019,s052,8,0.12783642356303065,0.035435376176505,0.40031675595657407
s019,s053,8,0.07361571365814101,0.07027408676618727,0.546792028231095
s019,s054,8,0.09832586465892594,0.1570606052168249,0.6171342349538994
s019,s055,8,0.12483410454532641,0.11146853633126103,0.6873612510123405
s019,s056,8,0.11043088291750565,0.02133920273397857,0.5795888107956276
s019,s057,8,0.06268008535095905,0.09751158075377829,0.6625155393533864
s020,s002,5,0.029003744478768672,0.0030376186237835072,0.6381426090945308
s020,s003,5,0.20260537220819655,0.03737151161747706,0.7168569825278417
s020,s004,5,0.14968611055358635,0.0010231007778859656,0.5734368584806128
s020,s005,5,0.028393816323177112,0.3199525264184545,0.7830964282705636
s020,s007,5,0.08948812400280419,0.0038428730675341156,0.7463530769513077
s020,s008,5,0.14999199872485292,0.0527950775914684,0.8263992234884731
s020,s010,5,0.08276231632752441,0.0017673876687311716,0.540817773609218
s020,s011,5,0.328606274072528,0.11389243173805728,0.6827861652669218
s020,s012,5,0.12210620806903393,0.1086025057058525,0.7359959178589346
s020,s013,5,0.20370032703327304,0.010890166647782872,0.6432841356020826
s020,s015,5,0.15750015148123298,0.022732701423391025,0.6518122713220493
s020,s016,5,0.028613658320950506,0.0011443628744098986,0.6056430704348674
s020,s017,5,0.11326832905106761,0.00015641535400057026,0.7827167272570792
s020,s018,5,0.19738378662618736,0.046587487114904694,0.6990859916791535
s020,s019,5,0.05468466284792974,0.1960801514354496,0.7707601708585025
s020,s021,5,0.09229071056823797,0.038498347185781906,0.5416898616397298
s020,s022,5,0.044507618160446516,0.1675606525247733,0.6815692171361516
s020,s024,5,0.05058571461820141,0.0022306710567890245,0.7019260229225271
s020,s025,5,0.053251371799921746,0.16296900881654322,0.7027851550783776
s020,s026,5,0.07697103379007388,0.001330047274272613,0.6272728796715085
s020,s027,5,0.10901621404456666,0.03674581429876316,0.5328049899794511
s020,s028,5,0.060358249175960485,0.05178346245987511,0.6043524423827296
s020,s029,5,0.10167447936951003,0.029781085573495084,0.709321712927165
s020,s030,5,0.04005051429669415,0.06771904999219708,0.5739973918244164
s020,s031,5,0.03393564662321714,0.045667067781920964,0.7131745061453457
s020,s032,5,0.21272364687488915,0.01958472959287539,0.7322636456745162
s020,s033,5,0.05814883218199966,0.0025338751224433876,0.4382813724048201
s020,s034,5,0.2999613394273896,0.0677313087881608,0.6417821780751143
s020,s035,5,0.0583447433567981,0.009269046884158423,0.6211031254595655
s020,s036,5,0.05331775151435122,0.14846771182895807,0.672722411690509
s020,s037,5,0.16846609585844421,0.17010952094590556,0.6994906785131886
s020,s038,5,0.07363971943061226,0.011608159517152324,0.5806944795625022
s020,s039,5,0.061987988497896426,0.07003779122783566,0.524437812276409
s020,s040,5,0.09959921559110549,0.05677831777554809,0.47457530195993264
s020,s041,5,0.07890266591610128,0.10456615012758982,0.543678331901408
s020,s042,5,0.12141526769052219,0.005021102238849421,0.571060068669899
s020,s043,5,0.052123231909354424,0.09837514882960423,0.6889677687671635
s020,s044,5,0.04838373687135668,1.0060796263596684e-06,0.7003324900052209
s020,s046,5,0.05510355079362226,0.023058472952939425,0.6438153205517452
s020,s047,5,0.03824825653793038,0.000455196600510411,0.5689587881412617
s020,s048,5,0.08622234716741971,0.10537199152876935,0.8013142684075449
s020,s049,5,0.04239803366453306,0.07284668207619803,0.6205321201084166
s020,s050,5,0.07807745132272122,0.004963109468605872,0.5489487240820115
s020,s051,5,0.061617070730337835,0.0044600127867269156,0.7044771197624177
s020,s052,5,0.09169139840709498,0.0013179568178815653,0.39984114030150514
s020,s053,5,0.12820172664536592,0.02614617764044044,0.5644980974975385
s020,s054,5,0.11275423298571799,0.006362424674363324,0.6858489881225674
s020,s055,5,0.1278181776652262,0.028807347364829414,0.8103232233687789
s020,s056,5,0.31264900755304337,0.03471388844512675,0.5979872851052332
s020,s057,5,0.11355825293618609,0.10233264755901747,0.6513522391342969
s020,s002,6,0.020998678602615218,0.020655385468120818,0.5723780677710173
s020,s003,6,0.06801396088633155,0.2046670712241978,0.7466865076438588
s020,s004,6,0.07761430789009614,0.13924545849696146,0.6303946467490064
s020,s005,6,0.02486144181086732,0.1254091985102332,0.567354211782795
s020,s007,6,0.13052037883336481,0.036335167906054455,0.5798071874312062
s020,s008,6,0.048009563893402496,0.06881211803707987,0.6363091274178851
s020,s010,6,0.047123996091471734,2.881616935049123e-05,0.47967009434992824
s020,s011,6,0.10270811482584064,0.2397266969147773,0.8050239767626242
s020,s012,6,0.08557598839799412,0.31511458204759557,0.8176227346925243
s020,s013,6,0.06795506453935123,0.07929197368037053,0.7322268225612846
s020,s015,6,0.0353636815733529,0.0129743392501038,0.5093297413828554
s020,s016,6,0.01599542891988806,0.11058834219766696,0.5689260348321674
s020,s017,6,0.020950025046388213,0.09687058261723284,0.7224851189993725
s020,s018,6,0.10547066055953945,0.08791276702826617,0.7140883420457415
s020,s019,6,0.04399427422654199,0.09598106795898537,0.6070797037819978
s020,s021,6,0.03663779343697808,0.021662319474687216,0.43371541056329577
s020,s022,6,0.01796302855266773,0.414852311350063,0.8103353855832917
s020,s024,6,0.02588140794902486,0.045983549457636795,0.6179382030299977
s020,s025,6,0.025917311566303634,0.07105026571629498,0.6287965495408664
s020,s026,6,0.0652764964498413,0.00544468213654062,0.4669697527977855
s020,s027,6,0.05017745099979474,0.026464561985975882,0.4614803083063691
s020,s028,6,0.015212803446869995,0.012369638470798713,0.6863623461739854
s020,s029,6,0.020487031693913485,3.2329341794960006e-05,0.5615431869995285
s020,s030,6,0.03900776689114426,0.01709928533239339,0.581668676753639
s020,s031,6,0.013178595595679198,0.021940123214529712,0.5388640396277918
s020,s032,6,0.12976664970696572,0.1533823940308289,0.7025512768363256
s020,s033,6,0.041571318309785804,0.021864998356929375,0.46567348093611294
s020,s034,6,0.05959093498758153,0.053642848950743206,0.6348145093424666
s020,s035,6,0.03272640342247122,0.012806991857869288,0.4808371990393373
s020,s036,6,0.05144294541263171,0.23519885891054515,0.791940037094761
s020,s037,6,0.17402559297363013,0.04795981231293749,0.6684665446776501
s020,s038,6,0.0314994146605298,0.004714680556278639,0.5036556783699153
s020,s039,6,0.027721573863288444,0.020655382264872776,0.41720486504944987
s020,s040,6,0.06827643121825902,0.07022561983708682,0.4624759204801044
s020,s041,6,0.06799423064973076,0.09902585080809363,0.5677066715527637
s020,s042,6,0.07094040604081775,8.284805957471084e-05,0.661823239479543
s020,s043,6,0.018688652444906095,0.2015029976212808,0.7216719317997052
s020,s044,6,0.020864109439337822,0.06453877153176772,0.6656348394233056
s020,s046,6,0.05974765228548943,0.013278286628995696,0.5225729862502461
s020,s047,6,0.046537519279935304,0.02429895654510515,0.5794523505052149
s020,s048,6,0.031304162552171166,0.004277329746630501,0.6865167091510869
s020,s049,6,0.037195577158194736,0.10589422053879054,0.46603233719084447
s020,s050,6,0.03895081194825747,0.004096962582039422,0.4481756799080387
s020,s051,6,0.034000254214816714,0.015522687876848351,0.4575110364088381
s020,s052,6,0.04063029624318116,0.00012833948631530928,0.3025508500524071
s020,s053,6,0.05840941417398046,0.021670133706594825,0.5380805919698548
s020,s054,6,0.13096125355809032,0.009622560981141169,0.550864469051781
s020,s055,6,0.06524319431491638,0.055909929380150235,0.7478581417314053
s020,s056,6,0.07017668435335916,0.034352967416804485,0.7302220592452668
s020,s057,6,0.06530736964024665,0.05829427034949649,0.6760245878810337
s020,s002,7,0.1670103655060681,0.020510744574591778,0.5951329950469624
s020,s003,7,0.1646593960691351,0.06692270703383804,0.7694385399129905
s020,s004,7,0.14609018441536703,0.02782619557623047,0.5836640004370066
s020,s005,7,0.07613648652279868,0.20850577084769645,0.7473833464346833
s020,s007,7,0.4915701368677386,0.010726693795927852,0.744801891646033
s020,s008,7,0.27072143941680465,0.01906460611137032,0.7090955738177736
s020,s010,7,0.1586376964225425,0.004927229748822785,0.5792486590591477
s020,s011,7,0.5084298631322615,0.12715192706297,0.7390846092089003
s020,s012,7,0.1820107918289734,0.09269162424130589,0.7469543267821284
s020,s013,7,0.22200450649161996,0.09387821276769197,0.653270287725803
s020,s015,7,0.0955949734040546,0.020318123576407686,0.7066552371112367
s020,s016,7,0.05894157775416089,0.0021185144497243517,0.6601344799199681
s020,s017,7,0.09749831912093201,0.032562200974386585,0.7771065548601491
s020,s018,7,0.1863856746865435,0.16958309593979298,0.713053285742378
s020,s019,7,0.0871814652895452,0.26205568224592607,0.7525269554270846
s020,s021,7,0.1334944871900371,0.024271818156201105,0.5596083067174342
s020,s022,7,0.06524734787455999,0.3177401406477284,0.7460842946058434
s020,s024,7,0.10029869980996776,0.012135934980610991,0.7125587292642209
s020,s025,7,0.09664994852982906,0.17357971630556074,0.6519553210119886
s020,s026,7,0.25677184085937654,0.018943909073037644,0.6139635206884791
s020,s027,7,0.1382808385883838,0.019551747234575506,0.3942213889186333
s020,s028,7,0.16237422898487214,0.007544792076736014,0.5823812809770214
s020,s029,7,0.25402709467368845,0.08286889582202507,0.6611736422062366
s020,s030,7,0.11424225710668745,0.04406187789997882,0.5463240781241724
s020,s031,7,0.0759025972092535,0.005226937764315284,0.5542849156064484
s020,s032,7,0.09270666405610521,0.02208642229429017,0.7423447495834851
s020,s033,7,0.09465322219430874,0.008280858777338349,0.4555175357021185
s020,s034,7,0.10717683742124383,0.006189888120616505,0.6089730701225428
s020,s035,7,0.09058455615957084,0.006800438097458936,0.515687722703829
s020,s036,7,0.14364081056545117,0.22888288568976523,0.675644199860054
s020,s037,7,0.12666668882022952,0.08855257526819667,0.570012782797876
s020,s038,7,0.09562356738115217,0.03453756892445988,0.5779392254493317
s020,s039,7,0.11289470105608235,0.009337360169625433,0.4508959142463784
s020,s040,7,0.11105536112216313,0.01487120413761142,0.4930771302122319
s020,s041,7,0.13438816968209488,0.07130890749983201,0.5396471058501037
s020,s042,7,0.24673377984118366,0.00977409100463812,0.5309396971462307
s020,s043,7,0.057946454714763826,0.1886503903401932,0.7439349440595121
s020,s044,7,0.07813170837228138,0.0031585962081970348,0.6755421022954746
s020,s046,7,0.1129965987701982,0.06025390590035723,0.5665211717553303
s020,s047,7,0.12846972052154862,0.000142205079394665,0.4938948439197619
s020,s048,7,0.12146533209685485,0.04268529130851375,0.792801784449771
s020,s049,7,0.06487238298714647,0.08649790835648016,0.6171330872475542
s020,s050,7,0.08187133437251908,7.467094089462143e-05,0.5584681649855698
s020,s051,7,0.13364057441389465,0.10978367753862814,0.7378495332885908
s020,s052,7,0.1259810118562181,0.014028108371162659,0.4277225439604714
s020,s053,7,0.16250784354644437,0.0011896497318606585,0.5672481601041626
s020,s054,7,0.3164066504584034,0.015327156905805448,0.7233548670551485
s020,s055,7,0.15639895496860423,0.04317346188136051,0.7471106804524049
s020,s056,7,0.2086158123244914,0.06257486458824973,0.6349752757681003
s020,s057,7,0.2063785321740504,0.09302092280140414,0.6937909615552247
s020,s002,8,0.047285035809188886,0.015521252227699553,0.6030007792595194
s020,s003,8,0.14968798436860156,0.07966008638378967,0.7690270694727036
s020,s004,8,0.05133008976660926,0.14821037323161654,0.6934189313691267
s020,s005,8,0.02985277853545872,0.19449650578045982,0.7250585003032205
s020,s007,8,0.09484179073890976,0.05380743899942627,0.6715755434424734
s020,s008,8,0.08971240732556446,0.007449514047787869,0.7479946866260716
s020,s010,8,0.08592104698056661,0.0007247047389354963,0.5564703959061476
s020,s011,8,0.18373070832292793,0.10539398987241468,0.7570132690587719
s020,s012,8,0.26739495610629843,0.22376312607436233,0.8033910982241182
s020,s013,8,0.07914442381131503,0.08011603575396516,0.7774852839443578
s020,s015,8,0.03500988734894196,0.021079595013592165,0.6064297245389206
s020,s016,8,0.029808764484452837,0.007467834166446919,0.68106552359528
s020,s017,8,0.025498066999569916,0.027165995133494502,0.7665701284500516
s020,s018,8,0.07590581306826405,0.009613232632159503,0.7007900778202254
s020,s019,8,0.05841866200072996,0.18942111936530648,0.7388070009611856
s020,s021,8,0.07084358216521937,0.03779379044718357,0.47608837924222275
s020,s022,8,0.035191064509490166,0.2637566265698084,0.7593844929789542
s020,s024,8,0.034934797697775744,0.03824925407057764,0.6401243815696133
s020,s025,8,0.038829393249577134,0.06466215965592031,0.6665921670006191
s020,s026,8,0.11865266269940132,0.0391583012054733,0.566906689364498
s020,s027,8,0.10806463333614706,0.06432193115993254,0.5483634594553357
s020,s028,8,0.017019179550055663,0.00869883646044565,0.7075664986500377
s020,s029,8,0.02606441251072257,0.00021290578410537454,0.6713690171242999
s020,s030,8,0.06119056539173119,0.007299736919703487,0.6496827806744795
s020,s031,8,0.06671296480643635,0.022646611314425465,0.6337159240803298
s020,s032,8,0.06194918429439543,0.0292530764452707,0.7403378706518475
s020,s033,8,0.06649710477178529,0.01763980551931653,0.49703426082710594
s020,s034,8,0.083254179564834,0.001585227076451356,0.6036913646838772
s020,s035,8,0.027025469526550907,0.005573081847793196,0.4802984736195916
s020,s036,8,0.06321667169369985,0.18370240827108797,0.7049553293601899
s020,s037,8,0.4373362547458381,0.09215374414234305,0.7046619121183372
s020,s038,8,0.039213274260897456,0.013468914483653487,0.5594275457373376
s020,s039,8,0.03870917980874152,0.002971247774404378,0.4473240321127581
s020,s040,8,0.07271904603330874,0.0029330257025569294,0.48872363232271626
s020,s041,8,0.18038941085602092,0.07736644530220169,0.5605899650198932
s020,s042,8,0.08442798875213552,0.009388879852729027,0.7252175253302457
s020,s043,8,0.03500233411079578,0.3094539790294229,0.6719860571545935
s020,s044,8,0.02823369421818036,0.09265908700698675,0.7276015192366272
s020,s046,8,0.12342457346820272,0.0036528830910349374,0.6185983712018551
s020,s047,8,0.06495630725160237,0.020543131492990387,0.6235637647754206
s020,s048,8,0.035800845525883425,0.060625389188063476,0.7598497738171147
s020,s049,8,0.052645178391699396,0.052730661430133136,0.559083456739932
s020,s050,8,0.10848647609388698,0.034019428602915784,0.5088077188753135
s020,s051,8,0.043428868538567915,0.015839184464498765,0.65250640213776
s020,s052,8,0.04651366130134687,0.0007032378124817056,0.2999237447117557
s020,s053,8,0.055557134631060344,0.0045190997293557515,0.560014686610674
s020,s054,8,0.11102763816232289,0.019134396187119772,0.6100263947728282
s020,s055,8,0.06298485974869283,0.04617144514605459,0.7793420722644676
s020,s056,8,0.07168266226487466,0.05955535122943666,0.6984612497820859
s020,s057,8,0.27250735808525983,0.06704345521114838,0.7336706440460873
s021,s002,5,0.11355201153602638,0.35009895778339767,0.7685398057927038
s021,s003,5,0.09390789913784488,0.00024373804618647033,0.5042555472946648
s021,s004,5,0.08324509414108444,0.011013292238647715,0.49032743999500933
s021,s005,5,0.0807972411702822,0.011973290954577262,0.5909882900896171
s021,s007,5,0.11284664334623437,0.019404422870707077,0.5476819420490241
s021,s008,5,0.11500511030277981,0.0045530523443118535,0.5510261139961663
s021,s010,5,0.19002466599414067,0.1787502915151507,0.6716453725116571
s021,s011,5,0.20852475515714206,0.001971731501171612,0.3933205710764178
s021,s012,5,0.10656481419694064,0.005403164835679392,0.4406143537028891
s021,s013,5,0.12427046895323994,0.052764594256773684,0.6253164373235229
s021,s015,5,0.09977709673912097,0.0012495571493641338,0.6878235376369205
s021,s016,5,0.08388784377556606,0.05178513585565967,0.48580596895569456
s021,s017,5,0.0950858733423692,0.002918437374605546,0.6773145300377925
s021,s018,5,0.07390988078085292,0.03093255157743231,0.4855971725826471
s021,s019,5,0.07756542216499258,0.0008115276583875835,0.49899888277008053
s021,s020,5,0.0763343039872056,0.000471338877896611,0.4834434309507373
s021,s022,5,0.0720241590580259,0.013969771076696169,0.3377879453174435
s021,s024,5,0.10872002676691292,0.018469416238282396,0.6927721778083752
s021,s025,5,0.09573933895819357,0.006952035420662117,0.5016752986346751
s021,s026,5,0.18468848274215155,0.09469127193937875,0.7182030636028204
s021,s027,5,0.08329602323757083,0.031445506973941204,0.5715071506886864
s021,s028,5,0.1501379472870274,0.01600159999902013,0.5947016903725074
s021,s029,5,0.10167693346722155,0.0019506001058435256,0.6162763555513913
s021,s030,5,0.14148846688799105,0.00011767544236266172,0.4896467620468982
s021,s031,5,0.07874196019362152,0.008251812661081949,0.5896041547806344
s021,s032,5,0.22070817096671533,0.08458236175760044,0.6435957789917873
s021,s033,5,0.08474080184521919,0.10598485658545068,0.562627721898138
s021,s034,5,0.08393079973025941,0.06636509562155835,0.4869802763481266
s021,s035,5,0.08210294294777433,0.021659630222894265,0.6702083085163547
s021,s036,5,0.11650525797705437,0.0007789310294458933,0.227614657253021
s021,s037,5,0.0860553791104734,0.02746117755118556,0.5470837074987678
s021,s038,5,0.09393131550555787,0.0001802473604064774,0.5644990868486879
s021,s039,5,0.1101975050062357,0.0028707424408240907,0.6524618298736198
s021,s040,5,0.11214898966052446,0.02297309996536685,0.47608739789134213
s021,s041,5,0.15760979408439377,0.07625259997386542,0.6163924423977575
s021,s042,5,0.11770025332200774,0.010245697117184878,0.43401651822476955
s021,s043,5,0.07359396478161884,0.04982640649660463,0.47530933779040024
s021,s044,5,0.09105201969330944,0.005000570128944659,0.6188100525573608
s021,s046,5,0.15081036922846597,0.00270472313775784,0.6779525990268294
s021,s047,5,0.13555999404409236,0.011333022882462906,0.3858001018534444
s021,s048,5,0.09587657961547838,0.009041543221678005,0.5380490893759294
s021,s049,5,0.07642783647294336,0.046730824037838896,0.6454126592966681
s021,s050,5,0.0838093980736779,0.0023999939710904607,0.6103073914159188
s021,s051,5,0.09846947016106332,0.040575065942706906,0.6616271607033055
s021,s052,5,0.10053491890448168,0.04967300270639311,0.5277574979713421
s021,s053,5,0.12545291939643335,0.0894192558636154,0.7186056009472711
s021,s054,5,0.14444485734591428,0.06978243678250257,0.6117970843115138
s021,s055,5,0.12059581495645438,0.02104968993325045,0.5553090454480363
s021,s056,5,0.1469735121782065,0.017695286002177284,0.5266469130688453
s021,s057,5,0.10740273197413928,0.1098049328743405,0.593320712433495
s021,s002,6,0.21955193044688498,0.08476454376336949,0.6705261616280791
s021,s003,6,0.1394119054549593,0.03481911523398507,0.6036873530875109
s021,s004,6,0.254312485682329,0.0022095899424935403,0.6851325871804835
s021,s005,6,0.23360581758545804,3.906662373295307e-05,0.6430860080794342
s021,s007,6,0.11385066634185712,0.006632521361214875,0.5676768042614595
s021,s008,6,0.26179292193430564,0.001886206874331181,0.6583233108463162
s021,s010,6,0.3259574798947047,0.1031772719168164,0.7399403906686349
s021,s011,6,0.2742022406352358,0.015036911288499391,0.5860876954109113
s021,s012,6,0.18467852582545136,0.04411516326079222,0.6199692144151481
s021,s013,6,0.1448945328249715,0.027906716549080227,0.7515369207654141
s021,s015,6,0.1573114201382368,0.0005153706821511658,0.5771377307032713
s021,s016,6,0.15059530079359407,0.0970784096835674,0.5914759126069435
s021,s017,6,0.16827360727404936,0.05135031979583413,0.7256299705372892
s021,s018,6,0.345410321318063,0.1338217995909918,0.6340489329600232
s021,s019,6,0.1255200301600277,0.06872117248131165,0.5639352646943467
s021,s020,6,0.264218526854849,8.88142006823757e-08,0.6347545278054427
s021,s022,6,0.12704928812785576,0.08165850517372879,0.5751401198142735
s021,s024,6,0.10206006639715036,0.07873975039961231,0.6472888139434905
s021,s025,6,0.12632000632222695,0.003903292110669347,0.6287467467629666
s021,s026,6,0.2371804413752028,0.010148314034270573,0.6471103838051132
s021,s027,6,0.15328764719040708,0.040765581194983386,0.5987356131510259
s021,s028,6,0.17788146729265586,0.036350252186658195,0.6666233112418908
s021,s029,6,0.17761389693950522,0.13695556879132165,0.7478303366746853
s021,s030,6,0.2182947920764306,0.019192607670450626,0.6207254235666004
s021,s031,6,0.16279061687997468,0.003307957558790892,0.6421881817659246
s021,s032,6,0.54098020898989,0.1267673512918392,0.7580601588300717
s021,s033,6,0.17259401905913535,0.06907020706256571,0.6473540313547753
s021,s034,6,0.21859066511420217,0.004145855458705773,0.5002611412969991
s021,s035,6,0.13245890246561987,0.04247730058738444,0.5089845584851286
s021,s036,6,0.26687970048080306,0.0277724132601211,0.4620864263000614
s021,s037,6,0.28864169849951965,0.00623954358299717,0.6342384071259147
s021,s038,6,0.1699869817040803,0.0006721464198355654,0.5313497859295154
s021,s039,6,0.28711258515407234,4.764795555887501e-05,0.5278413615052333
s021,s040,6,0.15358224480097338,0.010695802799713456,0.4996837578526013
s021,s041,6,0.2249076540403603,0.02554160036644185,0.693132974506996
s021,s042,6,0.15956603206721823,0.010511281918257497,0.6350636070261749
s021,s043,6,0.1366676890503292,0.010160230329264242,0.4880044775441304
s021,s044,6,0.22614546935140895,0.0045801585183007885,0.6642921227659392
s021,s046,6,0.34956963635540883,0.0011272132879702706,0.6951675975088445
s021,s047,6,0.15483505447933907,0.16968344001402105,0.5978058414349845
s021,s048,6,0.08951793741862552,0.0011448941706068607,0.6341331545762957
s021,s049,6,0.22205419724572725,0.14031296412930286,0.6003595204952936
s021,s050,6,0.09469624168404067,0.12090582931192337,0.5834285403434036
s021,s051,6,0.36118433830718455,0.15021002766045555,0.6748297214663779
s021,s052,6,0.1538830717487333,0.011137605077142882,0.35920575376682945
s021,s053,6,0.18620504923135,0.18003252365618747,0.698827090449483
s021,s054,6,0.20282647296351136,0.04143328654479258,0.5904089432141144
s021,s055,6,0.1795512624716179,0.03245475986792618,0.6075011574271957
s021,s056,6,0.25106318634361735,0.10718212469759299,0.6275979551305179
s021,s057,6,0.21107778601076502,0.11860466425971042,0.791867402046138
s021,s002,7,0.13765063305228448,0.02344087191504097,0.7290221381289157
s021,s003,7,0.18666558535087083,0.004889035862634134,0.538441756534647
s021,s004,7,0.1054250807235771,0.00485914676440685,0.5820685238920389
s021,s005,7,0.10626134901614194,0.001079635830424188,0.6924637860848445
s021,s007,7,0.12044943658468098,0.0009544788473272961,0.6386454713136827
s021,s008,7,0.07776236281834296,0.03055802805380045,0.6280802889582902
s021,s010,7,0.26064264083853494,0.15296733605847385,0.8655232015309843
s021,s011,7,0.11713556332336067,0.0020245310160203157,0.44325701614778007
s021,s012,7,0.10827398408562738,0.0017625654513834773,0.5318279357935335
s021,s013,7,0.13713564920376134,0.031130556576872758,0.6645074690675102
s021,s015,7,0.15551907818175717,0.007291931995330533,0.7414763630543232
s021,s016,7,0.09402592091912275,0.10935841954125433,0.6787086673055563
s021,s017,7,0.10644563786369345,0.01967928947099754,0.7128690382004602
s021,s018,7,0.12413179152811803,0.16173551939634695,0.5674596561917908
s021,s019,7,0.08860334633800274,0.005726115493315615,0.692669865110461
s021,s020,7,0.0847407662538814,0.009002508063499684,0.5888341795628266
s021,s022,7,0.08590545852598175,0.0583716696392623,0.4479667562471582
s021,s024,7,0.09064703552704635,0.010931363357863039,0.6837819316096116
s021,s025,7,0.1570662125018299,0.003651508243690453,0.6134909169725274
s021,s026,7,0.14712315834054904,0.004208821255107273,0.6324430931658169
s021,s027,7,0.09659655054028146,0.03279160550629822,0.5218088413960107
s021,s028,7,0.19453578821087403,0.00456306221383485,0.7362717312871435
s021,s029,7,0.16100372055582313,0.0851414321915949,0.7739571023553722
s021,s030,7,0.12275513533874549,0.028511601042590304,0.48629347198118583
s021,s031,7,0.07671863167914861,0.008235815363344268,0.5909099003183843
s021,s032,7,0.17835683471974006,0.11188554440571878,0.6915415473428683
s021,s033,7,0.08885896960836222,0.11448751062587248,0.7831321256425396
s021,s034,7,0.0913797276042571,0.003010975207667612,0.5379701428788399
s021,s035,7,0.17954669416181898,0.06005437320243911,0.6760991807284911
s021,s036,7,0.21073670424083485,3.9906553470299594e-05,0.3455737458564513
s021,s037,7,0.12450629215163599,0.007532660048117054,0.6048234644107
s021,s038,7,0.1158607152244529,0.00668362249021055,0.7050335133903122
s021,s039,7,0.11939987849599304,0.03206702572558274,0.7140881727751217
s021,s040,7,0.10055958543525735,0.18143578321915385,0.6068302281264656
s021,s041,7,0.22172288843071564,0.08006895159202702,0.6947344386612724
s021,s042,7,0.13087405287117235,3.1874242429345003e-06,0.5926347846730925
s021,s043,7,0.09717712815590213,0.020578857520430066,0.49532757934467053
s021,s044,7,0.16733608220850013,0.0016283699822629357,0.6837348605790826
s021,s046,7,0.3697025658431938,0.02782180501809077,0.7889064472536417
s021,s047,7,0.16162717786828026,0.1934817090675654,0.6169960614636399
s021,s048,7,0.09737656610982595,0.13135158775092245,0.6679199532365312
s021,s049,7,0.12587061541576755,0.038528727393203836,0.7082902018957461
s021,s050,7,0.09951639628016433,0.005787747624489036,0.6919171172523012
s021,s051,7,0.13755863346429684,0.07455334181773923,0.7241419289185654
s021,s052,7,0.09654292890264823,0.0009999262686811294,0.6695700818454207
s021,s053,7,0.0994043729705945,0.012453331559856147,0.7834026584922097
s021,s054,7,0.0782998430070442,1.380279618168974e-05,0.7764651011392698
s021,s055,7,0.16796709982110983,0.11307654324368976,0.6183016205218829
s021,s056,7,0.17808027184212105,0.0904812414224413,0.5718129383206484
s021,s057,7,0.1268011067618417,0.054725231689479466,0.6147372251582199
s021,s002,8,0.11764650889145345,0.026308603285956286,0.6702871501328236
s021,s003,8,0.2246981225454719,0.0016232895141175892,0.5564598754642208
s021,s004,8,0.12899191334204918,0.06201578097942955,0.6387452340237013
s021,s005,8,0.14449259689606528,0.0009054171976256747,0.5907393179581719
s021,s007,8,0.17172949307597637,0.0002866506440242361,0.518407185105279
s021,s008,8,0.15876692967115352,0.0013398126812558479,0.48445760503138063
s021,s010,8,0.3112886561364281,0.06609532226148804,0.6575366807335506
s021,s011,8,0.09849392343021861,0.026159927106333768,0.4815514205635244
s021,s012,8,0.1370657770180791,0.007489985256646007,0.4836258830848657
s021,s013,8,0.1396377597872153,4.314560711551324e-06,0.6890928629004385
s021,s015,8,0.09911694038413915,0.001074778866512381,0.554167226265079
s021,s016,8,0.13292685369516932,0.03538564369779595,0.47914676696520325
s021,s017,8,0.300492256913018,0.00034736848061682073,0.6536716067007357
s021,s018,8,0.12569924472959088,0.03809351193471555,0.47710582913373545
s021,s019,8,0.13637474533182162,0.0015369533809635229,0.5460750316901212
s021,s020,8,0.11707317630188159,0.0009426332250428867,0.4945337978131375
s021,s022,8,0.09229386978680464,0.009174662567501029,0.36674961968628994
s021,s024,8,0.11562653082432599,2.6218368608652043e-05,0.5531546753878858
s021,s025,8,0.13174008613972069,0.03164423014072249,0.6311517148861591
s021,s026,8,0.1812215607801231,0.028076129620935836,0.6718258206456289
s021,s027,8,0.12893088856554288,0.023857020365687234,0.6131685831626339
s021,s028,8,0.1829000788853238,0.010031478261801698,0.6053027928548618
s021,s029,8,0.1432484360709268,0.05564808038727292,0.667917231463798
s021,s030,8,0.13239513740244716,4.7685587284001684e-05,0.5623350546965301
s021,s031,8,0.09931727833160214,0.01086958067148691,0.6237323982546163
s021,s032,8,0.27647924852033906,0.04426007526169412,0.6648455867282208
s021,s033,8,0.05285542355299215,0.07115603401295874,0.6395989166412974
s021,s034,8,0.11969601819653758,0.02672435309667169,0.5641226287386397
s021,s035,8,0.11193122194459516,0.007473752549976435,0.5162862495461391
s021,s036,8,0.2796778546900433,0.006781812490027485,0.25813715384032576
s021,s037,8,0.3589627934558388,0.030853352273939545,0.551996121752474
s021,s038,8,0.1035747085631512,0.014891006931392316,0.4573349865855999
s021,s039,8,0.14331802009033837,0.058470571663130196,0.5199973512315551
s021,s040,8,0.07060175925430451,0.009476932705586454,0.41183446645678257
s021,s041,8,0.11659947057434175,0.09255286588005021,0.5890756281668728
s021,s042,8,0.18976364991464115,0.006731869521968354,0.6282674403413189
s021,s043,8,0.15195792604237252,0.0002713034226228357,0.34552201768701224
s021,s044,8,0.0766994191830723,0.0003401880324877613,0.5529504216971312
s021,s046,8,0.17903973665876374,0.0002751390156832226,0.7009059083806927
s021,s047,8,0.1881905003795674,0.15090042801996945,0.6309733509734402
s021,s048,8,0.07329678889877762,0.038359957139119015,0.5174233231178949
s021,s049,8,0.09007290746992623,0.005621543262740666,0.4859948863476282
s021,s050,8,0.232372691839417,0.056596561147367414,0.612004524385628
s021,s051,8,0.15209206175419646,0.019546627984731186,0.5411681080172287
s021,s052,8,0.07381464802498841,0.0003853551714035864,0.36574796020005984
s021,s053,8,0.1388999695559933,0.11116817409301662,0.6144574969517647
s021,s054,8,0.12803326042947047,0.013505035413975219,0.5790728919843317
s021,s055,8,0.2593303768648693,0.014293396543940089,0.4450664835313624
s021,s056,8,0.1278206063368259,4.6886602638482276e-07,0.5240808829102113
s021,s057,8,0.19657423875978933,0.10133509868869105,0.6195004573675437
s022,s002,5,0.024816744088102523,0.01573858776128717,0.5290767225435978
s022,s003,5,0.036027032407417156,0.21634856956657753,0.7493612878970596
s022,s004,5,0.04005657023194362,0.14491222543474006,0.57357195154373
s022,s005,5,0.10605407691408042,0.016526257896822043,0.686858762768773
s022,s007,5,0.06573208937342011,0.0018912142588564226,0.6364488031278123
s022,s008,5,0.03470403841518493,0.15200142656631435,0.6277093505929322
s022,s010,5,0.1062342033968489,0.0017574202125205272,0.5843384732498434
s022,s011,5,0.028133122854556,0.13859097888742755,0.8424215113737394
s022,s012,5,0.028960173349652316,0.3942221068752813,0.845691724177631
s022,s013,5,0.096519695738771,0.12319821554388215,0.7682830512345038
s022,s015,5,0.05030335784120986,0.020297210386046757,0.5677881006786365
s022,s016,5,0.21281025752019858,0.38291436948840096,0.7363173668342609
s022,s017,5,0.09955947966367712,0.07415894198882046,0.7239018476948244
s022,s018,5,0.05320262587717136,0.1817787854540395,0.7235110972251192
s022,s019,5,0.2453078925623844,0.015213712188746741,0.6891758162713766
s022,s020,5,0.033546128874164825,0.1030169804662862,0.8229724360910137
s022,s021,5,0.13874931129864457,0.017695456008469584,0.5438348290153571
s022,s024,5,0.12445009866970629,0.10628012769559611,0.6532725935275945
s022,s025,5,0.17628856538225005,0.002859082544594432,0.6843384847644061
s022,s026,5,0.15709157465162873,0.044853663027486786,0.5242232628950586
s022,s027,5,0.05531122533381182,0.015731024326562728,0.41328720531246954
s022,s028,5,0.08997497338848887,0.0028238376122261535,0.709540273289101
s022,s029,5,0.14949135445761733,0.00419258351593878,0.6800370537489259
s022,s030,5,0.0962400257795056,0.014645135008952755,0.6284472629000465
s022,s031,5,0.09892332613263226,0.004114831534075753,0.5282170281663889
s022,s032,5,0.06332436023124942,0.22697210591237418,0.7614157451311099
s022,s033,5,0.07631640488307677,7.823886837827196e-06,0.5651564320795437
s022,s034,5,0.04073589762691618,0.1108202687663742,0.6160792167259584
s022,s035,5,0.18795733850458188,0.0026506170371855355,0.4263582481165052
s022,s036,5,0.1377966852435857,0.2256436498534293,0.7912344891675449
s022,s037,5,0.046608175350734395,0.05083050499654159,0.575145694036194
s022,s038,5,0.12720961861641272,0.00023518292156596608,0.5290889041716621
s022,s039,5,0.10683818693551457,0.0010679404752226337,0.4276505245022222
s022,s040,5,0.20324585860679442,0.005687444134241643,0.4418735122434034
s022,s041,5,0.06982584850323689,0.020340979259095417,0.6893720781882748
s022,s042,5,0.1014300542780801,0.003377719109244582,0.57234517196501
s022,s043,5,0.19389974507970523,0.18124513861510527,0.7853956551657288
s022,s044,5,0.11727471824155297,0.042958678784358884,0.7321702595694167
s022,s046,5,0.09813229424016907,0.019520093890591922,0.551762201626418
s022,s047,5,0.12045132981585592,0.00783490631770422,0.4737910788440525
s022,s048,5,0.036545038284051916,7.839138069220157e-06,0.7146171098068638
s022,s049,5,0.17302002964727753,0.20562387254286393,0.7123758842583874
s022,s050,5,0.06183225403418884,0.013486963141886379,0.5553174734464843
s022,s051,5,0.06473281597891563,0.009378407333132622,0.6215184643806025
s022,s052,5,0.13061264348187457,0.03273849309308954,0.39841695499712304
s022,s053,5,0.06453636711497947,0.03608408062372729,0.611643778195571
s022,s054,5,0.09700531754727613,1.6842367910704404e-06,0.6823566295921232
s022,s055,5,0.048482463069432574,0.21765595858358588,0.780613407262527
s022,s056,5,0.03252480300348836,0.08961517033275794,0.7146980442250032
s022,s057,5,0.03846053327937672,0.15045111292512728,0.757168994527279
s022,s002,6,0.025186293581072976,0.00015508225193921582,0.6089802625535503
s022,s003,6,0.0409467414952006,0.1834573506740969,0.7905676632581947
s022,s004,6,0.03398986372808744,0.11706522407649454,0.6565176077024417
s022,s005,6,0.08980276699627383,0.022055881042737605,0.6672498806636579
s022,s007,6,0.0769517639276478,0.008561839841762477,0.5875274641542096
s022,s008,6,0.020942564900788448,0.09823387375469829,0.6846431135715637
s022,s010,6,0.08537346754062645,0.0009581084552207886,0.5484882169724055
s022,s011,6,0.028914080673831354,0.19873507027370685,0.859396383635956
s022,s012,6,0.023769006860725632,0.30158151215487017,0.8666131694676952
s022,s013,6,0.05966683140679553,0.14682209843916877,0.7604325080997095
s022,s015,6,0.03333793836817406,0.009294259535761448,0.5169151029586584
s022,s016,6,0.15277470278728525,0.2849245100775153,0.6777567596037742
s022,s017,6,0.16727059564694816,0.04713969522008508,0.7443477199245533
s022,s018,6,0.030422771659131067,0.23407022359139337,0.798705663896112
s022,s019,6,0.179034931783141,0.0032188551163505556,0.6628351268469126
s022,s020,6,0.05327542026444448,0.21255765897464587,0.8281280742223295
s022,s021,6,0.09883464956677615,0.025842665322357263,0.49922192739342064
s022,s024,6,0.17361847197743863,0.035283689553818165,0.6650883187758717
s022,s025,6,0.10666598881075103,0.01027025674142855,0.6948825144745153
s022,s026,6,0.0757887176575182,0.0007941869333456803,0.46817517227242644
s022,s027,6,0.03662212908206126,0.04922966845813525,0.5048160414779338
s022,s028,6,0.08948272646526306,0.013097493953186018,0.6775438235489962
s022,s029,6,0.10132427666530999,0.003590105411076869,0.6361343255864257
s022,s030,6,0.06886002098774702,0.04353362985501825,0.6265138869219382
s022,s031,6,0.12070257782937828,7.293279527291717e-05,0.6131086867438273
s022,s032,6,0.06721513203178725,0.22630722674903123,0.7754716063940663
s022,s033,6,0.05654376132731462,0.011469471277669728,0.5231515701284358
s022,s034,6,0.04620503364166902,0.07755125228062416,0.7078472283186895
s022,s035,6,0.20912734559124824,0.0018225021025450202,0.4410007007067442
s022,s036,6,0.1773505447260961,0.35330848526874287,0.859442627625202
s022,s037,6,0.082303166079055,0.056324529226516394,0.5662764325912515
s022,s038,6,0.08877548271875726,0.0004605441167428747,0.49267712136380354
s022,s039,6,0.09827744077471473,0.001952138497796289,0.3644982318583553
s022,s040,6,0.168005423990046,0.0004895259553475341,0.4460019004796076
s022,s041,6,0.03574244101271941,0.025114422807312554,0.7126376843245235
s022,s042,6,0.0875922854947412,0.00397640206229029,0.5795823538716175
s022,s043,6,0.3246555975190574,0.34295108102298205,0.8033530398547277
s022,s044,6,0.07377314298112572,0.08701657715013951,0.689126540346216
s022,s046,6,0.10554505491871027,0.013303201784289885,0.5573346767577791
s022,s047,6,0.06974916881911856,1.2119857134345353e-05,0.48812928366361635
s022,s048,6,0.027686356191000152,0.00012174149515558213,0.740673790572267
s022,s049,6,0.09902622031231471,0.11826155119422671,0.6562079064449389
s022,s050,6,0.0632120568902306,0.0019711121243833753,0.4610260046224881
s022,s051,6,0.2394038739311274,0.013377057913767839,0.5825408766738239
s022,s052,6,0.09933105871369148,0.03794975604244944,0.3440585552034821
s022,s053,6,0.042760487475473626,0.04676768253730975,0.5807407990019707
s022,s054,6,0.06458372487277386,0.001430564391846958,0.6260296272008405
s022,s055,6,0.050018353982926346,0.18728131418780286,0.800564386577166
s022,s056,6,0.03254057510579823,0.11266438747875424,0.7300515721105073
s022,s057,6,0.04387066515653944,0.1953029784704941,0.7911908563293488
s022,s002,7,0.07619957449169523,0.016721825141548657,0.590255615043471
s022,s003,7,0.060475948368810165,0.06567664063942516,0.83183570260614
s022,s004,7,0.03828463883483911,0.0926633825001206,0.5807227353687965
s022,s005,7,0.18919823662922558,0.022342314253136576,0.5295173786942412
s022,s007,7,0.09753760286093997,0.04226662927363922,0.5377544240361569
s022,s008,7,0.03128019338457575,0.023756730879179757,0.6818331827705538
s022,s010,7,0.1379984132489796,0.024842772732059946,0.4606863961381764
s022,s011,7,0.03495115179404548,0.148217585142006,0.8747018508785772
s022,s012,7,0.024664641256321618,0.31107290495148116,0.8412371979034214
s022,s013,7,0.09441789459658749,0.07519538588217928,0.7322930290716958
s022,s015,7,0.04592060251477821,0.010871419081908402,0.4037640334130688
s022,s016,7,0.08064287950339641,0.04035588574504102,0.5123961277150527
s022,s017,7,0.233637787510932,0.05017884849764963,0.6876306763759654
s022,s018,7,0.03770178741810726,0.2200067067339084,0.7832824317379617
s022,s019,7,0.18549157685082707,0.01007846588015086,0.4671168945041905
s022,s020,7,0.042528626243295134,0.19861040958069173,0.6626013332330162
s022,s021,7,0.03827209740795691,0.00032470239642505967,0.41125929264772015
s022,s024,7,0.20674347366462797,0.06307879668547861,0.6858663503456297
s022,s025,7,0.08275681130315252,0.011948276340630863,0.6285078334718396
s022,s026,7,0.0787929123798037,0.04548802146479957,0.49920959356358396
s022,s027,7,0.05752005142982695,0.07592792135148194,0.4294194264741353
s022,s028,7,0.11885867836739378,0.015884901525495366,0.6450451515269248
s022,s029,7,0.16427836235771,0.03270987191727904,0.572078115816038
s022,s030,7,0.06470589779201724,0.05957735737562446,0.6849635172162618
s022,s031,7,0.11868220506912641,0.03699248525958997,0.602938023201673
s022,s032,7,0.06653645480739698,0.04992654815499762,0.7078648155547186
s022,s033,7,0.05474006550826817,1.550223806894865e-05,0.4217328899115505
s022,s034,7,0.03853651585569849,0.11670690218853204,0.7326879615054309
s022,s035,7,0.22541023529748214,0.013007732436274148,0.47546497170650187
s022,s036,7,0.1396960851824151,0.3717128906905382,0.787603360690841
s022,s037,7,0.03425049726974834,0.13382191028706683,0.6246772512319373
s022,s038,7,0.12277621846855573,0.017882904263544313,0.592851732182486
s022,s039,7,0.1709234498386984,0.031221992095469216,0.4086609024541574
s022,s040,7,0.044916029059517235,0.0011776159945026535,0.5263290421152195
s022,s041,7,0.06732618839357497,0.07469979311339447,0.677245658477319
s022,s042,7,0.13988070797325086,0.04022280281077147,0.5770776607837634
s022,s043,7,0.24643554507308502,0.47674452036776815,0.8075894844152587
s022,s044,7,0.09355560096481352,0.11675293149310206,0.6957065046830646
s022,s046,7,0.24715753682894673,0.0010301819265256392,0.44404629593808287
s022,s047,7,0.09632188191849944,0.028795057136103586,0.4256942928031866
s022,s048,7,0.028195053516118517,0.06668017685218955,0.5792455737152781
s022,s049,7,0.05538152743723281,0.030348439038732772,0.5236289320352506
s022,s050,7,0.08215333660246894,0.00019054860340395743,0.5347430527664228
s022,s051,7,0.09965826202447109,0.019648427137527444,0.467954046627416
s022,s052,7,0.17898494240402366,0.03781600561572602,0.3131057302457982
s022,s053,7,0.06403247428698912,0.0022716020490860544,0.5124815253217394
s022,s054,7,0.11268419685538608,0.00010876421979399682,0.6147115199867188
s022,s055,7,0.07714505381266534,0.15782615107252493,0.7096746682865238
s022,s056,7,0.03669987209939973,0.13525847217006123,0.8101877710670307
s022,s057,7,0.03703719850641097,0.20497419977009357,0.7547164275665021
s022,s002,8,0.05889708006332549,0.007529142593892698,0.49281296308841316
s022,s003,8,0.06312886554532474,0.15066185017966188,0.754464963479528
s022,s004,8,0.07378319833504439,0.05967711681234298,0.49081645042573085
s022,s005,8,0.22977036016207392,0.061535558468312886,0.49102416848106406
s022,s007,8,0.14539757158297617,0.05675428057621455,0.502726101730163
s022,s008,8,0.03564713192811222,0.06516276663051798,0.6499689448969952
s022,s010,8,0.0816085578982383,0.0031889441665409646,0.3713526273905104
s022,s011,8,0.035411627586057697,0.26918001365663907,0.8507525124194808
s022,s012,8,0.03100170707507672,0.36624427952211613,0.8368631236620387
s022,s013,8,0.0872521924208407,0.09970659045959536,0.6664052731879315
s022,s015,8,0.06325716329319182,0.02196719612723161,0.3890884821603927
s022,s016,8,0.12544469501831837,0.08569456941990751,0.5181172748514546
s022,s017,8,0.2968465175171446,0.04642503969453997,0.6658879300612713
s022,s018,8,0.04984527673536085,0.23404773958485442,0.7420790221884874
s022,s019,8,0.24669269894975626,0.060425647772414645,0.44465232610892724
s022,s020,8,0.05244771637805754,0.220606766121991,0.6894481429107988
s022,s021,8,0.04674563042361574,0.00043451551785641076,0.35962419807971474
s022,s024,8,0.1792194207296924,0.03388979236608464,0.6294736409909744
s022,s025,8,0.131116589642866,0.0667025527532519,0.5512982712009215
s022,s026,8,0.17685683262726265,8.289131731899937e-05,0.4030850975564361
s022,s027,8,0.06967740987302823,0.024925059640223454,0.31458431141093074
s022,s028,8,0.13449442342587586,0.03570560680410628,0.5539127268994569
s022,s029,8,0.18119562619704793,0.05404839374658058,0.5150095741105665
s022,s030,8,0.07438204975425068,0.07061130820680014,0.5553705828900629
s022,s031,8,0.12171524255626333,0.03453541934040058,0.5074240768369956
s022,s032,8,0.09966126524099596,0.071003471008138,0.6743955307418007
s022,s033,8,0.06595945009340536,8.375413846091223e-06,0.3581227100232775
s022,s034,8,0.052210196418331196,0.15193169580120675,0.6311173090705916
s022,s035,8,0.27932683521612656,0.00015502447273484966,0.3554917575947484
s022,s036,8,0.22852171384504383,0.5152481661128884,0.8493773715169148
s022,s037,8,0.05114684803330959,0.13764595637113786,0.5303077885832577
s022,s038,8,0.14646871924181468,0.027090347405779293,0.4595707717952977
s022,s039,8,0.10063501854307641,0.005621335763763788,0.30572240320168254
s022,s040,8,0.07421646550517465,0.00022067786919300798,0.44261028656210477
s022,s041,8,0.07582948970917398,0.09684680772945613,0.618445572229153
s022,s042,8,0.12264608396075102,0.03871279963173621,0.42355696515144975
s022,s043,8,0.2832761096661565,0.47311380111821805,0.807487705167545
s022,s044,8,0.12109109294716956,0.08217862368971672,0.583469752673288
s022,s046,8,0.19745042573378346,0.011020078925630773,0.35348516791283185
s022,s047,8,0.13639676491551844,0.00326566572029149,0.28938423301924604
s022,s048,8,0.03437041814689952,0.08236993077892855,0.6056571090909606
s022,s049,8,0.09560846003279322,0.08389452726451312,0.5055456702872658
s022,s050,8,0.07612638123147848,0.00988254620137038,0.3732186672126787
s022,s051,8,0.10452565417668096,0.043298599253990634,0.4839827519334382
s022,s052,8,0.13891729913746254,0.006886727310082573,0.2609913696855739
s022,s053,8,0.0878655530937814,0.031817515892408096,0.48137028560684303
s022,s054,8,0.07938386988513207,0.02432767863071507,0.5325979498014224
s022,s055,8,0.11504495644189335,0.2588628684111825,0.7244541546970424
s022,s056,8,0.03522461669556037,0.20184058002403268,0.7235224384926334
s022,s057,8,0.05906455285077027,0.258915076688783,0.7329743233998138
s024,s002,5,0.17808922031635413,0.13772493104545325,0.6908997205214328
s024,s003,5,0.04648019281784131,0.02788311248756022,0.7749087059383009
s024,s004,5,0.11007302255923697,0.06368148060079805,0.5297580672356234
s024,s005,5,0.09276265583135036,0.0009283612302035942,0.610499488389696
s024,s007,5,0.1470854385773281,0.006528929255298582,0.7735918165863652
s024,s008,5,0.09364357046547754,0.018360856392279752,0.6421925929194023
s024,s010,5,0.17167229612784934,0.021567059177232086,0.563749811623446
s024,s011,5,0.06833365944830605,0.028103362022610864,0.5491277210275616
s024,s012,5,0.047952418250413666,0.057401392076666495,0.5702171069584817
s024,s013,5,0.14025369678962407,0.004336984158174764,0.7086297108579501
s024,s015,5,0.13132415921296073,9.067343141610557e-08,0.7119436985342196
s024,s016,5,0.14063444402037303,0.004900849972999467,0.49360155685322327
s024,s017,5,0.15815687497268255,0.00989163458778718,0.7855360269157546
s024,s018,5,0.09329899880000017,0.027791965040787677,0.6442294175239017
s024,s019,5,0.13067498031286784,0.043790238564901086,0.571240972279425
s024,s020,5,0.06222537907132786,0.1089585972359271,0.5735067359727991
s024,s021,5,0.17209982260469728,0.0001464347184240481,0.7271183334736269
s024,s022,5,0.24853534675187558,0.04793214186416066,0.524804271035566
s024,s025,5,0.18379260459407853,0.01889981209314279,0.6651148278204976
s024,s026,5,0.1418293580276719,0.008010942350290064,0.6329345285458174
s024,s027,5,0.1980150508943184,0.02842928034475842,0.5591083036734962
s024,s028,5,0.3592447825870175,0.043340585229251924,0.611475000620338
s024,s029,5,0.22372969100262913,0.02600042157478681,0.6878874018231029
s024,s030,5,0.08708304670328997,0.012902157707354912,0.5205044147266339
s024,s031,5,0.08989147561847588,0.04494795312532233,0.5668050970686133
s024,s032,5,0.06995882335969811,0.02465528577740267,0.6763660229656779
s024,s033,5,0.07248092176296606,0.021832026996205466,0.4517440756364393
s024,s034,5,0.08126292475828314,0.0032489621550901536,0.6300420156193729
s024,s035,5,0.12065055238272651,0.09006185130835288,0.7340309105164041
s024,s036,5,0.1755662348230246,0.027308140868805432,0.4035022124099628
s024,s037,5,0.08924526129647546,0.027636046200528584,0.6396541831312642
s024,s038,5,0.07696887922734547,0.04126172921365405,0.6189033029045741
s024,s039,5,0.04910839488215587,0.12346911258795389,0.643736488547118
s024,s040,5,0.10263244619957196,0.005235576823429896,0.4701261896962453
s024,s041,5,0.06717173764016789,0.003949781951205573,0.5951594407017637
s024,s042,5,0.13322996605873708,0.0011392608042223669,0.6801092072934575
s024,s043,5,0.0920670515624858,0.19232439760457434,0.639811101136075
s024,s044,5,0.2450339754729862,0.14065728190905102,0.7203348190677598
s024,s046,5,0.05349603907640883,0.08579409427833792,0.6904185786046196
s024,s047,5,0.1409109685754553,0.013597459965981504,0.48310847203991375
s024,s048,5,0.05590140556862282,0.010356998141196653,0.6547223764592268
s024,s049,5,0.08781704166351582,0.003926652863944737,0.5989344591603794
s024,s050,5,0.13700567668611488,0.0023198192434459373,0.6215632608809892
s024,s051,5,0.17705397830370478,0.006146112776987625,0.6723408805317865
s024,s052,5,0.0869784364477109,0.017198307130439062,0.4620631610684407
s024,s053,5,0.13261412314143986,0.013524985222717759,0.6248155564001717
s024,s054,5,0.05176412857998801,0.00022844581185947006,0.7269201291943485
s024,s055,5,0.104309778950324,0.007895312144159046,0.6968987273538351
s024,s056,5,0.07474099681543102,9.532013686879724e-05,0.6091124764215141
s024,s057,5,0.12148214904572534,0.0065721484216869006,0.6097910783116058
s024,s002,6,0.10486296442818491,0.031833252583228035,0.7103678518661705
s024,s003,6,0.011645198685708232,0.047565376115962926,0.6919703719395015
s024,s004,6,0.010776472026464569,0.017249195042923653,0.5920268764214071
s024,s005,6,0.022990198321763602,0.0005502679552395778,0.6193789398176094
s024,s007,6,0.05134361897179064,0.003285381858444101,0.6747875998665681
s024,s008,6,0.008157282626684671,0.08323156827962727,0.7066477358553489
s024,s010,6,0.04123456818223598,0.0001776967928287751,0.5797761970421963
s024,s011,6,0.011559103034770616,0.048960450122621714,0.620026993782395
s024,s012,6,0.006651451302876545,0.09876885578116246,0.6920205823845441
s024,s013,6,0.03100577362102155,0.004615973708957895,0.6681379712292262
s024,s015,6,0.02441628002484387,0.01963802463224328,0.5746599787980762
s024,s016,6,0.032991378572778854,0.038713799898759386,0.4377710339637741
s024,s017,6,0.057161931189704654,0.13957996021618874,0.7440190480009742
s024,s018,6,0.016656165306240908,0.01387326640892319,0.6687627164986841
s024,s019,6,0.03117601998783302,0.05041433447363773,0.5958045393672032
s024,s020,6,0.015488777800742365,0.03372833844665626,0.5996984951635788
s024,s021,6,0.014749138355607578,0.006475669596554921,0.6880388002160585
s024,s022,6,0.05475962301067404,0.06438174628523147,0.566943210587338
s024,s025,6,0.0262778630845507,0.007603770561593672,0.7421834797431828
s024,s026,6,0.07135157126492694,0.007213369965122811,0.6439299301233594
s024,s027,6,0.022772591837482477,0.00138874117680619,0.588283832259502
s024,s028,6,0.04891705584604487,0.013454275863649294,0.6411740566408095
s024,s029,6,0.048090790188604994,0.010019442140690763,0.6764421505567598
s024,s030,6,0.017502735160599074,0.042824527883550796,0.6144109299591896
s024,s031,6,0.01714878334385018,0.05550366023663129,0.6715279167479997
s024,s032,6,0.018269538711410516,0.002378277937142644,0.6859248336696505
s024,s033,6,0.011543613364864792,0.008475940166232241,0.4597391114847609
s024,s034,6,0.01896714718275538,0.042998273703744094,0.6671928718991337
s024,s035,6,0.017762811215091955,0.049803610070062135,0.7521005058012986
s024,s036,6,0.03981928219137104,0.0464725848763893,0.4747557253540361
s024,s037,6,0.01445036556951384,0.04666054936554132,0.7297668058457941
s024,s038,6,0.02292726250176942,0.00010458996808516608,0.6912085637642319
s024,s039,6,0.010938344143012355,0.048084126175761306,0.6899659432256178
s024,s040,6,0.021963193740319232,0.019861673933138257,0.5956710898792721
s024,s041,6,0.007450019174347472,0.02997865179687169,0.5888109050909289
s024,s042,6,0.020597547820114668,0.037506465254583406,0.6471563723756639
s024,s043,6,0.020186644264789368,0.1458499478091608,0.6913536721442716
s024,s044,6,0.06494350585682415,0.023193293252182407,0.8063268338187721
s024,s046,6,0.02780755188047626,0.010426125515201038,0.6673553656764103
s024,s047,6,0.025488880688830033,8.061324926075274e-08,0.5041936338918891
s024,s048,6,0.010624646989162309,0.02613977425961215,0.7491342439213686
s024,s049,6,0.020191973586474687,0.020312728167585836,0.6124705903607468
s024,s050,6,0.01749475684979319,0.024149710599461752,0.7239878225148298
s024,s051,6,0.017830576153951914,0.015917450108047047,0.6506022460520089
s024,s052,6,0.01549663368129873,0.017167481033959014,0.46439976705677394
s024,s053,6,0.025104440946650607,0.006667591897404809,0.5727415573895903
s024,s054,6,0.013708612851273996,0.0030745510179777656,0.7534761539800023
s024,s055,6,0.018951271940032256,0.07994593081474298,0.7370178103296706
s024,s056,6,0.010506804656311744,0.0010002907217329204,0.717802860397748
s024,s057,6,0.020853384289925222,2.9226781496194913e-06,0.6250441673004726
s024,s002,7,0.16353741698891203,0.062120397333358966,0.701959758314789
s024,s003,7,0.022857846021669265,0.03983555849611434,0.6126854031340004
s024,s004,7,0.04982164386143217,0.046654483175867976,0.4863398078966264
s024,s005,7,0.047452450157796304,0.0026685622626399933,0.5707725377396163
s024,s007,7,0.08514739679843276,0.003962220943697741,0.6763008170824681
s024,s008,7,0.02665575391518979,0.018345989430973073,0.6317953285608335
s024,s010,7,0.06884956167610172,0.00017059575198280532,0.5340471999511457
s024,s011,7,0.03495718172760556,0.018482925052087318,0.5329255084090192
s024,s012,7,0.02108813816548681,0.12158556742401813,0.5747047652668301
s024,s013,7,0.07388442624490187,0.01689848827073159,0.5795427967472936
s024,s015,7,0.0644883864335379,0.026027434512675373,0.5708823183552096
s024,s016,7,0.11072450974570121,0.007379349432145943,0.3269705151084866
s024,s017,7,0.1097543642865551,0.03347672399756636,0.7396877238469628
s024,s018,7,0.02817050135368698,0.01329397471309495,0.5886278144837056
s024,s019,7,0.07664187930197215,0.04577135482370949,0.5355752416537979
s024,s020,7,0.031152703070434353,0.041234720250715104,0.49832768145396267
s024,s021,7,0.0289858448537993,0.012217302456576512,0.7015880962728671
s024,s022,7,0.08598898931340364,0.021792433180039334,0.45898316020176655
s024,s025,7,0.05960834619641355,0.0062256294360809195,0.7565293574080126
s024,s026,7,0.21087691785439897,0.041114031548194034,0.6137766498086135
s024,s027,7,0.06276062209399144,0.00010215006089393179,0.5788377927666103
s024,s028,7,0.169969842951614,0.07431913429098531,0.5188530934862567
s024,s029,7,0.12199515535176314,0.0644752851867327,0.5773845477967376
s024,s030,7,0.059502892380800025,0.023762990165330445,0.5491626431601291
s024,s031,7,0.04774972694613005,0.06998474221533442,0.633720706921358
s024,s032,7,0.04828354487381577,0.002623684037918548,0.6006584120114491
s024,s033,7,0.03571686440352646,0.00846304727200818,0.4881254731876411
s024,s034,7,0.04783468072342068,0.026348016634633587,0.6318178257072224
s024,s035,7,0.08137353052125397,0.0911335766959677,0.785509114978103
s024,s036,7,0.08417983134240739,0.00044594374406797333,0.380346268574594
s024,s037,7,0.049714551383016746,0.041340499304684517,0.6117156969287147
s024,s038,7,0.052013745428783106,0.008766567663090766,0.5794072851558131
s024,s039,7,0.03783933515352972,0.09344017504485368,0.6612703498613851
s024,s040,7,0.032721408049546756,0.0030548084836721215,0.49441607809068244
s024,s041,7,0.02452033926745238,0.06926503816845195,0.5792497650345263
s024,s042,7,0.049511469536031395,3.2613662883667114e-05,0.5233867244778383
s024,s043,7,0.038427897693255775,0.08346647417612625,0.5921990173370825
s024,s044,7,0.07514373497577284,0.08718475588348762,0.717551673484976
s024,s046,7,0.020457678023783014,0.10169092966888758,0.6822018936487875
s024,s047,7,0.05631908285310521,0.0002793652102963066,0.5426334698514378
s024,s048,7,0.021536907308638647,0.0006809685263900335,0.5797687020099257
s024,s049,7,0.06196010150709376,7.368289435373696e-05,0.5104121213068202
s024,s050,7,0.059529478872810376,0.005646824565683107,0.568634470505292
s024,s051,7,0.1037452357338109,0.008189463234250972,0.5536323214787716
s024,s052,7,0.03231639278551829,0.040564749508076016,0.48109049747231086
s024,s053,7,0.061643665123904956,0.01616611169834977,0.5236130505032284
s024,s054,7,0.02550863642913444,0.005671726639787186,0.6597141102425592
s024,s055,7,0.05420510069018409,0.015173170517015172,0.6311529985707857
s024,s056,7,0.03390506092293484,0.010165162466281524,0.5880967135034735
s024,s057,7,0.054314167874264865,0.002465039712598435,0.4752229470876745
s024,s002,8,0.06740268883304554,0.0020135181606029,0.7518066740743903
s024,s003,8,0.012443318406047496,0.022476734336325348,0.6582849017676495
s024,s004,8,0.026811899302968806,0.012990161625982623,0.43181994404833496
s024,s005,8,0.034228660010721695,0.0016330403933178515,0.6027617607858339
s024,s007,8,0.038375958077218525,0.034638069586846336,0.6269927139173359
s024,s008,8,0.01861490023534139,0.004360674050153643,0.5944794216599725
s024,s010,8,0.038251620792355764,0.029327632613079364,0.6760541670731474
s024,s011,8,0.01503284712019137,0.04222794640235756,0.5517581384001168
s024,s012,8,0.011239053442111716,0.08860384778383433,0.5196502244268999
s024,s013,8,0.03396904605499899,0.03415383212190386,0.6744784129526712
s024,s015,8,0.022506602937320774,0.033423980413095696,0.7622944447449111
s024,s016,8,0.04021529700098967,0.03402791867287003,0.526919431542941
s024,s017,8,0.08297019376789244,0.13698733324666693,0.7646217124022525
s024,s018,8,0.013753026696659208,0.008730261713051558,0.6193238418297323
s024,s019,8,0.046714416456739814,0.025326866537197484,0.5559878593335907
s024,s020,8,0.013719008726612327,0.06360450505446151,0.5549788291963171
s024,s021,8,0.015479974189319219,0.0004033897429477227,0.8921211013872701
s024,s022,8,0.0400573468503326,0.016020467921196442,0.4586640369177583
s024,s025,8,0.03823480774175054,0.03393551910406678,0.7102480089339384
s024,s026,8,0.09770358745617524,0.038238363996276864,0.6602175306323084
s024,s027,8,0.023890208314096325,4.8295477215340694e-05,0.5548260264103977
s024,s028,8,0.07982585264455239,0.20326102103919702,0.6038899813941423
s024,s029,8,0.04411402024261678,0.02907600711548122,0.6356275220231784
s024,s030,8,0.033622569606955865,0.0032997670526585528,0.4690214528754203
s024,s031,8,0.024277576881739395,0.07956828433825221,0.577653112797577
s024,s032,8,0.016812062118742845,0.004974806736330513,0.6590929883085644
s024,s033,8,0.01413400267688421,0.04960415641221128,0.6053613027524024
s024,s034,8,0.021978325623927625,0.0026372853544215707,0.627922125376931
s024,s035,8,0.033092002003611794,0.12104549758411715,0.8069352046671872
s024,s036,8,0.06830426556985997,0.015122732618061643,0.4016035525417701
s024,s037,8,0.019375434636061437,0.025808165381389594,0.6073721463614581
s024,s038,8,0.03218490668055241,0.07344575021444899,0.6337416603210633
s024,s039,8,0.02364887036204237,0.11383630651332714,0.7266669743776463
s024,s040,8,0.013948913083217048,0.0024031378969192013,0.503198595407721
s024,s041,8,0.008576390666899598,0.16410000667328936,0.7228963551369971
s024,s042,8,0.028851320935104285,0.00044649802779801203,0.49581099233787945
s024,s043,8,0.03168445892768804,0.12656694143834835,0.6406479215659004
s024,s044,8,0.05469982284815367,0.08152090324137286,0.702617680575752
s024,s046,8,0.010257354840381825,0.2053869038151785,0.6927752412569318
s024,s047,8,0.03759971107237339,1.1559101340341521e-05,0.44263298249356564
s024,s048,8,0.009804704998532405,0.001127005951636239,0.5781911688738278
s024,s049,8,0.026268261352615663,0.09121206728421834,0.7124683161447193
s024,s050,8,0.03796703843758117,0.016616988820371423,0.5841158331862973
s024,s051,8,0.024156479271758204,0.04449790691529581,0.7115820124839509
s024,s052,8,0.024078452783154822,0.04202143673945535,0.633110236281722
s024,s053,8,0.03888398796611639,0.1175735565651556,0.7746484386263044
s024,s054,8,0.016495413831089916,0.0046858887882390175,0.7380607250304085
s024,s055,8,0.03175895867055937,0.021387322136335075,0.7144413672023975
s024,s056,8,0.011511984020181339,0.004177897914489005,0.5796196000022937
s024,s057,8,0.021642849780286723,9.018449952197235e-05,0.5940171455403693
s025,s002,5,0.2195210803441249,0.0510232838727119,0.7085488226904986
s025,s003,5,0.04080820272980155,0.01669580502759585,0.7287398547665888
s025,s004,5,0.029048283594972,0.1129609552577209,0.689116203982773
s025,s005,5,0.053577997375696344,0.07483377596260657,0.7665579446024577
s025,s007,5,0.04770547022202877,0.04893534367357966,0.6897896115371466
s025,s008,5,0.032294227863871275,0.023790519155862846,0.792586637405764
s025,s010,5,0.06283380060155482,0.026008597218053625,0.6878942379079127
s025,s011,5,0.022521751284003216,0.07005031865316197,0.6639975289979925
s025,s012,5,0.0342789471721956,0.017374374382051673,0.6690588480480221
s025,s013,5,0.031052011715661465,0.06086385658272306,0.7318682949279207
s025,s015,5,0.026598459618626343,0.06428718294031896,0.7151690921056345
s025,s016,5,0.04244139054653516,0.03605195801406168,0.6371464828772497
s025,s017,5,0.06330606023987129,0.0010990069648605944,0.7820977401427242
s025,s018,5,0.024576425079580737,0.030750599856701734,0.7781092945948983
s025,s019,5,0.09956738699789786,0.12065970447771929,0.7311843734397726
s025,s020,5,0.027086815085947402,0.12610402220350145,0.6960633996052578
s025,s021,5,0.04896890661544777,0.1134567351554089,0.7245598378387215
s025,s022,5,0.0833685402278878,0.22931021690526518,0.6205617784244477
s025,s024,5,0.04573851548505654,0.011497085287511949,0.7495599272167968
s025,s026,5,0.048920591622355625,0.00016280991068716606,0.6246463980950593
s025,s027,5,0.053021644856690905,0.04729995443838411,0.6469714479882515
s025,s028,5,0.0375585235882737,0.0008068234758818034,0.7118007241764016
s025,s029,5,0.044151314552779236,0.008042745773973478,0.8452540372593476
s025,s030,5,0.041391322554997584,0.006936464288951417,0.606338819002965
s025,s031,5,0.03865495906023048,0.001871496284010174,0.7174276895108287
s025,s032,5,0.032692868126994595,0.0014896035008995696,0.7120489784009268
s025,s033,5,0.032626174191458295,0.02699672396821752,0.587954912000429
s025,s034,5,0.04499110522646309,0.0024056228305553893,0.7040334100964506
s025,s035,5,0.024582085399301148,0.007912513875607537,0.7433407442088715
s025,s036,5,0.05222737515884769,0.07481549378274505,0.5359051475190036
s025,s037,5,0.10488040019972376,0.008324746140964491,0.6329393196029625
s025,s038,5,0.061631336499266325,0.025247041118508687,0.6876007121105535
s025,s039,5,0.08391589934283143,0.0011691107978984642,0.6405364999139846
s025,s040,5,0.027627947710522602,0.021371965583557136,0.5672174658850802
s025,s041,5,0.03287542821683508,0.03730224415596929,0.7211888553623762
s025,s042,5,0.04936508649840443,0.009558837757732822,0.722846785565101
s025,s043,5,0.044397829534750244,0.013675684353965394,0.6554788646565817
s025,s044,5,0.051760819922440755,0.007041534654379177,0.7787098699445116
s025,s046,5,0.029643916718644976,0.06510253832538189,0.7090423215229308
s025,s047,5,0.06469229811698625,0.012654233864031906,0.5794485654814183
s025,s048,5,0.03356824450369429,0.05114703101355851,0.7444698827559773
s025,s049,5,0.056545211232229935,0.018643742000071375,0.735115400379807
s025,s050,5,0.048007977560917445,0.0039736864603767885,0.7577283258710044
s025,s051,5,0.028936558309404115,0.048398025352283595,0.7741892283051356
s025,s052,5,0.04987335229296504,0.06287831871048745,0.5228734315829247
s025,s053,5,0.02698949102130806,0.017798947758877564,0.6736439778159373
s025,s054,5,0.036075259818074974,0.02368818632995746,0.8449884494614545
s025,s055,5,0.03130088212403322,0.011964833514707866,0.7367263155800398
s025,s056,5,0.029100939691763108,0.01895965753017358,0.6791137465961964
s025,s057,5,0.020223383901555165,0.0069994394672465805,0.6843073018040345
s025,s002,6,0.20441940545355863,0.027116667399595125,0.618374012298604
s025,s003,6,0.035912677178775616,0.03133227456725432,0.6697107114909974
s025,s004,6,0.03831011340376685,0.03652528409930804,0.5550043310403103
s025,s005,6,0.016771038580445916,0.0047222566701777095,0.7648995996078553
s025,s007,6,0.034385929467527776,0.002944743449517427,0.659592025915012
s025,s008,6,0.025901186667976,0.04588334839952648,0.74441861647254
s025,s010,6,0.09151644994390659,0.03767529142840978,0.6464255699145837
s025,s011,6,0.014845443651348583,0.227878341078041,0.6623058891303671
s025,s012,6,0.02317981650636382,0.06862512956454803,0.6401693741177795
s025,s013,6,0.05102845619970872,0.000668437397006546,0.6363893796702849
s025,s015,6,0.018976207603168083,0.011088038299733871,0.5541077655165366
s025,s016,6,0.04742880238890251,0.00021801923981798707,0.49667716675165907
s025,s017,6,0.07815015764406247,0.000440509528619985,0.7690027173267191
s025,s018,6,0.018215719352398,9.177790116927404e-05,0.7232435826266053
s025,s019,6,0.05055855537943574,0.0867003168057441,0.721726576320195
s025,s020,6,0.024027244357874702,0.11746578113430313,0.6314972096125235
s025,s021,6,0.04155531773495012,0.01670391660459306,0.6235012057611878
s025,s022,6,0.052585827321891224,0.07193099572039298,0.5974700730265281
s025,s024,6,0.05090844088740653,0.05151190668121992,0.6878260606030071
s025,s026,6,0.06796308732632174,0.060240950766709246,0.5892352089638891
s025,s027,6,0.038764669281359417,1.8133523870990567e-06,0.591825973442609
s025,s028,6,0.07664866129392786,0.03448304949031756,0.595760987698717
s025,s029,6,0.06041352357722074,0.09622349459681555,0.7746491946192607
s025,s030,6,0.026748698163338157,0.0010998283352372615,0.6281193675114284
s025,s031,6,0.02142087259435604,0.04305673854022505,0.7655598510569916
s025,s032,6,0.022507722415453842,5.7573484286738484e-05,0.6677281309955921
s025,s033,6,0.02068038350934377,0.11725176864691748,0.602580534720142
s025,s034,6,0.06123993363305675,0.0029039674569664325,0.67988453755844
s025,s035,6,0.04119944633459027,7.143911705682488e-07,0.6765643183841529
s025,s036,6,0.04883664339843734,0.013461598516865847,0.5381981727621674
s025,s037,6,0.07127759612548969,0.0037459373658736105,0.5982051595644537
s025,s038,6,0.041574254844415376,0.008617436074810853,0.5590642597888827
s025,s039,6,0.06358493438716531,0.00012495429288827473,0.5086309269902092
s025,s040,6,0.02359097888692228,0.03232267821777885,0.47094073820110494
s025,s041,6,0.02967630375304031,0.09273171512289173,0.6945668816334774
s025,s042,6,0.024294876305816088,0.011780257390947738,0.5821685838895507
s025,s043,6,0.028448412102326695,0.001858066992791763,0.5462149758238546
s025,s044,6,0.05159681519702265,0.022512869311719256,0.741401049013337
s025,s046,6,0.02236803488758688,0.03605441979244886,0.7530244413213606
s025,s047,6,0.02390309932072521,0.0015798625971869221,0.6735639759535686
s025,s048,6,0.035954140229258545,0.00046207217997827236,0.7902707153156084
s025,s049,6,0.038993649618010794,0.05845314560047616,0.637375616737132
s025,s050,6,0.031549794748201763,1.3688413683258039e-06,0.6460673616453807
s025,s051,6,0.026137030909228736,0.0006748694537558824,0.6147011223484483
s025,s052,6,0.04252970766282014,0.0021477648227234292,0.35129123968358156
s025,s053,6,0.021690131992240052,1.877372938493615e-06,0.5849716910385684
s025,s054,6,0.027164714999183423,0.061257980443489214,0.7284578043524375
s025,s055,6,0.03704728780784077,0.007861413311650106,0.7080397725392286
s025,s056,6,0.02520838728034501,0.024089990379476664,0.5935910692304316
s025,s057,6,0.020216124656648234,0.00316439946944759,0.5783841671244998
s025,s002,7,0.06849998245844222,0.08017604838451182,0.6466648476138885
s025,s003,7,0.08220489655271791,0.029075087400378466,0.7392063294094268
s025,s004,7,0.028914630023463117,0.012791625328653808,0.5747351666141223
s025,s005,7,0.04048130613983791,0.025829508523670056,0.7056850860523068
s025,s007,7,0.08438890551849886,0.01679192818386085,0.7280090655691575
s025,s008,7,0.04040503872239259,0.09379270447880342,0.726518046517453
s025,s010,7,0.051787877175207574,0.0061777899074432485,0.5001406260690412
s025,s011,7,0.02295247343960589,0.11922079206835108,0.6477637401147247
s025,s012,7,0.037372140299714446,0.0002938717846102491,0.6079019783107413
s025,s013,7,0.03251970891643809,0.035139112610521724,0.6735884693804276
s025,s015,7,0.023455376221887248,0.025380390460305963,0.5501254081448557
s025,s016,7,0.06886923452869036,0.006335425509965362,0.4673106229798575
s025,s017,7,0.07136650144479768,0.03659358330613325,0.7657011763122832
s025,s018,7,0.023769756006914326,0.0013200785763681328,0.634612871147024
s025,s019,7,0.07590075594139654,0.1535733693169763,0.6610354340886829
s025,s020,7,0.029248211589614544,0.1017328066987653,0.6325178014741056
s025,s021,7,0.03640706363035572,0.0234102031328086,0.5255482344391423
s025,s022,7,0.05473851621293075,0.0309616439370486,0.5208555911550793
s025,s024,7,0.05355860816492257,6.8963844593650934e-06,0.6523108139841163
s025,s026,7,0.11149572082624115,0.002119777736483863,0.6312747710708675
s025,s027,7,0.05845449972672068,2.2355557115117787e-05,0.6394160856745869
s025,s028,7,0.04791497123143056,5.905802822629283e-05,0.5793528304815271
s025,s029,7,0.0472361458353351,0.018018182899664555,0.6578008366523236
s025,s030,7,0.023523905680361144,0.001862957415623126,0.6457738046132202
s025,s031,7,0.03681066047795302,0.020838953130330948,0.7191723338923895
s025,s032,7,0.025533479031386874,0.005869132858369776,0.5826003448319886
s025,s033,7,0.025943423556915417,0.029432794777377234,0.4817065412280068
s025,s034,7,0.044944720275851495,0.010096020810804216,0.7329673744082662
s025,s035,7,0.03544759658612587,0.0011942696600529816,0.674096137751721
s025,s036,7,0.04174099478829963,0.019693575117956306,0.44758357353145806
s025,s037,7,0.12585098969093989,0.05117100210362889,0.7093166103267454
s025,s038,7,0.05179673169652439,0.016962986332340814,0.6173153422249045
s025,s039,7,0.034856663192285406,0.0011471857294364245,0.551870613111839
s025,s040,7,0.045337035996375265,0.025433423295177865,0.44299274193812727
s025,s041,7,0.04226253396033288,4.121200092148599e-05,0.573143567011335
s025,s042,7,0.03492647009493312,0.005282522764577264,0.7449518521296722
s025,s043,7,0.07283122037822345,0.00026920343462406995,0.5145332870904252
s025,s044,7,0.0274500153562708,0.0009616476076937585,0.7241455210276851
s025,s046,7,0.038163881831615565,0.0012925920476166812,0.6857997496597934
s025,s047,7,0.03582493009409253,0.00010774077278265023,0.6458633066488061
s025,s048,7,0.036046393068291986,0.02978979833321426,0.6664050489442055
s025,s049,7,0.04041531838425067,0.04747944310875816,0.472666276393413
s025,s050,7,0.06129394642231149,0.011926171917536164,0.590987233122273
s025,s051,7,0.04114492827065617,0.004100656397978744,0.6387054609818262
s025,s052,7,0.029019171227477387,0.001288232478338223,0.3227091056017076
s025,s053,7,0.027884890079577198,0.012422593267928444,0.503535857808282
s025,s054,7,0.03489394652336237,0.03778605439697869,0.7186381100329886
s025,s055,7,0.05122710308218229,0.0015353090802049175,0.6815862734918094
s025,s056,7,0.025372629902646656,0.01691613294137131,0.6501343766855096
s025,s057,7,0.03029645845535416,0.000506361290298574,0.516977780151658
s025,s002,8,0.30328150832276746,0.06440568329249068,0.656188367569698
s025,s003,8,0.05626282566124199,0.04367155209385271,0.7078735223239695
s025,s004,8,0.033473627293908334,0.020208484604719218,0.5623334290086455
s025,s005,8,0.029376949799680075,0.036850216278239624,0.7386535274702801
s025,s007,8,0.04824861755407963,0.0025346053277527005,0.6745459445859365
s025,s008,8,0.02723296345218771,0.07583601240683799,0.7856874381078124
s025,s010,8,0.08289684135725317,6.3433067805501576e-06,0.5622386162958409
s025,s011,8,0.02409398422705771,0.17456958953763574,0.6631014167223899
s025,s012,8,0.04505367772134034,0.0009735411136306078,0.6508395297135082
s025,s013,8,0.049016602872174575,0.0026847922213729253,0.6349732560415912
s025,s015,8,0.025075004486115195,0.006565155616894074,0.5641310970440153
s025,s016,8,0.05893056518280814,0.005998862602146975,0.48408940000985917
s025,s017,8,0.0455289908880165,0.02463419850873119,0.7767286895384435
s025,s018,8,0.03571171393627951,0.014125004704734032,0.7275392160146567
s025,s019,8,0.06453260074772128,0.14085067014807995,0.7174638025352253
s025,s020,8,0.02893900922914152,0.08682358961047791,0.6205393624363891
s025,s021,8,0.029356018730001765,0.001546078158900026,0.6082718408041496
s025,s022,8,0.03580020114666949,0.03975016886588475,0.5491055036644285
s025,s024,8,0.05505697688000949,0.029313146016014646,0.706336653506178
s025,s026,8,0.08442550609221659,0.0008582177526009962,0.6171581390715876
s025,s027,8,0.056027612123100465,0.005576976734990089,0.6310142765405252
s025,s028,8,0.0824672031896257,0.010084667244948288,0.5496369108342938
s025,s029,8,0.040268854526170406,0.024163342699715817,0.7378631934950164
s025,s030,8,0.03546394995683032,0.0025199611091160186,0.6566648318070771
s025,s031,8,0.02894863015803611,0.07406999666159492,0.797498329182916
s025,s032,8,0.0319923087249748,0.03447653720977648,0.599381359922325
s025,s033,8,0.0325105967103408,0.015456943702166439,0.5031942263570451
s025,s034,8,0.03920533475974534,0.0058297517497894755,0.7397119110027998
s025,s035,8,0.038853409637242146,0.06326111671869908,0.6982050792643942
s025,s036,8,0.033498226668558166,0.025630179505453404,0.5063048107515692
s025,s037,8,0.15921530814893958,0.05739645989936993,0.6907960059413932
s025,s038,8,0.07412512207303235,0.07694932174793857,0.619509478629949
s025,s039,8,0.08759123635045886,0.015949857243082843,0.5414909278987275
s025,s040,8,0.046672484648061105,0.010065343249384115,0.4643047291876341
s025,s041,8,0.048727471225723844,0.006175173273430193,0.6258373033081699
s025,s042,8,0.03101573299066124,0.004586633333350042,0.6557605439513609
s025,s043,8,0.04116950899168988,0.017205535105939876,0.5624509030322301
s025,s044,8,0.05828930584110352,0.01411096537549424,0.7380388293710434
s025,s046,8,0.028014234019693128,0.12036259489386215,0.7271049610593906
s025,s047,8,0.03781473164427586,0.002046059912187232,0.6343024029553602
s025,s048,8,0.03468959539369407,0.010442897206777565,0.7716942899491133
s025,s049,8,0.064309263378606,0.0404779146016999,0.5734092730303312
s025,s050,8,0.1135128873713444,0.004871673879569715,0.6109217488491459
s025,s051,8,0.04650619616171163,0.003702508341067334,0.691958796542643
s025,s052,8,0.04199003381416386,4.1821061135786134e-07,0.3519481353872074
s025,s053,8,0.028284991014975676,0.0032899688502312763,0.5230656368499118
s025,s054,8,0.046118775464360724,0.059572642387035975,0.750155703634424
s025,s055,8,0.04192067778579351,0.03267696881508099,0.7255091028068488
s025,s056,8,0.030247891993257458,0.015212553485930867,0.6592243994423503
s025,s057,8,0.035947893320816535,0.0023118302895814655,0.5880226540072611
s026,s002,5,0.024330177957736256,0.0024781677489476594,0.6954532863271491
s026,s003,5,0.04284263861338013,0.06971943191819277,0.6462242674320848
s026,s004,5,0.03782109499646485,0.00838628664189141,0.5745677367809492
s026,s005,5,0.027662580426070497,0.0005484863894166237,0.6783287146783272
s026,s007,5,0.0890153471180664,0.0026233702774166538,0.7635560707219603
s026,s008,5,0.02645396798275198,0.08961552063068082,0.7487766464537013
s026,s010,5,0.03754288948087263,0.008594208114032853,0.5927365138503996
s026,s011,5,0.04800910382567718,0.01846798197805711,0.5215642046718121
s026,s012,5,0.028637715611609348,0.02073126544022763,0.572873150057866
s026,s013,5,0.0413051970312757,0.0025366209143403407,0.5904245725737469
s026,s015,5,0.02745452885011589,0.0047609731948222685,0.6057785677609778
s026,s016,5,0.023808332724981056,0.09062708467801123,0.4744866509705723
s026,s017,5,0.05792983411548391,0.05033680637384343,0.7179162096113518
s026,s018,5,0.03748263149628846,0.04375620105712531,0.5616387128638836
s026,s019,5,0.03386312183312683,0.00019039158451501607,0.6372563240694342
s026,s020,5,0.05116498907715571,0.006510967165005355,0.6089531262245739
s026,s021,5,0.03224651437901206,0.0008379394797930919,0.60908231735139
s026,s022,5,0.055981759560365885,0.030403043575754685,0.5184528689757667
s026,s024,5,0.08840175157143537,0.02553171721049709,0.7710648413577267
s026,s025,5,0.04978639297760837,0.004939887399098607,0.6801341642587565
s026,s027,5,0.02722462600741535,0.010647880250475798,0.5674863369595744
s026,s028,5,0.04681973114336757,0.03437447091688984,0.5254400710674426
s026,s029,5,0.029377572103328014,0.013532602069642127,0.6685604015329737
s026,s030,5,0.053578783909221314,2.5115939420963746e-06,0.5312603135577495
s026,s031,5,0.019410786869278756,0.011530531555103902,0.608618117265359
s026,s032,5,0.035300859168061034,0.07942845661900694,0.6667275689026412
s026,s033,5,0.018543229570533296,0.0458495285445301,0.4631780473712583
s026,s034,5,0.0370734405488269,0.0204337938481003,0.5773041588322588
s026,s035,5,0.06816655265737785,0.1354165369168229,0.6713620939702701
s026,s036,5,0.1160616627066274,0.029705140505378726,0.3938478806176485
s026,s037,5,0.0395025235085212,0.005114124047048804,0.6893342610480655
s026,s038,5,0.03589899224488417,0.060385336240787076,0.6421337499564421
s026,s039,5,0.06859649161428988,0.022531028698609453,0.6548858831017415
s026,s040,5,0.047639268157231685,0.0019335663111932713,0.5472052548650695
s026,s041,5,0.0335318002709294,0.0004665151734334715,0.49340274499358955
s026,s042,5,0.029899406796663447,0.009474364356803999,0.6203733896345196
s026,s043,5,0.027402363973268496,0.0009952773557141148,0.5402999194921869
s026,s044,5,0.02842371746386328,0.0025094927780548977,0.684356169625409
s026,s046,5,0.0380463293601315,0.0007884507004660381,0.6556603577226238
s026,s047,5,0.026335231843886742,0.07226855170046487,0.556736427483472
s026,s048,5,0.03232763254212205,3.8436045697794496e-05,0.7166001947471207
s026,s049,5,0.03792783454547138,0.03367862081088025,0.5127750968671352
s026,s050,5,0.04939851314987134,0.046290330097227377,0.5821520457307907
s026,s051,5,0.0806542635313426,0.01949172722187485,0.6774067843963621
s026,s052,5,0.039178470007310624,0.0027571088398667684,0.4286135396699548
s026,s053,5,0.03224234789961918,0.03961627337263002,0.5288352652559888
s026,s054,5,0.05515317271573862,0.006127216288606742,0.6841155474728339
s026,s055,5,0.046119411862000456,0.0010663056697055738,0.6945926627277423
s026,s056,5,0.03244395524866685,0.0004125352456044358,0.5703215494525203
s026,s057,5,0.053067739756297076,0.0040743259686611775,0.5850280728519949
s026,s002,6,0.0548091141041632,0.041349462524853414,0.7578683164346488
s026,s003,6,0.05241705379926138,0.00870742331211326,0.6319192679589819
s026,s004,6,0.08016136831860023,0.0013518483779954144,0.5047131099005834
s026,s005,6,0.059370340614290903,0.015153630020145874,0.5309573122724209
s026,s007,6,0.11844619636631656,0.00022954302153420491,0.614619543137427
s026,s008,6,0.06321023036516499,3.0643334382951535e-05,0.5490142000254404
s026,s010,6,0.18399523266273674,0.08722111670338485,0.7185500412371856
s026,s011,6,0.06611320744175615,0.0003872301999772879,0.4818588367437487
s026,s012,6,0.05949888989275177,0.006957168164376382,0.529435308680518
s026,s013,6,0.04901074694062486,0.12654529848329404,0.6918933885294777
s026,s015,6,0.033425569115759876,0.0019987007787377314,0.6682481132448742
s026,s016,6,0.05414092618638408,0.05576703010485534,0.5819595401908711
s026,s017,6,0.09544120296058456,0.003633524118941502,0.6829124599106953
s026,s018,6,0.07583359323443226,0.03054040024234631,0.526671470618089
s026,s019,6,0.06914628161693705,0.025694073420041527,0.4727644922709118
s026,s020,6,0.08562852659863986,0.011722318427338766,0.5603261801645354
s026,s021,6,0.08607448883926622,0.1416757499633845,0.7642391631026922
s026,s022,6,0.10911335144670782,0.010558530136374764,0.4655649616348893
s026,s024,6,0.12404159000152727,0.011179633149315605,0.8020419208325936
s026,s025,6,0.09154663771424698,0.00013110082486317916,0.49233745227730263
s026,s027,6,0.04963920712917344,0.012761450109700959,0.5239947543261371
s026,s028,6,0.07253996816436535,0.047464813941697576,0.6592684919481182
s026,s029,6,0.04417186241420819,0.008709927838182769,0.6493238117714614
s026,s030,6,0.12430392038809518,0.0008986824866598947,0.4942011775052665
s026,s031,6,0.03836287058643412,0.05247426607469765,0.5025769707771365
s026,s032,6,0.14861744161770118,0.14980402641897128,0.7247525357310584
s026,s033,6,0.05562997209429424,0.05558023018479386,0.639322844074973
s026,s034,6,0.08336373189820803,0.0002162061886687194,0.5878528617738267
s026,s035,6,0.08684965820381298,0.13817562813946313,0.6409839196604633
s026,s036,6,0.09218416344268411,0.02427433706163645,0.34632892944231386
s026,s037,6,0.08278793088634745,3.867504815038879e-05,0.5891831471968257
s026,s038,6,0.05794488866186258,0.003144186925555998,0.638737567532065
s026,s039,6,0.10020032783820065,0.02153142570418414,0.6960336781330978
s026,s040,6,0.04097467922800315,0.04458845917557065,0.5679671884581979
s026,s041,6,0.04969317919196806,0.15193900779159608,0.6664863036506595
s026,s042,6,0.07267728318557105,0.01704113281683912,0.48953994776684456
s026,s043,6,0.05134504387425253,0.15926433229982598,0.5908032823223144
s026,s044,6,0.03155910458597869,0.007399110408829705,0.6318185366302536
s026,s046,6,0.03940887680452462,0.04096275631668354,0.6424265852102656
s026,s047,6,0.06456985603667506,9.00297436849657e-05,0.39173732246698767
s026,s048,6,0.04043896167143584,0.009557363620285465,0.5320528456573925
s026,s049,6,0.04236899987200296,0.0774787017468658,0.6835247025615009
s026,s050,6,0.1904048488187,0.001695755885240765,0.6665580055746793
s026,s051,6,0.13516153993689145,0.000475820328296149,0.6832565167765555
s026,s052,6,0.06468968276449184,0.017337647599733823,0.600295012157636
s026,s053,6,0.04782097904875485,0.011197177662164763,0.7372355773360447
s026,s054,6,0.07885751540273897,0.015226405238574377,0.7031729538990901
s026,s055,6,0.064665885513441,0.11265936643514056,0.645542769654176
s026,s056,6,0.0538279532733892,0.10096597416287478,0.6112578460713465
s026,s057,6,0.07539331028944302,0.07871973827074043,0.7016509598267264
s026,s002,7,0.029156391507825837,0.10375416959488798,0.7275732167918689
s026,s003,7,0.03226272377856191,0.02387921485531695,0.5716498197832999
s026,s004,7,0.03660627070788469,0.03758519385760382,0.5594114282237498
s026,s005,7,0.02503815950388122,0.051766771330272396,0.6553177883756924
s026,s007,7,0.09951050350567349,0.0021947761677274594,0.6528132071665
s026,s008,7,0.052059802069112676,1.203522888278848e-05,0.5181538225325684
s026,s010,7,0.0864162315532335,0.04285286458045504,0.6333357447640617
s026,s011,7,0.044289467544091,0.014846420911972275,0.5155814052355477
s026,s012,7,0.023533235414785327,0.04818258830104619,0.4884600042800399
s026,s013,7,0.043855104601322546,0.12505666500827467,0.6664193164563655
s026,s015,7,0.027790785094210648,0.004166606005826652,0.7256417481312037
s026,s016,7,0.021862334400248176,0.022792591583983293,0.5167393643595656
s026,s017,7,0.06654708051846449,0.04031459812207461,0.7246949080476279
s026,s018,7,0.025052551114510383,0.0010807431891702158,0.5001602699443217
s026,s019,7,0.02976627817428679,0.00591284192333322,0.5555147321312617
s026,s020,7,0.03773834126410542,0.001126418062709087,0.5726416259638778
s026,s021,7,0.030319107623036277,0.053401276653003094,0.7009430622467666
s026,s022,7,0.06178311697345745,0.007871612106261043,0.37197283064131326
s026,s024,7,0.08934267329021052,0.014664368681437596,0.6957317535197552
s026,s025,7,0.06885238094520128,0.0004905511376160527,0.5313735567908572
s026,s027,7,0.040052742411086216,0.016070270876185306,0.5392294577353942
s026,s028,7,0.06032497093461539,0.025487668032183882,0.5789421974433605
s026,s029,7,0.033886816187345466,0.016979722856256603,0.6432643425258752
s026,s030,7,0.04157712859139599,0.011903819538333549,0.5684668180277697
s026,s031,7,0.025624324265326005,0.0032815862983924787,0.5655051070084958
s026,s032,7,0.027738288365275678,0.07745893775234539,0.6958042829780979
s026,s033,7,0.01837038372886844,0.0490151578175002,0.5334669364798519
s026,s034,7,0.026084922196516293,0.025560467101357502,0.5149460190058678
s026,s035,7,0.045355773527429755,0.09248306166093938,0.6246763302857893
s026,s036,7,0.05002320264100864,0.008174250698772341,0.26102876141583964
s026,s037,7,0.03589324930144939,0.004484736903790054,0.5586352611366736
s026,s038,7,0.02950205203588049,0.0019141656241923543,0.5329813272222577
s026,s039,7,0.08154859221854428,0.002242614659438734,0.6007981947951675
s026,s040,7,0.02248078674138851,0.00016053174120374508,0.4603082344458486
s026,s041,7,0.031698087910973075,0.09432991065137553,0.5619737450701269
s026,s042,7,0.03891988651810558,0.002399481464964542,0.48274509951110095
s026,s043,7,0.028147157861675633,0.041394491439805135,0.4710846815593007
s026,s044,7,0.03378233190709102,0.00014424940970451957,0.6315630001293382
s026,s046,7,0.024068698455617335,0.002248818576559578,0.6354036142634956
s026,s047,7,0.0338205606867914,0.013170401614347666,0.44670453395654325
s026,s048,7,0.030285044878741393,0.035100150404738885,0.5683420678185841
s026,s049,7,0.024006138665439346,0.025730263018368702,0.6101620004459692
s026,s050,7,0.0568655947304165,0.00382783395776225,0.7081499848567265
s026,s051,7,0.06765992151193417,0.0194953649350218,0.713608268743643
s026,s052,7,0.032334221612401216,0.03417630941735061,0.4772808015845826
s026,s053,7,0.04251972042790021,0.05150520213972408,0.653349261948207
s026,s054,7,0.03901146258060732,0.03963493701155706,0.7058335938288308
s026,s055,7,0.050973843200235354,0.06004148201894603,0.5477687627703055
s026,s056,7,0.023795079465564323,0.0045057433598238595,0.530306599838567
s026,s057,7,0.037093450543674994,0.07187517722386659,0.6101286583126864
s026,s002,8,0.04109461832361051,0.06671631621958152,0.7189947685700134
s026,s003,8,0.035487390397409245,0.0012210644174961453,0.5590896482087905
s026,s004,8,0.05234238086748595,0.012934760573961096,0.5395558516346454
s026,s005,8,0.02845516669480659,0.0009271982220114229,0.5548185897248595
s026,s007,8,0.06230319967477353,0.004077196634775297,0.6196954839500473
s026,s008,8,0.03850070230945793,5.51298557599862e-05,0.500619237019355
s026,s010,8,0.06129556567352152,0.08553382217034905,0.6281986397163671
s026,s011,8,0.06434113193961909,8.073859075629447e-05,0.38832092018573516
s026,s012,8,0.032460128426850365,0.009997438952990451,0.3880425054375878
s026,s013,8,0.028477386239722915,0.04358048486314285,0.6319624035258715
s026,s015,8,0.028552494756179665,1.3864887449368656e-10,0.6635692165661209
s026,s016,8,0.03167163141166556,0.023965854599829726,0.47999992081583653
s026,s017,8,0.04846665893762199,4.394974086806942e-05,0.6489588602420526
s026,s018,8,0.035314289705984096,0.006624082248440255,0.4352457855246788
s026,s019,8,0.039390737374813925,0.0203536593558805,0.44185123781680885
s026,s020,8,0.05552123649349469,0.007387124808213523,0.44363558403673553
s026,s021,8,0.044289202025189364,0.09439296329814346,0.6431229087982728
s026,s022,8,0.061120922596077785,0.004742303286589952,0.3094627459231112
s026,s024,8,0.05557114305256979,0.0014698268716172302,0.66419369346965
s026,s025,8,0.04133770521601403,0.0021658291505066637,0.43769447508153
s026,s027,8,0.04013274914972254,0.004688004516513848,0.5605189001615358
s026,s028,8,0.05877811463642906,0.11609082864124122,0.5953796062925777
s026,s029,8,0.033755708814093933,0.0013844501584302825,0.6418944389263228
s026,s030,8,0.08130676972795749,0.026660445975169658,0.5055904335516439
s026,s031,8,0.020891841695543336,0.032152229617267034,0.5388020284326498
s026,s032,8,0.029882820702433612,0.06782486522594733,0.6181907056662328
s026,s033,8,0.023903554402557932,0.08549441938752413,0.4967145936819284
s026,s034,8,0.029673428438439134,0.03542199269441251,0.5335746350999269
s026,s035,8,0.03873661069572392,0.06691200397804896,0.632762527264397
s026,s036,8,0.09686920138616623,0.000136514645647193,0.1695754416952629
s026,s037,8,0.0434520396998202,0.00226887998874505,0.564233149306158
s026,s038,8,0.03230698264470923,4.87233571014676e-05,0.5628780013698259
s026,s039,8,0.08747110874867522,0.016714919887317912,0.6613850639087533
s026,s040,8,0.025704478662296845,0.01093382920459268,0.494993673848441
s026,s041,8,0.047984093670085444,0.13679797910365496,0.5238760896492825
s026,s042,8,0.046638549554247365,0.00750541937998593,0.5217900947680372
s026,s043,8,0.023949301206860032,0.04115729576694594,0.40621864128175955
s026,s044,8,0.02811869527645268,0.006360203036818196,0.5824755615130851
s026,s046,8,0.02633565394104812,0.03693450861165837,0.6267864620084024
s026,s047,8,0.04882711797444649,0.0009376627248549787,0.40892199675753105
s026,s048,8,0.025829283795269987,0.002602271473029763,0.4967225393013441
s026,s049,8,0.033786315603631635,0.022409040977068452,0.5690152583739669
s026,s050,8,0.05806385367378073,0.007136535364827821,0.6823879080719771
s026,s051,8,0.09075765753122537,0.0014659118620253687,0.6697440464801669
s026,s052,8,0.032902911270055686,0.007579856306749018,0.4981273985572443
s026,s053,8,0.030711798922768093,0.00016788062018805784,0.6826876693966444
s026,s054,8,0.03735379506664654,0.0044174972425476255,0.6558490587030816
s026,s055,8,0.03589434560121659,0.022111372214315583,0.486778379216926
s026,s056,8,0.04648564669095552,0.023403491592763143,0.5096832942162389
s026,s057,8,0.039248715251584985,0.006974540736683288,0.6014251060040314
s027,s002,5,0.07913322421491008,0.0024988011906914957,0.49788642034387176
s027,s003,5,0.1460083869127104,0.004189066882212504,0.5359968950685089
s027,s004,5,0.1643971284761685,0.13308918839763,0.800515295480018
s027,s005,5,0.04209586155291069,0.0015647927038567719,0.5072424878991254
s027,s007,5,0.10099762018847934,0.0006742873675966746,0.42528439226006803
s027,s008,5,0.23962336573128526,0.0007314971558217477,0.5774268148373797
s027,s010,5,0.05726140371209606,0.014306266073238084,0.44596177079656535
s027,s011,5,0.03460795641121284,0.052486034950338156,0.43923544679723386
s027,s012,5,0.05124670091990602,0.04624844756373504,0.43540613321771415
s027,s013,5,0.06979441814948159,0.050220437945098007,0.7007208003908483
s027,s015,5,0.062072286889265534,0.015856853340751327,0.5732283139434674
s027,s016,5,0.08367380005704589,0.006333129479623925,0.392339402060204
s027,s017,5,0.036642926582821755,0.0012319139649338597,0.5913811414808157
s027,s018,5,0.05902086888462984,0.03236719912415485,0.5817006387036069
s027,s019,5,0.05625982593339514,0.010047735779825635,0.4776524087139894
s027,s020,5,0.0802067594348577,0.031069776666328344,0.5452226413836848
s027,s021,5,0.052515862541507606,0.005092156037547301,0.42129061448168803
s027,s022,5,0.03947595514484448,0.00015876487681227417,0.38384745971944373
s027,s024,5,0.06879992372538615,0.01938784064042646,0.4231565784694581
s027,s025,5,0.05185589652213197,0.008174048789663947,0.47010806631790764
s027,s026,5,0.08355412713141568,0.08495326484242142,0.5343884239262179
s027,s028,5,0.08482994056768875,0.1759791126520866,0.6306327685146381
s027,s029,5,0.0910692153576802,0.016745031181465073,0.6331666295609517
s027,s030,5,0.07797507278312445,0.14764638094002738,0.5315004092298333
s027,s031,5,0.03310449570270256,0.06743170391689053,0.6079296704060639
s027,s032,5,0.06842415479714724,0.00031737136039642,0.580140361860111
s027,s033,5,0.054440370105936435,0.01775390158977187,0.38248610238214104
s027,s034,5,0.07795316482394275,0.03262752097626686,0.5047899856715085
s027,s035,5,0.06805178917733588,0.0009092739388775373,0.5006123417732884
s027,s036,5,0.03860868540267543,0.001340775907969749,0.28695134333085803
s027,s037,5,0.040000156647050936,0.06262850904926624,0.5804504530296699
s027,s038,5,0.046116941863636046,0.001163348382867518,0.326442878164907
s027,s039,5,0.04195411244237464,0.02325092440840807,0.4325158862623245
s027,s040,5,0.03727842918796996,0.00020819685748895244,0.321076615307353
s027,s041,5,0.08372716026208739,0.08539408246038269,0.4972278380626329
s027,s042,5,0.09691958373533205,0.11291059381906429,0.7915280915763665
s027,s043,5,0.053881894905123795,0.021231469786830066,0.2851155855697672
s027,s044,5,0.06456940832960474,0.015026539290368061,0.5028812200273006
s027,s046,5,0.021386849580972467,0.0881289775900992,0.5726083979848013
s027,s047,5,0.03497454537164317,0.10358948634452295,0.655296571582336
s027,s048,5,0.02983281655719127,0.002892882183251845,0.4768894167782872
s027,s049,5,0.05157304496887841,0.010821697950003801,0.3412267660391365
s027,s050,5,0.060034081346195096,0.015097662241171213,0.5500687400106783
s027,s051,5,0.0530069450994459,0.005151682934163092,0.5049631878736965
s027,s052,5,0.05514642688493824,0.00015623408722361412,0.1998679663188027
s027,s053,5,0.07947671780819518,0.026393196512356106,0.4630949137513904
s027,s054,5,0.049531480197065776,0.024704648284916787,0.533163947401507
s027,s055,5,0.04743625686148851,0.04899588729655669,0.4545200222667465
s027,s056,5,0.04828406678386533,0.04328771729770649,0.4211295166321303
s027,s057,5,0.029871213919531694,0.1231314539713412,0.5603374111568409
s027,s002,6,0.03604040699562001,0.0021401169661472166,0.7674274756396191
s027,s003,6,0.11701516715955967,0.139231875612039,0.6758643543234187
s027,s004,6,0.06129583594363124,0.09688300179308042,0.8124075114393995
s027,s005,6,0.017410503373043527,0.03473498673768416,0.582931945902374
s027,s007,6,0.11413526206273664,0.0394220081788781,0.6595330114420399
s027,s008,6,0.11360789490022274,0.020975265446904527,0.6064685461658021
s027,s010,6,0.044603040318124516,0.10985736284742338,0.6850727016223771
s027,s011,6,0.038492604441912624,0.016502852394650505,0.49656090068696945
s027,s012,6,0.039431212196351054,0.004856516274592088,0.5420339679867032
s027,s013,6,0.026261519674960765,0.048022751803935455,0.7333652879055585
s027,s015,6,0.04535013652567713,0.023984263129882718,0.6371100249696641
s027,s016,6,0.02515631096026892,0.039301581755268496,0.46996994259790437
s027,s017,6,0.028430552054428338,0.07910078038937521,0.6616746015602178
s027,s018,6,0.019954122583011748,0.02832462035450784,0.558988846714724
s027,s019,6,0.021542277061065113,0.16608434824853818,0.5869029691074789
s027,s020,6,0.04987103569652377,0.032067566906660995,0.5905052292134236
s027,s021,6,0.03418677829845031,0.010633916985372756,0.6669498246975889
s027,s022,6,0.03943688168334076,0.01788281499564675,0.45628793459074474
s027,s024,6,0.039974117548047396,3.185346992160944e-06,0.6862373526845396
s027,s025,6,0.04579541565806565,0.019993937880827168,0.5234528479731727
s027,s026,6,0.03789527669730884,4.4908268298676866e-05,0.6798876922535412
s027,s028,6,0.04565983447578515,0.04482124684810652,0.6393913839730865
s027,s029,6,0.035661396094223204,0.015141763675516328,0.6526102323476868
s027,s030,6,0.039282958667789934,0.04466536921945008,0.6154987357150029
s027,s031,6,0.030239718779077007,1.5570306026435907e-05,0.6133548592635055
s027,s032,6,0.02650068987791402,0.01026879983344295,0.7140113071489698
s027,s033,6,0.02738783363252203,0.008676493562014014,0.5422389080207071
s027,s034,6,0.04689268121391523,0.025879864662472996,0.5527450270704334
s027,s035,6,0.015472172610494018,0.0020282217927351403,0.6198828499484675
s027,s036,6,0.02054535062973135,0.0045547603834358175,0.25971949300050245
s027,s037,6,0.07766775044650091,0.01050203983932528,0.5962283555688701
s027,s038,6,0.016235962344783434,0.01015242558493261,0.5166071311727846
s027,s039,6,0.019083595854960514,0.015190442546772875,0.6115798094225682
s027,s040,6,0.02536652462326882,0.0020980712179401264,0.5016677276488625
s027,s041,6,0.0323239824627357,0.044498589246706376,0.5661593395715872
s027,s042,6,0.046471020862465434,0.0604808215199018,0.768024354078228
s027,s043,6,0.027525000060307152,0.011051613049461083,0.41531006578508184
s027,s044,6,0.01727197832604177,0.0026306574363378138,0.6493190741507234
s027,s046,6,0.015518625414321092,0.050458319161875397,0.7147038137308194
s027,s047,6,0.036911573949859916,0.0008785310843567848,0.6699973539412176
s027,s048,6,0.015179415473223488,0.003177950048650471,0.539563383808755
s027,s049,6,0.014200040519563183,0.04299264111678298,0.5163168227586195
s027,s050,6,0.030501937671095904,0.019115998080173963,0.6552272725138477
s027,s051,6,0.01295532920807329,0.0010603948271297246,0.664967076462486
s027,s052,6,0.04781753597267656,0.004656239707527745,0.3990670639773657
s027,s053,6,0.03471014116036474,0.02320928361878977,0.6341717588111129
s027,s054,6,0.0474492065091327,0.0040345120184872825,0.6227266073354764
s027,s055,6,0.023492654191184476,0.0010786605326961866,0.4974396690452292
s027,s056,6,0.03218196606588499,0.00589796698387964,0.5612040814499629
s027,s057,6,0.02176509412945539,0.014031766371934751,0.7184273039598027
s027,s002,7,0.16134655204363832,0.019204432606699566,0.64529215216464
s027,s003,7,0.20045466167249443,0.023897191944616522,0.5834213558150125
s027,s004,7,0.27450047738234545,0.14380738348310734,0.7406532960220241
s027,s005,7,0.04457202189616243,0.0006767261732920417,0.5067292504902609
s027,s007,7,0.24576535994374404,0.012751492574555219,0.6742860874420932
s027,s008,7,0.1539315606716818,0.0012443177830176778,0.5791499221729975
s027,s010,7,0.037381360666867924,0.043938222333521744,0.5462740952418454
s027,s011,7,0.048521004685242244,0.008253631225386235,0.40185387130721767
s027,s012,7,0.11764145914753635,0.0027800551696015984,0.503915770116545
s027,s013,7,0.04112640406882012,0.04876770622667581,0.6927825351327374
s027,s015,7,0.05353107246093221,0.00016256345624227295,0.6968258175450917
s027,s016,7,0.06333584222061077,0.09022641318280784,0.39852455566446404
s027,s017,7,0.05466999699317344,0.004476227471333409,0.6260258580309954
s027,s018,7,0.032088817292111334,0.019352804228185184,0.5304145498716845
s027,s019,7,0.06180241198902725,0.009371239022482917,0.5219323356676276
s027,s020,7,0.11441789326543889,0.0005667552665886794,0.5219505454780821
s027,s021,7,0.04258574291046325,0.0290767446312366,0.600490169897051
s027,s022,7,0.0373278116955859,0.014761150927985679,0.31933118973124863
s027,s024,7,0.04557243962695875,0.013373377946470661,0.5951840227458014
s027,s025,7,0.08911188604428841,0.012389051693057176,0.47816171116089334
s027,s026,7,0.1213028211163624,0.0010049979548269515,0.6322461324785239
s027,s028,7,0.04967092356997953,0.0703471056957194,0.606462112524566
s027,s029,7,0.03349090659548767,0.08515905981328553,0.628732805783509
s027,s030,7,0.04795764528925885,0.04147812645394034,0.5267981208001971
s027,s031,7,0.0323448704691186,0.016604718009708957,0.6078510953869706
s027,s032,7,0.05746080545615054,0.0032231019107143363,0.6039505388411622
s027,s033,7,0.07404233233905302,4.811111972747224e-06,0.42834366667113644
s027,s034,7,0.09809642659410495,0.002086690862995135,0.49867177984863065
s027,s035,7,0.05541004565367043,0.022903860468111627,0.6350234194704449
s027,s036,7,0.02227945438981083,0.00018926680647215268,0.18440752843115124
s027,s037,7,0.15416034891569286,0.05923142875994789,0.5771320973715286
s027,s038,7,0.04819146449841003,0.0005402248891252364,0.4457891145522244
s027,s039,7,0.04348222608691272,0.082624679583109,0.6613980636453802
s027,s040,7,0.04434734789107628,0.03551331459172364,0.41665847478386636
s027,s041,7,0.05645164054980027,0.042775773671507235,0.4963526070669216
s027,s042,7,0.10569367256778187,0.01584566593276471,0.7345545979810951
s027,s043,7,0.05150437339958619,0.000519882397032526,0.35479133201252705
s027,s044,7,0.02547445011476625,0.03941555839491357,0.5908055774682829
s027,s046,7,0.03686937066346354,0.054531804332610095,0.6352667245986043
s027,s047,7,0.04308896115472666,0.01504964340548411,0.5569631165207138
s027,s048,7,0.030535208122650117,0.043444869721353016,0.445180022417623
s027,s049,7,0.04399444566150806,0.002642160324784009,0.43315914393475524
s027,s050,7,0.05065337696214977,0.006982277752449903,0.6385037102797105
s027,s051,7,0.04475093606035171,0.0007136452063258486,0.6801160877973547
s027,s052,7,0.04877731539520767,0.015203068362657904,0.38829975366495717
s027,s053,7,0.09225608029103362,0.0006992210245176363,0.5828489108604402
s027,s054,7,0.07565253327611131,0.03529017164486921,0.618827762179237
s027,s055,7,0.05003499575852045,0.040598436797871,0.4539270061441394
s027,s056,7,0.03444496664404895,0.03609530929691206,0.5415084281390976
s027,s057,7,0.02337715072872052,0.028549551169104636,0.5554892310312279
s027,s002,8,0.049713128171452105,0.00733479662179452,0.6467217311001734
s027,s003,8,0.2601463797737117,0.09700948876604014,0.5634006503888925
s027,s004,8,0.28252924194301576,0.27095065040205435,0.7789332921965715
s027,s005,8,0.06631265635234426,0.024220115432398808,0.6110468378778775
s027,s007,8,0.07920173332699895,0.006675350716061166,0.5805999445378087
s027,s008,8,0.23081671530836034,0.1391940568253437,0.6499796687455272
s027,s010,8,0.05503639927296632,0.009481094998451824,0.5629709683448468
s027,s011,8,0.06765191025720457,1.4104939471250102e-05,0.4675761482153096
s027,s012,8,0.0834165430212967,0.008604165253532749,0.545948188391954
s027,s013,8,0.09652940464430973,0.19380870513155068,0.6788810980577792
s027,s015,8,0.14683575599274884,0.022388251264671092,0.6409255346659885
s027,s016,8,0.07375149717471488,0.14214971102595664,0.48556787053428163
s027,s017,8,0.09749305212527952,0.015676243086693548,0.6794177574490698
s027,s018,8,0.04265051919860582,0.030190775921447265,0.6211414681682919
s027,s019,8,0.08229079160513991,0.062248481078653155,0.6545790276287249
s027,s020,8,0.08418084098859864,0.019155859553865166,0.6462376153477929
s027,s021,8,0.052677887037679054,0.012988109591724924,0.5815186223673126
s027,s022,8,0.04130804050981326,0.0523561605679417,0.4261214381419226
s027,s024,8,0.1076140571017845,0.05156538973140651,0.54866273074376
s027,s025,8,0.08415141164462327,0.052327345739990566,0.6359392132726781
s027,s026,8,0.10521331633754351,0.006373831104708404,0.5811507265820114
s027,s028,8,0.1079611720533074,0.06033927798020681,0.6396938845918213
s027,s029,8,0.08471269589344774,0.05272753284035648,0.6598441288929742
s027,s030,8,0.11969601882379065,0.0021712872349301006,0.548590897390571
s027,s031,8,0.11998568609505939,0.015982711604105877,0.6690841484523998
s027,s032,8,0.11711225620908018,0.03709738288188574,0.6581557054240099
s027,s033,8,0.10475382653470057,0.008980561889417198,0.4988464254942905
s027,s034,8,0.0953666218480742,0.0997728513443435,0.5804645560817309
s027,s035,8,0.09022472840859509,0.051649470152271844,0.5852840822027302
s027,s036,8,0.08259183523930445,0.0005799101550379013,0.34621173508602526
s027,s037,8,0.08938814696365843,0.06699274563590928,0.6198258936673889
s027,s038,8,0.09772163663858745,0.02481405147050145,0.4317860589049347
s027,s039,8,0.06319135686380828,0.029788151073430927,0.5129991366686129
s027,s040,8,0.04621360776759671,0.009298072634806023,0.39244652287562265
s027,s041,8,0.08010801757400525,0.012488945036315983,0.5700031069219171
s027,s042,8,0.09978566479949802,0.06779951614989227,0.797409248951887
s027,s043,8,0.14648714222133724,0.0015869047802110777,0.33869084530021365
s027,s044,8,0.048250698702215856,0.003088323436049077,0.5888257000601359
s027,s046,8,0.050785177552972904,0.01627291249436619,0.7135080556399414
s027,s047,8,0.0786727565652271,0.010377259583068938,0.6905459819879117
s027,s048,8,0.06004387153727874,0.003618664409787133,0.5982757902192205
s027,s049,8,0.04745962954273708,0.006314828154142048,0.46761253524376667
s027,s050,8,0.08747568102899526,0.00203331118280643,0.5517053151299691
s027,s051,8,0.12810036818420156,0.017724076024224756,0.6419634984731597
s027,s052,8,0.06944122779835903,0.0007363145833227489,0.31059718515493084
s027,s053,8,0.12551733936975115,0.0007466372869904313,0.5270930191153705
s027,s054,8,0.09225991827350655,0.0061490145738105455,0.6239512603940961
s027,s055,8,0.09600818120342551,0.07684447549562294,0.5540999329007343
s027,s056,8,0.07316692965681978,0.0030101383554634203,0.506408949844275
s027,s057,8,0.05954553653421059,0.012511656338150759,0.627099263220596
s028,s002,5,0.10192187947628348,8.144447353039819e-06,0.7112828800316462
s028,s003,5,0.027447323113230792,0.06139573852139872,0.6210277636267915
s028,s004,5,0.14907355281446644,0.016432078024704092,0.7408080989820153
s028,s005,5,0.018766856231199315,0.010772854902436338,0.5362091379462534
s028,s007,5,0.07222715181548739,0.0026965077951787886,0.5710742922060961
s028,s008,5,0.057922743840911554,0.0518890208886436,0.6389106665911738
s028,s010,5,0.06168731614508512,0.12452568214823681,0.6866089562825873
s028,s011,5,0.018916823327076254,0.10600198011997018,0.5765080265996598
s028,s012,5,0.019810185092118186,0.10386191520106461,0.6408821031819467
s028,s013,5,0.09413426643177,0.08446514851457507,0.779619672486594
s028,s015,5,0.09140387738502051,0.01789058175094324,0.5284853270534415
s028,s016,5,0.05564363885925044,0.0003366744843726561,0.5750385084916232
s028,s017,5,0.13372865842764917,0.09641845468258414,0.734444485968762
s028,s018,5,0.033886222861763536,0.02304188716172054,0.6215483060836783
s028,s019,5,0.05309276202807164,0.008416150110592224,0.5009386054086512
s028,s020,5,0.030337742686820175,0.020931420942267995,0.5773650925563645
s028,s021,5,0.05081867236411969,0.029113979513294173,0.583107402691163
s028,s022,5,0.04260158951504388,0.0030212225977410572,0.5143138825859532
s028,s024,5,0.1834272280529141,0.10949271265048884,0.660677787189515
s028,s025,5,0.0799056725280746,0.017196312456774696,0.53379401743801
s028,s026,5,0.16187326370464933,0.1993956019890974,0.6778744462430782
s028,s027,5,0.03415426658883563,0.021598235938344694,0.5899024168999735
s028,s029,5,0.06824240466877121,0.003456211079453762,0.6899556705019161
s028,s030,5,0.06373655829108131,0.012954697066542481,0.6183940110593729
s028,s031,5,0.03869986717653019,0.006625982778142249,0.6214792921493291
s028,s032,5,0.06625034655131125,0.018756625233162037,0.7164827572979892
s028,s033,5,0.020343726520407262,0.07780857879117872,0.6290916980350183
s028,s034,5,0.04166373443674127,0.011367008683081478,0.5956201513676215
s028,s035,5,0.08665778318601036,0.0892296677438047,0.602710048577336
s028,s036,5,0.09847969104795276,0.024915222279219433,0.39836978055551
s028,s037,5,0.05613841972559378,0.004019579487535888,0.6666390483905987
s028,s038,5,0.052592643996980847,0.01716056755643504,0.6277396813992074
s028,s039,5,0.09732977984294448,0.05237491359944268,0.6684168631343834
s028,s040,5,0.020251038065571967,0.026445836679736923,0.6612947670809939
s028,s041,5,0.03844479466576422,0.1339970130586002,0.6276349320274051
s028,s042,5,0.04737925819604698,0.06490272654774673,0.745488289209578
s028,s043,5,0.09144578577044707,0.011428077837864887,0.4643516191356952
s028,s044,5,0.06851691549302148,0.007075739302352508,0.6278154292185536
s028,s046,5,0.013720847567655153,0.05431046583726149,0.6894323473255779
s028,s047,5,0.04761115476394393,0.01717712233557952,0.6155891843588731
s028,s048,5,0.06132899132647038,0.020798830129373433,0.5181853158313425
s028,s049,5,0.04564870860515896,0.010029452952445627,0.5066235453719106
s028,s050,5,0.040583334709381455,0.03777992487817335,0.7189141385458667
s028,s051,5,0.10665160674447903,0.017488350084868043,0.6929703935136916
s028,s052,5,0.04496317541117035,0.022720632498359716,0.5061926497876361
s028,s053,5,0.08074606565531388,0.003996926769772228,0.7192178022490742
s028,s054,5,0.03148665522102644,0.044417230730112486,0.7225975112854874
s028,s055,5,0.048478289877504556,0.006561602315682777,0.5487017613768149
s028,s056,5,0.03131415093809169,0.01825569081531154,0.7049589703220768
s028,s057,5,0.05997634515027415,0.02570498754963285,0.7628978611478622
s028,s002,6,0.06343605319264026,0.003029680667633279,0.6178796892303238
s028,s003,6,0.04957574326060788,1.954111999612679e-05,0.5070907665324949
s028,s004,6,0.2397430079456256,0.021912443589534192,0.6761964241161181
s028,s005,6,0.03139244687302282,0.032387752400219634,0.571126176063745
s028,s007,6,0.09237966814680591,0.0005971313477871678,0.47180223302055496
s028,s008,6,0.3265257208324308,0.032931033465567104,0.6184825393494112
s028,s010,6,0.11681907791814064,0.22135194239299513,0.7738310207899708
s028,s011,6,0.03946100630267577,0.019988960992359178,0.5113671987012257
s028,s012,6,0.033217152328261466,0.04054052689581715,0.47264257009007377
s028,s013,6,0.13773516287260207,0.15344001247816955,0.7222773541400117
s028,s015,6,0.09689982253284468,0.007618106719725796,0.5881268242039147
s028,s016,6,0.06686437184459734,0.11018815307237821,0.5347071529989296
s028,s017,6,0.24626079245565216,0.042301717561446336,0.6384860224049675
s028,s018,6,0.040131832358107855,0.025419905396169524,0.5883600834412547
s028,s019,6,0.10054846038360422,0.00855930799944772,0.49350816860188934
s028,s020,6,0.048099457198165045,0.002410591133633209,0.4651384797521141
s028,s021,6,0.06006985150895626,0.037490198050940664,0.7011290025721364
s028,s022,6,0.12429691776241107,0.001583867245872381,0.3836122974118535
s028,s024,6,0.2022014782400614,0.05651378061846044,0.5004130810388503
s028,s025,6,0.2054421975052245,0.046116730309962786,0.5115440797156141
s028,s026,6,0.2949107404486077,0.07187341022290986,0.6238872744226256
s028,s027,6,0.13888323805418548,0.0015834762401750859,0.6113014489929463
s028,s029,6,0.085051164328888,2.0424671002196375e-05,0.7593586164228125
s028,s030,6,0.11652993998002398,0.06965331376705965,0.6021588225086442
s028,s031,6,0.08303957655606392,0.013186852152312417,0.6699348919451021
s028,s032,6,0.07026431462577726,0.09696102009697173,0.6527756849021138
s028,s033,6,0.046715382407746704,0.03969040518598279,0.6108116483946585
s028,s034,6,0.10434148229266281,0.0027073147065969083,0.46648155849160067
s028,s035,6,0.08683584602844986,0.0008367739599665762,0.5508951072402364
s028,s036,6,0.1529139541673247,0.0005608857937974835,0.2491587893366192
s028,s037,6,0.12736123424649337,0.03367189110764814,0.5553087542357935
s028,s038,6,0.05535494565411387,0.0005065754937273127,0.49623510491759953
s028,s039,6,0.17112210132691866,0.0023987512233853777,0.5129988923735673
s028,s040,6,0.024533355653335948,0.009836466695272978,0.4419224403157404
s028,s041,6,0.057490204082762064,0.24832196191001873,0.6687178360701956
s028,s042,6,0.10810058308917479,0.023935518183911354,0.6353432890367832
s028,s043,6,0.1833333962484268,2.134514615862399e-06,0.3352449427033587
s028,s044,6,0.08977780971823317,0.0075202207133845895,0.6106157453556159
s028,s046,6,0.029010856238545896,0.2777415958153224,0.7546210986646367
s028,s047,6,0.07689487838231839,3.428192199202557e-05,0.5038265410729404
s028,s048,6,0.04490429410927543,0.0011462761750277077,0.5030825472536614
s028,s049,6,0.05574478095764988,0.02673130364894865,0.6566166977558047
s028,s050,6,0.06184677714756911,0.008328594426229212,0.7513323961183866
s028,s051,6,0.1868571674360449,0.007886480140184435,0.6203453888466373
s028,s052,6,0.08598488292833753,0.0007919237546479454,0.36942550367874893
s028,s053,6,0.12505304116490454,0.04226712638501686,0.6882064952897091
s028,s054,6,0.05509587700801774,0.0035613053074073616,0.6873012749069446
s028,s055,6,0.0998865223945826,1.2040943739617077e-05,0.4546843656332339
s028,s056,6,0.0690444874718687,0.00020262956925436805,0.5029541903563645
s028,s057,6,0.07328912890295868,0.022090864267552874,0.6912545002447121
s028,s002,7,0.22210614298454437,0.030814634548644738,0.7903725719478438
s028,s003,7,0.07356837819118692,0.06412324917818572,0.6412184792012373
s028,s004,7,0.13043245840255555,0.030530518391877263,0.7896468037099517
s028,s005,7,0.04872921806886488,0.006889321243362447,0.6283481732768145
s028,s007,7,0.13825215319947456,0.040120532422456924,0.5969811026610712
s028,s008,7,0.19821353873690797,0.0006721739577637766,0.5896400929092629
s028,s010,7,0.12915274203633795,0.09271790606010599,0.8073309405585621
s028,s011,7,0.06766941653316523,0.08068730528163613,0.5814943475210091
s028,s012,7,0.04058622408511703,0.18211142452140752,0.6960442516444654
s028,s013,7,0.22855378579278388,0.058901161221016914,0.815361733250119
s028,s015,7,0.14523370412048994,0.03976252415745183,0.7296848396029074
s028,s016,7,0.12734385395594883,0.005421046373831165,0.7102928884370754
s028,s017,7,0.4112002007249663,0.2559310198774081,0.7248146943216628
s028,s018,7,0.04941161525025372,0.015684012326028635,0.6989705703378146
s028,s019,7,0.09744211568065238,0.000853496871592895,0.6818294602207611
s028,s020,7,0.0573685284670321,0.011047638173464202,0.7146209252986417
s028,s021,7,0.10014609164718181,0.08466021636798265,0.7414834621848861
s028,s022,7,0.16035836300109876,0.016803835424576405,0.5539251871124937
s028,s024,7,0.3744630670917695,0.15818636329879524,0.704666606435471
s028,s025,7,0.19566442648540464,0.01147580304814065,0.5797989237104456
s028,s026,7,0.4634674835358575,0.14505667356484822,0.6310110726285695
s028,s027,7,0.17545364957944698,0.027784576674941105,0.691245731903343
s028,s029,7,0.18671434653783445,0.0070879377032828095,0.734290443159431
s028,s030,7,0.13908553861857642,0.026982153730144478,0.6267511782190726
s028,s031,7,0.2051714900261748,0.07779982911113716,0.6129929813732148
s028,s032,7,0.15331306590737995,0.05659118148695015,0.8014282530340142
s028,s033,7,0.04452509118699357,0.13147372550935293,0.7662496620202642
s028,s034,7,0.07581553922407118,0.04879643163027039,0.6032468154872926
s028,s035,7,0.10894143677210591,0.07872446741057151,0.6076738187498995
s028,s036,7,0.2217004982924676,0.042525456224412735,0.4660560947934368
s028,s037,7,0.07134953750662383,0.13539697449808877,0.5911827927671465
s028,s038,7,0.09877647694645345,0.0027818757327475836,0.58987643131721
s028,s039,7,0.16925469049457595,0.031714541237035855,0.6655076779748346
s028,s040,7,0.0591132640450453,0.04178419025702716,0.5728235992140395
s028,s041,7,0.06890136875686943,0.34367745017888585,0.7608981267134196
s028,s042,7,0.14709532550614748,0.026637723714559074,0.7557561985537217
s028,s043,7,0.2407281996858604,0.016870852513161606,0.5050397144820655
s028,s044,7,0.11783250791845624,0.0146383130728842,0.6860385254055131
s028,s046,7,0.036456908460743905,0.06971348071130748,0.7563882507453965
s028,s047,7,0.08067160141035554,0.05134203536887285,0.6891472913603061
s028,s048,7,0.06315599676750049,0.0017546905151691553,0.5684797047307387
s028,s049,7,0.07879983647925924,0.037584654038058836,0.6764888178411229
s028,s050,7,0.09226710206646266,0.031224610703841842,0.701357279682569
s028,s051,7,0.22803620947427047,0.07577204082210849,0.6879627611867754
s028,s052,7,0.10229157337923805,0.00010001065162600192,0.5613811316869853
s028,s053,7,0.17760622113345823,0.004381434347393736,0.7861365137536396
s028,s054,7,0.05817683240346229,0.026749674072440156,0.7269826241409948
s028,s055,7,0.12143531207782633,0.006401393992984522,0.6245978331290593
s028,s056,7,0.12467113879017123,0.019768727352455603,0.705723018905787
s028,s057,7,0.10550411563289225,0.01625038448296748,0.7809783972405634
s028,s002,8,0.025816026156397904,0.00016036733883990624,0.6828178356555733
s028,s003,8,0.018999630934871625,0.07474234754033765,0.6475054444457475
s028,s004,8,0.07826918260179984,0.027843196028919655,0.6300856609092519
s028,s005,8,0.01579456476598839,0.0025192814366106673,0.5648482247865896
s028,s007,8,0.055014390007005955,0.0025896763728342404,0.5820492019314095
s028,s008,8,0.0622863201549147,0.049980399497377835,0.6302684361720167
s028,s010,8,0.042193350871871246,0.17068416025296718,0.7243888329158767
s028,s011,8,0.014775526679102638,0.18893200784464054,0.6537545725844042
s028,s012,8,0.010198560157267798,0.12266040166478821,0.6913016634401087
s028,s013,8,0.07825461780371534,0.08471218629990102,0.8553816319461416
s028,s015,8,0.06996850592583698,0.02394671923508552,0.6295734092434364
s028,s016,8,0.04197932300871249,0.02430464631598001,0.7028819326774848
s028,s017,8,0.13099734163480997,0.09377515764446193,0.7451240639938792
s028,s018,8,0.017395964382227288,0.045041892834115214,0.648910930842694
s028,s019,8,0.04648789803883235,0.0009814402006699619,0.510003277044243
s028,s020,8,0.022915663978842735,0.06128857215688637,0.6101003043182692
s028,s021,8,0.039742074717425406,0.044245939644825316,0.6424065382768168
s028,s022,8,0.04363963635611232,0.0272397280217703,0.5671233047770831
s028,s024,8,0.16967583803389594,0.10110120361593447,0.5998420497327858
s028,s025,8,0.10087867022752145,0.08518641753037536,0.5411770975843295
s028,s026,8,0.11849087279766798,0.12410666423423207,0.6335328211540153
s028,s027,8,0.04909636284736687,0.028551879045352054,0.550550366643704
s028,s029,8,0.07503317972976456,0.0005133205717563548,0.7047328112788175
s028,s030,8,0.03554031395252509,0.0072871212835065305,0.6366069914893396
s028,s031,8,0.033715014356546544,0.026468370928467426,0.610206823267486
s028,s032,8,0.037613287316159,0.015183965823059253,0.7484602853433093
s028,s033,8,0.013457300548079015,0.13777375393593067,0.7102790007327466
s028,s034,8,0.030427717056586943,0.025907596525838544,0.5636129980641006
s028,s035,8,0.07167933165986179,0.030365642527260043,0.5452646041318302
s028,s036,8,0.06923759957373309,0.08049062241089454,0.4887577996045445
s028,s037,8,0.03923261015528672,0.004409659349211918,0.6473998076896794
s028,s038,8,0.04809298473951721,0.012429292322813661,0.604711323240068
s028,s039,8,0.06126768679054615,0.026457321798215905,0.6182980812423824
s028,s040,8,0.021404676027096073,0.06278119335265368,0.5543024533975741
s028,s041,8,0.02955974607782717,0.2587913215473367,0.7866741364195303
s028,s042,8,0.051034648295237954,0.07363432549990424,0.6978571592467415
s028,s043,8,0.08485354036871712,0.03770580036706133,0.4865545149630847
s028,s044,8,0.07295838865092026,0.030319551036617105,0.6497394428859631
s028,s046,8,0.009235372506864594,0.16465998806551488,0.6918890877793434
s028,s047,8,0.02486720179155317,0.008849526940105212,0.5722907199643869
s028,s048,8,0.045045388811694315,0.039357173314812394,0.48488195835238623
s028,s049,8,0.028523849905766972,0.020417077426433748,0.6184509513514639
s028,s050,8,0.02092596872105435,0.0006235541587133297,0.6684456105576698
s028,s051,8,0.07714704297509273,0.03478082241673411,0.6925859017952338
s028,s052,8,0.03700506508071467,0.001908302017997512,0.501606957706173
s028,s053,8,0.05314759201736689,0.00476393189570832,0.8266861063363004
s028,s054,8,0.021069198595064603,0.010467041918249098,0.7214308801039881
s028,s055,8,0.05173337570286197,7.668104637149278e-05,0.6185127277189459
s028,s056,8,0.022145101155243912,0.0010698084857479436,0.7003734917132338
s028,s057,8,0.029523444919605183,0.023863777840089237,0.7897434936557576
s029,s002,5,0.1154573731081351,0.042635275426778564,0.739266391542677
s029,s003,5,0.08615728442970547,0.004134521704928769,0.6675912365488869
s029,s004,5,0.05903282924355825,0.0034193499428009175,0.6599989864684686
s029,s005,5,0.04712175037078172,0.06925126924497776,0.8168418233801857
s029,s007,5,0.183307588177314,0.1665876221467681,0.7715099437133253
s029,s008,5,0.0654200209080689,0.0011269379786828927,0.6495897309638407
s029,s010,5,0.17172202868513103,0.020081886935559554,0.7798961076170106
s029,s011,5,0.06533239355121277,0.002419578078767077,0.5893560694072932
s029,s012,5,0.056032183654647225,0.00665345868746231,0.6108775643488579
s029,s013,5,0.09252133543202852,0.01368897273103958,0.668014816004876
s029,s015,5,0.1486452403760156,0.16543450317442576,0.7280171079580926
s029,s016,5,0.039212912927699115,0.012109973710634245,0.6568026756893713
s029,s017,5,0.12235662741057785,0.048586730614234845,0.7655668438647686
s029,s018,5,0.06938745059992592,0.08281141569526797,0.620914088325113
s029,s019,5,0.13244556450899048,0.06938980492624881,0.8367299603012398
s029,s020,5,0.05491376575151788,0.0020554801360073306,0.6986052817238602
s029,s021,5,0.06736452987922537,0.05585082387770993,0.7256446430158829
s029,s022,5,0.05389336920685602,0.01368975130331456,0.5175435327055294
s029,s024,5,0.06315503581664517,0.01113528354782087,0.7418218748614928
s029,s025,5,0.0842114708180105,0.003945463618259313,0.6440735604297654
s029,s026,5,0.12392314200328848,0.06568829514174805,0.711612739816961
s029,s027,5,0.04064876876902638,0.0009678197512074821,0.49492030499578277
s029,s028,5,0.06698153884363464,0.057432725623826834,0.6789565366572858
s029,s030,5,0.029943207064498448,0.03654029081838209,0.6004946630750417
s029,s031,5,0.029610754431405817,0.07889542667213716,0.6178085985066545
s029,s032,5,0.06145666528011309,0.0006119248093769094,0.7009335152733358
s029,s033,5,0.019792826857707255,0.28693669962287344,0.6840428790885922
s029,s034,5,0.06474305821917405,0.044504892035237956,0.584978759143379
s029,s035,5,0.05274079092600232,0.004057817542130314,0.6813041559026843
s029,s036,5,0.0651000018799207,0.062371489336613704,0.40619115576045944
s029,s037,5,0.038211384174351146,0.04043175585424297,0.5894805923275942
s029,s038,5,0.0483104580370084,0.0010308644589791692,0.6911507872690518
s029,s039,5,0.0615386626312915,0.006997166162109585,0.6615306651819423
s029,s040,5,0.039419720847262765,0.02170655913322753,0.5950176737196213
s029,s041,5,0.055957501944463174,0.0006616748222811757,0.5827553764011569
s029,s042,5,0.13551201421331488,0.03981493080325609,0.6031271513415845
s029,s043,5,0.043734435251683204,0.034544772687066516,0.5541321363175764
s029,s044,5,0.0483723280847056,0.0009154839361627375,0.7426730157951325
s029,s046,5,0.04946076941874823,0.0015401328982963174,0.7607787890172905
s029,s047,5,0.04496757148917782,0.008416363818451497,0.7233932531761257
s029,s048,5,0.07223869042687876,0.25272631511057025,0.755855455736369
s029,s049,5,0.04331499153073672,0.04758154846433674,0.6613876247540197
s029,s050,5,0.09204284660367537,6.472154993996278e-05,0.7394681318519442
s029,s051,5,0.068456685693903,0.12811101889972057,0.7220954562902931
s029,s052,5,0.07227541360519583,0.007911593735951801,0.6082489186737268
s029,s053,5,0.08400923573175544,0.009886287730590117,0.6900182279073713
s029,s054,5,0.08644878045256968,0.010245860776055658,0.8362183698480243
s029,s055,5,0.09303997472076403,0.01084773160648497,0.6396581714347807
s029,s056,5,0.057845816046739565,0.05012412127730409,0.6159027932021631
s029,s057,5,0.05423897783862513,0.022780768465967945,0.590224480949733
s029,s002,6,0.13388227294443605,0.032042588084895955,0.6945334447985486
s029,s003,6,0.06409328181411993,0.012351218849687224,0.7712387363612336
s029,s004,6,0.08563593562070367,0.012677513651848384,0.566079222130981
s029,s005,6,0.059627873189157625,0.14073449056879148,0.6845745230727375
s029,s007,6,0.1372018214352443,0.04950189043494832,0.6427025082606217
s029,s008,6,0.035475373138279094,0.03602294813136662,0.7027389893658159
s029,s010,6,0.12408548373249226,0.005621303892186377,0.7225668602399935
s029,s011,6,0.06158004030824666,0.002481927171850199,0.7711871576740053
s029,s012,6,0.08953060241464426,0.008118031844053096,0.6966385912428684
s029,s013,6,0.0902974848473973,0.006303516524099724,0.7443598249305475
s029,s015,6,0.1820144212828271,0.15262156343136324,0.6471162436213942
s029,s016,6,0.06503096248439633,0.0015901660529595687,0.639390687820231
s029,s017,6,0.11503517473538645,0.0010155686177811807,0.7429674916752801
s029,s018,6,0.1273656288746742,0.19370644390912947,0.7481218066813571
s029,s019,6,0.10240153166129139,0.06003493974064492,0.6372687029711116
s029,s020,6,0.10463708603678873,0.04802436388191844,0.5854636136529994
s029,s021,6,0.08549171937343132,0.006689992746581199,0.6613320347979161
s029,s022,6,0.09339927344826418,0.11902075249544504,0.6060296346062188
s029,s024,6,0.04700359702323751,0.009019983306141862,0.6951097511716847
s029,s025,6,0.09320470142328238,0.01323049618586759,0.749741217118185
s029,s026,6,0.1107845721488537,0.11392401049552284,0.6634076878409855
s029,s027,6,0.036126409921961485,0.0035105739694431953,0.46538453766180626
s029,s028,6,0.06588171285755777,0.005273428430814529,0.6581474618465035
s029,s030,6,0.03436547676316191,0.10570814405373427,0.7690049754936724
s029,s031,6,0.03644365751447789,0.02346196237332074,0.6367445035904583
s029,s032,6,0.10411014393085449,0.017260147522687327,0.6906917913404169
s029,s033,6,0.027598109917111886,0.12260918591700633,0.6350795233250168
s029,s034,6,0.07455128761862545,0.09241461518867249,0.6476737855487524
s029,s035,6,0.08621133240199355,0.021039777231123175,0.586447916969181
s029,s036,6,0.05755162374186751,0.0576424473440562,0.4799352342455559
s029,s037,6,0.07075314776471268,0.23463855229068845,0.6914147864073916
s029,s038,6,0.08061504308281188,0.008669802872315363,0.7869840437746771
s029,s039,6,0.05295521908653811,0.0233128321931136,0.6203690936993389
s029,s040,6,0.044844226148455346,0.017728813955203437,0.6017387037399466
s029,s041,6,0.050382680186242736,0.00012017236565986696,0.6866948056152038
s029,s042,6,0.09900578085977478,0.03782206598457698,0.6280137029778388
s029,s043,6,0.037178232360157944,0.17568493513445207,0.6283613966831099
s029,s044,6,0.03375535772278556,0.004779861188718444,0.7673816916160571
s029,s046,6,0.04620194368533357,0.01519675424374732,0.6975197071857746
s029,s047,6,0.04881954700977309,0.0021999952475546354,0.5812590804920917
s029,s048,6,0.05653045755935382,0.10167912312521686,0.6143658168518366
s029,s049,6,0.050430018638277375,0.07526847019807754,0.6491076433510025
s029,s050,6,0.15700939198614117,0.003044977732201046,0.7516038843034559
s029,s051,6,0.14126668432652897,0.0693501821359266,0.6659855912026638
s029,s052,6,0.07321737602940014,0.008592889782998357,0.5129251803003865
s029,s053,6,0.07501547473234796,0.007213407613302947,0.6697403830654374
s029,s054,6,0.04821244585957741,0.0603602436667624,0.8304052449783668
s029,s055,6,0.07970273776770083,0.02270053056099615,0.6675862003659507
s029,s056,6,0.05887167373187787,0.0604520012171445,0.746843464041771
s029,s057,6,0.09124620999444698,0.11370775821087963,0.6812476936254036
s029,s002,7,0.08435026482455117,0.017373814446697472,0.6158021732536989
s029,s003,7,0.025464969745268868,0.009538584721874152,0.6613617974427689
s029,s004,7,0.04607162931017167,0.015498442098492146,0.5966460987107751
s029,s005,7,0.03756657901400678,0.07596336393603242,0.7371016688445305
s029,s007,7,0.06414333882472875,0.05985816658555639,0.7139583464474821
s029,s008,7,0.05480555846546432,0.1172385661677551,0.7327679326815545
s029,s010,7,0.1114298526290358,0.0006003928285632634,0.6868621378522959
s029,s011,7,0.05781857007645191,0.08730795524839285,0.6255793575936809
s029,s012,7,0.05646146330493919,0.00022364173912689089,0.7247683516877523
s029,s013,7,0.07159293847849284,0.04443374576797079,0.706014459154117
s029,s015,7,0.06346904185099393,0.05933780632775287,0.7147258134546234
s029,s016,7,0.021341451410330423,0.012919339048082061,0.6563554398765091
s029,s017,7,0.06658309738634098,0.030659782221628743,0.7232809542959853
s029,s018,7,0.11130702488983826,0.12487076644635793,0.6780595761120898
s029,s019,7,0.05640627148737676,0.06207984298656308,0.7573993567129224
s029,s020,7,0.06278027212159869,0.008394785220374299,0.7513406676490042
s029,s021,7,0.061765688711375465,0.005809981073449635,0.6414034830675354
s029,s022,7,0.05391528751144686,0.023367282506954933,0.6212312932167485
s029,s024,7,0.03273890507563112,0.004285196119941026,0.6534387901568909
s029,s025,7,0.0310878294544924,0.06894823303701214,0.6896885416024412
s029,s026,7,0.05540717868611977,0.06174177183911701,0.5730382877386347
s029,s027,7,0.02819795284653852,0.05816899095309403,0.5414298469436363
s029,s028,7,0.0673409266571185,0.007220792346211226,0.6664885344946857
s029,s030,7,0.029542447082531214,0.025595066748891185,0.5391668639886017
s029,s031,7,0.02063559710155744,0.14816307136179324,0.6968241071479186
s029,s032,7,0.1385315309291247,0.09459233711652068,0.7206558999931284
s029,s033,7,0.023418863166465798,0.07842032037525354,0.5933015956004097
s029,s034,7,0.0781870959824925,0.07060474507892553,0.5859158382045144
s029,s035,7,0.06796767386622925,0.010842732693238277,0.5468592937808873
s029,s036,7,0.028961876225077992,0.13687590693191407,0.5710004245843874
s029,s037,7,0.028463301334613948,0.010612415383644339,0.6006508549433565
s029,s038,7,0.04095064559682912,0.0008620051131038593,0.5414776423998211
s029,s039,7,0.06864557871487262,0.06542948774084041,0.5047955439440241
s029,s040,7,0.017260223387251205,0.009249341197447235,0.42564868241668025
s029,s041,7,0.02737172780195608,7.770740557950938e-05,0.6479097726628095
s029,s042,7,0.04636293878531846,0.04751445966655593,0.5661970827575631
s029,s043,7,0.02448783246119273,0.09549455073529753,0.5863522077566892
s029,s044,7,0.03063622699373922,0.01308098121956972,0.6909169109843439
s029,s046,7,0.02256566014675981,0.00239527684695925,0.6899943739569203
s029,s047,7,0.03403160468245561,0.01533006384722438,0.5421948049065016
s029,s048,7,0.03905400958762043,0.222988736590931,0.7844368374011
s029,s049,7,0.022495601345625928,0.14658013020217098,0.6714530356084504
s029,s050,7,0.08590352449610901,0.00014050689755081754,0.609581437938304
s029,s051,7,0.08984588166571744,0.08380488773400532,0.7579210093590995
s029,s052,7,0.09760102156401416,0.009065029047328638,0.3907086086083934
s029,s053,7,0.05861190319454574,0.062182796687734306,0.6256843593809488
s029,s054,7,0.05129099970314672,0.07319007196446102,0.7290259236864594
s029,s055,7,0.06775774070564684,0.04491668040059447,0.7238447533598621
s029,s056,7,0.060585201152617674,0.06160537619823489,0.6043415169187968
s029,s057,7,0.05308915552097853,0.10751071570181958,0.6848562091788967
s029,s002,8,0.05813086263590767,0.017393054747410635,0.6255055447733168
s029,s003,8,0.04993515090679352,0.0059526773401988465,0.757624007558951
s029,s004,8,0.03885040121467115,0.003176880515173155,0.6423603312672757
s029,s005,8,0.027677045088855056,0.15304894778643946,0.6870450176062074
s029,s007,8,0.13381435218946355,0.02512469579347815,0.7096070701880586
s029,s008,8,0.07850501654552047,0.0001615869247470471,0.745867846099941
s029,s010,8,0.10022273485373413,0.0023452312114987106,0.5826496225758474
s029,s011,8,0.1322389230042144,0.05809069269929964,0.6919287819542741
s029,s012,8,0.06288561071446339,0.07121606701668634,0.706109681325691
s029,s013,8,0.0634927245132784,0.01411248135742854,0.709650304199531
s029,s015,8,0.1293003309586969,0.041355638102870164,0.6937177544996935
s029,s016,8,0.03718160490980606,0.008080523559198994,0.5901330604080778
s029,s017,8,0.0829687864296401,0.0009425578732790437,0.7100089253655999
s029,s018,8,0.08325311590578095,0.1320476843965632,0.6982386015981508
s029,s019,8,0.044920325834094256,0.13848642649683982,0.7013169209367829
s029,s020,8,0.08083363935575187,0.14401648587540616,0.6603938430404179
s029,s021,8,0.0897007249545049,0.04393279362848703,0.5613901693670665
s029,s022,8,0.05159672568742406,0.13749719277527359,0.6511934160520543
s029,s024,8,0.04728508275465349,0.01704963920883093,0.6959483215520114
s029,s025,8,0.04153835019475203,0.05560844203471009,0.6090000671520692
s029,s026,8,0.09713433472557875,0.01332579083197854,0.597603954310613
s029,s027,8,0.034779690991293064,1.4096628007342583e-05,0.45874150516744755
s029,s028,8,0.08423760095168707,0.015514244490380632,0.6116081205345832
s029,s030,8,0.05455540987397598,0.14648383326484515,0.6607992505385335
s029,s031,8,0.07928579293935026,0.0131017288335072,0.61559696544633
s029,s032,8,0.05720852949816282,0.00022804625890120026,0.7107961731594643
s029,s033,8,0.025627038395488633,0.010417720441694693,0.4452186330600033
s029,s034,8,0.06369595702858283,0.023648301156722364,0.5440718896798294
s029,s035,8,0.038229162827685036,7.954262123417428e-05,0.5413169462220128
s029,s036,8,0.08646985064866133,0.12123023423732879,0.528689965388219
s029,s037,8,0.08828241504463301,0.31706564084701283,0.6750802792072081
s029,s038,8,0.04048787087270291,0.019630992651264705,0.6423404860171709
s029,s039,8,0.09232624537475201,0.03349233915528151,0.5563010365073602
s029,s040,8,0.035355411199364396,2.3551743523784454e-05,0.5064166496706101
s029,s041,8,0.0463376682026914,0.07603859502926522,0.5266025465009776
s029,s042,8,0.10266627326805539,0.0371377937157436,0.6548312389871274
s029,s043,8,0.04665453951973684,0.1485524385751089,0.6354419115399039
s029,s044,8,0.039186676540460326,1.3398691406840944e-05,0.7010487557639257
s029,s046,8,0.04061560834426289,0.08623531122612763,0.602277019378956
s029,s047,8,0.054968391928339834,0.012450497182333929,0.5855247497646953
s029,s048,8,0.05511482276526781,0.029417378488023636,0.6786322728447117
s029,s049,8,0.03777353287961324,0.05201408566492203,0.5485048937472219
s029,s050,8,0.11980239592543546,0.008540537157326696,0.6660006580949215
s029,s051,8,0.07750649430296033,0.05530072733384173,0.6313087689955604
s029,s052,8,0.08160341170619892,0.007004334877295989,0.4242632071084971
s029,s053,8,0.07403546985922824,0.0022764669491268344,0.553554976964142
s029,s054,8,0.030949899520956434,0.04183583672137893,0.7707875487175337
s029,s055,8,0.07462896586136375,0.0024445555273584357,0.6641759539469337
s029,s056,8,0.08772207434728056,0.06685145857395598,0.6557185995589089
s029,s057,8,0.06151846984127372,0.09997838339448602,0.664452691887922
s030,s002,5,0.09237433429964907,2.397507109158271e-05,0.6486951710435245
s030,s003,5,0.28920323997154945,0.02966225303663646,0.82895773715814
s030,s004,5,0.0759288169245169,0.00030713869177123745,0.6433416714576781
s030,s005,5,0.09035559336135615,0.016760070572612192,0.6989705632909682
s030,s007,5,0.1314381086562313,0.07858152486506773,0.7004997555372005
s030,s008,5,0.10063129361288636,0.00021356585070868886,0.7601235427077737
s030,s010,5,0.07559713876750283,0.015940469025096153,0.5442404647218549
s030,s011,5,0.07185842332471383,0.053214615137969004,0.7565417775637467
s030,s012,5,0.11021244197226857,0.013816591051927474,0.7218269601369512
s030,s013,5,0.0479188455665901,0.06968723724722906,0.7820087172079822
s030,s015,5,0.056459723256933866,0.024178321027274147,0.5326156146520008
s030,s016,5,0.14682129183684936,0.05282539533808897,0.5164877882681975
s030,s017,5,0.10190056115375076,0.0013612214690904825,0.7068659572568051
s030,s018,5,0.0534720517294357,0.038852967706891756,0.6654704658337997
s030,s019,5,0.07081692791219608,0.0340269417314992,0.579139933469446
s030,s020,5,0.13863635268769614,0.007472058687482501,0.6221900254865949
s030,s021,5,0.14765138982882753,0.003398225176541023,0.5440316815114548
s030,s022,5,0.07492272128049852,0.10209654508922295,0.6784130770655086
s030,s024,5,0.07407755620249995,0.010430115993169302,0.6780851446387184
s030,s025,5,0.1937210355795629,0.018935553199494845,0.7132068935596391
s030,s026,5,0.12203971611725384,0.029153105799682787,0.7061268016045794
s030,s027,5,0.14851519977822827,0.02844588735212263,0.611623547737358
s030,s028,5,0.0802922554881821,0.010551884924709404,0.6261033351802228
s030,s029,5,0.06517419356617973,0.04992349304181337,0.7059670235875365
s030,s031,5,0.07831686041444971,0.0002756844156467586,0.7174665177848036
s030,s032,5,0.08041258316067532,0.02667655825159648,0.704126750646308
s030,s033,5,0.08631690166881709,0.009275880345753077,0.4949126221667984
s030,s034,5,0.06313483047863576,0.07479207878223987,0.6966482377060835
s030,s035,5,0.042048798962098004,0.007453085486401622,0.5495337293745135
s030,s036,5,0.1889822804366042,0.06283534281917205,0.4837160604280081
s030,s037,5,0.17979684659822784,0.053336070339611616,0.7459204425557241
s030,s038,5,0.0932201589528503,0.0013645011244331387,0.6828407858301208
s030,s039,5,0.1094221203573082,0.0034234411070055673,0.5247901664479306
s030,s040,5,0.06949304425265017,4.538037349108362e-05,0.4943047849481794
s030,s041,5,0.13846466980590658,0.008828929356737144,0.6365356249386299
s030,s042,5,0.1298017488292568,0.009238608134049014,0.6789512085819769
s030,s043,5,0.09615914524003298,0.06902628652745504,0.6545705560943768
s030,s044,5,0.09930286330829104,0.003042869443917597,0.821644557221606
s030,s046,5,0.2551576114488237,7.017579869589629e-07,0.6781930182015009
s030,s047,5,0.09307527408227906,0.00042559769776555437,0.5705288353349617
s030,s048,5,0.06285178706782697,7.612419287439515e-06,0.626662205948819
s030,s049,5,0.12894177166056972,0.006759098140602486,0.5796896991366572
s030,s050,5,0.07607783168577473,0.045919896269194106,0.6796634251400634
s030,s051,5,0.1269642771667054,0.009901757457726567,0.5905055664840082
s030,s052,5,0.06560148149850895,0.005203677775162578,0.2939032406319912
s030,s053,5,0.05582130808806027,0.027646255899793453,0.49858170099284044
s030,s054,5,0.06770947717972368,0.0002660322224847627,0.6532280962226701
s030,s055,5,0.073795421344523,0.07428789251023785,0.6186729914273514
s030,s056,5,0.04754894658712609,0.13914126412395908,0.717804310777388
s030,s057,5,0.05447051951988143,0.23151949477252937,0.7095576009564516
s030,s002,6,0.11818883310049456,6.670536207760214e-06,0.665422384114457
s030,s003,6,0.25722627937762454,0.07116469114508073,0.7512509866428442
s030,s004,6,0.06091956074454721,0.0019285492717329327,0.6077928919634193
s030,s005,6,0.10391927367269525,0.05371699732783456,0.6505493589952301
s030,s007,6,0.3192297508503908,0.03626752460043358,0.5628090286834185
s030,s008,6,0.07890280032319055,0.01321407857412099,0.659653721119996
s030,s010,6,0.06712400611481267,0.0004336483075561873,0.6047823910150759
s030,s011,6,0.1020904185860319,0.012039342089638659,0.7449821063422083
s030,s012,6,0.12037195941753442,5.641724859075789e-05,0.6446739051457142
s030,s013,6,0.03594846214987727,0.053904591936247664,0.8125775458283077
s030,s015,6,0.05020292592029032,0.0005296488889901979,0.5791610332970843
s030,s016,6,0.08242079531413297,0.05740302801381149,0.5270699691740052
s030,s017,6,0.07196489470385849,0.004155868584048921,0.7589488040523544
s030,s018,6,0.044516541004442745,0.0849337839971267,0.6786579630551355
s030,s019,6,0.08931441364006736,0.0014706862987542973,0.5032282129770892
s030,s020,6,0.1660813453033829,0.0023159293533146883,0.5356272156333808
s030,s021,6,0.06892673245830114,0.023299614992628122,0.6759927033508704
s030,s022,6,0.09419800279543222,0.07599610855809577,0.6008908791308047
s030,s024,6,0.06195206453174056,0.0449629210305823,0.7086646862601087
s030,s025,6,0.1232619627484049,0.012796939378946902,0.6533106687366526
s030,s026,6,0.1422741801877305,0.07502051718859262,0.7281709402764053
s030,s027,6,0.16923196396621978,0.053817214421394345,0.5552520245969315
s030,s028,6,0.0783706401496434,0.0002774718444537669,0.6325486393917361
s030,s029,6,0.05677203587316296,0.15168161315574313,0.6992816723901025
s030,s031,6,0.05292783552204533,0.0030650948561884786,0.6437843699357771
s030,s032,6,0.08041818840244892,0.004276631169481436,0.7040334141564764
s030,s033,6,0.1063635338100969,0.012454868600943232,0.5518328718975
s030,s034,6,0.09919309508643454,0.021136413949348325,0.5631420582360037
s030,s035,6,0.05336973759527345,0.039107403406488966,0.577457197222463
s030,s036,6,0.1310329645094427,0.04272184341963365,0.4088080117457721
s030,s037,6,0.15634604663581195,0.015409283782833873,0.6796630379950239
s030,s038,6,0.057588468525222904,0.028187617021603453,0.6428013816170937
s030,s039,6,0.1381483570329054,0.004404998829103042,0.5171780784105928
s030,s040,6,0.15595475386699628,0.043195212873587185,0.47001703919746013
s030,s041,6,0.11992746856395124,0.005854120006355678,0.715985850780395
s030,s042,6,0.18046866387364088,0.043041447409861024,0.5975561221653978
s030,s043,6,0.08300543389895067,0.06327940125500699,0.6155595342760568
s030,s044,6,0.04462106865138143,0.03417883180476745,0.7600696941634691
s030,s046,6,0.39091489325407475,0.00010083585056244417,0.6936948259225568
s030,s047,6,0.10874969561814003,0.0013358432291569568,0.5416267632780499
s030,s048,6,0.045808685625986396,0.01106479384328019,0.5011038672128656
s030,s049,6,0.10118715583414206,0.0212283869404395,0.6464310998699562
s030,s050,6,0.06297913600573694,0.010029560996881489,0.7458868227076978
s030,s051,6,0.054286203271827135,0.011636359248672316,0.5274863649557929
s030,s052,6,0.0548944926542856,0.03118372754198092,0.3709377051409617
s030,s053,6,0.08508406643649086,0.023832558085124907,0.5924180769025524
s030,s054,6,0.08172358548983893,0.020250325675467567,0.6790411495651878
s030,s055,6,0.09446995151041664,0.11137623869079441,0.5611658420759038
s030,s056,6,0.05163142039855644,0.12348067981323081,0.6344002326833154
s030,s057,6,0.051750290050554024,0.19066478537394466,0.7263525094229916
s030,s002,7,0.40163426775310157,6.489237449706995e-05,0.6755594780937544
s030,s003,7,0.21076913651707027,0.04324973094916629,0.7379322582760169
s030,s004,7,0.09435600016145472,0.038939962831723934,0.5177705765913673
s030,s005,7,0.18680767909803794,0.07857799883980328,0.6821880003269061
s030,s007,7,0.1876410344331082,0.032580842306091415,0.6151418103234044
s030,s008,7,0.08796809110162127,0.007526415864802941,0.7506259058763395
s030,s010,7,0.08737712967418526,0.00015069242230745448,0.5989040097222761
s030,s011,7,0.08498147137467671,0.020738674090527903,0.7679206092274607
s030,s012,7,0.25387153172431987,0.023630697742831098,0.740435952798572
s030,s013,7,0.03838965124889499,0.1491595483446335,0.6805979487088389
s030,s015,7,0.046558450074528954,0.005286919566439609,0.46338038945147597
s030,s016,7,0.21561024419538422,0.09943604064639493,0.48338571747542997
s030,s017,7,0.05587523961246674,0.00552376105732848,0.6979124914857453
s030,s018,7,0.08268942623389071,0.10871759711950021,0.6783279083163684
s030,s019,7,0.09393490513745108,0.007985758553654515,0.5300603753986691
s030,s020,7,0.08421056556721529,0.05118042074285403,0.5859506079285726
s030,s021,7,0.12031653072135462,0.017251054622643803,0.6600898280290183
s030,s022,7,0.12160770178001634,0.19222212117874113,0.730963320221252
s030,s024,7,0.08547147942318194,0.0009864823313295765,0.7314333094073183
s030,s025,7,0.13065682010085344,8.9480763965515e-05,0.6969478649676434
s030,s026,7,0.09635987061960863,0.13012715276827236,0.6797821037830555
s030,s027,7,0.15298758768527573,0.00022072657366213266,0.4851130403548523
s030,s028,7,0.09172670675060654,0.0010031261884246119,0.5849427599626364
s030,s029,7,0.05161217073006544,0.07876143644956501,0.680212579498529
s030,s031,7,0.20266371563695101,0.013969073892394504,0.6951122782437839
s030,s032,7,0.09005750767669995,0.1369109289583688,0.7373594154474266
s030,s033,7,0.21214787981065367,0.0010071101605134457,0.4898206804265495
s030,s034,7,0.11076259204934423,0.0035352575659753508,0.604669291810742
s030,s035,7,0.05455435041679217,0.07103506631211666,0.5851559421688226
s030,s036,7,0.16367889093166843,0.11064919184373918,0.572919899733244
s030,s037,7,0.146759081003727,0.08118270106296792,0.7222277939084084
s030,s038,7,0.12034105456945017,0.001406744890257064,0.6792336624110882
s030,s039,7,0.22769553441212098,0.0005054466118135074,0.5121670848455568
s030,s040,7,0.17568815367589363,0.00016218922441872755,0.5276508532433369
s030,s041,7,0.24964904858105746,0.00042310153565457246,0.7085939404120697
s030,s042,7,0.16972464532280973,0.0009595209234031252,0.4903823881419379
s030,s043,7,0.09985282393278198,0.20721115328215137,0.7606273928355498
s030,s044,7,0.10342880715907819,0.03661770046375293,0.873237206139864
s030,s046,7,0.27388199628349225,0.00034399145411076763,0.6914405653671877
s030,s047,7,0.11035535181622502,0.0034714917626689165,0.40997065737899013
s030,s048,7,0.06022041803152534,0.002196213741874008,0.6683018584029169
s030,s049,7,0.20112700746346454,0.08690160320264102,0.7587755553856501
s030,s050,7,0.04445781699178073,0.09667391421400548,0.6583184204934485
s030,s051,7,0.2296537678499337,0.015030930542701253,0.5493887029153787
s030,s052,7,0.07036696125855639,0.02428450690549787,0.34939648972890486
s030,s053,7,0.0932733132909351,0.029921331322547005,0.5476256915659565
s030,s054,7,0.08768447100253254,0.0030922115886883395,0.6222542500258073
s030,s055,7,0.07329101069044022,0.099901044802015,0.6796276462670703
s030,s056,7,0.07470717797210054,0.0966514222987829,0.6572714293574333
s030,s057,7,0.06953581763145109,0.28810992462081403,0.760077461994947
s030,s002,8,0.19142142776811016,0.003335792851015307,0.6910492283542308
s030,s003,8,0.11233429393343379,0.02191804379357108,0.8155996494183676
s030,s004,8,0.02583363462851244,0.03114472552753754,0.5347058926028947
s030,s005,8,0.05873922161628382,0.038878263052158656,0.7342034759300182
s030,s007,8,0.061323091778015364,0.179077138933295,0.7345748270437983
s030,s008,8,0.05108484095681106,0.005481032497554572,0.7040434128335048
s030,s010,8,0.0415237360747262,0.002596288683186969,0.6130914387883933
s030,s011,8,0.05204826888958796,0.0043569841161125705,0.7330393464418979
s030,s012,8,0.07347901269416174,0.002105899246479689,0.6835788640486142
s030,s013,8,0.021181454513304963,0.1254553353496847,0.757718031963977
s030,s015,8,0.03849565416674132,0.027549067104001568,0.6219996044535046
s030,s016,8,0.08036118407523572,0.1197397751264121,0.6001495028421722
s030,s017,8,0.03377736559783592,0.00011533353732747786,0.7367795602722051
s030,s018,8,0.02769444233172662,0.05155738299951907,0.5865050775033093
s030,s019,8,0.036610019546213096,0.038990954500208376,0.6253970369960915
s030,s020,8,0.031165908732259964,0.011386728364014137,0.6299871988516375
s030,s021,8,0.07907923868619429,0.06418641129206804,0.6809012044982337
s030,s022,8,0.03300313602326928,0.09640024818919524,0.6341039095595973
s030,s024,8,0.04259896486108023,0.00016102005929148898,0.7444926706901721
s030,s025,8,0.0684027890004054,0.0030865528704187586,0.6428528392702557
s030,s026,8,0.056683851711649975,0.07713330202447825,0.7283152413077914
s030,s027,8,0.08436904594640289,0.015005202789500615,0.48449773999055684
s030,s028,8,0.04802239107394351,3.325441426221844e-05,0.612122424922646
s030,s029,8,0.025085145961249482,0.03450841745232576,0.7131791788799572
s030,s031,8,0.06498934054031073,0.013863277903884927,0.6284170815677166
s030,s032,8,0.03017752531833948,0.11372269072001964,0.7170650208890484
s030,s033,8,0.0895030823540976,0.0005364119488444287,0.5429137021476771
s030,s034,8,0.03379865466530271,0.026838934861753583,0.585969391851586
s030,s035,8,0.020313407652952583,0.0959923310819284,0.6215999057139561
s030,s036,8,0.044464806738708985,0.062050659083700326,0.455346326513628
s030,s037,8,0.06384414426719469,0.01931899977211631,0.7436155322087442
s030,s038,8,0.040496072301535124,0.00015711140804629804,0.7650785253039206
s030,s039,8,0.06663941370811033,0.031537430817339084,0.6208144377050199
s030,s040,8,0.07731839971769791,0.042589522230949285,0.5682968906644862
s030,s041,8,0.08506930930120635,0.006352253667809641,0.6460689006840029
s030,s042,8,0.04915116537033134,0.011573488569785906,0.5577311561358617
s030,s043,8,0.035407700929282034,0.1706699627346993,0.7265926432846297
s030,s044,8,0.028450888834012353,0.00250753696627047,0.8566432020063625
s030,s046,8,0.08030828994498575,0.0012148484777670255,0.6756500892717355
s030,s047,8,0.06373402765224213,0.013765468956539932,0.5337698593062685
s030,s048,8,0.035420288566772595,0.013449672743888814,0.6187242796556542
s030,s049,8,0.0708750085177245,0.0024053768977841112,0.7300799524042534
s030,s050,8,0.016543188372386938,0.1049884959955334,0.7304422940497987
s030,s051,8,0.02838858691483986,0.020912436789556815,0.6382528875953785
s030,s052,8,0.03252077185750373,0.008146310109200885,0.49206419575869764
s030,s053,8,0.03885554317504736,0.010745387008813844,0.5951324225289563
s030,s054,8,0.02998580581686188,0.00037853087379579995,0.7231285958426962
s030,s055,8,0.031351353714770394,0.1552902752954499,0.6811348120797625
s030,s056,8,0.028578806592062626,0.08813403900469019,0.6514455866965844
s030,s057,8,0.023881048002606934,0.1980427933348354,0.693554958611203
s031,s002,5,0.1572891252177561,0.03660383897990578,0.7085309903045172
s031,s003,5,0.2133136043566839,0.007686062226441376,0.6967583863387091
s031,s004,5,0.1770753902720602,0.00569363376002399,0.5833655965848054
s031,s005,5,0.16281142152797595,0.004115143238722052,0.6639401978572994
s031,s007,5,0.21253336080054033,0.004798799696468059,0.5096789021681988
s031,s008,5,0.19099030760562044,0.05311061017335163,0.7454033830319856
s031,s010,5,0.10443239100011413,0.08880678352627627,0.6327813633807885
s031,s011,5,0.2693474409054226,0.14532595959633887,0.719865075461474
s031,s012,5,0.15356791698566358,0.0819433726517789,0.6053042215486983
s031,s013,5,0.13480926812558042,0.0001263993871670132,0.7460534647874175
s031,s015,5,0.21662342469826323,0.010485625611928314,0.6126276595140077
s031,s016,5,0.18828543987020277,0.10508278322233032,0.48147632781547484
s031,s017,5,0.24529139933917082,0.0015147126439796197,0.8003425966547992
s031,s018,5,0.1345021083054668,0.05302378528362522,0.7145436064356809
s031,s019,5,0.1883741383980689,0.0577689704221729,0.5260271778693361
s031,s020,5,0.19596573500299377,0.0028413000950615027,0.5156841698984458
s031,s021,5,0.2886580606138581,0.0429233313902237,0.7571988762887738
s031,s022,5,0.23580916625306955,0.011626866652013018,0.5587407445935993
s031,s024,5,0.20008229167194105,0.007228812555465202,0.6835400427350963
s031,s025,5,0.2815534515914605,0.0427447877022552,0.6930061071750905
s031,s026,5,0.15501730805799427,5.74101054396362e-06,0.6593721357102951
s031,s027,5,0.19817477224616556,0.12053561007927606,0.6432442971986297
s031,s028,5,0.19334998331069694,0.001526165034972532,0.6660481158451386
s031,s029,5,0.12665262525763582,0.009865420344968795,0.7377718844775438
s031,s030,5,0.31659844053548286,0.005035316357700854,0.701071591835055
s031,s032,5,0.1852635500340766,0.06468688980663746,0.7439026267956008
s031,s033,5,0.20717472891600294,0.06770748318233438,0.4918527905596702
s031,s034,5,0.18780133022148007,0.06780616055686173,0.6195970316880728
s031,s035,5,0.24897406963684868,0.01863423290650306,0.6854009432431262
s031,s036,5,0.23870252682852403,0.032519825885554444,0.4809642630594742
s031,s037,5,0.1918643318427572,0.0331137030574182,0.7102000257221283
s031,s038,5,0.34184288470040375,0.021829418660309054,0.5225612548012585
s031,s039,5,0.19114289451940575,0.012199401030241044,0.5313665533654662
s031,s040,5,0.24505714876397955,0.0007048173441567438,0.47314708224574675
s031,s041,5,0.18015722626155478,0.0006443821860512888,0.7692426412551608
s031,s042,5,0.16522424391237345,0.01955546534437478,0.543286976915441
s031,s043,5,0.2774608205714774,0.06597809510956133,0.6121288350400725
s031,s044,5,0.16411376308829312,0.0212997495369331,0.7156293130511753
s031,s046,5,0.17169157625850628,0.01673560947909017,0.7274354037215016
s031,s047,5,0.32797663978571207,0.025244441995290006,0.47722277506533206
s031,s048,5,0.16031049186532273,0.060430134566761065,0.601234104545815
s031,s049,5,0.2527497964105173,0.06791781618474527,0.7239996537855085
s031,s050,5,0.21064097410161864,0.0954895336670906,0.6386203581619271
s031,s051,5,0.1801103996757999,0.0006312505997843731,0.589565462854748
s031,s052,5,0.15070313734064142,0.045498721625687535,0.41834866163296325
s031,s053,5,0.2570595533799931,0.010361439307471186,0.671732781954931
s031,s054,5,0.15360973598175895,0.18239398727089062,0.69207751934857
s031,s055,5,0.1262474487055193,0.26050710028182134,0.6672493602573464
s031,s056,5,0.16267510566740537,0.14420286693390824,0.5420725016261386
s031,s057,5,0.15821510355616208,0.03431301412877371,0.7207228133746558
s031,s002,6,0.15718076572391101,0.0350785761625977,0.6967996878227779
s031,s003,6,0.3254978871930194,0.00017896702137154465,0.6270662577738861
s031,s004,6,0.18918734455475938,0.0015802106874197917,0.48266203727905393
s031,s005,6,0.17666465226849554,1.3102494667831695e-05,0.6802770931400668
s031,s007,6,0.21924747591067617,0.017188069703168253,0.5791824716725983
s031,s008,6,0.21383431818049867,0.11277412311778283,0.7508131140860911
s031,s010,6,0.19637965253368736,0.11685319764449886,0.6791061571244872
s031,s011,6,0.19077155154327402,0.03960117699357684,0.587558314121622
s031,s012,6,0.16527893204882618,0.022213316938837997,0.5235583445349783
s031,s013,6,0.16665482874584683,0.012013824149982871,0.6619236441490151
s031,s015,6,0.2604034293090723,0.005415152774642233,0.5423212752623784
s031,s016,6,0.1244454446137391,0.05827692382965651,0.4423632093035468
s031,s017,6,0.21189328673904634,2.004001618965689e-05,0.7348262407975132
s031,s018,6,0.21184098313123864,0.006774372266244147,0.5738252832495789
s031,s019,6,0.1600037985359597,0.013806546878581008,0.4920482026683421
s031,s020,6,0.2007632257729499,7.496717990921866e-06,0.42000176717832755
s031,s021,6,0.3591065302249787,0.035544082749383796,0.7441736023415607
s031,s022,6,0.22082391515446897,0.0023068454427357075,0.4999610144257661
s031,s024,6,0.16603997594285808,4.656670062288521e-05,0.639435212783454
s031,s025,6,0.2521909323764211,2.5058527197968064e-05,0.6826519911640256
s031,s026,6,0.15461542571398929,0.0001242684627656765,0.7351091811671384
s031,s027,6,0.1816437010683983,0.022360733964462257,0.5514191480666836
s031,s028,6,0.12043805020749024,0.06701074448019291,0.6191594647689654
s031,s029,6,0.2000328558031742,0.009009041758347186,0.7450215113815523
s031,s030,6,0.20633016858499115,0.028990521545963807,0.7152053311236165
s031,s032,6,0.1495057228844946,0.06299286877229619,0.6591148060891076
s031,s033,6,0.18858287347033512,0.06264674432632256,0.5523061401220564
s031,s034,6,0.17089234073090606,0.024757830620985927,0.5527083742553722
s031,s035,6,0.2884073883555708,2.3417569384887868e-05,0.66746598981088
s031,s036,6,0.21947045179051772,8.933639790073489e-06,0.3089249816041678
s031,s037,6,0.21110143765808256,0.047650240194899225,0.6773271499513658
s031,s038,6,0.3215232138386842,0.04920046339547564,0.6638873430172317
s031,s039,6,0.19909058329224083,2.277176417852428e-05,0.5563584571633495
s031,s040,6,0.18088094679456182,0.00014169994246664754,0.5177074511576081
s031,s041,6,0.30929673799659135,0.12867863148759637,0.7237151116628223
s031,s042,6,0.14750437908194836,0.0053702856086357935,0.5165075598374427
s031,s043,6,0.22835199857407276,0.022765245426411097,0.5355626062989155
s031,s044,6,0.31989165725343743,0.06784652192704838,0.7807352916328754
s031,s046,6,0.20837720622936273,0.14162123335551674,0.7566697360653691
s031,s047,6,0.2929670951999218,0.0018979458823931185,0.462274505361893
s031,s048,6,0.23535541594437348,0.0023755408355449876,0.576108991899383
s031,s049,6,0.27872469656153864,0.08146372772424164,0.713511736458895
s031,s050,6,0.19382447255701238,0.07946621539761602,0.7260146711294276
s031,s051,6,0.2215412876708482,0.002794285728706552,0.6525402302845685
s031,s052,6,0.20538326270965646,0.03776652066231612,0.3964531923257408
s031,s053,6,0.21372787759749212,0.030064846408202894,0.6430098225460088
s031,s054,6,0.1123912104354006,0.21764294563644526,0.6790743021644059
s031,s055,6,0.15165872270291925,0.1901734936652983,0.5566349821989738
s031,s056,6,0.1594463742877804,0.04711232058198248,0.5257449970073043
s031,s057,6,0.19846468359278596,0.011885781643165217,0.6764473968503226
s031,s002,7,0.21804118832509078,0.14555483450923312,0.6978163603583829
s031,s003,7,0.3529860506906623,0.0005628165776966463,0.6426440905886023
s031,s004,7,0.3551015352615537,0.03290492357496256,0.4924084053938738
s031,s005,7,0.18391411769187846,4.0328799218886625e-05,0.7470753840011582
s031,s007,7,0.2496674649003737,0.04656069912533368,0.6161298293075979
s031,s008,7,0.24708975797101912,0.050254106395666284,0.7384005836666644
s031,s010,7,0.16915117975898464,0.06058996954027545,0.6209891724843603
s031,s011,7,0.3568428016982225,0.011992323919167089,0.5647891033670193
s031,s012,7,0.31343485058673154,0.01039887315080237,0.4671537513213486
s031,s013,7,0.1622801526462124,0.01026599852162244,0.5915428118001297
s031,s015,7,0.34970561190539245,0.00023466234675823444,0.5685184465815533
s031,s016,7,0.21361909459507009,0.0037920178538688337,0.43100781361213675
s031,s017,7,0.196634610223733,0.034008072055386265,0.7577644900297967
s031,s018,7,0.31925828442849286,0.0064306411683202665,0.5627257132254181
s031,s019,7,0.27385182849219264,0.04308802984337898,0.5702571297031839
s031,s020,7,0.3145024290261199,0.001978320890189499,0.436814744430525
s031,s021,7,0.16475539811611606,0.033812133565999256,0.7149647721139988
s031,s022,7,0.20030728676484738,0.07004994128766209,0.4693436484689323
s031,s024,7,0.23291762412841935,0.00020794081950836725,0.6615862080136594
s031,s025,7,0.23857921120152523,0.021892729726812513,0.7103589572920268
s031,s026,7,0.2724473713735545,0.0008976622717109639,0.6610988877504541
s031,s027,7,0.28953339311623266,0.0325427439988629,0.6260838355472885
s031,s028,7,0.15536255389868237,0.045037489840252874,0.5659493101148123
s031,s029,7,0.19215311341332492,0.00994117814097661,0.7317752887083884
s031,s030,7,0.2729082828070117,0.08216087471089335,0.6589665914301613
s031,s032,7,0.2432746753243698,0.005927302277570843,0.6401095064700607
s031,s033,7,0.2173120783908935,0.09439875456135763,0.48269301467669784
s031,s034,7,0.24678370435568941,0.04623378608582846,0.6313889541548271
s031,s035,7,0.3261194396258414,0.05118693330965868,0.7494905718451648
s031,s036,7,0.23833031051527284,0.02051221243742833,0.3203542693638632
s031,s037,7,0.4813636161305988,0.14232207732415222,0.6418384410814902
s031,s038,7,0.3203921278529212,0.046112203016531114,0.641540631988377
s031,s039,7,0.17515281875655267,0.021440563421333186,0.5786862941844757
s031,s040,7,0.36226483065911413,0.009388538046622609,0.538961158556103
s031,s041,7,0.31062011972789616,0.09129239225092985,0.644947726181011
s031,s042,7,0.31351830157833543,0.00391066262564031,0.4937736626917651
s031,s043,7,0.284794948304244,0.005456846208705953,0.5678129562702454
s031,s044,7,0.279865838010035,0.029537956772316742,0.7644042620300013
s031,s046,7,0.5186363838694011,0.01015809495302147,0.7515193245937432
s031,s047,7,0.26385736388723924,0.003298856689935106,0.5342176386450975
s031,s048,7,0.19981034000979814,0.00044079592946444466,0.6700531788373987
s031,s049,7,0.2874319285149779,0.0029254463842353414,0.6949398850770558
s031,s050,7,0.19909130616789553,0.03829211227276333,0.6610035302391428
s031,s051,7,0.1929973520194576,0.022144995402785986,0.6109687439775335
s031,s052,7,0.2071028334819531,0.0371089048046947,0.45957368447445707
s031,s053,7,0.24217931647762087,0.00013310744914380636,0.5862337987128061
s031,s054,7,0.16732155705558097,0.16193371146644356,0.6551365317758922
s031,s055,7,0.18095465596968102,0.06768952099756201,0.6205304883240209
s031,s056,7,0.1914591687383366,0.005115088115703544,0.4781312356179516
s031,s057,7,0.33149926477570196,0.006149338958175024,0.5401935868531136
s031,s002,8,0.21123761132010346,0.049380671279072225,0.7704109447303059
s031,s003,8,0.2971638966144561,0.010718723137062224,0.6484624615742192
s031,s004,8,0.4601978110935234,0.047937686489867515,0.587104046163645
s031,s005,8,0.14604935073742273,0.046442171540034494,0.6232830936683823
s031,s007,8,0.14007815426834422,0.03145959976256604,0.6327094987810865
s031,s008,8,0.1876179236552311,0.05015420579337394,0.6180056416411637
s031,s010,8,0.2229509504879959,0.046328618906767746,0.5957756215149748
s031,s011,8,0.1578269391577111,0.08045536645824465,0.530438982520738
s031,s012,8,0.35083664886189814,0.00714289369020146,0.4997012136518288
s031,s013,8,0.27123648498284536,0.017950018346129838,0.6029059910659369
s031,s015,8,0.16123111597719414,0.06905883428911533,0.5746552793382264
s031,s016,8,0.14294617907654647,6.988111670764938e-05,0.33311455597093487
s031,s017,8,0.08861750875384383,0.0008948202220235344,0.7349146760761714
s031,s018,8,0.16983310799856394,0.048076712307718886,0.54065195802692
s031,s019,8,0.15634385921867824,0.0001984592246386087,0.5283265863206571
s031,s020,8,0.22031089364007653,0.0006681913943126452,0.460468121787161
s031,s021,8,0.13611208183532947,0.15892880658508038,0.7406681591275087
s031,s022,8,0.11007076138214912,0.005700408069382913,0.4624352624960165
s031,s024,8,0.10382571604778716,0.00859658430560017,0.7440496883098744
s031,s025,8,0.24516402780821125,0.028960453594913425,0.5954312062969456
s031,s026,8,0.19381873845028616,0.0006909420661851839,0.7662665789686284
s031,s027,8,0.21577953588331097,0.09142882912877733,0.6110640942577887
s031,s028,8,0.1327715341583078,0.001892623682713947,0.5904053226965023
s031,s029,8,0.18726877452697777,0.005222632005788652,0.652623392840467
s031,s030,8,0.1370395613436089,0.04460908690450472,0.6676641901898539
s031,s032,8,0.2331900951250617,0.012690091594016259,0.6988502555720796
s031,s033,8,0.14222630043479156,0.0577048049173247,0.48694362570341243
s031,s034,8,0.21930116064371594,0.016078495223378404,0.6290848518384702
s031,s035,8,0.16744651656828377,0.09753968233784426,0.8270263805772355
s031,s036,8,0.1455484419498831,0.007618574223620286,0.2529293370935576
s031,s037,8,0.5398021889064767,0.1881477165837537,0.7223738475732263
s031,s038,8,0.2702926919655123,0.1978825439396546,0.7264581190617629
s031,s039,8,0.18706999085240428,0.0800307906616827,0.7583725977533008
s031,s040,8,0.21738739809679664,0.04215936446155345,0.6937270112034792
s031,s041,8,0.326292245258963,0.10324265501451894,0.5593743149207866
s031,s042,8,0.18228037701921368,0.04070910341408402,0.6238231830211818
s031,s043,8,0.2214935061122884,0.03511761278007024,0.6113034634252441
s031,s044,8,0.12141195920583184,0.051220908749306085,0.8091060849177983
s031,s046,8,0.35825712470310606,0.013892017569526167,0.7372799050029764
s031,s047,8,0.23508351670541747,0.060214769007979146,0.6147426749679196
s031,s048,8,0.10859895865553729,3.081432057796686e-05,0.5706523774829683
s031,s049,8,0.1721991041746943,0.0074547782164304304,0.5833669558071355
s031,s050,8,0.18026150682710185,2.3241920142201074e-05,0.7504318168119992
s031,s051,8,0.19262658769339155,0.002551400510139506,0.48946768681622116
s031,s052,8,0.1444781150136072,0.005676533052972074,0.5843484799500951
s031,s053,8,0.18677630530008277,0.03270127646706608,0.5867049698972115
s031,s054,8,0.11640860326935523,0.1095291000645173,0.6562860531765745
s031,s055,8,0.13887548064437513,0.10658288193460486,0.5336726911001083
s031,s056,8,0.1512441874679098,0.03260919706164004,0.5937401641008492
s031,s057,8,0.20801905831959985,0.007345515810778104,0.523852136877798
s032,s002,5,0.18594891134898267,0.00018434700595981518,0.6981385981788687
s032,s003,5,0.34910786597478993,0.2060145325644737,0.697980376194537
s032,s004,5,0.15839108939820445,0.04541150232890009,0.5573070211442978
s032,s005,5,0.07559544842926835,0.010684301498235758,0.7403083758899662
s032,s007,5,0.06843622477565349,0.08129425374466351,0.7727779625501835
s032,s008,5,0.1192399483828179,0.006336021273988171,0.6351345764577807
s032,s010,5,0.19215103178620904,0.00821136849725515,0.6696680381194785
s032,s011,5,0.11638303912369655,0.008640534860572974,0.5976091092786335
s032,s012,5,0.14602019084699214,0.10987084911762361,0.6743014387083913
s032,s013,5,0.17708800203791508,0.19783967984585393,0.681371792724745
s032,s015,5,0.12685943973733452,0.00013987091589868944,0.6547593449933936
s032,s016,5,0.0696945983294783,0.14003708132037632,0.6612302955898508
s032,s017,5,0.07594345316552771,0.04131260032286874,0.7625197215883986
s032,s018,5,0.16912538526306437,0.05382485669513854,0.5720526009133918
s032,s019,5,0.09481565254394198,0.0019445267250119865,0.7772425007617778
s032,s020,5,0.15887009847336053,0.03426954404711842,0.7227905300971225
s032,s021,5,0.2822413368399087,0.0055082871540472565,0.6599224050287512
s032,s022,5,0.09711966157343836,0.06444007680830292,0.5518290549634377
s032,s024,5,0.07773491732640267,0.03915842896069637,0.6766079099504407
s032,s025,5,0.07867795979627092,0.0026271038551388985,0.7173145091111978
s032,s026,5,0.12988915894131686,0.023944494631878196,0.625207401753873
s032,s027,5,0.1355786378402884,0.0026788018902428575,0.45281627794609786
s032,s028,5,0.13679659653317866,0.012987500222453938,0.6791663327889274
s032,s029,5,0.08076700691152192,0.006518821166178239,0.6972278143326428
s032,s030,5,0.09353373575888414,0.014455642900198323,0.5543425204708367
s032,s031,5,0.08992875986689432,0.0069856382200718025,0.5748431535115733
s032,s033,5,0.0911899227875126,0.004875577571039818,0.6003546099033941
s032,s034,5,0.16517019538747313,0.03853810249848073,0.5873146192694931
s032,s035,5,0.10828972915763495,0.004245463322609059,0.5830566927380819
s032,s036,5,0.14801258888322127,0.005106886492543055,0.46983825367115206
s032,s037,5,0.32101057245484227,0.03884671668373989,0.6459852057998113
s032,s038,5,0.1332124255910974,0.0010312102087568855,0.6672652393283292
s032,s039,5,0.1313333597122199,0.011839633711376403,0.5701140334623559
s032,s040,5,0.083949144996399,0.00048301440006329497,0.5135862608916308
s032,s041,5,0.21437365766360966,0.004131358365904997,0.5822424717182587
s032,s042,5,0.07901179518635307,0.11531459601260087,0.7134175595041122
s032,s043,5,0.09452303026410741,0.01412919471042198,0.5419872745365669
s032,s044,5,0.11171710279979907,0.00046732379093544795,0.7108382465587443
s032,s046,5,0.11315234742210284,0.007341329285685237,0.7241556272531843
s032,s047,5,0.20411130314209938,0.050480516074273944,0.6001072835283231
s032,s048,5,0.053623410057474154,0.09614953203329914,0.7329480860674672
s032,s049,5,0.10697736302572321,0.046502080494938564,0.616555685819106
s032,s050,5,0.09757240606822319,0.03221537855216491,0.6487140521508779
s032,s051,5,0.08749799091345789,0.010540957662648748,0.6976132433946033
s032,s052,5,0.08711409610687125,0.04208760405917219,0.46190344904113995
s032,s053,5,0.15316293867319927,0.058442766453100724,0.6419016978337412
s032,s054,5,0.09231755544483944,0.10973004046894079,0.7685990276348926
s032,s055,5,0.16593532073522246,0.13575979597205604,0.6781140087528926
s032,s056,5,0.16008920470352958,0.03850557012866823,0.6572618859043375
s032,s057,5,0.15825452798762538,0.056764761387373255,0.6408218236162763
s032,s002,6,0.1231304212699195,0.011528443378207458,0.7159267647819149
s032,s003,6,0.5017567720664592,0.07983549820544257,0.671614692905395
s032,s004,6,0.19519994529010787,0.006032545383401747,0.6236848417493811
s032,s005,6,0.09864305103033054,0.021070524115600613,0.7578525620218398
s032,s007,6,0.07641982853001875,0.015158835757151372,0.7099795188555534
s032,s008,6,0.13727975673594983,0.00878589194380927,0.7260392535736105
s032,s010,6,0.1781474605025043,0.005310155262763578,0.693312249197737
s032,s011,6,0.2902317975735376,0.09581794703266755,0.7021601708676578
s032,s012,6,0.2704695062680092,0.18415940049620716,0.7787280395862892
s032,s013,6,0.19727936940805654,0.06999236471545894,0.6763639350856936
s032,s015,6,0.4289079624288648,0.013747441903442865,0.5770065385006959
s032,s016,6,0.10175511599422576,0.12574883475642362,0.5988820767909324
s032,s017,6,0.08965315504334585,0.0706486019782571,0.7967182537641839
s032,s018,6,0.28543968308314704,0.10357153457919382,0.660639995586371
s032,s019,6,0.07303178878653219,0.01778106646275713,0.7524061160309178
s032,s020,6,0.2640341507442508,0.02803352801825151,0.7628257105831905
s032,s021,6,0.3662914151959825,0.11234668468688333,0.6407384891063695
s032,s022,6,0.17542092318315816,0.13478344885680674,0.6890588963879555
s032,s024,6,0.10017767535396024,0.017893441460157738,0.6561143972848844
s032,s025,6,0.1084483137737805,0.020417409663488637,0.6702284736727802
s032,s026,6,0.20486907712157926,7.006837676437085e-05,0.6835833599029426
s032,s027,6,0.27685763083741816,0.010737522865312273,0.5217334588701755
s032,s028,6,0.11827806659089142,0.04255534396828591,0.7016757203673483
s032,s029,6,0.09461751445709189,0.002540016993130254,0.7054458064373956
s032,s030,6,0.22823054026424436,0.009441035702132144,0.638347324245634
s032,s031,6,0.213126512221541,0.005168097903287438,0.7280031233525233
s032,s033,6,0.1403901546839582,7.320415392636532e-05,0.5797946414722076
s032,s034,6,0.2681142305825497,0.0009345980803322257,0.6260976444679902
s032,s035,6,0.17083986335921328,0.008481196573421822,0.5706696080497073
s032,s036,6,0.20142545915844537,0.058402339241546204,0.6126715270384506
s032,s037,6,0.4982432279335408,0.08608737572807053,0.6409333903330181
s032,s038,6,0.12057890774413739,0.029033696197447088,0.5497078632199381
s032,s039,6,0.10203586838229758,0.007228119529250478,0.4759425285908244
s032,s040,6,0.13747941166161257,0.00042962591668751,0.5311687518667605
s032,s041,6,0.2933905578056437,0.0006747428518747448,0.6518601250758427
s032,s042,6,0.14426191772683153,0.05623866801218,0.6066660788011995
s032,s043,6,0.15529781691268246,0.05735593905122328,0.6094720193425541
s032,s044,6,0.09637747640886561,0.07744229993196455,0.7395603450456003
s032,s046,6,0.3774462517939199,0.0005574615794017271,0.7559522616921378
s032,s047,6,0.3036122034708759,0.09586176758645595,0.5892829748227109
s032,s048,6,0.07391913045096245,0.04901164885248991,0.7489888315990031
s032,s049,6,0.14346175762386398,0.14639032933183263,0.6838887410616123
s032,s050,6,0.3028701490278375,0.0001077191538299957,0.6175230341941209
s032,s051,6,0.262019927324669,0.04625594072514475,0.6569056287561917
s032,s052,6,0.14175486985675864,0.01049348106215227,0.3802783594106141
s032,s053,6,0.2794238200181566,0.11007982889883271,0.6226506882972832
s032,s054,6,0.12164369549384213,0.0015724994024569477,0.6656829246529734
s032,s055,6,0.18501761180537712,0.10576367577425276,0.6821127404550356
s032,s056,6,0.2766252067417974,0.1287088533254795,0.6486886838527819
s032,s057,6,0.355212987946664,0.21079987281585713,0.7674507060641975
s032,s002,7,0.26391368400627396,0.027622647999210798,0.5772301730596986
s032,s003,7,0.43249947340492967,0.1744565675753078,0.7528624296309072
s032,s004,7,0.32357514039521157,0.0535380344507503,0.4675385199976004
s032,s005,7,0.08802375423868644,0.024180300561977754,0.6524437243637845
s032,s007,7,0.06052877581364466,0.0497876506463817,0.7389651109998708
s032,s008,7,0.23544576798329947,0.012709174811485308,0.6767503797962438
s032,s010,7,0.1426143524652638,0.057065858383234594,0.4871045172188729
s032,s011,7,0.2961288229180395,0.037868931883048164,0.7072358931102501
s032,s012,7,0.2646261342730401,0.32612109505479553,0.7551004370643968
s032,s013,7,0.2798244885186975,0.0811928979073025,0.6429526851253757
s032,s015,7,0.17108007477767048,9.157351000514918e-05,0.5419372128883455
s032,s016,7,0.06567186388479392,0.0850627956221259,0.5515953053267566
s032,s017,7,0.06467949041860228,0.10035127296047039,0.7204958877773909
s032,s018,7,0.23614218444678037,0.02695393647724029,0.6495264053914639
s032,s019,7,0.1341068602636991,0.0016567686295764006,0.6521028623825564
s032,s020,7,0.18691894752239444,0.06841320575187973,0.6669786806023332
s032,s021,7,0.18463231891856935,0.01993839768062186,0.5127784105425911
s032,s022,7,0.08166285845377928,0.2467362424854385,0.6517660676613103
s032,s024,7,0.044503946552176904,0.09957332422701169,0.6786916474805332
s032,s025,7,0.07730407864240706,0.00017146283330893652,0.7410159478716265
s032,s026,7,0.1184329080919203,0.007041074114594757,0.5162782522996352
s032,s027,7,0.17259833592370788,0.0003988388038564144,0.32143944290062937
s032,s028,7,0.12345767315641813,0.028275270386556455,0.5698405566705685
s032,s029,7,0.14595745989076883,0.004550084355470146,0.5906914969853717
s032,s030,7,0.07082591052043916,0.14759046582835894,0.5746926703108749
s032,s031,7,0.10784089500359915,0.0002750907401384219,0.5488802265538897
s032,s033,7,0.14757042017265332,0.010798772526225029,0.3726129268400552
s032,s034,7,0.2855113190633696,0.1378683337123046,0.5426330823665507
s032,s035,7,0.128353956277284,0.000992528237819077,0.514985916211028
s032,s036,7,0.07807941641532568,0.10824419491410181,0.6222663005764594
s032,s037,7,0.5675005265950703,0.22145422397144895,0.7296582216557163
s032,s038,7,0.08441350180078665,0.0017028879791708238,0.6591457625065972
s032,s039,7,0.13458394911645885,0.038295290669879155,0.49948462101371166
s032,s040,7,0.10968448862457235,0.054569456253561015,0.4713978915564925
s032,s041,7,0.2630418681364489,0.10525971467307131,0.5051655610055259
s032,s042,7,0.14402697632267858,0.010678462787626799,0.6479242858018271
s032,s043,7,0.11188047652388693,0.08631218335144451,0.7035490050137455
s032,s044,7,0.17035287387165912,0.00015460916275543486,0.7559101041408844
s032,s046,7,0.3126622081762553,0.001381631638509825,0.5628841753827308
s032,s047,7,0.12586816865563602,0.0009517920082836524,0.43978502125218294
s032,s048,7,0.07176526606614334,9.1398214897845e-05,0.7114529225255716
s032,s049,7,0.18401378327965925,0.011600168695625176,0.5601336451474899
s032,s050,7,0.2010768542134976,0.0169767677288951,0.5470813719721529
s032,s051,7,0.23237400304799152,0.01738561795332008,0.636857676318304
s032,s052,7,0.10726116908557853,0.05823704740080703,0.3637396886688874
s032,s053,7,0.25224364038966635,0.019179164459241567,0.518491453645121
s032,s054,7,0.12273057967691553,0.08868046747995238,0.7205258488445049
s032,s055,7,0.28859166250367646,0.13959576621384356,0.7445586628515872
s032,s056,7,0.24188286305815582,0.042055793772985225,0.6818616936822398
s032,s057,7,0.3092231598818445,0.16424344928945372,0.621295553451335
s032,s002,8,0.12049292199554368,0.026087415817576006,0.6953148660691977
s032,s003,8,0.18360452330955754,0.2073694534507767,0.7718096947634638
s032,s004,8,0.13643711049519414,0.03649114931421272,0.5195376361788203
s032,s005,8,0.044598866985844254,0.0029213130722146306,0.7133731741230771
s032,s007,8,0.05226405711538005,0.023599025732345884,0.6858255075701324
s032,s008,8,0.09931587088341158,0.05768743443100337,0.7170773787721557
s032,s010,8,0.1041618796348853,0.0029239637083091703,0.6905983408410551
s032,s011,8,0.07509747280454408,0.09477638158062432,0.7713757310912633
s032,s012,8,0.11168583953570799,0.19592513832374434,0.7686784546953397
s032,s013,8,0.14916719455405367,0.15148507985880047,0.7847568475121063
s032,s015,8,0.07973999190857663,0.00643516424551751,0.6009834117510457
s032,s016,8,0.03736393956304677,0.2246644544230806,0.7084863640378758
s032,s017,8,0.03464058401439977,0.09533466696030449,0.7957394161117869
s032,s018,8,0.11371417993697354,0.07550192291715481,0.7113312562593436
s032,s019,8,0.05943541780503863,1.3921186470311994e-06,0.6379899218063425
s032,s020,8,0.09171025645427228,0.05237626375195324,0.7130100448419887
s032,s021,8,0.10809155244725234,0.03146737245958881,0.6740075040019344
s032,s022,8,0.04067068676900967,0.10313546169333775,0.6910618916886383
s032,s024,8,0.03227390511046786,0.06434414426175672,0.7262419118647852
s032,s025,8,0.04142474644017692,0.002844309462268958,0.7556393737930298
s032,s026,8,0.06262292100960878,0.0006325506834797372,0.6817970437349031
s032,s027,8,0.12072018165950185,0.00455432463363293,0.47626013284187213
s032,s028,8,0.06161268668284617,0.0014132395888716187,0.6521090333713139
s032,s029,8,0.048059548270199856,0.011281949825170993,0.7344766773655923
s032,s030,8,0.03743946355040366,0.0036273159882932423,0.7202161329620572
s032,s031,8,0.028841923213145295,0.1136953435656514,0.6255586217884909
s032,s033,8,0.039368789817862286,0.011909099449498715,0.6180049815220037
s032,s034,8,0.12754689689067655,0.10946650158983715,0.6294448287387229
s032,s035,8,0.07561473418834568,0.009924295018491647,0.49113116064331935
s032,s036,8,0.053704208899380344,0.06294973724722644,0.6131418070357857
s032,s037,8,0.2151546826110318,0.005184259781171119,0.7151693886323224
s032,s038,8,0.05834649490063572,0.002535251873794741,0.6852633210035528
s032,s039,8,0.08087332345699402,0.01784140924870792,0.5151845209620679
s032,s040,8,0.040020247542132424,0.009171231792989612,0.501393630047162
s032,s041,8,0.07586309201126608,0.004568061868246473,0.7144133683502168
s032,s042,8,0.05390908753339612,0.022117344254988854,0.6244481859002813
s032,s043,8,0.05997559572167555,0.11561588456960502,0.683216375772542
s032,s044,8,0.04925486231891401,0.08111256885037799,0.7480625880956215
s032,s046,8,0.0854875681116794,0.055880892802402146,0.7059367050269045
s032,s047,8,0.0671429227169253,0.00036933326198626445,0.48706624156694883
s032,s048,8,0.033042973509044386,0.0061196621731393645,0.6863232311603942
s032,s049,8,0.05590039837711469,0.13114064231517902,0.7208481627616896
s032,s050,8,0.05737034282841341,0.06801342267075731,0.596798089831561
s032,s051,8,0.11218362771378626,0.0032907514405595634,0.695447920777813
s032,s052,8,0.03901348742388957,3.418419985495502e-05,0.3863612129650484
s032,s053,8,0.10319695383330467,0.09736934720990395,0.6496210499396777
s032,s054,8,0.07293306874338483,0.000538235190489324,0.707999873706862
s032,s055,8,0.131504817743559,0.23762217213219294,0.7742093618405265
s032,s056,8,0.15042626991424343,0.07181089576733964,0.7453882485791915
s032,s057,8,0.15205250587492,0.21577997697814086,0.8062756403403986
s033,s002,5,0.02197592791981552,0.00017245887672019442,0.7548360962849396
s033,s003,5,0.03009223578743715,0.036377187337287065,0.5858907276191057
s033,s004,5,0.04119620624457498,0.0011950661712369682,0.5795796108702856
s033,s005,5,0.05944315760165692,9.728075510963601e-05,0.60355695101318
s033,s007,5,0.033647265361135825,0.0422298047093026,0.593147415797349
s033,s008,5,0.038151309930354135,0.013903058738622487,0.5317312628106269
s033,s010,5,0.029410359989817343,0.08835245053448686,0.7578601477160555
s033,s011,5,0.05183570390816602,7.637216164525445e-05,0.4978491421921451
s033,s012,5,0.03834997603237778,0.0001330964742189028,0.5074105770781256
s033,s013,5,0.014516780525744765,0.0008044557853298034,0.6596115083562771
s033,s015,5,0.030192183107821898,0.005493513121360387,0.5959257242375339
s033,s016,5,0.04769422599167963,0.011138216784056128,0.5702707310174135
s033,s017,5,0.021195176230106902,0.04594059022416783,0.7298431083907716
s033,s018,5,0.05990785760548273,0.025355595301507255,0.5151372763921045
s033,s019,5,0.05045114429995721,0.011363954223096941,0.5986511294626791
s033,s020,5,0.061987849560192904,0.007792869492039389,0.5061987188894703
s033,s021,5,0.01867836182462808,0.022834134486164295,0.6709790593418692
s033,s022,5,0.06879228633202761,0.0019082504224110198,0.3875075319490809
s033,s024,5,0.01813505060413632,0.0195948427641263,0.6718318598474085
s033,s025,5,0.02746070351572081,1.810228326957738e-05,0.6712387062492646
s033,s026,5,0.03420175037496767,0.0014665863081853732,0.651016802744485
s033,s027,5,0.035751225404572894,0.006548807831666151,0.5522004737164333
s033,s028,5,0.01586778925929107,0.034190645632835893,0.6727933375221037
s033,s029,5,0.022394425323012446,0.03485699736151333,0.713947323526984
s033,s030,5,0.08024533954593958,0.003842197307808577,0.5900803677281621
s033,s031,5,0.06515373500859775,0.048618376440419206,0.5825586562098078
s033,s032,5,0.023874785322937922,0.02125207297296767,0.6148077959439577
s033,s034,5,0.08060131610418035,0.11506348796683728,0.6486835193277403
s033,s035,5,0.09417074208928553,0.018256552652717445,0.6226654275660007
s033,s036,5,0.08384990437235726,0.0003470397729131857,0.2601856222645028
s033,s037,5,0.015378599078502071,0.002226019220961098,0.5712163408095672
s033,s038,5,0.04532541771249842,0.09265318962464676,0.6903833583304044
s033,s039,5,0.0814883590439166,9.26086478782587e-05,0.6761061747057533
s033,s040,5,0.1740154876372514,0.09742593022255171,0.6620581401304392
s033,s041,5,0.12550041404123635,0.011149034808610818,0.6162901374901444
s033,s042,5,0.04202587592905697,0.0036552256465438382,0.6146213707462123
s033,s043,5,0.040524418837070524,0.0019849848459209517,0.4025794969937208
s033,s044,5,0.05760388996037259,0.010647215039713382,0.6208047411992365
s033,s046,5,0.11200962246694784,0.004331949281711597,0.7324592327964435
s033,s047,5,0.060651984843734,0.004200831775200294,0.7548256295383982
s033,s048,5,0.04247222062376794,2.4535661487702096e-05,0.5671930591996245
s033,s049,5,0.2016651361744238,0.06502020366527218,0.48098992058999845
s033,s050,5,0.08078750727350265,0.001731330040200225,0.6762306604452971
s033,s051,5,0.01993693557154124,0.0038959874162531848,0.6742590518873446
s033,s052,5,0.11285943605395178,0.010685730614084543,0.6043195661561105
s033,s053,5,0.03720108210466064,0.0016083471923747932,0.6977981173337613
s033,s054,5,0.0935230794598282,0.007585035722094612,0.7204116090278193
s033,s055,5,0.0694241774115985,0.02642136108754696,0.5302514806455219
s033,s056,5,0.020125903934094514,0.04217899294806613,0.666731276765442
s033,s057,5,0.032915159678972634,0.0035273046299920626,0.5543019454348809
s033,s002,6,0.03731523896559325,0.0007202900711728139,0.7648773466287974
s033,s003,6,0.017675807902482413,0.0014856438902212338,0.5114108744215629
s033,s004,6,0.02986568703732816,0.030599600100762386,0.5953330044789602
s033,s005,6,0.04588000941846024,0.061712303511929745,0.6828165165843313
s033,s007,6,0.015068481536161,0.02756469253058915,0.5751495858952081
s033,s008,6,0.016519234644233997,0.003598758339552221,0.5085270093492954
s033,s010,6,0.018075884964680107,0.19275014721942965,0.8613207308875843
s033,s011,6,0.03945219575155037,0.030764895935288493,0.43850363700348605
s033,s012,6,0.026401791242245686,0.027701047714678555,0.5025693429785758
s033,s013,6,0.013616338400297192,0.030876960695908846,0.7012423110452427
s033,s015,6,0.013857313067302965,0.06921288581029612,0.7133317139420398
s033,s016,6,0.06710685475079152,0.00024466540245927286,0.7260908863541499
s033,s017,6,0.008240636744307679,0.0323373712841378,0.7025646710558404
s033,s018,6,0.03895929232272993,0.029213536304818183,0.545270717877446
s033,s019,6,0.018772929642916863,0.05044454469526646,0.678211562219356
s033,s020,6,0.02567091143905993,0.023800764312568532,0.580602124062356
s033,s021,6,0.015823611325026885,0.06096622672109638,0.8205203937857793
s033,s022,6,0.024093333680725613,0.00419806049496948,0.3679467146126196
s033,s024,6,0.028515214600954113,0.04227101271717135,0.6592082372437514
s033,s025,6,0.016697436947023823,0.0749671323864914,0.55975639121735
s033,s026,6,0.018763433589304806,0.03510108567147987,0.6849586777742628
s033,s027,6,0.048435642078037196,0.018600465342901985,0.6431764431462624
s033,s028,6,0.01768854563075654,0.10629397107970313,0.7813470891044226
s033,s029,6,0.010576116142482373,0.26329020765584904,0.752735434740635
s033,s030,6,0.027460998056164067,0.003347818342185605,0.5355188789224264
s033,s031,6,0.023961368063934035,0.022975221379379566,0.5844116013807482
s033,s032,6,0.01675275316844775,0.03454812856436584,0.747689061994153
s033,s034,6,0.03024506220407011,0.0006813593347597777,0.600366159299675
s033,s035,6,0.05089977593454486,0.018316605799843066,0.6441433147067869
s033,s036,6,0.02851205268595637,4.765105482033894e-05,0.27966868715830323
s033,s037,6,0.02051776213214356,0.05046693811081408,0.5436625010869558
s033,s038,6,0.033907474667740516,0.0031987641924864133,0.6419100272522656
s033,s039,6,0.05140547724987048,0.025676715931787438,0.6977943235909353
s033,s040,6,0.06958573987084511,0.0833407901797074,0.6096838908829955
s033,s041,6,0.10435734579948253,0.15131024364649143,0.7708530375806517
s033,s042,6,0.03162547726568554,0.02306033963420699,0.5668651142987501
s033,s043,6,0.01776533989016461,0.00034087058646244746,0.3958138094596586
s033,s044,6,0.03001590471886076,0.05265832541388671,0.6457911647066422
s033,s046,6,0.05503031431833002,0.06808121889359252,0.8387115091607773
s033,s047,6,0.024570848072343852,0.0439720847920812,0.6426735843074038
s033,s048,6,0.025528414737085378,0.039913614417843385,0.5974321940471986
s033,s049,6,0.059119664653852134,0.10028746768414529,0.7463501488995219
s033,s050,6,0.0631431212470906,0.04324971179814712,0.7007839955822014
s033,s051,6,0.014194708849722506,0.14248548161826485,0.7115086779790085
s033,s052,6,0.04498096420222675,0.0002684911986586357,0.673538838852049
s033,s053,6,0.020744924942398005,0.12936285962171268,0.8215718258294433
s033,s054,6,0.10724395720731,0.005040858499448061,0.7289459102130693
s033,s055,6,0.024273275367106488,0.005432186950509532,0.6213590722260472
s033,s056,6,0.016155942942489586,0.10816444141988872,0.574525760009534
s033,s057,6,0.022831406589691898,0.04588913704396472,0.6493570417432103
s033,s002,7,0.05248797707395244,5.193247161349547e-05,0.7567695370047111
s033,s003,7,0.059173458908515164,0.012710961872899133,0.5992640461103123
s033,s004,7,0.07365630680313957,0.0365037780037214,0.577020545035052
s033,s005,7,0.08529932726877028,0.08378333793665232,0.7388997681773716
s033,s007,7,0.09729799184890936,0.021707913665867717,0.6250504082070162
s033,s008,7,0.08434411522371858,0.0023432714410070235,0.6011442980838048
s033,s010,7,0.023873277711702594,0.14767389546814277,0.8001903695824526
s033,s011,7,0.09944035848861572,0.05723952718610059,0.5383535272535008
s033,s012,7,0.0843854350989172,0.11317412549703285,0.5603482789833315
s033,s013,7,0.02073630497623219,0.031185309668391406,0.7354431001189659
s033,s015,7,0.06077703255569648,0.04327830395070043,0.7065922091274591
s033,s016,7,0.07674861213712521,0.0038263423966687056,0.6867297638349105
s033,s017,7,0.02321107227277808,0.2122320438785445,0.7716750164413275
s033,s018,7,0.06879967713110294,0.0003157822913679941,0.6018222826282569
s033,s019,7,0.07238434350541673,0.007275488271957609,0.6858966830669496
s033,s020,7,0.06424814905400729,0.06583249846674907,0.684526407565845
s033,s021,7,0.031114061818968156,0.004209872823407777,0.8499437294654739
s033,s022,7,0.045291945111822995,0.060006505098938345,0.5145898514244208
s033,s024,7,0.03608963774370326,0.1884533078135966,0.6774675632763442
s033,s025,7,0.039961766546955185,0.032617831147998294,0.5996866692208392
s033,s026,7,0.04019839805077282,0.02826644358306473,0.6815901755879704
s033,s027,7,0.07241460474090969,0.11912339479965528,0.6266439513595461
s033,s028,7,0.022064703102200524,0.1757290918380324,0.7768579492226512
s033,s029,7,0.015619070141204023,0.19299159733265037,0.7739101379604522
s033,s030,7,0.22767424827940744,0.03797614355898327,0.5703863770459083
s033,s031,7,0.051271825344640545,0.028033971622062757,0.6396055357633436
s033,s032,7,0.0324593256817443,0.005739025419835554,0.7643910660098868
s033,s034,7,0.051123339196003294,0.0062934192885773154,0.6112213686156078
s033,s035,7,0.05152991192702071,0.0005310261847039136,0.7039296636472989
s033,s036,7,0.06400314186875326,0.01921594942570573,0.41773481093698817
s033,s037,7,0.04487241860847132,0.008963878148912667,0.6024869302565021
s033,s038,7,0.05424458933789505,0.003520430395589663,0.6314296902971962
s033,s039,7,0.06609766296129525,0.06814305415987845,0.6703571728284669
s033,s040,7,0.16010734139113328,0.017112883922391787,0.5606242040387666
s033,s041,7,0.18516089343059425,0.08769421957885944,0.7990913537043454
s033,s042,7,0.08949408795869036,0.0037684483324583575,0.5533827602512317
s033,s043,7,0.025951391270221384,0.07195799594182971,0.5456289125472962
s033,s044,7,0.015553165590055474,0.17173587714428087,0.7394977802444541
s033,s046,7,0.3007874527383261,0.038430004237595156,0.8286789353056842
s033,s047,7,0.06845932523122193,3.2184912017230857e-06,0.6222097350612167
s033,s048,7,0.038648949450590185,0.03279207483109202,0.6544432282543515
s033,s049,7,0.119039784772841,0.07525864934995771,0.7906208245938965
s033,s050,7,0.08346593998996282,0.026318408943466747,0.6571094562791117
s033,s051,7,0.022182640318282258,0.06163308874915215,0.6890454778915969
s033,s052,7,0.08556016800057037,2.862215425525671e-06,0.6149754836757305
s033,s053,7,0.04888839048875226,0.10535702423991183,0.8126512218264328
s033,s054,7,0.07628217625606784,0.0011542650480681545,0.6885595229122301
s033,s055,7,0.06214340675330353,1.297640576162732e-05,0.6763323997248929
s033,s056,7,0.04084843321905968,0.019308225274024884,0.5813470984853413
s033,s057,7,0.05976566449755873,0.007055930412945338,0.6699482006579404
s033,s002,8,0.04277304443573849,0.00015442306023216018,0.7520630887164439
s033,s003,8,0.10099785717097927,0.024412601902439584,0.4624422066678664
s033,s004,8,0.08136511792962303,0.03445255097086042,0.5578348534347719
s033,s005,8,0.07748172748544306,0.0007575545120138444,0.6390223013236994
s033,s007,8,0.03112645480763089,0.05622117581087082,0.541103509245766
s033,s008,8,0.05891049348221693,0.003150163772642562,0.43835398338154463
s033,s010,8,0.02779242035584931,0.21249433269081566,0.8390430860324781
s033,s011,8,0.09614036660092591,0.014225344959485985,0.4659565762534432
s033,s012,8,0.10803519548407205,0.08302117712893686,0.5508041197415033
s033,s013,8,0.02107876043899754,0.017339086248997135,0.6803898401167624
s033,s015,8,0.040426850548595926,0.012737236804212314,0.6497339044220505
s033,s016,8,0.053427159301935194,0.0004121813643021004,0.698736075498285
s033,s017,8,0.021530847992091155,0.05842254412316739,0.7010758373566406
s033,s018,8,0.057888053073035135,0.05616448835847555,0.48947613985696725
s033,s019,8,0.05126033323189419,4.234805156786579e-05,0.6627373767833836
s033,s020,8,0.12884651789520593,0.04655608609950214,0.6156486358494225
s033,s021,8,0.04544570786211302,0.03494926670412296,0.7430197659083418
s033,s022,8,0.04602657236766491,0.03477451468103931,0.4045002790133725
s033,s024,8,0.031070923183250127,0.18644238416527562,0.6118383116682414
s033,s025,8,0.030689785647850906,0.08576747442325473,0.45880781846962043
s033,s026,8,0.03317292628699151,0.025380371615384065,0.6108181629287543
s033,s027,8,0.05584483293919371,0.033373378952288674,0.49261965101461896
s033,s028,8,0.024951701065837405,0.16493434670358895,0.7583798163012694
s033,s029,8,0.01846712108218956,0.20040923940327515,0.6883919771970407
s033,s030,8,0.19609732866229723,0.0018436875978936416,0.5331174778206741
s033,s031,8,0.07384888635586027,0.04899353940323874,0.4776268119998668
s033,s032,8,0.040752935188308304,0.05259276491424866,0.739180130127848
s033,s034,8,0.06760831522072593,0.03881001706509265,0.47229449751313396
s033,s035,8,0.03806652600112366,0.0008157295649641405,0.5779006516364352
s033,s036,8,0.07883261310648322,0.0009890685214703156,0.32551788674620624
s033,s037,8,0.10005146150014835,0.0004730705411280908,0.4671779077988517
s033,s038,8,0.06830732112147392,0.014743100050593698,0.603371480734514
s033,s039,8,0.12197169084376323,0.0048724240779637355,0.6607307032920984
s033,s040,8,0.16015584311576717,0.14465116166136985,0.6464015141145981
s033,s041,8,0.14738900175136868,0.18778538390234545,0.6830016517695056
s033,s042,8,0.06221447767248323,0.028944844879176177,0.5070113861681236
s033,s043,8,0.03669571509869007,0.0068250812715219345,0.3741191053437728
s033,s044,8,0.03391377738622309,0.013134553787576927,0.6019183296132167
s033,s046,8,0.1843451139374553,0.06616607867026643,0.7613726341480822
s033,s047,8,0.03816401475090519,0.014674692527048434,0.7359613294285793
s033,s048,8,0.05157949469544643,0.005192781073156665,0.5597974075356993
s033,s049,8,0.14794320734296118,0.09178960929214215,0.6274474233850217
s033,s050,8,0.04183089100412705,0.0092933855164109,0.6596544261830655
s033,s051,8,0.031147787052849495,0.05949827655620324,0.5953555309268808
s033,s052,8,0.07031745216121017,0.004874475926906203,0.6554890693916712
s033,s053,8,0.051036076222056116,0.024377526886014616,0.7969799515962489
s033,s054,8,0.0869704663412896,0.001694378992222687,0.6506567437756445
s033,s055,8,0.07453717151647934,0.007876905196141227,0.5679046991124556
s033,s056,8,0.040439053162076646,0.08840034980199568,0.5683446007571706
s033,s057,8,0.0458453855523801,0.00747122306152636,0.5966595151134875
s034,s002,5,0.18774096715206945,0.004063259712170147,0.7455174050185724
s034,s003,5,0.2418150417034822,0.11272206580274663,0.7298110077069525
s034,s004,5,0.1941973004945587,0.027558466408738633,0.5205747818458365
s034,s005,5,0.05035192081907393,0.0026749975604251444,0.7166636436379045
s034,s007,5,0.18260445408670123,0.004863888968577807,0.719117013773192
s034,s008,5,0.2762724245155728,0.28650888878494934,0.7220552282798033
s034,s010,5,0.10125682531353442,0.008731469917909036,0.6254532420965813
s034,s011,5,0.13295979418211581,0.034471099902445776,0.6193187638552351
s034,s012,5,0.09903919798518904,0.005822639477091886,0.6851847072907883
s034,s013,5,0.20611734634369536,0.05563331110528595,0.6284613886178612
s034,s015,5,0.07636825486395163,0.026920212404327598,0.5885065419195417
s034,s016,5,0.030849066490088114,0.09867182287191943,0.6286713492527397
s034,s017,5,0.11146892467058021,0.014917249230036785,0.7635387224251168
s034,s018,5,0.16183186616497205,0.01738133749532468,0.6703552443514335
s034,s019,5,0.05377778788928321,0.0028246627634237673,0.7389779052979831
s034,s020,5,0.1543904072795377,0.0009731275015380434,0.6037219974196033
s034,s021,5,0.04204036343558547,0.002817837466416013,0.6426178353188061
s034,s022,5,0.04313167350861175,0.06196873526267468,0.5267912051831436
s034,s024,5,0.03570139645243497,0.10252754193889756,0.7526069378661472
s034,s025,5,0.051386665876826214,0.026114308248681176,0.8391904591953794
s034,s026,5,0.0326663804706627,0.08380685455063888,0.6251456793188892
s034,s027,5,0.11815784510772154,0.01815968199960671,0.6237775880064711
s034,s028,5,0.08783680978788552,0.0014639659790755934,0.6185434747572949
s034,s029,5,0.15327328355770645,0.0009060017811101971,0.7538940048325353
s034,s030,5,0.05301213012807983,0.002594544109675279,0.5896446300275494
s034,s031,5,0.05551808701907675,0.06401304931283934,0.7418463812489775
s034,s032,5,0.1335067042443092,0.07133737556509075,0.6667249244260871
s034,s033,5,0.09234989955109357,0.02766682487064686,0.5760907507432242
s034,s035,5,0.08850915786193224,0.0809453970153026,0.6784201450432455
s034,s036,5,0.0549698752978687,0.025851694889032363,0.4873678752812384
s034,s037,5,0.04330818999346156,0.04414339648532645,0.6563910935088692
s034,s038,5,0.08385843606181635,2.0237032617599173e-05,0.7154235615170471
s034,s039,5,0.10154881844502099,0.06360155212185162,0.6525614356524859
s034,s040,5,0.08620055590386402,0.04459821986427671,0.6118499371151945
s034,s041,5,0.12629018048473284,2.6503343958798326e-05,0.6550412276452817
s034,s042,5,0.06458762740202875,0.00036099660445540563,0.6363344638249935
s034,s043,5,0.030802597571542616,0.04070190229716847,0.5905231320166493
s034,s044,5,0.12250835303565474,0.00012334029448996005,0.6998099862135889
s034,s046,5,0.028076869760841602,0.0007619844139349456,0.7271396189082227
s034,s047,5,0.06011091238399738,0.03264651224374265,0.5836453244526729
s034,s048,5,0.07660417501811748,0.00030956093104629346,0.7019834833502219
s034,s049,5,0.06970878853147064,0.005182643725574069,0.6431002642004614
s034,s050,5,0.05485412930405591,0.010196612487905972,0.6124238453880239
s034,s051,5,0.13442776744050194,0.032033941807445544,0.7700615142586368
s034,s052,5,0.11144963153159065,0.027755745295497392,0.5516005387548768
s034,s053,5,0.2209718713552035,0.002135925193607079,0.6032239175483988
s034,s054,5,0.1687735969919936,0.003864387400061438,0.7818972829151931
s034,s055,5,0.17726707327430383,0.21954513308485576,0.7910483725404023
s034,s056,5,0.14951171969307675,0.025499998994192172,0.7235959824185587
s034,s057,5,0.06377236169157625,0.007134034190086345,0.6174030291798941
s034,s002,6,0.18986582432330573,0.006925138586355543,0.7267490737668938
s034,s003,6,0.5408013190042842,0.06556820348884497,0.755252795537535
s034,s004,6,0.3204683641054454,0.1226444880345288,0.6019027242612016
s034,s005,6,0.07401387920823446,0.00027081273267419204,0.5731481078965536
s034,s007,6,0.3432519664743933,0.007522092496097974,0.6640174651227352
s034,s008,6,0.3652778990690538,0.01378051892111867,0.6281597570749469
s034,s010,6,0.13944451622748838,0.03190264637000164,0.7004571851551173
s034,s011,6,0.17712545579219743,0.025075966931039747,0.6721922243982036
s034,s012,6,0.2297598535692825,0.05827432444372513,0.7521691800883287
s034,s013,6,0.21033578429967967,0.018098491083597828,0.7008573892919502
s034,s015,6,0.2951478198803768,0.0006585672591536884,0.6686109809644162
s034,s016,6,0.055851396227872455,0.06733120639568638,0.5951000493558615
s034,s017,6,0.15394273440874354,0.040546164392772074,0.7201452711136722
s034,s018,6,0.3569479035105441,0.1657817708853569,0.7089978368650993
s034,s019,6,0.10358255439485127,0.03274634556573436,0.6449201143460618
s034,s020,6,0.3142945321649212,0.05563350772174993,0.6590337216364276
s034,s021,6,0.11658267539254057,0.03894594758612495,0.716414502823805
s034,s022,6,0.08268310706058123,0.1375151664469797,0.6570235083434327
s034,s024,6,0.08859267118996321,0.13692085237274557,0.7947175673826813
s034,s025,6,0.12331148126396156,0.0067167266241797315,0.719183298286978
s034,s026,6,0.13702805845779073,0.013905266011354223,0.6257740544222656
s034,s027,6,0.18527050286734142,0.018038663405953132,0.49031876633734617
s034,s028,6,0.15650667354298947,0.0022752788059102243,0.7624323827379342
s034,s029,6,0.14393983028531127,0.009369189351802348,0.6844162555626953
s034,s030,6,0.17273250857266145,0.006368974101258189,0.5917781478451922
s034,s031,6,0.3555336082554168,0.023273745222909644,0.5525091274803764
s034,s032,6,0.348744681909217,0.1514882365717703,0.7034892406827997
s034,s033,6,0.11631455044661496,0.025341394421813022,0.6865610366135849
s034,s035,6,0.141197360457432,0.11578500240556391,0.6681630165888153
s034,s036,6,0.16248620157733057,0.06920824701044398,0.5352386996693022
s034,s037,6,0.2052596800632986,0.013109479224078185,0.695374611275018
s034,s038,6,0.15043423979896212,0.015044192636646456,0.7967884455318085
s034,s039,6,0.11307037986450924,0.13956114992994392,0.7482397313687152
s034,s040,6,0.14395198589251829,0.14041284623699607,0.7070505433915109
s034,s041,6,0.17561562694487462,0.02578158629980802,0.6891171881562053
s034,s042,6,0.16233561143779368,0.003265765280616923,0.6824716617729909
s034,s043,6,0.14122732615681402,0.21362544371021772,0.7495991760284131
s034,s044,6,0.06696473098994575,0.1466643900538633,0.7934437081788339
s034,s046,6,0.10065342503857261,0.00859985737201694,0.661595259382784
s034,s047,6,0.26819539321602553,0.05219817740105036,0.6178424624557657
s034,s048,6,0.10780850105981646,0.0006784068904941553,0.6260959960067316
s034,s049,6,0.12552121362280824,0.017803240320805866,0.5958950710421898
s034,s050,6,0.13132449177129826,0.011612023348062604,0.7044700598539618
s034,s051,6,0.13486942873315869,0.0029269832355819413,0.6415681590322431
s034,s052,6,0.07230656261577452,0.024019465344771236,0.6780680101087937
s034,s053,6,0.3632599224782106,0.005272384551156324,0.6823646245403023
s034,s054,6,0.2242373426343419,0.01345497781947225,0.808446818183859
s034,s055,6,0.2758118440088513,0.1258230189676273,0.6842420340880448
s034,s056,6,0.16314308197121055,0.030470050288360626,0.829240799841122
s034,s057,6,0.12011169981403061,0.016534483434965528,0.6371899886949736
s034,s002,7,0.23221022111909867,0.0036562286646545567,0.7090379663770457
s034,s003,7,0.3360046883656013,0.046420918380590204,0.7863420090369357
s034,s004,7,0.32373581334595536,0.24688740087300423,0.6932072628122505
s034,s005,7,0.09006385515479357,0.003257144729554721,0.5950747307348024
s034,s007,7,0.2799671776130443,3.929120187100101e-05,0.6276572116560445
s034,s008,7,0.26476162330233804,0.09765717902404725,0.687681992619419
s034,s010,7,0.20709547405313164,0.021928328849579213,0.7016393075140109
s034,s011,7,0.39978614539712076,0.13524065861407017,0.7245417567647457
s034,s012,7,0.2434725393401509,0.13256895326056084,0.7600596412092271
s034,s013,7,0.3618057614674767,0.0716574816185088,0.7170829096613273
s034,s015,7,0.2058525311876271,0.06917186917664965,0.6529395445336773
s034,s016,7,0.060794897512739844,0.06213493613620621,0.6040509146218319
s034,s017,7,0.10098080229520474,0.054447499142447835,0.7257843972287282
s034,s018,7,0.23376780188160903,0.11532536599615875,0.7745147603514256
s034,s019,7,0.09489380126308507,0.0015944158434030985,0.6772569468527995
s034,s020,7,0.2532064051427755,0.14775924489313724,0.7112996469344072
s034,s021,7,0.10178230114793636,0.024693199528160514,0.6496235514377298
s034,s022,7,0.11608039617789419,0.24237265364807592,0.7352041338961721
s034,s024,7,0.08633543999034655,0.09312266968601329,0.7893411319944827
s034,s025,7,0.10628426823671809,0.004619961746097588,0.6779699439885767
s034,s026,7,0.14963373215611578,0.00039560942032353525,0.5207523559812587
s034,s027,7,0.16406859021108436,0.020820929312892436,0.5994445415499403
s034,s028,7,0.09724019050320604,0.00010102211927337709,0.7495647173490881
s034,s029,7,0.3058211757178148,0.0028588677192962915,0.6953046307627837
s034,s030,7,0.08606237602241365,0.0023365379246316036,0.5813033855637879
s034,s031,7,0.18350737664020433,0.0004187012495468799,0.6213443372332702
s034,s032,7,0.14284321124274663,0.13285868988253974,0.7568282037437768
s034,s033,7,0.153876969571933,0.003016289082507236,0.5860010784620847
s034,s035,7,0.11004005337652155,0.09072757423382502,0.7033368949155083
s034,s036,7,0.07653683013429981,0.1572037494372699,0.6507318946151782
s034,s037,7,0.18062951979641806,0.0009603697250187834,0.6704248984661091
s034,s038,7,0.1501637244298637,0.05476742433632566,0.7085514415163814
s034,s039,7,0.2766165132675204,0.2935891982803918,0.6789612803887841
s034,s040,7,0.1515524875929938,0.08182355338476328,0.7274345894633695
s034,s041,7,0.31110691560219295,0.020514457711737082,0.6606059107171496
s034,s042,7,0.14627818406490162,0.02172205980323461,0.7058278229517986
s034,s043,7,0.06036446918745478,0.2716291297090658,0.7858325874052571
s034,s044,7,0.10681847558225555,0.27311793965305625,0.7833383178450034
s034,s046,7,0.10609096306800059,0.006587973905002355,0.6541632144811284
s034,s047,7,0.17175049694789468,0.007110422593328818,0.6270004332796254
s034,s048,7,0.10500269746269532,0.003419250679350495,0.7264827332981619
s034,s049,7,0.1037800280377617,0.051141746880483535,0.654396188189227
s034,s050,7,0.12267696682821196,0.08531277278770046,0.6444372147087688
s034,s051,7,0.11367656303280396,0.00026703882590553454,0.6375498404306642
s034,s052,7,0.1402630946928161,0.07044644708919168,0.620541838669969
s034,s053,7,0.29566414279525977,0.025321002388419483,0.6559902555052693
s034,s054,7,0.23561917117745468,2.283315922376084e-06,0.7516104134807066
s034,s055,7,0.19310747910738846,0.12052378742450404,0.7784178511123918
s034,s056,7,0.283876060216068,0.10807487492389653,0.7914044637550275
s034,s057,7,0.3140080144171794,0.021940823432461783,0.6801506422449518
s034,s002,8,0.1095243909759057,0.00035520598257308543,0.7037929303953495
s034,s003,8,0.33084800439582396,0.18172665593263546,0.7160267379806299
s034,s004,8,0.15098642288282915,0.15372298699837897,0.7190019996612158
s034,s005,8,0.03782137210274632,0.0027762407772078885,0.5991274277170345
s034,s007,8,0.2152526791811287,0.012570926717337831,0.5656092000046561
s034,s008,8,0.6127178198752551,0.1335800006652201,0.7309051200387472
s034,s010,8,0.09498195477514512,0.02671056429548463,0.651761949032282
s034,s011,8,0.23133510918592873,0.028456463639975896,0.6641140236925127
s034,s012,8,0.21040686844085543,0.027954632727103846,0.7010100731436524
s034,s013,8,0.18223596340635484,0.09362959337419764,0.8004669149133588
s034,s015,8,0.16822617544404236,0.0008676903985399111,0.619880361156645
s034,s016,8,0.025101185990386136,0.14225975721648804,0.59339170522421
s034,s017,8,0.0889764348554885,7.22962359189021e-05,0.7590094453704775
s034,s018,8,0.08996872633894944,0.0076990917064375455,0.7332210372536649
s034,s019,8,0.06475258660633461,0.019583042344362124,0.5974358886819563
s034,s020,8,0.19931221855749992,0.06617733966758776,0.6443882517821553
s034,s021,8,0.04979289126105725,0.0013173766791119558,0.6663988110811209
s034,s022,8,0.037297530856222255,0.06116883922335777,0.5893734832610962
s034,s024,8,0.043024911831881285,0.03668676207783434,0.6943765953966656
s034,s025,8,0.06233808830751304,0.001981443007565392,0.7674997157833162
s034,s026,8,0.05765651353022047,0.0073600432315711825,0.6043497687808017
s034,s027,8,0.21672712903142993,0.031416116061377064,0.7162444673330954
s034,s028,8,0.0833535271771939,0.01341006165484269,0.7516671699417787
s034,s029,8,0.08825830462679773,0.037050121214713995,0.7603234684332486
s034,s030,8,0.07044923952667871,0.0074581314364031365,0.6614201683848047
s034,s031,8,0.04639749783332234,0.05592613903428269,0.7000640577030433
s034,s032,8,0.16400598717767265,0.08894497765554515,0.696864097406692
s034,s033,8,0.08772682974053232,0.012646486141798145,0.6347781639201698
s034,s035,8,0.05830757671627528,0.06293919404997028,0.6324098948924269
s034,s036,8,0.03783558850954175,0.038023288150670034,0.5022131123127932
s034,s037,8,0.17678508708047933,0.08117404195302143,0.707310179077553
s034,s038,8,0.06718973029630218,0.006306555345042486,0.6606951600061708
s034,s039,8,0.09217445095699736,0.09746194138326131,0.6294441990204281
s034,s040,8,0.06620320683779286,0.0784479133881985,0.600922569896955
s034,s041,8,0.12184188598882242,0.00038805937249414903,0.7283155997150409
s034,s042,8,0.09066814144553269,0.05442128275367475,0.757371659524061
s034,s043,8,0.0475189323812461,0.10052077362788342,0.6215119136737547
s034,s044,8,0.04771099397695178,0.07639109217564112,0.7281489727244911
s034,s046,8,0.16459520433331046,0.01811983692470651,0.7046949082208386
s034,s047,8,0.09685301082631502,0.008904998036248588,0.6471269630736721
s034,s048,8,0.08493801939923616,0.0005033776932663046,0.6297325504592183
s034,s049,8,0.04240574519503173,0.05582242445773098,0.593970756848987
s034,s050,8,0.0695120712433632,0.008487100704794888,0.6436238451533025
s034,s051,8,0.12085176408288513,0.0021516135522943332,0.7154662912524938
s034,s052,8,0.06077318302206567,0.005890517399508581,0.496173544941232
s034,s053,8,0.20967618852728417,0.0009254449571494389,0.6489515959388245
s034,s054,8,0.11611826339948242,0.02529094644137027,0.7287349290784868
s034,s055,8,0.15975597464020258,0.1296434138312328,0.71467169362444
s034,s056,8,0.1785273756616564,0.009176791636228096,0.7555352650994338
s034,s057,8,0.14337443390155827,0.015085703941407524,0.7176026874584285
s035,s002,5,0.02442807931378727,0.0012369314491785376,0.7966316778846618
s035,s003,5,0.032244432317458535,0.004334168654172,0.7129892385257243
s035,s004,5,0.04156932694225749,0.038370714301691124,0.7011157560401369
s035,s005,5,0.021483229712275644,0.0009085633837815518,0.6815730442295813
s035,s007,5,0.03115773261638971,0.019998030135442907,0.6764806226142425
s035,s008,5,0.010828668832824557,0.006183159546991023,0.7799827380903306
s035,s010,5,0.021810512197606425,0.0006225791035879293,0.6810680398913473
s035,s011,5,0.021698572203355842,0.030426928187757364,0.5899321508787077
s035,s012,5,0.011431441667543537,0.0011403938590581885,0.6203823733095017
s035,s013,5,0.034121596795056226,0.08953264086401648,0.6138742718885767
s035,s015,5,0.020858607192721073,0.0002632107970440646,0.6929897021846391
s035,s016,5,0.017112164299373324,0.010961349299703898,0.4326954312782228
s035,s017,5,0.06551046784257449,0.002916347660409043,0.765190490072835
s035,s018,5,0.030913922922212934,0.09125150596512838,0.7625901846749765
s035,s019,5,0.024304662030771185,0.019191558960919144,0.6920690279867037
s035,s020,5,0.024206270943484404,0.022086890461549033,0.6188383836551613
s035,s021,5,0.04174924998533506,0.013939267106903004,0.7839609353393158
s035,s022,5,0.0449063698059494,0.041464424524687724,0.5590659624609501
s035,s024,5,0.026052613490783184,0.027823442036977893,0.8248145348120438
s035,s025,5,0.02561658156660596,0.014636536793081537,0.7122054186876953
s035,s026,5,0.057579097139506534,0.11881782167403404,0.6609874779931729
s035,s027,5,0.01602395946952773,0.00010089308048441252,0.6817216206598736
s035,s028,5,0.029592255656435265,0.010158418795869492,0.6518900985294904
s035,s029,5,0.03922434248275133,0.00852385796812604,0.7606811181707172
s035,s030,5,0.015818110029105423,0.018999411248569437,0.5514146532738144
s035,s031,5,0.036141520412307074,0.0099188255717013,0.752428814146712
s035,s032,5,0.025062366296788586,0.11903372176184988,0.7427321189737274
s035,s033,5,0.02495617948606215,0.03689468268017442,0.49296514223802873
s035,s034,5,0.039073707928867635,0.00810672293649881,0.72446622013342
s035,s036,5,0.060553366906119725,0.035955637731977366,0.4648569337550692
s035,s037,5,0.01250625484705452,7.898623996142385e-05,0.7139238112999072
s035,s038,5,0.039248997180705465,0.09729173775638236,0.6949832047353829
s035,s039,5,0.024064340162371935,0.09465980219968666,0.7572366597806892
s035,s040,5,0.023841008977417512,0.022730375683482077,0.6782611580778842
s035,s041,5,0.030057991577265682,0.001930304291744387,0.6280501101750252
s035,s042,5,0.017257643634900417,0.039804222295970526,0.7111909762308866
s035,s043,5,0.02739884534053927,0.1294301656107153,0.6597695814818022
s035,s044,5,0.035699702324823834,0.10922115702856942,0.7970266210693264
s035,s046,5,0.02691243082397046,0.04130172155124975,0.7296503216599185
s035,s047,5,0.029534111137356996,0.03197222755686678,0.6422810121830564
s035,s048,5,0.021010687951794123,0.020735873238046036,0.7234781737999638
s035,s049,5,0.059899691545149354,0.001201668876443085,0.6679539872771321
s035,s050,5,0.014940340392866232,0.09652934097721522,0.7629100691857881
s035,s051,5,0.10556113010050086,0.0020606832031351266,0.6657132982360257
s035,s052,5,0.02516448502368965,0.0020855530293525065,0.5883093598409472
s035,s053,5,0.029460744673184273,0.0716486126200046,0.6546781193562559
s035,s054,5,0.010355238425248244,0.02396391279841251,0.7979221877930027
s035,s055,5,0.03964413454503949,0.2101760918335942,0.7061235048515093
s035,s056,5,0.013806222279923328,0.019567697003847903,0.6417971021772674
s035,s057,5,0.030249942719926905,0.013708214444384295,0.6352415150643885
s035,s002,6,0.07207434294717543,0.008515915229899067,0.7866466599032303
s035,s003,6,0.11330518042914234,0.012100623596318529,0.6550640757910667
s035,s004,6,0.11183965001689503,0.00528129655301567,0.5650225021529264
s035,s005,6,0.09062727765775674,0.0035933132243879877,0.6140202687682373
s035,s007,6,0.05954399009487322,0.00023199024907545225,0.6400857720499904
s035,s008,6,0.09124469118750911,0.0017336099820483607,0.6433476646984645
s035,s010,6,0.09030968023422001,0.013836438952727388,0.7101362894698434
s035,s011,6,0.05504833373962536,0.022630445163008668,0.5188929340495836
s035,s012,6,0.06900624656832459,0.0010013378891335302,0.5442415730762116
s035,s013,6,0.1630561333865971,0.05001519560737435,0.5931534220403146
s035,s015,6,0.07045336171649323,0.002007341068825893,0.7380906151362169
s035,s016,6,0.0431604166879222,0.019153487530084112,0.5015976840702709
s035,s017,6,0.13312162715949222,0.003654565703766201,0.7723254986746391
s035,s018,6,0.15206205862324004,0.08673909132379633,0.6629038690871484
s035,s019,6,0.09792983027814248,0.000559750641222756,0.6522284234536553
s035,s020,6,0.0843245805945112,0.00037696432425229085,0.6089247328776097
s035,s021,6,0.2438975197243284,0.0917446205769551,0.7891663773633667
s035,s022,6,0.08461695326775077,0.015396188169619695,0.4951570821662007
s035,s024,6,0.07653166986282896,0.024578436032942373,0.8055967267638623
s035,s025,6,0.11796827501956142,0.02109678999542753,0.6532978316609398
s035,s026,6,0.14469972563000952,0.09483588503892061,0.5957641422030948
s035,s027,6,0.05758817569478277,0.02433836043896067,0.6026482145970633
s035,s028,6,0.07278449851828339,0.02068213986020901,0.6691954408505104
s035,s029,6,0.1387138783215414,0.0010033579983201642,0.6988615238548764
s035,s030,6,0.07398676110130467,2.3628002134802915e-05,0.4103990293075889
s035,s031,6,0.1283482834914629,0.03782011785414142,0.6076937850691088
s035,s032,6,0.06864573323448853,0.0617195782543704,0.7055974179334672
s035,s033,6,0.07117820055867903,0.10760463051858057,0.6004575352409883
s035,s034,6,0.0984822090325952,0.012254728404876384,0.6952508630234406
s035,s036,6,0.12259757457526134,0.037998083473653174,0.4333575862032929
s035,s037,6,0.04464336290792993,0.020804178531589373,0.6115386149601797
s035,s038,6,0.12051994889171695,0.10607701165718854,0.6826887160913618
s035,s039,6,0.1344028873306382,0.16022441513677316,0.7841474287540141
s035,s040,6,0.07356262788724814,0.11873088786349714,0.728158698448948
s035,s041,6,0.15880245636404194,0.008757777223288412,0.6501161573135651
s035,s042,6,0.06751378235038394,0.0015671422169806122,0.6163428815108338
s035,s043,6,0.04732719878731997,0.14983405301135064,0.6044338328588583
s035,s044,6,0.07253422374325627,0.07341178728900506,0.6870460912341272
s035,s046,6,0.06123276817789784,0.027096152477425466,0.6716638938707367
s035,s047,6,0.11621931105937824,4.659161875356757e-06,0.6376835258354066
s035,s048,6,0.09091088180942816,0.001407125605372627,0.6508081669991386
s035,s049,6,0.1525674094343041,0.006919094197814424,0.6193047826139312
s035,s050,6,0.08835832458794539,0.04640635319865197,0.6590872461096682
s035,s051,6,0.09405303165850319,0.00586049080603253,0.6373941968490758
s035,s052,6,0.12694818549373288,0.006308144986892316,0.7125777002467832
s035,s053,6,0.09454086513420219,0.052331135832594064,0.7329306450640674
s035,s054,6,0.08136946098342443,0.0031174174656760805,0.7539018849304295
s035,s055,6,0.16846204444331703,0.37493999443811493,0.7360779899589279
s035,s056,6,0.05059734440839381,0.03171774274578818,0.6435127583894296
s035,s057,6,0.08563595203453976,0.00985778041596797,0.5329770506526541
s035,s002,7,0.13588004390827207,0.010398806794477739,0.5801392067429797
s035,s003,7,0.17963264785958058,0.020364193949283474,0.5571491013530835
s035,s004,7,0.10001321708357601,0.001418338008873203,0.4968515078992912
s035,s005,7,0.20355667961336824,0.013008999103306232,0.6147422594471211
s035,s007,7,0.091624858985866,0.011813386952468924,0.5479536583342203
s035,s008,7,0.22408741713920574,0.009502576765149538,0.6864738886826485
s035,s010,7,0.148468522512374,0.004829313927899472,0.5968021874696169
s035,s011,7,0.10802488482992219,0.0739695627953387,0.5015019529915887
s035,s012,7,0.11347794755178127,0.0004564416993139935,0.47207713495608356
s035,s013,7,0.14813505797571966,0.009552164514990807,0.502691276822569
s035,s015,7,0.13721442981832185,0.00040934367688619163,0.5839290640327985
s035,s016,7,0.04988037752194869,7.380717795801953e-09,0.369803197834901
s035,s017,7,0.20354237130831632,0.009633640405982236,0.7015378458449655
s035,s018,7,0.12812419974105724,0.0228651034325061,0.6764507341596478
s035,s019,7,0.16824320638558768,0.0007146025136905086,0.6391973065432511
s035,s020,7,0.15111840718640307,0.028089048822837057,0.5544230488192682
s035,s021,7,0.1365582962389272,0.003489051518653778,0.5763157886745346
s035,s022,7,0.13585550059580626,2.4139902646134748e-05,0.43193375434064457
s035,s024,7,0.07476035951718174,0.008396229676083538,0.6388706735858769
s035,s025,7,0.11763562435973633,0.06535913799377445,0.7289862507920625
s035,s026,7,0.1355304108444197,0.01118067264389135,0.4426185811794403
s035,s027,7,0.08895829523766341,0.021834786511109282,0.5619274936769008
s035,s028,7,0.059832570789393066,0.0004574422605538431,0.5504864580791796
s035,s029,7,0.11446358791086748,0.0006838986021133541,0.6745857920460271
s035,s030,7,0.11311080629270831,0.00907697940786821,0.4024195137794485
s035,s031,7,0.10274163435590407,0.1411150320212521,0.6376624304724631
s035,s032,7,0.21469412271259042,0.036487182871944,0.5369492842002457
s035,s033,7,0.12412065234229869,0.06809565234463197,0.4962265174486616
s035,s034,7,0.3011694542750252,0.07059826547757844,0.6123680548272823
s035,s036,7,0.12422089713439005,0.014355329386807274,0.41300781815480225
s035,s037,7,0.07191468640261507,0.0013089573611365602,0.5211088711391391
s035,s038,7,0.1183416108626537,0.06709807856065655,0.5233562593833935
s035,s039,7,0.19718209964116348,0.03362009364617941,0.5620371141360857
s035,s040,7,0.09790468732370357,0.030497641991747978,0.5320364343868794
s035,s041,7,0.21334088017572927,0.012153797936298756,0.5360799854076529
s035,s042,7,0.07647974342897916,0.00348730773863787,0.5613013928206642
s035,s043,7,0.08974615688877219,0.024737829922569895,0.41847222224672975
s035,s044,7,0.09139384466898212,0.04462355394574082,0.571623473642192
s035,s046,7,0.10391690541231524,0.014567489103520629,0.63082678690593
s035,s047,7,0.17743871333832437,0.00467969950831578,0.6675076410325514
s035,s048,7,0.1412043823768274,0.00326934646243088,0.6810708458002893
s035,s049,7,0.16154756171515966,0.022374697790164037,0.45508113922585747
s035,s050,7,0.15623350811549572,0.008658749971715412,0.5930716596251104
s035,s051,7,0.2876528757190821,0.004422609414976967,0.5119778229844878
s035,s052,7,0.13186675245854376,0.009019178436843281,0.43303324036873925
s035,s053,7,0.11833879295212961,0.1137993474638766,0.5492741857355182
s035,s054,7,0.27475792229834417,1.6280737635774412e-05,0.7047378244040242
s035,s055,7,0.2625998109718451,0.3195492730039368,0.6434107113453814
s035,s056,7,0.08312210431963961,0.07062000405760044,0.5276656110286259
s035,s057,7,0.14634598542011326,1.7691394627267547e-05,0.37506092525315443
s035,s002,8,0.06066427114174778,0.005002948957874996,0.7375404753279852
s035,s003,8,0.22485187429269066,0.032173448109068456,0.6409126748398103
s035,s004,8,0.11287704784069133,0.01522151923584696,0.4953747400029938
s035,s005,8,0.06894020160765472,0.001477236106646748,0.6731938931156417
s035,s007,8,0.030703307952830813,0.0007340269481104605,0.5984000915291939
s035,s008,8,0.09459913699779984,0.004681539793230558,0.7000532740880141
s035,s010,8,0.07484140642551607,0.0026691193209218986,0.6689501314398045
s035,s011,8,0.07845419866159414,0.027327554654455254,0.5681647507553478
s035,s012,8,0.09325350312996808,0.006324884669665074,0.49287289184692223
s035,s013,8,0.06560729403216503,0.017869771123786772,0.6309468554406144
s035,s015,8,0.0699942482105056,0.0030139037662982203,0.6675886497109914
s035,s016,8,0.02559888717161457,0.04611986469331014,0.5137797466389914
s035,s017,8,0.08564747692640312,0.007062058520255508,0.770505845882728
s035,s018,8,0.15691341781474355,0.061932479002319754,0.7070581938915168
s035,s019,8,0.058574258997296375,0.0007703011282034663,0.5983884292129129
s035,s020,8,0.05296551888573878,0.0022318458008171197,0.5447073414504126
s035,s021,8,0.11851054833710559,0.0433348801071547,0.7041357962791449
s035,s022,8,0.07776370761810049,0.006300597423993881,0.44625004258401535
s035,s024,8,0.039633848537331186,0.007010508996522378,0.7010899733536298
s035,s025,8,0.0442425618670966,0.041627931980488454,0.732564646998663
s035,s026,8,0.08690155943734405,0.021088809571432235,0.5838287415416659
s035,s027,8,0.044954341489662535,0.04746832390802474,0.6254098700897989
s035,s028,8,0.05248580902326011,0.00630849137847615,0.6231915602314172
s035,s029,8,0.0466651409757275,0.00025958371977853086,0.7667961889921822
s035,s030,8,0.04336246614998913,0.0284949897260764,0.48503622699769205
s035,s031,8,0.14655489977560712,0.057238673936529885,0.7127327546795029
s035,s032,8,0.17739883104625506,0.1460813566009819,0.6564614108901634
s035,s033,8,0.04572066353454043,0.0984132080794165,0.550737239629052
s035,s034,8,0.15953982884128423,0.05204991597721927,0.7038977881182326
s035,s036,8,0.07145663364303763,0.004984283905810086,0.41005919846141015
s035,s037,8,0.06215290860030146,0.016708717997430875,0.5708973902411049
s035,s038,8,0.07294334072228226,0.05565916344937198,0.6372938576215467
s035,s039,8,0.07948631144922466,0.006854213728964301,0.6368496234425092
s035,s040,8,0.07927724316918748,0.010341202915216513,0.5925118350143755
s035,s041,8,0.13840784930270278,0.0010052093208269108,0.6723784450194522
s035,s042,8,0.04149390550714042,0.015770604106189728,0.57093920634975
s035,s043,8,0.0649506095354552,0.04324148180184423,0.5027507692049972
s035,s044,8,0.08101331977849587,0.03215790303734117,0.6586729939424433
s035,s046,8,0.07002945745959646,0.028280876517487244,0.7029787852340851
s035,s047,8,0.11657010613127673,7.902515302647101e-05,0.5325908819408376
s035,s048,8,0.051251776221838366,0.01076707480595251,0.6787712799878551
s035,s049,8,0.10983438444537266,0.05041063480886113,0.6535756973054659
s035,s050,8,0.06767019927848493,0.01475833388069327,0.684991619466893
s035,s051,8,0.34201533949956076,0.0006661603767638938,0.6753862748247007
s035,s052,8,0.08636116694907484,0.0002531476914161409,0.5270613228851507
s035,s053,8,0.06940955495455772,0.015898852663469007,0.7118677089019594
s035,s054,8,0.10578076195942888,4.109234134716708e-05,0.7789116237941004
s035,s055,8,0.10867268080316203,0.309683478335741,0.7437604008360467
s035,s056,8,0.08118490600582653,0.012707494806602443,0.6224186931859932
s035,s057,8,0.09648673579438426,0.013950464613379595,0.5352632047189928
s036,s002,5,0.012489105343049924,0.07307320702208714,0.4133028072137682
s036,s003,5,0.015863754151659533,0.1967499926803017,0.6394519741097601
s036,s004,5,0.022781300648306024,0.08071864388708155,0.4335375721889722
s036,s005,5,0.06725101665854438,0.06747010636860497,0.5071827439583166
s036,s007,5,0.04048161184938154,0.026094430255389763,0.3907066962116739
s036,s008,5,0.022581085916635234,0.1318650714473702,0.6349236832752616
s036,s010,5,0.10128173128563533,0.0362026556910737,0.40603836282549227
s036,s011,5,0.011092939413605545,0.4295813914043328,0.8481043181233686
s036,s012,5,0.010051481168272309,0.3780457093909627,0.8596120091106112
s036,s013,5,0.07924719938914125,0.11215840755970174,0.6136920426860691
s036,s015,5,0.020981374617078278,0.04100182141078305,0.3883305666227747
s036,s016,5,0.12588430320251634,0.061247279962652355,0.6123655678189353
s036,s017,5,0.10524160664518376,0.07453068665908028,0.5943917886590953
s036,s018,5,0.015156032336919582,0.33320312060116486,0.7661910617610794
s036,s019,5,0.11261194073817202,0.09342040588609218,0.4918572162332208
s036,s020,5,0.025202939675466086,0.27496902704745935,0.7337558239092002
s036,s021,5,0.09353629859389304,0.05193531264083602,0.36387519957802505
s036,s022,5,0.140849587554607,0.5596435920782464,0.9005825235731144
s036,s024,5,0.23718377407906602,0.08148082890281362,0.5106970071000249
s036,s025,5,0.09162336815200595,0.12377918811488475,0.5567157735369722
s036,s026,5,0.07905212459243824,0.001551316590014012,0.264070135401789
s036,s027,5,0.025803184160102525,0.007361410569251758,0.2316992806158507
s036,s028,5,0.048647433548960686,0.11769965687494446,0.5724428546832822
s036,s029,5,0.06085641630730671,0.07253185600263415,0.48974198374515365
s036,s030,5,0.05307158581167287,0.04517028149763575,0.5032604605256575
s036,s031,5,0.09376779557191903,0.03482250722094243,0.46735543540600566
s036,s032,5,0.020558374237416438,0.11358048135563031,0.6564800152312232
s036,s033,5,0.03254257981823565,0.015179642346183428,0.36700532096763544
s036,s034,5,0.02156518219726546,0.07127856657344982,0.5042152994356303
s036,s035,5,0.11422352006489697,0.002158612121586579,0.2705816894870949
s036,s037,5,0.023919537990199566,0.07998452905409444,0.5129952351439244
s036,s038,5,0.04310527149324844,0.03994789808044273,0.4291234827746679
s036,s039,5,0.05254175293499742,0.0018039009803663983,0.2350779883663259
s036,s040,5,0.03492393606891476,0.042620889440738226,0.3801652986664869
s036,s041,5,0.03302515335498445,0.21881299051417016,0.6386467777671423
s036,s042,5,0.06528951736892369,0.022900268511005496,0.3917355597237873
s036,s043,5,0.22704837268108208,0.4289684433127805,0.801946159984044
s036,s044,5,0.12564586425231586,0.10013875000434865,0.586024925379506
s036,s046,5,0.053865378688753185,0.01078223383118022,0.34265838637282203
s036,s047,5,0.041910586137922784,0.004312377712138583,0.23964742104969455
s036,s048,5,0.013711887989295495,0.21698378260377954,0.6057164041971551
s036,s049,5,0.058294199748737806,0.06955062670704898,0.5894806865789182
s036,s050,5,0.08070231032882948,0.00028512094584018464,0.27826551061281574
s036,s051,5,0.0352239028682796,0.03342723112486126,0.4569089434140737
s036,s052,5,0.062233539035802046,0.01701205955483355,0.25372081695195686
s036,s053,5,0.025412578219152694,0.009942357171608069,0.4776631457430227
s036,s054,5,0.02438736799758652,0.00978918646628139,0.48120499089772395
s036,s055,5,0.026047604983618782,0.1872757181275585,0.7573536823373512
s036,s056,5,0.01608790074743465,0.13205828234320174,0.6661429029766925
s036,s057,5,0.03973055573361238,0.12175025576236291,0.7235191684090161
s036,s002,6,0.11203398316784914,0.0676808136572972,0.42754893604025423
s036,s003,6,0.04032895593132694,0.2182138236313895,0.6652889481272148
s036,s004,6,0.0460459873535267,0.0719020500051345,0.45424231752169314
s036,s005,6,0.10580392474667316,0.043101482384799016,0.48595607514258893
s036,s007,6,0.08919012713530584,0.0259081138609256,0.3834108512638222
s036,s008,6,0.04556902670222318,0.12229185543974724,0.614808519003642
s036,s010,6,0.2135476066139833,0.06919953427378851,0.41793129371835847
s036,s011,6,0.04104725352731194,0.3521744311479284,0.8850626034229255
s036,s012,6,0.026396289701963702,0.37334530490730583,0.8755937920741945
s036,s013,6,0.1711624388068911,0.14058094641085656,0.6455158416506896
s036,s015,6,0.10736200963159945,0.009135961702101448,0.36219900775046604
s036,s016,6,0.2958952765470355,0.05443663418608875,0.5946526756301448
s036,s017,6,0.256825851548879,0.11691305411552771,0.6134958903992881
s036,s018,6,0.04608448845895914,0.3477960912215951,0.7788297791760026
s036,s019,6,0.1744155252460375,0.02665474131803716,0.46072502825392797
s036,s020,6,0.03542605839465171,0.2989975730192057,0.7027017979126053
s036,s021,6,0.21613955258856846,0.04011643802092896,0.3645598601922847
s036,s022,6,0.24274456875695155,0.5523291874007112,0.906124638687462
s036,s024,6,0.4813154290651198,0.09323348709309973,0.5543596392166781
s036,s025,6,0.19470637570275942,0.05319984952581074,0.5929752300962096
s036,s026,6,0.1629527516077526,0.001365064526934377,0.2877440588169511
s036,s027,6,0.0485776111711425,0.014878941152499237,0.27153711204423525
s036,s028,6,0.2584832057350533,0.08941049455653424,0.5884359044458287
s036,s029,6,0.13777970480319437,0.06715844607638748,0.5023464709724789
s036,s030,6,0.12086385010396022,0.059469880746031115,0.5433930674486759
s036,s031,6,0.11140911971602338,0.0076054337243552025,0.4915260394302138
s036,s032,6,0.04046667089414984,0.11803996835040959,0.679311876372418
s036,s033,6,0.09787178003010616,0.02112046992303455,0.3977475088079358
s036,s034,6,0.04551937216765244,0.05726970464846765,0.5396356545821653
s036,s035,6,0.27938476941391016,0.0004112777224069923,0.29932501057371513
s036,s037,6,0.04820365104123856,0.09588265789697427,0.5186558713179871
s036,s038,6,0.08357960199647892,0.03524507367330292,0.41447249755657367
s036,s039,6,0.14138655029502767,0.002892304016826895,0.2596686955655261
s036,s040,6,0.07725295501563349,0.01811433811235374,0.4047825915444552
s036,s041,6,0.07311451809609772,0.2155463494911837,0.6989419090951257
s036,s042,6,0.16176177789443308,0.03096318871800918,0.411413042656505
s036,s043,6,0.357903293001528,0.49573415557664696,0.7848067254885467
s036,s044,6,0.334507042084851,0.11533668656662709,0.5807998078757056
s036,s046,6,0.1801450757384609,0.007729517174512046,0.33551691528345445
s036,s047,6,0.08493123709872116,0.0029545668618759188,0.28843072799346686
s036,s048,6,0.03717477659679734,0.16350921105942254,0.5675504450319635
s036,s049,6,0.11822682664893418,0.049879173703786354,0.5745265925813404
s036,s050,6,0.09371794984746147,0.0029942395820267563,0.3173155920650057
s036,s051,6,0.2233280607562989,0.024203682920835103,0.43478038690198567
s036,s052,6,0.172944508742257,0.041645511013667126,0.26423794632212316
s036,s053,6,0.07799675560568357,0.006579662742268012,0.4999971370114789
s036,s054,6,0.08750819222654145,0.00017725430829925966,0.5023964125739632
s036,s055,6,0.0803042231791679,0.18727216891411175,0.7596452089776761
s036,s056,6,0.044592304881069175,0.10510305668075505,0.6952267777908802
s036,s057,6,0.07635905898783965,0.1662319952940689,0.747460851044332
s036,s002,7,0.04958767656853737,0.05807895738950686,0.4521261014998604
s036,s003,7,0.026616768560956308,0.20003805065513466,0.6725064537350561
s036,s004,7,0.06828368245313073,0.10197817700231394,0.4988276578455221
s036,s005,7,0.15563233455037223,0.05708745683445894,0.5194749550957666
s036,s007,7,0.08428006497655587,0.007234803545512331,0.4141292230209976
s036,s008,7,0.03935699509435454,0.11119524267249441,0.6510366966183849
s036,s010,7,0.16398862006934362,0.050456015330771035,0.4096270423341116
s036,s011,7,0.03367620267394079,0.3682728829803351,0.884885689982111
s036,s012,7,0.01920318809302125,0.3714967014515491,0.881502809721041
s036,s013,7,0.13692185195105616,0.1354032969122609,0.6530777899882889
s036,s015,7,0.04557124768116267,0.02961401388229486,0.4052128775158455
s036,s016,7,0.23783013302498096,0.09324209779904255,0.5864950036099508
s036,s017,7,0.2037741290889354,0.08319069094496284,0.6239520919479835
s036,s018,7,0.03153320498091778,0.2814756929965799,0.7966500724540679
s036,s019,7,0.2187003416091527,0.05310616780002456,0.4924104381747213
s036,s020,7,0.03863205241668876,0.27855809085834154,0.712886850198225
s036,s021,7,0.15650580552554708,0.06031178150830572,0.3817369355994403
s036,s022,7,0.2854746526090677,0.5081103124438902,0.9140422306248702
s036,s024,7,0.316690505832352,0.13109636285534976,0.5367157533465281
s036,s025,7,0.13939499007038092,0.058291836672201655,0.581375274508377
s036,s026,7,0.14894477125059863,0.004192694510042763,0.32308413982079737
s036,s027,7,0.05485734651113841,0.011610072364559493,0.2986324609109854
s036,s028,7,0.15484196699880992,0.13146506199548713,0.5958237169487878
s036,s029,7,0.11094839202835248,0.05604784523163575,0.5212355057147575
s036,s030,7,0.10312428354083847,0.06116163358982903,0.5664139059846695
s036,s031,7,0.09522175071680725,0.024839321655231138,0.5185219856469739
s036,s032,7,0.05153845544121496,0.08733529711125296,0.698392366972858
s036,s033,7,0.06661898504839478,0.04205581112055903,0.3854049116760628
s036,s034,7,0.0546323179075312,0.032212667339126026,0.5450591889238547
s036,s035,7,0.24726034534555102,0.0005962590413271045,0.3145377807871736
s036,s037,7,0.03537788486189132,0.06505728085339255,0.5497624989188468
s036,s038,7,0.08252247124362173,0.008301524271967132,0.4327351617686851
s036,s039,7,0.10424349407707094,0.0014603086880941236,0.28024181958018546
s036,s040,7,0.05567532173058773,0.05669541924090315,0.40590750988695357
s036,s041,7,0.04831591661997725,0.22596604583220384,0.6837628942973161
s036,s042,7,0.13761054486045837,0.01808491280466956,0.4329733504954744
s036,s043,7,0.35843805035095555,0.479517082213556,0.7941601373898656
s036,s044,7,0.32682997040559375,0.0958536015599638,0.6129063010259426
s036,s046,7,0.1357649783039405,0.008511922180669942,0.38217946188926816
s036,s047,7,0.08781418356055563,0.01704991922527041,0.30060634454411705
s036,s048,7,0.025811259345346744,0.21685891872246782,0.6023228745301038
s036,s049,7,0.09696264447186552,0.04786116686803801,0.5831086014360117
s036,s050,7,0.09170440095787491,0.0002797934817733245,0.33620349289186596
s036,s051,7,0.07561465534307513,0.014330524954171496,0.45800823636919835
s036,s052,7,0.12421135973775764,0.0015194321922404974,0.2687661317330239
s036,s053,7,0.0768032995880405,0.017612489145219026,0.5050412620680953
s036,s054,7,0.0610409875575727,0.0069652651849302655,0.5224619332998243
s036,s055,7,0.058173774712820585,0.17150635782221973,0.747075585675574
s036,s056,7,0.04175468525934191,0.08614959783132367,0.6745729121869534
s036,s057,7,0.05164774499675128,0.12471847835961639,0.7576776881212698
s036,s002,8,0.016692456903845763,0.05342486043706454,0.43857777571756973
s036,s003,8,0.018958197066899694,0.20859780936922948,0.6503472620484763
s036,s004,8,0.026174439890336028,0.06705239322183396,0.45558452827126544
s036,s005,8,0.05190986127538526,0.05351396584041141,0.48991171578392484
s036,s007,8,0.036372696311902854,0.028538240390992325,0.39830980183996745
s036,s008,8,0.012783855347111189,0.16511696414307622,0.6157576048167416
s036,s010,8,0.07583700196175445,0.006325040020353776,0.41780394535700716
s036,s011,8,0.008260734908305003,0.45759185351929327,0.8498756812598374
s036,s012,8,0.008726703090571077,0.32880898369932626,0.877349752866524
s036,s013,8,0.055326239611142136,0.12449704320641972,0.6295234316426929
s036,s015,8,0.021515919903051028,0.01693198286570066,0.3952634800278651
s036,s016,8,0.14378958594784966,0.044945733341169115,0.6378181621929054
s036,s017,8,0.07369202047732246,0.06616001679912577,0.5958778308819578
s036,s018,8,0.014870416510438227,0.3023168243673945,0.7612740987274247
s036,s019,8,0.07298120792043264,0.10427081787011623,0.4942754851928023
s036,s020,8,0.026964307269781596,0.2976149861216304,0.7222446332279476
s036,s021,8,0.07319704650074806,0.02073544028023288,0.35839892336373264
s036,s022,8,0.20105313359504268,0.53743341057638,0.9007295437541862
s036,s024,8,0.16011079899331354,0.043523050824423294,0.5503226113441284
s036,s025,8,0.10537117374331507,0.15064681135757066,0.5819132479949346
s036,s026,8,0.02829922778233491,0.0018244409977479542,0.28216303435406276
s036,s027,8,0.01941984331354545,0.011309644216873145,0.2577411446493265
s036,s028,8,0.05453838035489769,0.0841950902068005,0.5868161387373034
s036,s029,8,0.051634141529583275,0.06275201197604098,0.499565524115765
s036,s030,8,0.03488776716940163,0.013657495953411055,0.5279251066551597
s036,s031,8,0.06554514369912945,0.02630251649005677,0.4482566654750314
s036,s032,8,0.02063561205541174,0.13053175395150646,0.6823121027901172
s036,s033,8,0.030236187654874725,0.016143399928862455,0.4104989084574148
s036,s034,8,0.018625898520201314,0.06454443788354526,0.5415425317878623
s036,s035,8,0.12574140953193447,0.0017881571471660847,0.27965071228197774
s036,s037,8,0.01577915503679102,0.06897350877178421,0.5566251304680314
s036,s038,8,0.05615387602009985,0.07456173070089271,0.47013363142888104
s036,s039,8,0.041921570397015016,0.015828838651234054,0.31083443495174123
s036,s040,8,0.08308664560107347,0.009650688378110653,0.4443108917051251
s036,s041,8,0.0262373574504759,0.16388117683971223,0.6534909560087153
s036,s042,8,0.06041946104939905,0.014150422252255655,0.4268414576741881
s036,s043,8,0.1410969784169602,0.38749409308471117,0.8094118504722954
s036,s044,8,0.13895878837654166,0.12154414727727295,0.5938112112790566
s036,s046,8,0.07051685721825815,0.004093256709369886,0.3585054469591148
s036,s047,8,0.04611258764913939,3.4027207376391166e-06,0.28757152805819286
s036,s048,8,0.012282331730397385,0.19096828620186745,0.5973259551835494
s036,s049,8,0.1264383536740958,0.11458050545598718,0.5833249300131138
s036,s050,8,0.0726339597116046,0.0036262207378082896,0.2889951481636162
s036,s051,8,0.027723607426587547,0.04478031000097375,0.46186719734887527
s036,s052,8,0.042439907495986834,0.03317719838930453,0.32487326181595727
s036,s053,8,0.03261344703468954,0.006435596153270034,0.503382550938566
s036,s054,8,0.020278232968242254,0.030271968103275586,0.5040063559721221
s036,s055,8,0.028635216182922574,0.1749893693762103,0.7768642069569354
s036,s056,8,0.018105115895245542,0.18582381943425008,0.6961572689777106
s036,s057,8,0.03034637776627317,0.10796566425352296,0.7341350365701694
s037,s002,5,0.10619878013529055,0.03289919890169236,0.7185987090754601
s037,s003,5,0.09308469286598077,0.004132058081755709,0.743338527716116
s037,s004,5,0.09473801036459897,0.014407718227269524,0.6070987289806565
s037,s005,5,0.04178016108143136,0.11809358278141177,0.6738986569858646
s037,s007,5,0.08311516714208153,0.00249581628104377,0.7392152952793872
s037,s008,5,0.06044972198214424,0.004249868297183451,0.7366524677576205
s037,s010,5,0.12352410912135564,0.021708466772149562,0.5097997157214416
s037,s011,5,0.08721699423846735,0.006275163467592397,0.641838584936343
s037,s012,5,0.10094923313327465,0.056152641301989346,0.697597965905316
s037,s013,5,0.09199921913553838,0.0048629987667722,0.7092171060313085
s037,s015,5,0.13288912697599117,0.06853178948566617,0.6645392767892285
s037,s016,5,0.05054574339485655,0.010129652279937403,0.4734245766132368
s037,s017,5,0.1505630246743494,0.006658336939095224,0.7359171519553451
s037,s018,5,0.08132930673570052,3.2192660637209474e-05,0.5909918483800183
s037,s019,5,0.11404475997887006,0.015949086755460563,0.636955251534554
s037,s020,5,0.1503879340660525,0.06613423532889476,0.6512824744642132
s037,s021,5,0.08619344469044618,0.131515779346128,0.6775909118607526
s037,s022,5,0.05621341999843366,0.09499835726657574,0.5875645597187128
s037,s024,5,0.08258327222522067,0.012006951071460867,0.7013087125393234
s037,s025,5,0.10765525582114044,0.020282611451588564,0.5831317320637472
s037,s026,5,0.12349282447812066,0.021935726799471266,0.6868495754184621
s037,s027,5,0.07515641931243255,0.00038197014586624056,0.5189077804700339
s037,s028,5,0.07237712324961593,0.025214648682472234,0.6210277342856706
s037,s029,5,0.1034368106877251,0.11243268233579638,0.6676877318537989
s037,s030,5,0.08427586530334374,0.13743816636558415,0.6964040394477051
s037,s031,5,0.07428772642291286,0.01840775073343082,0.6637954226798221
s037,s032,5,0.08719896152549575,0.0020958118251255017,0.7165502958314457
s037,s033,5,0.0834584229512549,0.0023875202009202433,0.3883165686094724
s037,s034,5,0.14505084821614112,0.060572926709038105,0.50132509415073
s037,s035,5,0.07855149345295322,0.056673043772458666,0.6747172612582855
s037,s036,5,0.07267635552552125,0.08080545835768992,0.45811694774410505
s037,s038,5,0.0945232031056804,0.0006919853487541722,0.6889681484967108
s037,s039,5,0.10596602129704392,0.09678048301227891,0.6508663191524383
s037,s040,5,0.10170712590352365,0.03960266001693089,0.52217030841901
s037,s041,5,0.09907397102035417,0.14935787440398618,0.5670809894051403
s037,s042,5,0.07506129309067444,0.0012789610297830748,0.6723168621426814
s037,s043,5,0.07504539362104355,0.048505365215499044,0.6639280292125307
s037,s044,5,0.061869671949628564,0.012112018616360512,0.8306290250321751
s037,s046,5,0.07131981156859342,0.00040083823216961387,0.7011886892478376
s037,s047,5,0.12231403736981411,0.001479716656828323,0.5017439959989293
s037,s048,5,0.08680491819776558,0.08301965933428473,0.6610349322576228
s037,s049,5,0.10402006822790479,0.01976837941448497,0.643913990184386
s037,s050,5,0.12064732762261705,0.0024596985137320393,0.6596982110936976
s037,s051,5,0.057096087507057205,0.00030457646638335563,0.6414632893659542
s037,s052,5,0.0557864095202224,0.036927718602342056,0.43210536136042316
s037,s053,5,0.07001653987753832,0.020830142789698018,0.568257264889823
s037,s054,5,0.07444395762884055,0.04105015501428223,0.6893022553605173
s037,s055,5,0.08872810941075152,5.764958760422391e-05,0.6817304152547188
s037,s056,5,0.17994397465233403,0.11145426388636312,0.5624326056271205
s037,s057,5,0.16625451451846526,0.08681258640781223,0.6746204245695987
s037,s002,6,0.14460264526257494,0.005061809378787351,0.730745987393891
s037,s003,6,0.15957796782989694,0.025043771471922254,0.769175958851843
s037,s004,6,0.282404127480406,0.013920094661792603,0.7354863695285846
s037,s005,6,0.08845691876321289,0.13015357752887363,0.6185088984811229
s037,s007,6,0.11491685737877338,0.001424756689715139,0.5900503909470038
s037,s008,6,0.2321888118949388,0.00017668479660191153,0.7450221076526794
s037,s010,6,0.16730314493127693,0.010753919694725986,0.5997193569006148
s037,s011,6,0.2264055690785352,0.012399688366585126,0.6991628893362383
s037,s012,6,0.19652917554063096,0.08557320997701963,0.7306141621300808
s037,s013,6,0.21175489457055044,0.021823450599801415,0.7377295739313915
s037,s015,6,0.2990617942348844,0.009452245925079603,0.5925447180470415
s037,s016,6,0.08606841050076433,0.021141028125703152,0.4240640252927817
s037,s017,6,0.24563647160579904,0.011306054094084668,0.7174746585781988
s037,s018,6,0.17813692030278494,0.004472887009085189,0.7010055475460903
s037,s019,6,0.22723163730771517,0.007808016524791713,0.5876205075426529
s037,s020,6,0.18751686733687797,0.02063307694075432,0.5997668499683613
s037,s021,6,0.12319039130010118,0.012201482541343346,0.7137975761362303
s037,s022,6,0.07412320574588836,0.09780496382038867,0.6445150604730358
s037,s024,6,0.11928516961087392,0.030578950543702056,0.7626802575670513
s037,s025,6,0.1832469415545227,0.010777972037351128,0.6472788532392031
s037,s026,6,0.1750765574419292,0.008126842270091519,0.6264516110013979
s037,s027,6,0.1768301690350786,0.025075115088715332,0.5935391882426313
s037,s028,6,0.19867509233157157,0.007831946566474025,0.6649901798496687
s037,s029,6,0.3771324400572079,0.1404797590417196,0.7128862878346398
s037,s030,6,0.16501119702542008,0.23047315593753495,0.7179717178063201
s037,s031,6,0.4150197024181325,0.000398943719722365,0.7527410208403514
s037,s032,6,0.16900104961539725,8.194286424310062e-05,0.7226198038309641
s037,s033,6,0.0826395699530796,0.004018893935857429,0.41724968972918
s037,s034,6,0.2659376126166089,0.004480845460536969,0.5726133597840716
s037,s035,6,0.12209877146183457,0.16079814585568186,0.672494090354933
s037,s036,6,0.11320791793260454,0.1149869511816032,0.5089987470165801
s037,s038,6,0.14312321337778278,0.0011231930695022132,0.6404966317424441
s037,s039,6,0.11763824446317109,0.1051173747565891,0.6308336552487784
s037,s040,6,0.12197954931058347,0.024463205053135418,0.5503261268531578
s037,s041,6,0.226824682716701,0.05536518724877569,0.6206826979785085
s037,s042,6,0.14428317727363363,0.030209051373053332,0.7148241642932661
s037,s043,6,0.06180420667349683,0.048257535737132866,0.7230807118171798
s037,s044,6,0.12702806530751387,0.05529995568905848,0.8357468937082476
s037,s046,6,0.10524974795612638,0.013626072645885615,0.6770436702555512
s037,s047,6,0.2019830984611647,0.013710047645677187,0.5337588496579075
s037,s048,6,0.14077940489821125,0.0719900610947178,0.6773201098226532
s037,s049,6,0.10155920552765267,0.024993607259676753,0.6400224137414176
s037,s050,6,0.1650910814721941,0.018343993128244546,0.6981217355467187
s037,s051,6,0.0972872710498332,0.0014629143170640218,0.5655477742206622
s037,s052,6,0.10481438811215169,0.010753993071856325,0.3973277555474909
s037,s053,6,0.19559816467306196,0.19583723066598951,0.601135881428027
s037,s054,6,0.11674886045184403,0.008725079234039883,0.6628702499730509
s037,s055,6,0.20424670827466634,0.06193890339551867,0.6594368186953002
s037,s056,6,0.34404386838668144,0.06716292925532308,0.6576317412563732
s037,s057,6,0.15929673300519293,0.18825181448715433,0.7544164702717058
s037,s002,7,0.2981398749263356,0.07014580433045085,0.7030638151658676
s037,s003,7,0.12200676891614541,0.026552128524778854,0.7633912875673982
s037,s004,7,0.15423570383580096,0.001340952582765748,0.6216345735196456
s037,s005,7,0.15756763763966214,0.18786243263445085,0.6560542198685938
s037,s007,7,0.11987209651349129,0.019558034322754624,0.6130973046759737
s037,s008,7,0.09286077252513719,0.004186662307914681,0.7961951201888445
s037,s010,7,0.20769739512354804,0.029590963206303854,0.5236271560513746
s037,s011,7,0.1283884814801029,0.02039570038925532,0.7814817290089365
s037,s012,7,0.1490697655465821,0.09007698090258702,0.778802945575887
s037,s013,7,0.15216177899656894,0.0666080826371028,0.7165136281982398
s037,s015,7,0.23534574861573887,0.033966415925702646,0.5513190033178483
s037,s016,7,0.09940774700494924,0.07928542590472888,0.4544585602518244
s037,s017,7,0.22171107887169278,0.009017371884080895,0.7327523252907661
s037,s018,7,0.11313323598206597,0.01286302749790848,0.7239545602388768
s037,s019,7,0.3370736740724371,0.0049597733616224765,0.5695815872003204
s037,s020,7,0.2561533394989661,0.07186879956833317,0.6204058877512557
s037,s021,7,0.10755782116001339,0.10853125471165825,0.6248842428639074
s037,s022,7,0.1358504500100799,0.18098742118133648,0.688784120977912
s037,s024,7,0.102774392707018,0.00025984343056909513,0.7009524816829925
s037,s025,7,0.22878761659219504,0.010995754813051987,0.6528436491640507
s037,s026,7,0.11586166705893626,0.0022428272097577465,0.6777221938226458
s037,s027,7,0.14622209241217748,0.013045401557797745,0.5027380381361315
s037,s028,7,0.11985584071619557,0.05236821947217654,0.6435251641770356
s037,s029,7,0.23971888866632793,0.051737081051502196,0.6923066570421531
s037,s030,7,0.10750636343856668,0.39305924314626334,0.7761986250476791
s037,s031,7,0.1249711952973801,0.021565499788490417,0.7175152693171688
s037,s032,7,0.1645200497562171,0.021936890454161407,0.7522290217833401
s037,s033,7,0.09015903840712226,0.001239135531524792,0.41478422445116264
s037,s034,7,0.3366910020654441,0.0897986478736274,0.5760241243134352
s037,s035,7,0.18580322455552986,0.017126189847869067,0.6582276402999347
s037,s036,7,0.19698612815197966,0.12146741580404789,0.5998978129428871
s037,s038,7,0.17518663368440698,0.024927216013429666,0.7158198580792423
s037,s039,7,0.14591683052792517,0.11419006693208066,0.6316958407079556
s037,s040,7,0.2228509390291701,0.06600983917077106,0.6095983159245707
s037,s041,7,0.18349674553107484,0.1484711926088541,0.6234753711607622
s037,s042,7,0.17323669202775607,0.011281993144437579,0.6227551830207076
s037,s043,7,0.10757290006396113,0.08504955040023712,0.7428640177680699
s037,s044,7,0.15013218186630392,0.03657965980932954,0.8390552103455051
s037,s046,7,0.08871482201688172,0.00021628601620831,0.6612562542435326
s037,s047,7,0.21896605686740023,0.0029727792097505178,0.559403573241803
s037,s048,7,0.09385103399005754,0.07853976573123948,0.6951654899912505
s037,s049,7,0.1145378741346589,0.036659744489386484,0.6138172222808427
s037,s050,7,0.15032891580933486,0.0003393928743830252,0.6779759671653711
s037,s051,7,0.10611789768073207,0.01313800823274257,0.5684826987394843
s037,s052,7,0.11044887182892642,0.003240929527642897,0.42985340728759996
s037,s053,7,0.20642230514812415,0.11394382578828745,0.5942793981126853
s037,s054,7,0.1202212713873782,0.0003481924568156373,0.6735865813151538
s037,s055,7,0.2071325329846891,0.09935567587811228,0.714502356155751
s037,s056,7,0.1677179166166469,0.0379220358684624,0.6718050121563643
s037,s057,7,0.1515997840878808,0.2102911685395316,0.758974135237855
s037,s002,8,0.3222784346032005,0.0005459111858509132,0.7799008971271627
s037,s003,8,0.12045284523272054,0.024459599710343283,0.72542554933262
s037,s004,8,0.13708608187120025,0.06594855320731653,0.6924340642312791
s037,s005,8,0.1312625822359113,0.1437175273659115,0.6480574283236686
s037,s007,8,0.17015984996493866,0.0016024522821836212,0.7227957240520567
s037,s008,8,0.11008517407948654,0.007745319548315135,0.7589144756611853
s037,s010,8,0.32201777727860104,0.00010448083905371658,0.5752141566841097
s037,s011,8,0.10040447222327366,6.080192462040096e-07,0.5826277234863227
s037,s012,8,0.1076722812930141,0.039243763531609493,0.606831703498385
s037,s013,8,0.13916468105740645,0.01580218722760871,0.7051483583339918
s037,s015,8,0.41958168941787666,0.038635522258628124,0.6759142839064657
s037,s016,8,0.06984878185672085,0.014040705162403402,0.4138439334709672
s037,s017,8,0.40306302403449135,0.11454005947164853,0.7812082614840217
s037,s018,8,0.09660994547525202,8.27166519764613e-06,0.6594925811295653
s037,s019,8,0.18319434259023645,0.023766605444554955,0.5993223999832188
s037,s020,8,0.19171343522215778,0.018466554307686504,0.5957072069255969
s037,s021,8,0.13352921560062142,0.04221041067345747,0.7751151488521731
s037,s022,8,0.1070671525178925,0.01703442419274107,0.5244623329934918
s037,s024,8,0.10832931083659787,0.09508252749604586,0.770629548855574
s037,s025,8,0.1953153751252253,0.02736580428134022,0.6849980661762379
s037,s026,8,0.19120432465072776,0.0017802283285365754,0.7107790608442716
s037,s027,8,0.20772029101217632,0.05966005351960842,0.6932700026550782
s037,s028,8,0.15360247188219334,0.001520640658570166,0.6349282664842966
s037,s029,8,0.40664314874882124,0.03922531869933182,0.7126794467614538
s037,s030,8,0.08011726350255421,0.1345585572552022,0.6141032376122508
s037,s031,8,0.08815213030572261,0.010704035547965517,0.7320788737613743
s037,s032,8,0.1983470387856268,0.0016161103495220513,0.7232324076853758
s037,s033,8,0.059072705508266043,0.008778932753246508,0.4319366830587387
s037,s034,8,0.23307805555798028,0.0019060519713230508,0.6369332887292126
s037,s035,8,0.11351292416318008,0.07221749728629774,0.8176737998546019
s037,s036,8,0.18791854591472554,0.02405479089180468,0.3900810812649402
s037,s038,8,0.11518100438913129,5.544795799036905e-05,0.6686884137430608
s037,s039,8,0.15388267357704763,0.144599371029085,0.7479659245266805
s037,s040,8,0.06833554601368798,0.048815210484778424,0.5758356578945486
s037,s041,8,0.13727262864307666,0.049538817422785916,0.6058910412743184
s037,s042,8,0.16270843079910333,0.0019315792511587022,0.7272420758971616
s037,s043,8,0.10741791166081287,4.50670679457392e-05,0.6412828607375941
s037,s044,8,0.23217212957538153,0.08736794845196592,0.8153862248891355
s037,s046,8,0.08065798576909385,0.0006087611503537557,0.7520522869053712
s037,s047,8,0.15080152382884718,0.008108463918716259,0.5418791958794621
s037,s048,8,0.08929087722131646,0.01119788174403082,0.670800653158267
s037,s049,8,0.1064841937592008,0.06540685065099477,0.621539819562618
s037,s050,8,0.15834939730439182,0.04661037931215141,0.6793230691796138
s037,s051,8,0.1074175039416184,0.004383617252080999,0.7177303819089954
s037,s052,8,0.1072182120896892,0.01837551431118045,0.5003901593826954
s037,s053,8,0.18077898509266183,0.11004424216376013,0.6564484176045532
s037,s054,8,0.17681250065774756,0.0014146314622670332,0.72446819581437
s037,s055,8,0.21287175069166656,0.017858729842654065,0.6823521659061448
s037,s056,8,0.14907709616358383,0.010902624373537551,0.6103044788823018
s037,s057,8,0.14631820852267183,0.1122590349448367,0.680343360934859
s038,s002,5,0.038556680172418145,0.03247553602983148,0.7479240953881706
s038,s003,5,0.1079834709879571,0.02146099760594958,0.5875432081069478
s038,s004,5,0.09769805533711588,0.0005106905859361561,0.5347451755865325
s038,s005,5,0.10998512280408536,0.010173255313283738,0.5556945403798497
s038,s007,5,0.10414196305458591,0.0010094468686405033,0.6618395871109208
s038,s008,5,0.1412724581745043,6.632001337546759e-05,0.5788532449281067
s038,s010,5,0.06942296779907155,0.15653855405530703,0.6242252609858616
s038,s011,5,0.08675395521706138,0.013399149630656108,0.4290582546727454
s038,s012,5,0.10038840607271067,0.005559352626870756,0.5548086385710297
s038,s013,5,0.07132347432066882,0.0005776653023646288,0.4986238889956961
s038,s015,5,0.06682888162164599,0.01980957552481869,0.5810049402125258
s038,s016,5,0.0865887193543897,0.061725028319520134,0.4296542311800995
s038,s017,5,0.14691906647667416,0.000503766962206046,0.6045525403491209
s038,s018,5,0.04926586711711124,4.973438205090059e-06,0.5321855807521674
s038,s019,5,0.08026394642029418,0.059397665384474614,0.6220971551180522
s038,s020,5,0.07271452396129185,0.032784558050821554,0.41839275097072987
s038,s021,5,0.12009844075332715,0.013830760032494628,0.6571575507204008
s038,s022,5,0.10227274403802543,0.002850004820880751,0.3576135831750636
s038,s024,5,0.09571261019778467,0.00034527622407217736,0.7730901820949843
s038,s025,5,0.0985001625415854,5.2814391120312406e-05,0.6212400882149176
s038,s026,5,0.16483583115344094,0.004121512628595282,0.6616720563984683
s038,s027,5,0.08631210116711134,0.0020810681786100965,0.4486409815572198
s038,s028,5,0.14150486299157428,0.05179922575665931,0.5489737470611757
s038,s029,5,0.07160698215730622,0.0008198952342011559,0.6746554199934903
s038,s030,5,0.07093157795884636,0.01505200161716758,0.5434480802594298
s038,s031,5,0.2875567965073645,0.027537729696894244,0.5695791547133063
s038,s032,5,0.07837340719556601,0.026548487331202693,0.5521190878498874
s038,s033,5,0.07775707006874262,0.050019228628125544,0.5407750022270594
s038,s034,5,0.12246395643810645,0.0014680456785009946,0.6233738628088378
s038,s035,5,0.05871921904747425,0.004540992651000545,0.7239965693199112
s038,s036,5,0.1290898154364168,0.005398391408615274,0.2289896520396876
s038,s037,5,0.11154552179207819,0.00099222026440913,0.6854674885091826
s038,s039,5,0.10573140890828675,0.16537672506853637,0.8521132381510054
s038,s040,5,0.1468358000413923,0.0950817566639285,0.7519701141065066
s038,s041,5,0.08282863119494989,0.01689985330544865,0.4602889831543105
s038,s042,5,0.09789110505209285,0.0323328609484678,0.5808119445117391
s038,s043,5,0.13683235656135928,0.026548857844906838,0.5437783516592721
s038,s044,5,0.09583467496499454,0.10412489692854988,0.7156022240928808
s038,s046,5,0.11091379423040758,0.0008673631388878918,0.638673778638013
s038,s047,5,0.10865964747626013,0.10914669932031106,0.5831076075738505
s038,s048,5,0.17121996128401104,0.017889493413306975,0.5716326217896023
s038,s049,5,0.1241114466449936,0.0004088113822027632,0.5092253773756955
s038,s050,5,0.08032292010204128,0.10312423360468771,0.7686027703468484
s038,s051,5,0.05535664982801414,0.002015172697455418,0.6338026393423793
s038,s052,5,0.14726074980909512,0.0027117203147736064,0.7146530340676943
s038,s053,5,0.1195683322427843,0.03976470059576365,0.5902355775084174
s038,s054,5,0.06090154056609471,0.07373745614646994,0.7827118178981674
s038,s055,5,0.18833788426470024,0.03879948932388081,0.5574287066034496
s038,s056,5,0.0861387832800485,0.09997287430325948,0.6909288358624499
s038,s057,5,0.0858307229638382,0.004068753795502478,0.45437162955529614
s038,s002,6,0.0244676877460683,0.005378087909090537,0.7509505581916368
s038,s003,6,0.09823601039975134,0.003675207157567251,0.6476179027388992
s038,s004,6,0.10323021905259916,0.002846669548140789,0.49653974936555684
s038,s005,6,0.07339537847934546,0.0076292518605686355,0.616093670722946
s038,s007,6,0.10063991489740964,0.001750289987489587,0.6866891575876175
s038,s008,6,0.06785420075195941,0.001037437185801201,0.5687913117700522
s038,s010,6,0.06663986448231893,0.05796559558354193,0.6709225546074625
s038,s011,6,0.031208799583143085,0.09315472614936031,0.5670794790466969
s038,s012,6,0.05704299500223038,0.00026963566895702514,0.5538090666080598
s038,s013,6,0.050744133891003976,0.0072246548140131985,0.637147270254528
s038,s015,6,0.058851042336824935,0.03086905206349721,0.5964286243675159
s038,s016,6,0.0407516116262836,0.108677101759148,0.5281336215269545
s038,s017,6,0.13587178966453606,0.004569805923694634,0.7220865476101245
s038,s018,6,0.03546805657939341,7.117478192549977e-05,0.5487629887404307
s038,s019,6,0.07631845813056262,0.023080747692351165,0.5490992780959906
s038,s020,6,0.061484532530725285,0.030502025190427197,0.44027885612102063
s038,s021,6,0.04132798447381036,0.017594350581806032,0.7027653468900097
s038,s022,6,0.049417607446061204,0.0030384890244728713,0.41640325711166803
s038,s024,6,0.04613706290919528,0.0004219591932394914,0.7385796485815205
s038,s025,6,0.13731034260827113,0.03442344165662449,0.6570794234868926
s038,s026,6,0.22476862800640238,0.017504671144116867,0.7328086475122695
s038,s027,6,0.05264418237450488,0.001794607653410409,0.4690273616503939
s038,s028,6,0.10252271770220422,0.0041540264076578145,0.6590292096699102
s038,s029,6,0.0571364573479963,0.005998490622182109,0.6846382438964846
s038,s030,6,0.04026482055699699,0.049565231548194866,0.6682547369505291
s038,s031,6,0.11386567419185145,0.0314448455727516,0.5517181441973399
s038,s032,6,0.04331668698679536,0.039229419911668235,0.6502563418546259
s038,s033,6,0.044076835692334046,0.0002514491776986476,0.6222966462928843
s038,s034,6,0.08061903046670207,0.006736461171410842,0.635464884724172
s038,s035,6,0.03933001645559091,0.006458754661934624,0.7328046144487003
s038,s036,6,0.10493964488163932,0.007748109462036042,0.2572723601459247
s038,s037,6,0.1094145904510206,0.037263853592564566,0.6705431136448087
s038,s039,6,0.10559001191079148,0.1632608553145225,0.8162801654278189
s038,s040,6,0.09693461352867751,0.05334746133454981,0.7389107863610043
s038,s041,6,0.08603668889837271,0.003280264399978781,0.6007429956189257
s038,s042,6,0.08991086898639238,0.0795252433678167,0.6143566234294406
s038,s043,6,0.148090758535421,0.017910372538433837,0.5555558472690445
s038,s044,6,0.07881561474430009,0.19225527658539543,0.7590254068304569
s038,s046,6,0.049618176234441244,0.005953073917787045,0.6725716299844529
s038,s047,6,0.06355133028794276,0.11353012927487241,0.6017221963914493
s038,s048,6,0.23357933058210406,0.011399568660380206,0.5208894971080825
s038,s049,6,0.07269881724324563,0.0031676436966134275,0.5705820393818316
s038,s050,6,0.04841186741617731,0.1472873213649677,0.8276224641150973
s038,s051,6,0.06569764504224168,0.0014093557817767867,0.6373732702523344
s038,s052,6,0.09216688852350313,0.012216399935424747,0.6976894918258574
s038,s053,6,0.06338323894097268,0.06798340673104035,0.6860741057314507
s038,s054,6,0.03808133728240356,0.048100344024118134,0.8102484979054961
s038,s055,6,0.09809000124994609,0.004173510932482836,0.5623545904782747
s038,s056,6,0.03637893666551739,0.08903510583744174,0.7307152307999442
s038,s057,6,0.07262726106494184,0.0368219608350727,0.514774958906656
s038,s002,7,0.07815367237715261,0.03461798290140219,0.746919251784695
s038,s003,7,0.06336976507268316,0.062387961239072635,0.6908196569597329
s038,s004,7,0.11426458668630439,0.021431658727700274,0.5432474873396449
s038,s005,7,0.07215068797539388,0.004287609383510649,0.5562153296451682
s038,s007,7,0.07029515013002595,0.03854752637180265,0.5696862310500297
s038,s008,7,0.08312157562876432,0.032386547546866644,0.5869836377121387
s038,s010,7,0.1031730604137759,0.04658811221278886,0.6891545384962858
s038,s011,7,0.041665529311931286,0.07873033106680369,0.6045370173678709
s038,s012,7,0.05178204885222959,0.041879091242858754,0.5640004822159688
s038,s013,7,0.1013806715473475,6.419145050900344e-06,0.6083336300087129
s038,s015,7,0.08169068429924936,0.031498950433344594,0.5893241565088034
s038,s016,7,0.057545055039854784,0.07452221719143459,0.557593366978669
s038,s017,7,0.09789884892547236,0.04489145523011173,0.6580922021368992
s038,s018,7,0.04674260021276651,0.05849339792272841,0.5670434177963487
s038,s019,7,0.09417159685340458,0.040660919767072964,0.49268990477079916
s038,s020,7,0.06321991545943823,0.04282619876868521,0.43054367267816407
s038,s021,7,0.11488119176177394,0.03347922483285913,0.6118058117654005
s038,s022,7,0.08779754361351289,0.018127065240427506,0.5224821740708533
s038,s024,7,0.08836226365611834,0.014506131849023315,0.7353296112367528
s038,s025,7,0.10871260475595385,0.009738239527044858,0.5160611327359735
s038,s026,7,0.11357190064944656,0.04110451673562273,0.6850753013828207
s038,s027,7,0.05412164935202194,0.013974951017696226,0.4284701486466785
s038,s028,7,0.19668519799926906,0.006983975480756562,0.6259103443026744
s038,s029,7,0.08452572849487565,0.0028492593355404737,0.6902777857653755
s038,s030,7,0.08730705388142393,0.058349364572091965,0.6371045951525323
s038,s031,7,0.10227483981394495,0.03455038705300858,0.49931536846485025
s038,s032,7,0.07419654508862712,0.06929260963333231,0.6979319465229029
s038,s033,7,0.08231965628021583,0.04674623501310086,0.5633157008395083
s038,s034,7,0.09592799271125814,0.041622581766350183,0.6197590793153418
s038,s035,7,0.10642654551696186,0.0155662399091573,0.6414763897209246
s038,s036,7,0.13684158899936974,0.07375236322060756,0.3620551792534887
s038,s037,7,0.06585261358298283,0.020648814088604105,0.6329175995127868
s038,s039,7,0.26080678556751996,0.10962800342924496,0.7774777352109782
s038,s040,7,0.15210374375724484,0.09785451272417998,0.8315572508409832
s038,s041,7,0.13014151537450777,0.0004929689733086538,0.5644190654315375
s038,s042,7,0.06595987697837104,0.0011276139265401692,0.5516242593305384
s038,s043,7,0.1012793660606884,0.04509441051355361,0.6194271181770006
s038,s044,7,0.16630220783451818,0.15032771693153385,0.6813975989760158
s038,s046,7,0.06146363359726192,0.015526226388800426,0.5761899572036737
s038,s047,7,0.09240549299531176,0.15822646752845979,0.5634916727178186
s038,s048,7,0.21783788834525147,0.0022496730460042696,0.5013261958585081
s038,s049,7,0.11842006101198956,0.00967101432220927,0.5870196236156349
s038,s050,7,0.055466291857259174,0.031201592692613266,0.7447682634781317
s038,s051,7,0.10120106800934993,1.2739232499594636e-05,0.5962549080886386
s038,s052,7,0.11489139629100652,0.04980445176502581,0.723204329065128
s038,s053,7,0.06353466960740682,0.07383701955001568,0.6945458847831643
s038,s054,7,0.11238592013840139,0.00019629521855422211,0.7233222173797798
s038,s055,7,0.08923270565803026,0.06365897605924867,0.5791348749728659
s038,s056,7,0.04849593786894751,0.0839423140209312,0.6764667348206126
s038,s057,7,0.09794964880154253,0.009451924877426887,0.6346595251066981
s038,s002,8,0.15033839535264087,0.004663586843113908,0.6937698891408984
s038,s003,8,0.18194869495101615,0.0005657316348738434,0.6375613397238129
s038,s004,8,0.18875851788628709,0.0006155645383233748,0.46043894800967194
s038,s005,8,0.2088814230618843,0.010370082399013316,0.5635281626155493
s038,s007,8,0.2523909053193649,0.0075865007369337245,0.6232773477090662
s038,s008,8,0.19966581547535792,0.0012280761016010267,0.5924683418368307
s038,s010,8,0.2818491860868552,0.08091770469611659,0.6027624659441776
s038,s011,8,0.12085280452783509,0.10304602454878173,0.5547832823915309
s038,s012,8,0.1399236366792217,0.0036525296476319392,0.5478982755702538
s038,s013,8,0.1507756799122097,0.0023760052739366317,0.577506250446011
s038,s015,8,0.15168254790717262,0.020507310912426285,0.5771040295719928
s038,s016,8,0.12972467236503196,0.06314989511198187,0.44063459319660125
s038,s017,8,0.3430896640311665,0.007952877299124346,0.671625561515639
s038,s018,8,0.11631648976669788,0.015886977006587217,0.5205088839713801
s038,s019,8,0.27092521302466804,0.044500873838364124,0.5308037553681126
s038,s020,8,0.14277865059752212,0.008979837328904627,0.3595022749077735
s038,s021,8,0.18807738308133246,0.07930159213911724,0.6454564905353927
s038,s022,8,0.18567474305443055,0.0037291988043133433,0.4025217622248986
s038,s024,8,0.1455805123866681,0.0017307417660916528,0.7145732418249027
s038,s025,8,0.20271545886009346,0.026919726497870358,0.5647554843186942
s038,s026,8,0.23977042921415528,0.0004406486507938236,0.6378878443306779
s038,s027,8,0.19145081427856972,0.010368879193986442,0.4019521113224046
s038,s028,8,0.2823048775232025,0.01450548282751718,0.585817386021796
s038,s029,8,0.2634008456901426,0.0028622360992133764,0.6368725757445435
s038,s030,8,0.16794376764074875,0.09976123139838414,0.6384054016061215
s038,s031,8,0.2187867705229181,0.0376915380367113,0.5608366662554276
s038,s032,8,0.2459572681915472,0.04061693117930466,0.5862934583198662
s038,s033,8,0.15003739854851394,0.03225343558312383,0.544347121482798
s038,s034,8,0.20221690273554407,0.005590281021148431,0.584206496886277
s038,s035,8,0.15669961029411159,0.04719574619864067,0.7216589012438805
s038,s036,8,0.3698603554997495,0.023190188063815485,0.25695346571365535
s038,s037,8,0.31472781659944987,0.05578319256398871,0.6310818332155672
s038,s039,8,0.27185691157141856,0.23423637294853916,0.788956276359093
s038,s040,8,0.24755708412052185,0.09535476154556945,0.7534412303825643
s038,s041,8,0.1407280215245125,0.019599378987775203,0.5249868676110762
s038,s042,8,0.23190857092254477,0.02354791155555041,0.5014779284345422
s038,s043,8,0.3410203124610611,0.0592373101223336,0.5792203363123724
s038,s044,8,0.2486179655455044,0.24069840672443055,0.6987901348092742
s038,s046,8,0.1960456814333807,0.0019282838733522924,0.6002691658212463
s038,s047,8,0.18751185304357634,0.1012180462131525,0.6016832023581175
s038,s048,8,0.19981727524199006,0.0027614144617245616,0.4621359409917825
s038,s049,8,0.19066167263033038,0.0014891456772931455,0.5121711206912383
s038,s050,8,0.10298952872102718,0.047312333332581856,0.7682042145485507
s038,s051,8,0.32908174390112976,0.006951172441687029,0.5629679595393102
s038,s052,8,0.19655151970585177,0.02955035148903177,0.715281223813567
s038,s053,8,0.24706457523796582,0.03850742025242044,0.615550942621202
s038,s054,8,0.2232081003103955,0.07442997597523958,0.7657603320522488
s038,s055,8,0.24813090526037312,0.053311925536380415,0.534070933061318
s038,s056,8,0.1319336338524621,0.09282019082848576,0.6669444123152016
s038,s057,8,0.1716847745960006,0.0181793349763815,0.4532892989037022
s039,s002,5,0.05803558748573529,0.018558203659983702,0.7331419747624226
s039,s003,5,0.1420960733833048,0.0008517016654829853,0.5053035877986666
s039,s004,5,0.2179725131121748,0.1162308471989378,0.5347142671909131
s039,s005,5,0.10146017436595489,0.03746300861918283,0.4790806454589411
s039,s007,5,0.11115538290205092,0.0004749350444023618,0.6129881505285814
s039,s008,5,0.12289471769400831,0.0001705017817018799,0.49215361121556284
s039,s010,5,0.08287779864462948,0.02187626791907518,0.6316922807923478
s039,s011,5,0.09622816309667385,0.0007177726283676975,0.3351025347742753
s039,s012,5,0.07373220883646299,0.00142976481892929,0.5259121346865757
s039,s013,5,0.09242212964025011,0.01514854055360197,0.535916337171384
s039,s015,5,0.07833203515953197,0.11045187841145596,0.6298019609102088
s039,s016,5,0.0604560537599501,0.004306656446401381,0.5068175362175377
s039,s017,5,0.27863669998677315,0.0021381244434517934,0.5694281906941907
s039,s018,5,0.04098280165162147,0.0048666919970827465,0.4623029846800052
s039,s019,5,0.05356839785345738,0.0001610238396914855,0.5783309861141529
s039,s020,5,0.08655633478253492,0.006056796059298434,0.43201054697493063
s039,s021,5,0.09886269232159287,0.06990076838022957,0.6523220955593072
s039,s022,5,0.10014338080154334,0.01692897390983298,0.2999992165698307
s039,s024,5,0.09267959265799083,0.02719897325422497,0.6489445201463869
s039,s025,5,0.11841144064587464,0.0026389926022031885,0.432018132068819
s039,s026,5,0.24164396001871036,0.00449684278407724,0.5444068510605602
s039,s027,5,0.06335844643426113,0.01574635790691269,0.5164240184678754
s039,s028,5,0.08308226715418529,0.04871542440991062,0.6761634018580097
s039,s029,5,0.055516485877702464,0.017306980950935125,0.6451471473137971
s039,s030,5,0.12638481621073064,0.003985102895717249,0.4151185565456754
s039,s031,5,0.09244365250617895,0.005650425587265959,0.4932306770414435
s039,s032,5,0.09985807547859826,0.01627060641100873,0.5900784920185359
s039,s033,5,0.07805109881050613,0.017062974410257604,0.5741709444723554
s039,s034,5,0.061318253984244876,0.006059491909454742,0.5761983173461346
s039,s035,5,0.07438682629750495,0.22608909241388667,0.7487002842088712
s039,s036,5,0.16501258791978868,0.008967392677923385,0.21486231457116395
s039,s037,5,0.08173436873332003,0.05036626967468403,0.6154444402904622
s039,s038,5,0.07828674178976432,0.13432894898263642,0.8061172733080929
s039,s040,5,0.05866379222409264,0.33162070110808556,0.8158851207011325
s039,s041,5,0.046303700441484505,0.01599638476226415,0.4866230457273672
s039,s042,5,0.10445907575648031,0.0012489509005756754,0.6361140430295712
s039,s043,5,0.15664830588260653,0.05132156743604659,0.48000619772778225
s039,s044,5,0.08000711783633213,0.049771080570259106,0.6683755665490833
s039,s046,5,0.06507919358218713,0.03471913145029926,0.58769112096817
s039,s047,5,0.09103002712234029,0.025667719443431814,0.6178490566757954
s039,s048,5,0.0725418467183309,0.017859409474436597,0.48865911455601396
s039,s049,5,0.14465682963573506,0.023206293612255062,0.5113652262721124
s039,s050,5,0.09676220130453872,0.07563484835246741,0.7333458422725716
s039,s051,5,0.06520234359660854,0.0019711199129038488,0.6700923334293217
s039,s052,5,0.04059987021424733,0.09117561913182705,0.8111630466774126
s039,s053,5,0.05782751916366538,0.2030971667818038,0.6862517599331052
s039,s054,5,0.06451708433693899,0.014184484830109593,0.7230888401974743
s039,s055,5,0.1658853503631345,0.11671489021306626,0.576944349980649
s039,s056,5,0.09243577582908975,0.01327906767570595,0.6643205955247017
s039,s057,5,0.04287774514892683,0.030739168088451743,0.4449416664883442
s039,s002,6,0.14463807695051875,0.10263775007242726,0.7895052256165224
s039,s003,6,0.08013824902197408,0.0019581701484621982,0.4967750874159319
s039,s004,6,0.1657960381484715,0.09036438462543644,0.5379842668008303
s039,s005,6,0.08114352872390221,0.0474694491413963,0.5338037959684944
s039,s007,6,0.06444488773136237,0.006989900435635434,0.538870190902956
s039,s008,6,0.21445803000595487,0.01813204417628172,0.4823030045234541
s039,s010,6,0.13793199974632062,0.02405308716304664,0.737340738480716
s039,s011,6,0.09963908694878532,0.012196143262441008,0.42023626733081765
s039,s012,6,0.0925512493457774,0.00014956619617600422,0.5037363688606858
s039,s013,6,0.11067150860334406,0.0062841937909826956,0.5876129952345671
s039,s015,6,0.06746797477018865,0.18140497423498742,0.666052910303891
s039,s016,6,0.04106374151922211,0.02903576994481118,0.6174585192170494
s039,s017,6,0.13944036708744822,0.01286563113065007,0.6687496423232798
s039,s018,6,0.11687935911754527,0.0007974856780836817,0.5277095412086819
s039,s019,6,0.0926116226665312,0.0027735724256838655,0.5838060301403374
s039,s020,6,0.09675764959174553,0.007348052418106438,0.4554584454973058
s039,s021,6,0.11237864484071475,0.0022118108814301626,0.7189131915197506
s039,s022,6,0.07628817715360454,0.006788927053006639,0.34038678745166057
s039,s024,6,0.06525505844407724,0.007481055804497782,0.7027177172049253
s039,s025,6,0.10323138729622532,0.005456379849696528,0.5166570511352018
s039,s026,6,0.27887333545459153,0.005454916014420296,0.6000816532669485
s039,s027,6,0.051927666646564286,5.111219227368827e-05,0.5241989933662672
s039,s028,6,0.13527150317841402,0.001230774802743091,0.7307641937486332
s039,s029,6,0.11830537872794136,0.0006805858544667054,0.7084197506819034
s039,s030,6,0.07635379944314398,0.005737630724275316,0.43660577055214844
s039,s031,6,0.05256816729503891,0.026406890227270847,0.5033792731816089
s039,s032,6,0.14379905896975,0.010521117907542997,0.6635954897303166
s039,s033,6,0.10357601788779658,0.015721977006270683,0.7247231850334774
s039,s034,6,0.08940389241124218,0.09116422390279016,0.6347574715457053
s039,s035,6,0.16559817509161456,0.2219364228186301,0.7429863533104403
s039,s036,6,0.11442171735617031,0.022175689763707672,0.2867231736973059
s039,s037,6,0.05599018214269618,0.01453757959516109,0.602353031120166
s039,s038,6,0.09119605348447701,0.12189973784842542,0.7859356178092695
s039,s040,6,0.04067537882386821,0.4170213014147571,0.8451039414663277
s039,s041,6,0.10995454126804687,0.006991722865409437,0.6329871177584347
s039,s042,6,0.12352656548444603,0.03402250466222107,0.5629467681937133
s039,s043,6,0.0437426344116453,0.05403763879547675,0.4689338168925526
s039,s044,6,0.053251435025779385,0.04453021158170828,0.604393050612082
s039,s046,6,0.0543920080388235,0.04927681037538841,0.647266005819603
s039,s047,6,0.04863322375882568,0.02680610854798226,0.6482591405458196
s039,s048,6,0.1462489567424804,0.00035961571145550793,0.5353967392180506
s039,s049,6,0.12493734640897516,0.04699946384799188,0.5669775535224284
s039,s050,6,0.06296266870235126,0.15177576118973807,0.702814145100282
s039,s051,6,0.09224059377518445,0.02659969048314632,0.6644808399818369
s039,s052,6,0.04813386901754577,0.1540230966153474,0.8915414873828041
s039,s053,6,0.04234314970385167,0.39141717288615746,0.7835203496430305
s039,s054,6,0.06488562911766196,0.06243262046265016,0.785427394695564
s039,s055,6,0.16993228692983484,0.06488185824060139,0.6337862259947694
s039,s056,6,0.07465134384976217,0.08822557328810843,0.6712533055680053
s039,s057,6,0.07375540544057539,0.04034745189887949,0.4979123376515016
s039,s002,7,0.202023964704456,0.154085606701625,0.8157853172673676
s039,s003,7,0.16113500106751097,0.024605915404524236,0.6311570187837247
s039,s004,7,0.1224447737641451,0.17565414273762842,0.5911994214286568
s039,s005,7,0.1250433743809432,0.02456845074653044,0.6425068845033041
s039,s007,7,0.15354535889515983,0.004874465916045176,0.6692218117126368
s039,s008,7,0.30457494336841323,0.004853444817113572,0.5871918568376546
s039,s010,7,0.08235536244190013,0.0019766312013186774,0.7882378668499986
s039,s011,7,0.28934608986593896,0.00583554865986183,0.5243262760640804
s039,s012,7,0.07555575970963552,0.026774478719622147,0.6444132125129671
s039,s013,7,0.09531406131771021,0.009570614544798883,0.7086709919062707
s039,s015,7,0.07011621224234067,0.11656136392359631,0.7433924884749507
s039,s016,7,0.07920128199906144,0.006564639071565503,0.6937244589685397
s039,s017,7,0.25349813319071884,0.024225874260080656,0.7633493855855686
s039,s018,7,0.08731948726313345,0.0578046634541047,0.6187466464928046
s039,s019,7,0.09685380932830943,1.4256283134979302e-05,0.6865022401477905
s039,s020,7,0.16028284759585115,0.043945523061942604,0.592356777671646
s039,s021,7,0.06327205579237616,0.001077619636329433,0.7563866240993901
s039,s022,7,0.12055062687070646,0.05729607101259322,0.4371793939785665
s039,s024,7,0.14481889136952242,0.06567574818905111,0.7903504900943201
s039,s025,7,0.08993722663497462,0.0014029441664790531,0.5887421748337885
s039,s026,7,0.3741691045490099,0.02340937105910971,0.7131026427017605
s039,s027,7,0.07568166760416102,0.028969291301863594,0.5609572863826829
s039,s028,7,0.21392857913477115,0.0012999374430892672,0.7944565015696123
s039,s029,7,0.10983566239712865,0.0009451321190137675,0.7181888860771408
s039,s030,7,0.19932143477783637,0.003515988760278867,0.5748147824520496
s039,s031,7,0.06921512301349919,0.017806435953680467,0.5833497338173254
s039,s032,7,0.06424526702266019,0.014868601987806774,0.7293588425717964
s039,s033,7,0.08403727089313279,0.0006086411636928511,0.7619008344369324
s039,s034,7,0.11989869885007272,0.04380985573084284,0.6922830962911412
s039,s035,7,0.0732134349594914,0.1157172079904175,0.750992892320911
s039,s036,7,0.15844121123733448,0.022449801565130767,0.35237557448089374
s039,s037,7,0.06643222437917821,0.009524658987264473,0.6520922354434024
s039,s038,7,0.1125050344559911,0.11060688540086121,0.8215802351001452
s039,s040,7,0.08707747924590188,0.18325019035549767,0.8098825386717796
s039,s041,7,0.10947931321873114,0.0021823526616903902,0.6521127719042972
s039,s042,7,0.1100637358164625,0.028485856614333425,0.6289994544030779
s039,s043,7,0.13732995154794406,0.05580470633092218,0.5521046199716981
s039,s044,7,0.06370266179193516,0.04204304631048964,0.7023559044905372
s039,s046,7,0.07723751160854984,0.0844852520473524,0.7473177003777705
s039,s047,7,0.08679637567414132,0.07585780109067601,0.6734433900003977
s039,s048,7,0.11959054594043014,0.04113005521788274,0.6083062899429542
s039,s049,7,0.10531592181067917,0.058178375486104335,0.6207984256562242
s039,s050,7,0.10277971101281427,0.06406795189253664,0.7758520598225528
s039,s051,7,0.08724665047516307,0.017580903411864555,0.7540645831344681
s039,s052,7,0.06399056588855208,0.18186053614297382,0.8135607730486251
s039,s053,7,0.07262069494081758,0.20083710575491717,0.813218139787117
s039,s054,7,0.053529999777234785,0.14324069915276674,0.8399264388162927
s039,s055,7,0.3060189631742562,0.03962675912946569,0.6803071791990809
s039,s056,7,0.21859965167857098,0.003721813031022622,0.7635666705596481
s039,s057,7,0.05409387857393767,0.029579640400506667,0.6080945047654276
s039,s002,8,0.05185254113287346,0.0008632948965851572,0.7666564213264649
s039,s003,8,0.11565911733059216,0.0019455050958371155,0.6393588229396686
s039,s004,8,0.11386043171053203,0.0865705209305663,0.5858024641251489
s039,s005,8,0.10982547710062265,0.018889638012794883,0.5580366667446938
s039,s007,8,0.10801206771132274,0.04079554499009948,0.5934648705246528
s039,s008,8,0.2409567430768202,0.033799850389812355,0.6685121777374647
s039,s010,8,0.10461458707754195,0.09144587799242063,0.5992261229634122
s039,s011,8,0.09865414369794062,0.02422085329610255,0.45872530750606894
s039,s012,8,0.08886198051730901,0.01698063608119243,0.5131418176087148
s039,s013,8,0.11256553462499863,0.013649638728761668,0.5596992893100684
s039,s015,8,0.05196901567504757,0.12006775997793503,0.6825501963259925
s039,s016,8,0.04538588904030399,0.005710904500047703,0.4425300217380362
s039,s017,8,0.15387696079159685,0.0046135030760482785,0.7061050414420207
s039,s018,8,0.07773021225568778,0.0006227139968895546,0.6233232718248551
s039,s019,8,0.09035010057030175,0.0041589281789968695,0.5864209070238002
s039,s020,8,0.11544441163612781,0.008808826021607534,0.49024368279076896
s039,s021,8,0.057863391752397346,0.05820368385665634,0.7300775309862867
s039,s022,8,0.13932220010854712,0.0030744460046418422,0.41137604970295794
s039,s024,8,0.10227942197898285,0.08565482363376009,0.7928299579319916
s039,s025,8,0.12930991496683478,0.0011830837125366526,0.5833524307518186
s039,s026,8,0.29458371173846043,0.004590499247043261,0.6477443781080378
s039,s027,8,0.06947142591286755,0.0014585965700132859,0.6164846169564204
s039,s028,8,0.06374101398159975,0.00025302403107375356,0.6100647864614853
s039,s029,8,0.054033766657548096,0.053530107159133686,0.712169582408557
s039,s030,8,0.0855192356864418,0.0084530629331409,0.48131932537548977
s039,s031,8,0.07181588134742194,0.06393148677775622,0.6123263381418851
s039,s032,8,0.17495401797146737,0.06150208999884921,0.6078785832382592
s039,s033,8,0.09934206533311223,0.012332681158865327,0.502990243720494
s039,s034,8,0.15222558270910538,0.06738501156224366,0.7092543130083393
s039,s035,8,0.06123218907453405,0.12186495880413162,0.8717551849453216
s039,s036,8,0.0829887748863391,0.009761413820004429,0.3049224199705988
s039,s037,8,0.12753118142103068,0.018533139923818154,0.639765207841663
s039,s038,8,0.1069441746347228,0.10848158046632535,0.7688373408652415
s039,s040,8,0.05203067174407338,0.27332890749219957,0.7874691254835336
s039,s041,8,0.08552990019276645,0.01017261142954759,0.5333522224728561
s039,s042,8,0.15644626009144788,0.04374143684150623,0.601738558052262
s039,s043,8,0.06880528118547871,0.09593445888466748,0.6287552597131505
s039,s044,8,0.047122380705446394,0.11279834674989293,0.6762883654126706
s039,s046,8,0.05602136031150266,0.009156396861154105,0.6161507135762276
s039,s047,8,0.09226396485539973,0.046631291257730786,0.626410499666318
s039,s048,8,0.07203537778386443,0.0044453576348701335,0.5779473898661108
s039,s049,8,0.07280075197659355,0.0007237689356117564,0.5509883682273189
s039,s050,8,0.09395812085385592,0.10799390495004318,0.7291658479052613
s039,s051,8,0.12184686303842228,0.027982431686783403,0.6551046451650759
s039,s052,8,0.05311207720377806,0.011694602099511939,0.7738179468737534
s039,s053,8,0.04980749004435172,0.09206280749924063,0.6485209253225933
s039,s054,8,0.12486656841895973,0.0175643224981047,0.755275734651941
s039,s055,8,0.14221627567903977,0.12601647231859203,0.6431281599133843
s039,s056,8,0.1116571726853076,0.10400306991841013,0.6520963335014486
s039,s057,8,0.07401198354264424,0.003725448521199513,0.5014603064863086
s040,s002,5,0.04862858327333092,0.02495309387221673,0.8214140626447296
s040,s003,5,0.05989586764269763,0.03342712641153417,0.5396450768720403
s040,s004,5,0.03441369118928277,0.09541004322088667,0.5384268042016902
s040,s005,5,0.042572610081484594,0.0009160709622666265,0.5746093205786214
s040,s007,5,0.06892864923886546,0.025261355189797427,0.4814856506910815
s040,s008,5,0.03228905443079962,0.058831987303385416,0.4725650239251932
s040,s010,5,0.013273320151849545,0.1580651967049021,0.7307615414136089
s040,s011,5,0.05769249971606045,0.12432721836909942,0.5191755180223458
s040,s012,5,0.04936425592925432,0.09374008923984747,0.5660675116970298
s040,s013,5,0.015427608857449891,0.032212393460171324,0.5610694856763673
s040,s015,5,0.021915124366145396,0.0007169051921902411,0.5379910100122073
s040,s016,5,0.04483416182005809,6.174666548664451e-05,0.6293909603416125
s040,s017,5,0.013249216077809732,0.07390316927396072,0.6304177065298269
s040,s018,5,0.04440245043523736,0.0007594199013733309,0.5336674722596804
s040,s019,5,0.03227594795469541,0.0003365396394920131,0.5481130455225384
s040,s020,5,0.0808914107688473,0.051435267182373706,0.4052779131353087
s040,s021,5,0.024865860073313702,0.09446707570415619,0.6213266885760775
s040,s022,5,0.040816815681762986,2.919998154883047e-06,0.4542619629265578
s040,s024,5,0.022318448792026834,0.03716952530612338,0.6823770295987984
s040,s025,5,0.019162215267092893,0.06217820208669096,0.4670007325565564
s040,s026,5,0.026244491344551327,0.04199684366136993,0.6629089794771115
s040,s027,5,0.046348606380484075,0.01289656510192261,0.4619299244922613
s040,s028,5,0.023902188135397812,0.1521685256680906,0.6497104691727398
s040,s029,5,0.017571195325689813,0.026808494373558433,0.6567130233885363
s040,s030,5,0.08559982480121274,0.045081132295275356,0.6539299171633554
s040,s031,5,0.04425639893241255,0.00850485014991807,0.49055759438052593
s040,s032,5,0.03544205787888796,0.012222688138868662,0.7407182367469825
s040,s033,5,0.07610613576998256,0.24397030603415956,0.6982496518854397
s040,s034,5,0.02790323390148262,0.031048958686262274,0.6258569986367918
s040,s035,5,0.03703122638301474,0.12539088659933936,0.5956957438190876
s040,s036,5,0.05921673314706159,0.017362242596118373,0.31134112646159984
s040,s037,5,0.034568880867952,6.373861524726847e-05,0.5752216101774946
s040,s038,5,0.032564249651771696,0.002818669373199672,0.840797415058014
s040,s039,5,0.023918593048821032,0.28883987814614803,0.7850939962675173
s040,s041,5,0.07512730833619713,0.09577909735064419,0.628652518307728
s040,s042,5,0.05498644346207541,0.018245488238449008,0.5358554211780707
s040,s043,5,0.032623451820797914,0.0005243125315710062,0.4992202781811342
s040,s044,5,0.018838646746941544,0.05515816070956606,0.6495863246230221
s040,s046,5,0.05825472521016952,0.010270081260914625,0.6350196396126285
s040,s047,5,0.044427069442213855,0.05441446263816351,0.6049668874240107
s040,s048,5,0.023247933474174764,0.01024276922961371,0.4611045897428401
s040,s049,5,0.08692378868741295,0.008595273063870902,0.6108786441542003
s040,s050,5,0.04290871570526333,0.06180236524353905,0.7287218268966705
s040,s051,5,0.019988150564643387,0.004556591820637183,0.5881988628734374
s040,s052,5,0.03878918690017957,0.07018070687347103,0.7950909863978303
s040,s053,5,0.050633483263257,0.04651080203533952,0.6968741565475558
s040,s054,5,0.03650347631845252,0.049342072478945294,0.7013734918263189
s040,s055,5,0.027129775437549096,0.022807827607029447,0.5265628962628228
s040,s056,5,0.037663784470469946,0.08235805655235835,0.7027930576865254
s040,s057,5,0.058002760092227885,0.0013646686193559522,0.6230347941248555
s040,s002,6,0.08404993248076244,0.012036879956616302,0.7165621946422616
s040,s003,6,0.10398234315691963,0.05971002944568499,0.6118075704905117
s040,s004,6,0.03786606367314829,0.02538276555661264,0.5159181707790981
s040,s005,6,0.05689587507439426,0.05150690156001602,0.5573406230729925
s040,s007,6,0.1127440635726846,0.05386950976427908,0.5630674808653194
s040,s008,6,0.06743103296532695,0.008894536136233686,0.5020058389854573
s040,s010,6,0.027560708825282956,0.035456934516089514,0.7438582725845782
s040,s011,6,0.09192003325722475,0.025739267116944516,0.424858609213151
s040,s012,6,0.13741073740728163,0.0126336896444533,0.488030272442857
s040,s013,6,0.028027335443364686,0.003912320401299816,0.5619090075497742
s040,s015,6,0.04476329496413504,0.06466224133963613,0.6293559064556018
s040,s016,6,0.03593469788676073,0.000102500299977173,0.596378447297069
s040,s017,6,0.023005326014183477,2.155820991698816e-05,0.5915924695341542
s040,s018,6,0.07968928800457604,0.05803873030117969,0.5035757247890046
s040,s019,6,0.051962295232655935,0.049653124627862595,0.6064892534402886
s040,s020,6,0.1297649278192207,0.029264021298149548,0.4140546366713246
s040,s021,6,0.023389634141514275,0.15234584555838404,0.6661126807781821
s040,s022,6,0.05414351584627567,0.005407249058209002,0.40844047554747875
s040,s024,6,0.023723693543726564,0.026607684757250283,0.709270651860527
s040,s025,6,0.03923986865748949,0.10757040091185129,0.5561770445676808
s040,s026,6,0.04266526734885824,0.0023967002832076157,0.5811371827718423
s040,s027,6,0.07495643417409843,0.0007011874022085909,0.5425704967265307
s040,s028,6,0.04528555152038088,0.016262383396387654,0.6526643533683515
s040,s029,6,0.024418295697547315,0.0186853956643893,0.6886450229354804
s040,s030,6,0.090570450661129,0.034434640606320094,0.5327452953201496
s040,s031,6,0.0333303828519949,0.022252949776706766,0.48364110702654356
s040,s032,6,0.04118159879529657,0.03817828072505496,0.6408875457352944
s040,s033,6,0.10908197494570487,0.1005281584938739,0.7055218415692424
s040,s034,6,0.04320849709496873,0.1122840857111971,0.7088536383835768
s040,s035,6,0.0521226399423258,0.08911938635588042,0.6599389292242701
s040,s036,6,0.06409305486003544,0.0028842436231164164,0.23608621037281322
s040,s037,6,0.11273197118571338,0.0013820918995642788,0.5722422491137875
s040,s038,6,0.0714348844182172,0.004010357193432582,0.821204250848248
s040,s039,6,0.032737212644286556,0.25168781603485585,0.7846784828170756
s040,s041,6,0.23972761652508848,0.11463087986985186,0.5909158852972536
s040,s042,6,0.12606193320350093,0.0018298933302583645,0.5825870666635942
s040,s043,6,0.0472915795389136,0.024229162995168543,0.5092817172109237
s040,s044,6,0.032445476041910226,0.0038276344688007204,0.6620180343512004
s040,s046,6,0.1896026907977489,0.010476460912973438,0.7090432832375497
s040,s047,6,0.07581687554086347,0.13152080443166486,0.6718550220159263
s040,s048,6,0.04942923510115925,0.042180962008081455,0.5462277799175879
s040,s049,6,0.1066898466304647,0.00048197784397901485,0.5927959433111265
s040,s050,6,0.023808027290601805,0.02703365751851771,0.7081523705060079
s040,s051,6,0.04562981985716601,0.0007105637118406489,0.588545169335911
s040,s052,6,0.07368912495190846,0.13735959713590215,0.7846275545569883
s040,s053,6,0.07235242450223989,0.04808083132102203,0.6481269761275191
s040,s054,6,0.07389814616499255,0.09771824642390162,0.7207787586198585
s040,s055,6,0.05834252572428013,0.02556392999732439,0.5868239984818903
s040,s056,6,0.06568665762020504,0.04718011672729921,0.6264003326395364
s040,s057,6,0.12975529015530834,0.02089261784737835,0.49377486838299867
s040,s002,7,0.05685892360253356,0.06443375974710623,0.797702650663234
s040,s003,7,0.23582405143033863,0.1716941402896013,0.6333685249877313
s040,s004,7,0.0892213127376294,0.003931524052504004,0.6429972223070273
s040,s005,7,0.07925693530987071,0.0011466384274862193,0.5472877938043414
s040,s007,7,0.16744052937615242,0.06262191327472981,0.5133252231637259
s040,s008,7,0.07231556247260015,0.0890894822042025,0.5690092610993217
s040,s010,7,0.038746459437682346,0.1399154964407835,0.6414949574665397
s040,s011,7,0.11625775601717697,0.10293071294730745,0.6136897089314476
s040,s012,7,0.3394068659058868,0.0867996489731205,0.6265941735854457
s040,s013,7,0.058162722315509216,0.00016195937508011558,0.6412028972095214
s040,s015,7,0.11292179192402224,0.07287941109569437,0.5887555709752043
s040,s016,7,0.06527666846304683,0.019056877129228548,0.5571802518541314
s040,s017,7,0.047720614660266926,0.025180821745182654,0.7019869634386441
s040,s018,7,0.17565757043810967,0.031141193106249614,0.6234601309535206
s040,s019,7,0.08238704592320875,0.0020976912974326155,0.5597966570379257
s040,s020,7,0.2456699678836882,0.08062685215270964,0.5030039442114231
s040,s021,7,0.0680231563430126,0.05790133383052019,0.6295670171431275
s040,s022,7,0.06777374977975303,0.009848060819852306,0.5147473712277401
s040,s024,7,0.048204151295080495,0.04574462538035451,0.7084613903604172
s040,s025,7,0.05331351249695252,0.06879466004520914,0.5099784043570472
s040,s026,7,0.06772284606863167,0.04105565093809133,0.6758689054175389
s040,s027,7,0.09732906696633228,3.2411566588872043e-05,0.5586014423174694
s040,s028,7,0.05239421648034922,0.024412733379987606,0.7157722733957826
s040,s029,7,0.05174679954917704,0.018762582034937227,0.651802581242549
s040,s030,7,0.16150975214452346,0.06298948427981095,0.7092503886002437
s040,s031,7,0.06796656772248881,0.002438557082582069,0.5554336808013811
s040,s032,7,0.12252311246048593,0.008493935148319823,0.7007840967639133
s040,s033,7,0.1404692397394459,0.10976573008644445,0.6254906728643336
s040,s034,7,0.06907894109764727,0.06139006226136846,0.6925788421403268
s040,s035,7,0.06293003145321942,0.0630898353458144,0.7224822742564135
s040,s036,7,0.1348758398988717,0.03612768579269202,0.35734011484016814
s040,s037,7,0.09273899509431638,0.02676660959019328,0.6258155199107497
s040,s038,7,0.12611286790269977,0.01991344048744308,0.8195142564324741
s040,s039,7,0.05519575130569143,0.28170788729944385,0.7884022198932492
s040,s041,7,0.19363314389249178,0.050767408777652505,0.6125049046765129
s040,s042,7,0.13345436230998117,0.00721743931186644,0.6091576391658243
s040,s043,7,0.06072267411099648,0.0006952641951555218,0.6079511892843856
s040,s044,7,0.07487431196661493,0.014051172967683188,0.7205470133005567
s040,s046,7,0.42422511447444244,0.011580016870466812,0.6459061356701209
s040,s047,7,0.1216349345369675,0.11851319040788431,0.6847441871140739
s040,s048,7,0.0754761976178121,0.02323399335994661,0.48287734395615733
s040,s049,7,0.13842997163444098,0.01589888174305017,0.5563300852288928
s040,s050,7,0.062450770004668595,0.1491534858804378,0.7821936764675393
s040,s051,7,0.06917694587676063,0.004332398350867357,0.567488617009055
s040,s052,7,0.1233845982400499,0.026625461749671318,0.7849135198536948
s040,s053,7,0.155351029985621,0.07848455235727078,0.6530927161955232
s040,s054,7,0.154001668006755,0.011293457831606577,0.7266695727059541
s040,s055,7,0.11007353764597845,0.038793171175748695,0.5701619050888214
s040,s056,7,0.08100645395784875,0.09234550835936256,0.7432112431240082
s040,s057,7,0.16883003568827715,0.00017447739636178847,0.5973374765417331
s040,s002,8,0.04689491062677502,0.06954196509072438,0.7941533309869002
s040,s003,8,0.15556438058282276,0.07253749924928912,0.6431280682379492
s040,s004,8,0.06438261218439785,0.03529475890893286,0.6009063163937217
s040,s005,8,0.05611823853470446,0.025872677716816825,0.6530615369948253
s040,s007,8,0.10420101522263103,0.07127198996692723,0.6334009047751279
s040,s008,8,0.051062813931137506,0.07279187676143231,0.5479956732073764
s040,s010,8,0.030292214078729104,0.05258941973726246,0.7041285762093802
s040,s011,8,0.05461265333095478,0.087645994002455,0.6216635370216653
s040,s012,8,0.34216623552906966,0.11076266763288178,0.6364024636490925
s040,s013,8,0.03360906038630308,0.021587815049944278,0.6050505521236617
s040,s015,8,0.0705194963226125,0.037629615643387786,0.5594565070726786
s040,s016,8,0.06894592466186382,0.0018896794009793255,0.6253115930905736
s040,s017,8,0.034039006138201135,0.03650619621020672,0.7132941472615972
s040,s018,8,0.16955643690871883,0.018086299382259752,0.5772152019984227
s040,s019,8,0.046560608930561374,0.03930343122120822,0.6465469809822152
s040,s020,8,0.18178492118739262,0.1347880023989857,0.5356753710593837
s040,s021,8,0.04221013661815166,0.03768416056520769,0.6433584673771103
s040,s022,8,0.05751909951222549,0.00985235600424331,0.5471209482554201
s040,s024,8,0.027586125516222422,0.03381358519723028,0.7614384304317814
s040,s025,8,0.045555011463016735,0.05793665554922159,0.5725721581365669
s040,s026,8,0.06345782530525658,0.017992036993830635,0.7029514727283229
s040,s027,8,0.06431474731446957,0.040167350349194685,0.5438157044040217
s040,s028,8,0.037173306422742525,0.061062904827413104,0.6476297715212533
s040,s029,8,0.03257880827180687,0.01095838084089861,0.6811684037814378
s040,s030,8,0.2611300569179262,0.08851023972797134,0.6924567364564408
s040,s031,8,0.06701871236359726,0.0366048810871268,0.5443447311632515
s040,s032,8,0.06295570015184876,0.0004768341026284041,0.7439536515876953
s040,s033,8,0.18215326723244024,0.08419979551599566,0.6568222535854387
s040,s034,8,0.06280770274941516,0.03471884551352154,0.7176850261492133
s040,s035,8,0.05414256432772891,0.04914913403046766,0.6672269996925684
s040,s036,8,0.11379568676937712,0.027103081260945492,0.3847588717505813
s040,s037,8,0.10005850444605299,0.0007372692580316344,0.5270783144501932
s040,s038,8,0.140001675959689,0.0007098288593643799,0.7766469089688681
s040,s039,8,0.05984589140815671,0.1790936776920122,0.7231757352683537
s040,s041,8,0.2011551027261232,0.08167910316641182,0.6141533529133414
s040,s042,8,0.0996539030250111,0.029415185903694713,0.53943545201127
s040,s043,8,0.05611393218019485,0.009546362572380231,0.6189375846127737
s040,s044,8,0.0956263884540065,0.008179153131048587,0.7289129621131222
s040,s046,8,0.15525420970698006,0.00012529748400503287,0.6787138686267647
s040,s047,8,0.08235177908872465,0.04232973447753751,0.65052352101073
s040,s048,8,0.05943409826433656,0.023084844552826826,0.5892447484883554
s040,s049,8,0.21271269055097022,0.0010204037119253798,0.6454703073297898
s040,s050,8,0.061728593643772534,0.13096958789220098,0.749819488745284
s040,s051,8,0.04610445928628528,0.0013768306463518116,0.6539393662680085
s040,s052,8,0.12256612720392232,0.022036292968755276,0.7458841600114803
s040,s053,8,0.10395346779292611,0.03903643779714532,0.6351955760652238
s040,s054,8,0.12732130793809607,0.025605394735155367,0.7376501828729087
s040,s055,8,0.07267105122974635,0.02950349840247571,0.6103855563027071
s040,s056,8,0.049833992319388495,0.05729269663434154,0.7120181501413438
s040,s057,8,0.18297861978394625,0.00010317994151790625,0.629200557509556
s041,s002,5,0.06278870564164096,0.08888712891669683,0.7375398454569916
s041,s003,5,0.39515248084120524,0.20338693625670848,0.6417581219003885
s041,s004,5,0.11882120296240763,0.029393764734259056,0.5463856751164231
s041,s005,5,0.1952779022913842,0.0020112429169373276,0.630280996375433
s041,s007,5,0.10227154267608266,0.03557789946414166,0.5727182323838798
s041,s008,5,0.25807364412731976,0.05892400138160323,0.701706246781835
s041,s010,5,0.030115610820212805,0.09497144978236312,0.6896199240567125
s041,s011,5,0.23026503236274704,0.15977001667782031,0.7257708068247106
s041,s012,5,0.3747933630481551,0.16896734568630245,0.6932124277767053
s041,s013,5,0.04835734126488496,0.0009032925609276322,0.7528181797553737
s041,s015,5,0.030174832870987354,2.1866238813435594e-05,0.5861440279894661
s041,s016,5,0.03771867680073559,0.005197344072559991,0.6086053844171727
s041,s017,5,0.02191517491165159,0.051024918480267537,0.8147336162863481
s041,s018,5,0.06242562241247241,0.004978415149610306,0.7759039458946128
s041,s019,5,0.04558398303873613,0.04308839967177151,0.538164242820332
s041,s020,5,0.1077228001282432,0.0794938768572645,0.640148680302941
s041,s021,5,0.03313440015928174,0.15248362137763016,0.7259993587211515
s041,s022,5,0.02670621632475394,0.11320729879508817,0.6148625855755291
s041,s024,5,0.01867999758898847,0.18796953219348744,0.7562039963704773
s041,s025,5,0.03888463774065682,0.1674333796230757,0.7818892329689682
s041,s026,5,0.0520212465745036,0.1251957919705178,0.592508866905529
s041,s027,5,0.12805464993485313,0.032494671424408136,0.6166757281244971
s041,s028,5,0.027967540233686302,0.09220565480813316,0.6584746523377158
s041,s029,5,0.02229293932661465,0.03466273987721849,0.6985719026477305
s041,s030,5,0.1340180689208849,0.014933718690864142,0.6059785075150811
s041,s031,5,0.047517942683637175,0.03767700096127457,0.6829530338280997
s041,s032,5,0.04543438314794917,0.009708564291654974,0.7775416472136186
s041,s033,5,0.1806440585579898,0.07487288387223594,0.6500342051484275
s041,s034,5,0.11952963671470003,0.06956532847713323,0.6663807864504983
s041,s035,5,0.05245039460129735,0.004467382411375985,0.6555422947984451
s041,s036,5,0.034912650524790284,0.11314567079426792,0.6073916921113748
s041,s037,5,0.12794389480096305,0.02717035561021054,0.5839156559822224
s041,s038,5,0.05236199626575574,0.007302106814071621,0.56330953550271
s041,s039,5,0.12055120215971049,0.016560625735637616,0.5626075681836203
s041,s040,5,0.10849074721486628,0.00011648839042315594,0.5260419540466095
s041,s042,5,0.09340993719480628,0.0007051408508480827,0.5164611311271542
s041,s043,5,0.027497021804340004,0.04890797576300866,0.6029369917550699
s041,s044,5,0.023669105761108616,0.03985151903416683,0.6615450209129526
s041,s046,5,0.32001284267477437,0.11944367281062822,0.6880993073889794
s041,s047,5,0.06616336414157717,0.0036509522320799545,0.44209874573820107
s041,s048,5,0.029147633161684047,0.004995939332709823,0.6547944610173577
s041,s049,5,0.10580803476210034,0.0021480020115626774,0.7203222500364713
s041,s050,5,0.05551046406810077,0.004021777185183444,0.58394716172059
s041,s051,5,0.03349042873247394,0.0051806095438024615,0.7069420905575277
s041,s052,5,0.03309539307926261,0.07495854826288706,0.45741162586006684
s041,s053,5,0.07962184243863259,0.09816596976670268,0.7492777052224385
s041,s054,5,0.08227043198454753,0.011572629381786636,0.7266817451772497
s041,s055,5,0.08701823057499256,0.04314611633362699,0.7983095390384555
s041,s056,5,0.10390715772739835,0.006942808133633919,0.7269236398523962
s041,s057,5,0.06142332568659627,0.0006919829965619918,0.7505974859878278
s041,s002,6,0.04015988192709541,0.005884128706625446,0.6902092369084537
s041,s003,6,0.30106295852768084,0.08114025185240975,0.6187343811701411
s041,s004,6,0.08839624893611,4.951665951063187e-05,0.6531353582188736
s041,s005,6,0.07993269930005291,0.014801739549434981,0.668653905331216
s041,s007,6,0.04732643927549436,0.0011697666394090062,0.4990284114769359
s041,s008,6,0.11631860456304995,0.013661977512542167,0.6331238611156434
s041,s010,6,0.01859047806989234,0.16610589189695862,0.7137512655155678
s041,s011,6,0.2692617589066263,0.2510349266448026,0.7485956081703863
s041,s012,6,0.6027907330733774,0.4015042032141597,0.7469881488996358
s041,s013,6,0.026199877190394075,0.0525663943599634,0.7998348229175253
s041,s015,6,0.034540472251283774,0.026940256499897383,0.5779745329496548
s041,s016,6,0.026574118658437357,0.011195230648396204,0.7347550829233511
s041,s017,6,0.013408201039917831,0.12532624192410566,0.7688375331725017
s041,s018,6,0.05751360629882038,0.008553732988552477,0.7866211448411602
s041,s019,6,0.03040489147879395,0.01571081319583928,0.6208530593199916
s041,s020,6,0.16303949693268824,0.19273178346750822,0.7312192280659909
s041,s021,6,0.03356750101455343,0.06896812325554255,0.665668538055654
s041,s022,6,0.028584058289914862,0.12772650836381905,0.6879523713124569
s041,s024,6,0.014833760212074065,0.1363279159097093,0.6609744795555462
s041,s025,6,0.02927325016476025,0.10552003646278547,0.7481693083289589
s041,s026,6,0.03251266713379508,0.049451869719774756,0.5510735719258818
s041,s027,6,0.09700223503100122,0.016344865212631274,0.6094735339947024
s041,s028,6,0.010752840525830837,0.3387127897742178,0.7660514108660899
s041,s029,6,0.013500734739214341,0.024738564727754535,0.7261335726615114
s041,s030,6,0.09981224935421247,0.03590153283510131,0.6461104864644298
s041,s031,6,0.03939289801155113,0.07022024097740025,0.635210017657228
s041,s032,6,0.03600152087357891,0.014570426657218504,0.789904453260798
s041,s033,6,0.1037245986291987,0.12111299654298749,0.76362957484014
s041,s034,6,0.09800684386345114,0.04822627848862451,0.6481390056704858
s041,s035,6,0.035546686585216924,0.0020642348016223985,0.5449399761326614
s041,s036,6,0.025162416565762607,0.13729718863745363,0.7111590406390674
s041,s037,6,0.1193910593505603,0.10656668518012308,0.5923273323692504
s041,s038,6,0.04882495952644433,0.010464604316006768,0.5375204517617261
s041,s039,6,0.09868197772962542,1.352132067820976e-05,0.5243777635481185
s041,s040,6,0.1577668340459086,0.06857032955193443,0.49752303347928184
s041,s042,6,0.06267070251971273,0.024225965206657613,0.60975747595521
s041,s043,6,0.021715656891259726,0.1528085765795647,0.5892099850269702
s041,s044,6,0.018447038069632757,0.03155512813992143,0.678674695194652
s041,s046,6,0.06178564927426706,0.1827446565063549,0.6856372904713726
s041,s047,6,0.0804438275998368,0.00013107290865693372,0.5880986846338349
s041,s048,6,0.016798550906161648,0.042768899023010475,0.6434040231370006
s041,s049,6,0.09795495748809221,0.005315093554392878,0.725743720452823
s041,s050,6,0.05199159033347067,0.00018182824656873294,0.542310273001869
s041,s051,6,0.02394266152732773,0.035224575497602044,0.6440106904179433
s041,s052,6,0.022426898351230594,0.006960814889420336,0.4686294384415135
s041,s053,6,0.06128930170055088,0.006993876287609347,0.7402030867931281
s041,s054,6,0.03221119952821098,0.00047783707523322937,0.7059326253938742
s041,s055,6,0.058943841126065585,0.022040790311980404,0.7709866640684933
s041,s056,6,0.1064240316167,0.013176020240792641,0.7045218518831772
s041,s057,6,0.08283155109959539,0.039505516575311504,0.7938937700269691
s041,s002,7,0.05091576601075039,0.004104240669605866,0.6894864984438145
s041,s003,7,0.26016605589993763,0.0640305915427304,0.6821831108384647
s041,s004,7,0.21278967300044035,0.02654327495483452,0.48616530389863577
s041,s005,7,0.05860716410557326,0.07000529640746996,0.8068389089633992
s041,s007,7,0.1437954351136462,0.001716744657465133,0.6221149806224541
s041,s008,7,0.09103409406476208,0.0049723302814966295,0.6878382534673978
s041,s010,7,0.040056930025276334,0.10952386320914587,0.7494975798431349
s041,s011,7,0.262941543127027,0.0670517447389152,0.7085260190555314
s041,s012,7,0.4103609655465492,0.15589385093915228,0.6754603489616405
s041,s013,7,0.083097379915796,0.009189003254941241,0.7395522251402299
s041,s015,7,0.06020967754608082,0.00915555395886661,0.6327913300902079
s041,s016,7,0.03983196307435322,0.05298091678882106,0.7432551089329591
s041,s017,7,0.034886578904193374,0.025777263083923013,0.8249716721225571
s041,s018,7,0.05034022014195814,0.005063781131932241,0.7014902025181604
s041,s019,7,0.05839875928498187,0.034754108759889414,0.7064489280479225
s041,s020,7,0.21885104048708617,0.1582464428414558,0.6765642020773981
s041,s021,7,0.06657501068485681,0.057333725830856656,0.7418105725661307
s041,s022,7,0.03986348060701445,0.12606937797565615,0.6323913251622119
s041,s024,7,0.03165907755274484,0.1459180524022726,0.74575544165492
s041,s025,7,0.05159670270876393,0.11128485982485377,0.7762678736385251
s041,s026,7,0.06511968431735252,0.0029775809902536986,0.6579565478244884
s041,s027,7,0.14162102918647254,0.028827260598825653,0.5640196357380419
s041,s028,7,0.03656301040635705,0.1363500982376126,0.6729157155736039
s041,s029,7,0.03790071306521063,0.024869134164086138,0.7578045083683372
s041,s030,7,0.20652369517293848,0.005404413161811249,0.6671947580061766
s041,s031,7,0.05930855359776883,0.0028673639987349055,0.6831255684261122
s041,s032,7,0.10057966029167832,0.005638436833082245,0.7825443674454663
s041,s033,7,0.08489152085887779,0.08114079812368706,0.7112985525925152
s041,s034,7,0.1302816691348414,6.8405812133272145e-06,0.6933448925732296
s041,s035,7,0.05581737384824691,0.0008479985420823089,0.6007207051897612
s041,s036,7,0.05178727320044093,0.08498124887086642,0.5719916421198697
s041,s037,7,0.2028201304055558,0.09781177681883287,0.5458840415574397
s041,s038,7,0.06638047709614715,0.009399968361723318,0.6250058384707818
s041,s039,7,0.13612579899810887,0.0017676362345988546,0.4991516246577636
s041,s040,7,0.1088022849779775,0.019787482420115972,0.5201155507267776
s041,s042,7,0.09358028025974878,7.700549269305116e-05,0.4893910537364258
s041,s043,7,0.030984362976614176,0.10002099545971137,0.628058396351489
s041,s044,7,0.02974359820278225,0.02943467697708395,0.7230453481817317
s041,s046,7,0.2352728604240183,0.2342128341373901,0.7557323986784552
s041,s047,7,0.08869169488086007,0.03129477714128082,0.5123083793257798
s041,s048,7,0.05488411093815266,0.05475245177865022,0.7086096540423663
s041,s049,7,0.11276572186328505,0.005943868049984988,0.8187318631488348
s041,s050,7,0.051981540825680544,0.042165532654548005,0.6149066976619173
s041,s051,7,0.041645116667356194,0.00020074456904963794,0.7302397498943027
s041,s052,7,0.04026503884078179,0.006773761454559399,0.4756012173734824
s041,s053,7,0.13439851269977351,0.026609365280531413,0.6813689425406225
s041,s054,7,0.08955684487610284,0.0011513397325225306,0.7305926964376479
s041,s055,7,0.12383082743582524,2.542875125419924e-06,0.7907812612762581
s041,s056,7,0.1526365102954389,0.0008280140795938097,0.661963040359442
s041,s057,7,0.20572375343632482,0.01890566874628368,0.7237076916592327
s041,s002,8,0.10042878220846056,0.09062959009787551,0.6406147080225887
s041,s003,8,0.24777393424240582,0.0923522132618064,0.6422392877150023
s041,s004,8,0.17824242202225582,0.053482545976314355,0.5224311745915889
s041,s005,8,0.04192031547405753,0.006786684608740514,0.6911160435152606
s041,s007,8,0.06960940935196602,0.0004990442281014078,0.4992489877780349
s041,s008,8,0.09406600047976464,0.04883424335240098,0.6634598231975458
s041,s010,8,0.04349658497991773,0.1720321501531684,0.7275268423896183
s041,s011,8,0.2327848428133801,0.2893898520876062,0.7740889603897577
s041,s012,8,0.48753709765712105,0.2693230100215639,0.7447193725447172
s041,s013,8,0.041281403400696616,0.0026722627456687445,0.7523575453724871
s041,s015,8,0.033364374282527184,0.013964494609549724,0.5574620602017454
s041,s016,8,0.034856590778137284,2.3486701459740596e-06,0.7411831273069817
s041,s017,8,0.014827838448550583,0.07789033881948083,0.7577820873461029
s041,s018,8,0.042502201895336704,0.00393980686796572,0.7824388019944317
s041,s019,8,0.04863346634342235,0.011897200151171393,0.6072525306797519
s041,s020,8,0.14146815473498373,0.09240120619667072,0.7209932822390285
s041,s021,8,0.027787376638711826,0.12034186357841412,0.6892610163704099
s041,s022,8,0.029443060595485914,0.20136967231502184,0.7267080812392748
s041,s024,8,0.01673525431158552,0.15870168598851245,0.6780616973561806
s041,s025,8,0.02633549576073473,0.10847645630558829,0.7239986335636028
s041,s026,8,0.049522589962143794,0.0006240732536018275,0.5208970051919066
s041,s027,8,0.1435501643619652,0.030307918410826758,0.5140356657924009
s041,s028,8,0.02085550170602493,0.1498795160839437,0.6788103980716513
s041,s029,8,0.020775387869832154,0.05591146862040731,0.730819468094949
s041,s030,8,0.08942138132854253,0.003651159786746497,0.6180797759155379
s041,s031,8,0.022131562122083708,0.022434907505453183,0.6408750364596514
s041,s032,8,0.04891787709348073,1.2860721734871288e-05,0.7897407986560162
s041,s033,8,0.12072813073125079,0.11506040163032323,0.6829413472904852
s041,s034,8,0.13864238039851678,0.025566328922584276,0.5974712864849145
s041,s035,8,0.04498048968310727,0.017670244586509048,0.5080285573463312
s041,s036,8,0.034499534025138355,0.3082190276474122,0.7524621667908373
s041,s037,8,0.13759049790222608,0.047021986880769064,0.526694332761113
s041,s038,8,0.03631682457050008,0.026463438597481004,0.49279156791047957
s041,s039,8,0.15939558942081686,0.053747410593390305,0.43578751319437664
s041,s040,8,0.20285096626863497,0.017447535099234465,0.4430513163285697
s041,s042,8,0.06295492552343063,0.002879199612658647,0.4775205463059592
s041,s043,8,0.027521527858059964,0.14050093049956347,0.6523254337891179
s041,s044,8,0.017009036373404174,0.12839719074987277,0.6705914847409028
s041,s046,8,0.1043974656241708,0.04679069084744944,0.6586504468596605
s041,s047,8,0.03963297511131467,0.0790312450496193,0.4413868966593902
s041,s048,8,0.024357767224168558,0.04839108213866722,0.6587088149363466
s041,s049,8,0.14184277337390033,5.916262778822312e-05,0.8166222324766882
s041,s050,8,0.04863453673616446,0.058004211292249634,0.49910764451282563
s041,s051,8,0.046245924296392446,0.049392494287755516,0.6433439871720268
s041,s052,8,0.031133564670088786,0.04367846614560154,0.3990713880593922
s041,s053,8,0.07457649096359313,0.08102689362550879,0.7301410201897761
s041,s054,8,0.048398523433418814,8.489734510907621e-05,0.633160732356565
s041,s055,8,0.07896640016934564,0.08701576920601997,0.8029580428070721
s041,s056,8,0.11435471000844333,0.02484718867364978,0.6700443261998462
s041,s057,8,0.19946022431961266,0.012342102065220755,0.8262964486869631
s042,s002,5,0.01666020388270293,0.009037294299640137,0.6425668519817066
s042,s003,5,0.019598348437749144,0.05950710325930575,0.6863841164731413
s042,s004,5,0.010614044128532762,0.09818968730864093,0.7506611618771329
s042,s005,5,0.04977399984515687,0.012483170266909722,0.575627812828922
s042,s007,5,0.20675975271184185,0.10420175560670057,0.6432178849154501
s042,s008,5,0.026480959486456943,0.015095160178529356,0.6678246248943447
s042,s010,5,0.03113660629897669,0.027601387459759926,0.4956663726295982
s042,s011,5,0.02960657447384219,0.02270653984148212,0.5295418734117305
s042,s012,5,0.03177473425949085,0.0008208274575324694,0.5304475822488222
s042,s013,5,0.014418149839203412,0.06522247363291883,0.7261514223216473
s042,s015,5,0.017827268636680264,6.385096349927459e-06,0.501968514409895
s042,s016,5,0.02329129460039532,0.03603106660674312,0.4162474771957321
s042,s017,5,0.04797772113344801,0.0013494200082876894,0.6589487316366744
s042,s018,5,0.021007983872650536,0.01596299237588067,0.5282689053791937
s042,s019,5,0.04197501632384959,0.0008874171695931889,0.52263155262396
s042,s020,5,0.023122262656050673,0.00815733070212564,0.5257431874152979
s042,s021,5,0.051226197763543944,0.0011044877876816887,0.4823082026779611
s042,s022,5,0.014695269602494931,0.003219705396917434,0.4183633338674556
s042,s024,5,0.024705568866068135,0.004735998031047876,0.5751729641234249
s042,s025,5,0.028473076260857523,0.013391705666266497,0.6187517664958789
s042,s026,5,0.03186212822482385,0.0012217288695233182,0.6336704113894872
s042,s027,5,0.023251896711496776,0.00031462701474334917,0.7164352004694657
s042,s028,5,0.019067895809539756,0.03616572878657141,0.6572294070391573
s042,s029,5,0.08210795020524071,0.11960552090927604,0.6446806199147059
s042,s030,5,0.020865833250960107,0.052299093551040114,0.7259121688784053
s042,s031,5,0.023576017602794052,0.0007691178598940847,0.6473349456158481
s042,s032,5,0.01550848158975659,0.21442201538805317,0.5800258801974587
s042,s033,5,0.014313868354409743,0.009280557778430747,0.42928328304696506
s042,s034,5,0.024248710460502886,3.333611083851635e-05,0.5834367744362827
s042,s035,5,0.014771480380192074,0.016476947389051852,0.6235036663995435
s042,s036,5,0.04877604139787704,0.0002818003276146888,0.23686010309322295
s042,s037,5,0.019278582462359094,0.033693868439880766,0.7379369251872642
s042,s038,5,0.024174150800827195,0.056558618048060796,0.6226713588309997
s042,s039,5,0.014303028002159619,0.03778252588385579,0.5800373968534887
s042,s040,5,0.022251188790070486,0.0012558615154822025,0.5196256014307046
s042,s041,5,0.03090468852500065,0.01921910881083646,0.4916319448064666
s042,s043,5,0.01444179019225513,0.0013470385367405494,0.40369663146892865
s042,s044,5,0.0347428756932727,0.14231484884026205,0.7220969894002477
s042,s046,5,0.04491923200299506,0.06493629289927218,0.7014734302845824
s042,s047,5,0.023189005901213658,0.0018414798287152904,0.6817847800056207
s042,s048,5,0.02503882307267826,0.016332226132021857,0.5569745850064943
s042,s049,5,0.015679904095634023,0.00037988530806238056,0.42494243164006096
s042,s050,5,0.03579465543923383,0.08398600272024458,0.7040053699506816
s042,s051,5,0.033245054521091236,0.0011405199749873667,0.5733941763514626
s042,s052,5,0.03581065637417509,0.00466687350892281,0.30491631436604505
s042,s053,5,0.034337283632212244,0.012830649155200952,0.47761811474891075
s042,s054,5,0.05329814874046957,0.015143697771818895,0.6419867561938118
s042,s055,5,0.01927634836367296,0.025859370662413065,0.5078770189199553
s042,s056,5,0.01275637690134749,0.04297009363552029,0.5943564339189883
s042,s057,5,0.026020048623657907,0.010836710380601675,0.5909531698797241
s042,s002,6,0.11370975742994055,0.04350096222711929,0.6539402416410752
s042,s003,6,0.08877764254151316,0.08247877993215895,0.6670078809150023
s042,s004,6,0.03256897597586062,0.1647114783075981,0.7756519511473506
s042,s005,6,0.09425186486328438,0.034629580946724046,0.640492963835207
s042,s007,6,0.32441739118169155,0.07460330703434885,0.6055411885654107
s042,s008,6,0.044737998385868324,0.03340041506021469,0.649089328686332
s042,s010,6,0.12245310046860143,0.0003256274830346168,0.5283890851164625
s042,s011,6,0.07192256656786197,0.019393244443571732,0.5007843742505161
s042,s012,6,0.1567466906619885,0.005422705112505424,0.4874080328416188
s042,s013,6,0.06886760849387788,0.03589401137342157,0.6937798603208368
s042,s015,6,0.03947037211359078,0.004365064452597423,0.554891031623416
s042,s016,6,0.12815720785826284,0.06859995343728954,0.4883483602130645
s042,s017,6,0.10588457808857905,0.006981510740069039,0.6290371648660984
s042,s018,6,0.04882384720236818,9.44875030917714e-05,0.5635723268082832
s042,s019,6,0.07602978000909347,0.010728997500189076,0.6147816596843058
s042,s020,6,0.06174000290222067,0.0016078095629439009,0.5559854670397292
s042,s021,6,0.08967110187934994,0.00043589458067570884,0.49382794885452386
s042,s022,6,0.04898683054572715,4.254018541212452e-05,0.3851945190044667
s042,s024,6,0.07032598409799881,1.0009132901519298e-05,0.5615415863259227
s042,s025,6,0.09659260718862454,0.019527179539924857,0.5402370427047136
s042,s026,6,0.06727242687415018,0.009959598996753848,0.6389360354891715
s042,s027,6,0.08153039617987123,0.001025447282629504,0.7335887694222303
s042,s028,6,0.0934078415860519,0.00929918833316873,0.6374938086185785
s042,s029,6,0.25226804992722296,0.0922685495204403,0.7374914716259799
s042,s030,6,0.08630435460220956,0.017068037533817748,0.6868588284751246
s042,s031,6,0.045066182342433515,0.008941692566044074,0.6837625149102152
s042,s032,6,0.042626549821637445,0.1815584032760282,0.5844070152892266
s042,s033,6,0.05633082022604125,0.012351797077284364,0.42146898966370644
s042,s034,6,0.05560480487153634,0.008243240533862673,0.6305529735543769
s042,s035,6,0.04101480013550086,0.04935711392660286,0.5898648074292804
s042,s036,6,0.06969942234888533,0.00013359168721395123,0.22014212369622865
s042,s037,6,0.13646300998412852,0.048847431336783,0.6130726842113775
s042,s038,6,0.06417872279242905,0.007626491587858938,0.5903368048366949
s042,s039,6,0.11792131103292201,0.009196177229962325,0.5092617459209816
s042,s040,6,0.07358388671709776,2.3247244354500944e-05,0.506964417146899
s042,s041,6,0.11819947924937334,0.0194739121104368,0.4508432893928427
s042,s043,6,0.047639574461971715,0.0077128837459621595,0.38829091762539303
s042,s044,6,0.11838152417791667,0.08628779726837608,0.662049193001569
s042,s046,6,0.1461658070415151,0.011427109079461402,0.6595875646243949
s042,s047,6,0.0402341238975568,0.0019679375169904126,0.6783088324497953
s042,s048,6,0.06543652598189861,0.008096487813309105,0.5959123510709045
s042,s049,6,0.04693288266984587,1.433406426048468e-05,0.4730136138513301
s042,s050,6,0.06358242138078919,0.06542265552011176,0.7420447471285464
s042,s051,6,0.183946386065863,1.350627396081165e-05,0.6273133821187636
s042,s052,6,0.11949684176530655,0.043976774587513145,0.32907775546183987
s042,s053,6,0.12007548275445143,0.032428765619970074,0.45416689046468756
s042,s054,6,0.13217307293524547,0.0038859692811577173,0.6509338359281489
s042,s055,6,0.06417695142589118,0.03157939034444131,0.5028376981520426
s042,s056,6,0.04126886966517726,0.007677813655530367,0.5859078246542774
s042,s057,6,0.15421937981789674,0.02609169930673437,0.5839605898285336
s042,s002,7,0.1319804508678761,0.0752102576848603,0.6706951661279233
s042,s003,7,0.04977493672839111,0.10917278332625303,0.6878744263260601
s042,s004,7,0.029516416973036218,0.11706009964440546,0.695548008669912
s042,s005,7,0.07205556360641216,0.07899039657398586,0.7005596205253986
s042,s007,7,0.3362046512200825,0.10789273587641973,0.6512363069779001
s042,s008,7,0.09301416645358088,0.005299122794645908,0.6100005964060272
s042,s010,7,0.1760511316286236,0.0010824542941227982,0.5986612956275178
s042,s011,7,0.0533026258697556,0.002373437126788888,0.4832686183379761
s042,s012,7,0.08612282342101191,2.8207221811228814e-06,0.5270210135335982
s042,s013,7,0.06145184517700806,0.02246963283421679,0.7299751436445151
s042,s015,7,0.060768235891609644,0.02583785545438108,0.6113903713821147
s042,s016,7,0.0891186293499789,0.026912700799955912,0.6071466488206794
s042,s017,7,0.1255009742279427,0.005106879050973017,0.6712972396099595
s042,s018,7,0.09313450186057606,0.007541959673709144,0.5355848315656424
s042,s019,7,0.15058561603358053,0.013095766592136513,0.6571215759748711
s042,s020,7,0.0972314860794497,0.00527696245806278,0.5693358264342218
s042,s021,7,0.11072232503745134,0.0010392452151120766,0.58101414790386
s042,s022,7,0.06411578775146558,0.0008814486528939575,0.3949253761594369
s042,s024,7,0.06295629431197539,0.0026056828587507795,0.5680299334020343
s042,s025,7,0.1519370347202618,0.008257795430343558,0.5668340053728671
s042,s026,7,0.08586893740422769,0.05651601677446694,0.7325244296160657
s042,s027,7,0.07842319705205246,2.0837908444640867e-05,0.6638535298247338
s042,s028,7,0.06394033316032852,0.014732898612421684,0.6674100017878366
s042,s029,7,0.25495244626236946,0.053607239523932315,0.7577337323403239
s042,s030,7,0.0756846242684205,0.02711387173621039,0.6955411147988553
s042,s031,7,0.06472623786981649,0.05082369827130174,0.637481012606006
s042,s032,7,0.12275394241476886,0.09246924012677922,0.637511831817423
s042,s033,7,0.034843753533386625,0.02512010383133003,0.530072560484369
s042,s034,7,0.1146136521570272,0.0008036164381676693,0.6191310585246769
s042,s035,7,0.032887968102709844,0.032309520988842544,0.5376416168995257
s042,s036,7,0.10270276683833944,0.0007010298259450283,0.2239138319141089
s042,s037,7,0.06776188720520036,0.06099360128429499,0.6706047883167495
s042,s038,7,0.05969115615241246,0.04293852043523854,0.6729934219105737
s042,s039,7,0.14565872126636015,0.024132541145897052,0.6138051672218554
s042,s040,7,0.04359619591688253,0.00034962521784228355,0.5055049608988235
s042,s041,7,0.06714479558614099,0.005803596280552872,0.5008373368967247
s042,s043,7,0.04662396519998186,0.037897764409704014,0.43005297578407164
s042,s044,7,0.10476201242188107,0.05525764376275381,0.6784890612369849
s042,s046,7,0.08479489393673567,0.016943625306210155,0.696706983509414
s042,s047,7,0.0655667590505001,0.00561132989556023,0.6773683341301509
s042,s048,7,0.06337097174381198,0.04359664405926201,0.5552830753284967
s042,s049,7,0.030426311372445437,0.06403003212867951,0.5176771550524126
s042,s050,7,0.0796937393310807,0.033397172973508464,0.712324598129664
s042,s051,7,0.10565792251846048,0.01212249455170587,0.6554232088125848
s042,s052,7,0.09928512257365599,0.04424831320307202,0.416098535445956
s042,s053,7,0.11327606135070636,0.08031432812718269,0.5699358594959788
s042,s054,7,0.12097517658369229,0.09808806455796137,0.6462232993153324
s042,s055,7,0.05766772243240416,0.020515165695934513,0.507661339397855
s042,s056,7,0.03586042944655253,0.0006784339610426385,0.6278100537436281
s042,s057,7,0.1564968976688563,0.09021930362370746,0.6294235866704431
s042,s002,8,0.23259273093944138,0.022386197640699677,0.7482745829773617
s042,s003,8,0.06716220874625119,0.009496233848372535,0.7573490328614356
s042,s004,8,0.041580517777000774,0.020380588354647067,0.7229791185668324
s042,s005,8,0.05528084683128846,0.047076006048215234,0.670720714968897
s042,s007,8,0.4058293412213028,0.1616443508656218,0.7617420885405255
s042,s008,8,0.10922660189455048,0.024663061302282574,0.7189706855528225
s042,s010,8,0.17412039396011086,0.019243762261622926,0.6018239534493642
s042,s011,8,0.09074843052584021,0.018224048375977228,0.6484189621354497
s042,s012,8,0.060026223090648506,0.023708805262687448,0.6730260880245919
s042,s013,8,0.06309165062150789,0.004078016994489346,0.7511838602286466
s042,s015,8,0.04142816815860254,0.004360163115198233,0.6086713179022497
s042,s016,8,0.11736638995216903,0.004498664783851794,0.5606209558954907
s042,s017,8,0.10218924972902386,0.00033558415247762644,0.7755677436833757
s042,s018,8,0.046299358136000605,0.007377363952338984,0.6265974723760918
s042,s019,8,0.12128476901326402,0.002912339175270887,0.6689733550068725
s042,s020,8,0.07580801816976064,0.0025825685789432826,0.6773754123865136
s042,s021,8,0.055640832921687554,0.037753344803787545,0.561085877140821
s042,s022,8,0.050842013296913346,0.057689259129678976,0.5633578526476528
s042,s024,8,0.06542989347415269,0.009293902206841958,0.6523305680953274
s042,s025,8,0.08543634083118376,0.014508729277197855,0.6313497215966904
s042,s026,8,0.12699408298986234,0.012016646692219014,0.6449970718298401
s042,s027,8,0.08917318657414866,0.00018571529928200072,0.5869686524291318
s042,s028,8,0.1221526781317486,0.018466742047996063,0.6989396362067558
s042,s029,8,0.2174810166209113,0.04302240635381829,0.7282437603760139
s042,s030,8,0.055961757036950936,0.057120383240090215,0.6806529859753224
s042,s031,8,0.03144393251721257,0.017641537352465885,0.650843762204748
s042,s032,8,0.03383821849776933,0.13620807989940514,0.7146563456048591
s042,s033,8,0.030593263711702595,0.0015017415735455865,0.4860929661901429
s042,s034,8,0.047666971800058196,0.00049971795883148,0.6304503535112133
s042,s035,8,0.022741468091557412,0.014967133742186587,0.6562739495881514
s042,s036,8,0.08181169156420993,0.058494582577207396,0.41965600124974445
s042,s037,8,0.058935733112077476,0.0356511870427955,0.7511559503473415
s042,s038,8,0.027238294847559408,0.023514431726449524,0.7492513896286273
s042,s039,8,0.0852770130411222,0.03186094126878114,0.6283327659850672
s042,s040,8,0.05705482568751899,0.020150603388868336,0.6505047722598956
s042,s041,8,0.06958829879832718,0.11582001562316754,0.5107435892853548
s042,s043,8,0.05221509313846873,0.031416280319371256,0.5550625834213017
s042,s044,8,0.07574921227908035,0.041843612876098134,0.7588839486552006
s042,s046,8,0.10839148850860421,0.022463749999083286,0.6612074579404622
s042,s047,8,0.05498650529862303,0.037575301596908126,0.7001529630777351
s042,s048,8,0.06904918098299996,0.11347306087020936,0.6835237684773631
s042,s049,8,0.024088428825089638,0.04781230765051496,0.5003308482686469
s042,s050,8,0.06371258139112898,0.03764489603213898,0.7432508535834464
s042,s051,8,0.05579402433738882,0.00025026757652025177,0.6952477975442524
s042,s052,8,0.07925937824017455,0.01984022591619899,0.45245877333611234
s042,s053,8,0.11339410013062412,0.05085248332943902,0.5837928129109263
s042,s054,8,0.07223625792974296,0.0104113300082204,0.7647737473902003
s042,s055,8,0.07425560927629463,2.9769116515969706e-07,0.6607906402676852
s042,s056,8,0.03379572063562409,0.009085623049445248,0.7338791656373156
s042,s057,8,0.09074661975474844,0.038169903633086505,0.6535743559843059
s043,s002,5,0.018228686307279276,0.013706855075282813,0.656111169320192
s043,s003,5,0.024600636536260063,0.01499336013732715,0.811962209074089
s043,s004,5,0.028798841559270396,0.02335558770778686,0.5464563835292652
s043,s005,5,0.03737954475689457,0.0892728625333902,0.5959459746705564
s043,s007,5,0.03280132048123927,0.00253161549877178,0.53331573416731
s043,s008,5,0.02698356091475141,0.0018190931204580523,0.7413770997577971
s043,s010,5,0.07342370013626515,0.033970274923293596,0.4890283540168151
s043,s011,5,0.01732190879125058,0.1571812337981406,0.7932970833865025
s043,s012,5,0.012991294035574467,0.16892274747427452,0.7449411244461532
s043,s013,5,0.06300792788657049,0.02373894663991483,0.7015330393371407
s043,s015,5,0.02492586277183259,0.00043708254349670596,0.5366479539048312
s043,s016,5,0.07052570655324866,0.06924974648004813,0.5019275545232873
s043,s017,5,0.0846126371263915,0.026412824390819635,0.7250605057243926
s043,s018,5,0.015626485090843634,0.11590435141761903,0.7328865768576714
s043,s019,5,0.05326841184505913,0.016354103417402416,0.5004831439896391
s043,s020,5,0.015885283041154174,0.13540701819936035,0.6107727480386872
s043,s021,5,0.05278846925564422,0.003029400996401593,0.6253360229107662
s043,s022,5,0.06564995867338043,0.20890175658994062,0.7820803364196254
s043,s024,5,0.055347194325550984,0.10406602067199186,0.7627743195010682
s043,s025,5,0.05618552469807188,0.011209380689482127,0.6165033509124267
s043,s026,5,0.035351006155774405,0.060587889393318446,0.5171465174882832
s043,s027,5,0.04815739063434732,0.0019580378381321715,0.4408847029417628
s043,s028,5,0.09669101216250671,0.11841838054689856,0.6074381852299539
s043,s029,5,0.020737028084717085,0.020404251931065147,0.6460052952994952
s043,s030,5,0.044572726881442724,0.19913394579279753,0.6545631057540028
s043,s031,5,0.06799912885669974,0.06604827671235682,0.5960107778685911
s043,s032,5,0.047166135007322835,0.012832838223384036,0.7082031877245418
s043,s033,5,0.03996046759739509,0.007319799239463267,0.3799879058789303
s043,s034,5,0.022658781866908298,0.012403834272288064,0.6187087708977645
s043,s035,5,0.054568679744764224,0.06903724139256578,0.6465668313228387
s043,s036,5,0.08443077444958523,0.28735606132617664,0.6892497493557462
s043,s037,5,0.07473728207707567,0.008916953191648785,0.7130043787659337
s043,s038,5,0.03995501986322596,0.001141877098067639,0.699111116660306
s043,s039,5,0.05139912238272777,0.020348153177994543,0.5857944248678707
s043,s040,5,0.040103636549833364,0.0001901703243285357,0.6423013905640583
s043,s041,5,0.03160345560870099,0.10396125462547894,0.6437478964318242
s043,s042,5,0.044127697538564575,0.09251128705896995,0.521944165267726
s043,s044,5,0.06690995794014173,0.06297108848343123,0.8024958625524911
s043,s046,5,0.055702619649261695,0.024192770013246906,0.4963552482345267
s043,s047,5,0.028079774313820333,0.021396169535281912,0.4174184204547374
s043,s048,5,0.015282182929202904,0.10293696079413663,0.6498483702562147
s043,s049,5,0.04379679744025479,0.009238956005961746,0.6732674971816413
s043,s050,5,0.0629267299156252,0.01410065708053276,0.5707491378587133
s043,s051,5,0.050778338577840004,0.0002795295375953994,0.5528097722323843
s043,s052,5,0.032045795145197765,0.112046457699636,0.5202150148122167
s043,s053,5,0.034382349427156546,0.01801447362782529,0.5841568118497623
s043,s054,5,0.017468024973717564,0.14360075299345565,0.6274382195293651
s043,s055,5,0.03390927402976331,0.2256452099758719,0.7763650050271379
s043,s056,5,0.024497526773837243,0.04732577671567045,0.6895103598117331
s043,s057,5,0.0319316366087352,0.22523429802926384,0.7034215750995251
s043,s002,6,0.19764717963589115,0.005434743163031386,0.5421533192014769
s043,s003,6,0.03253763160507691,0.025310108858033732,0.8033167008863423
s043,s004,6,0.07027327943144959,0.07554098811224215,0.41854318147773556
s043,s005,6,0.16685266241916713,0.06746851878030301,0.5735424811354334
s043,s007,6,0.09624452677860806,0.0031893291519543353,0.526210127713742
s043,s008,6,0.05149009736132409,0.006248033096689829,0.6604929844563817
s043,s010,6,0.12254665751279388,0.025249184488833374,0.3964283838850778
s043,s011,6,0.03909182839693143,0.17273496011470985,0.8517513907064693
s043,s012,6,0.02386580762321429,0.3010489671078026,0.7422097151610882
s043,s013,6,0.07039790137133366,0.02984573172172689,0.6479940157158528
s043,s015,6,0.054311548482563574,0.0020820843755709906,0.49398003576649596
s043,s016,6,0.20881974687937954,0.02978467954423618,0.5116557800254785
s043,s017,6,0.18484089946618892,0.1270025236936647,0.6596846361183184
s043,s018,6,0.028584064002874953,0.2284207866181061,0.7156964207000484
s043,s019,6,0.1802199281517327,0.025177866501361244,0.4733413062632672
s043,s020,6,0.035686517356429574,0.25887509019131383,0.6272116672619222
s043,s021,6,0.07299884971881108,8.695515855583175e-05,0.5760939980788521
s043,s022,6,0.16394498675311978,0.34943617230527274,0.8261023551209375
s043,s024,6,0.11308566268279324,0.21025852986230734,0.7088555332192694
s043,s025,6,0.08576358578298646,3.529347610948044e-05,0.6328308823310838
s043,s026,6,0.06613859120465239,0.029014210319697604,0.46980617146823306
s043,s027,6,0.09128009818225655,0.002876406670532535,0.33037208917842437
s043,s028,6,0.13717967863842612,0.10472253975086297,0.5274548698642441
s043,s029,6,0.0695653817139567,0.03219314219569473,0.5555991616285806
s043,s030,6,0.103514369048485,0.1069325762452802,0.6314980783819081
s043,s031,6,0.0645708589398812,0.024868228034468268,0.5191837869244021
s043,s032,6,0.04899951443168335,0.03484911591049519,0.6513712946669423
s043,s033,6,0.06675412120253943,0.016289984521887207,0.3274665853340007
s043,s034,6,0.06574691962924245,0.015051541635463935,0.5966882770051029
s043,s035,6,0.2118019186885855,0.061965748819727884,0.5387301363157618
s043,s036,6,0.11874011664761928,0.4411972262997281,0.7722864737677012
s043,s037,6,0.04961862632570703,0.045544798165207914,0.648814558804639
s043,s038,6,0.07249787928398033,0.02263559116001579,0.596784271621242
s043,s039,6,0.09276772871551174,0.06125719621921806,0.4571011483136661
s043,s040,6,0.06679927109077594,0.00022711578993156532,0.4599760029792376
s043,s041,6,0.09778186371056814,0.13827970622629496,0.6564259694496799
s043,s042,6,0.12922905577434532,0.09061686302640785,0.4125787644365162
s043,s044,6,0.15632433334676632,0.13111353994055372,0.7731319416282872
s043,s046,6,0.10053680995542758,0.04686776900320505,0.43043737519812747
s043,s047,6,0.05982896616085365,0.008677189227644398,0.2777524021861654
s043,s048,6,0.03915852316932491,0.06249736802485722,0.5902561430535583
s043,s049,6,0.08703644421010791,0.0014709782662208435,0.7026805984366543
s043,s050,6,0.08967881756737413,0.03735591355039649,0.45390781324119894
s043,s051,6,0.16223143580285432,0.0008440599436767875,0.47438469346260714
s043,s052,6,0.09729917563350489,0.02646889188810498,0.4329530733973673
s043,s053,6,0.07875375361764406,0.0010731964910254822,0.5228542954394714
s043,s054,6,0.03246015474834216,0.0271137735591395,0.5801087535860512
s043,s055,6,0.09212603928155222,0.18850656908244792,0.7591064346420305
s043,s056,6,0.04315246004048083,0.06057639496483723,0.6371092414161723
s043,s057,6,0.04984998792267324,0.16496684227930777,0.6720986636897378
s043,s002,7,0.03543173961513875,0.013346332636201155,0.6832185491435016
s043,s003,7,0.03801935109411443,0.0006406552191764091,0.8636216491620382
s043,s004,7,0.09719981049479158,0.000375365123044664,0.6463840639941055
s043,s005,7,0.12488073309730331,0.07706616643232439,0.6677180151830884
s043,s007,7,0.10347384696132446,0.012641827095039639,0.6036937088459007
s043,s008,7,0.06500832392613862,8.525379162848121e-05,0.7533932371607969
s043,s010,7,0.08804808947201308,0.028405251493726556,0.46354367893608844
s043,s011,7,0.02999524623802045,0.1178139722292,0.8493375298729583
s043,s012,7,0.031245414204680154,0.26429464466495356,0.801990703204101
s043,s013,7,0.07684395425069822,0.0026663294483717692,0.7653569470705617
s043,s015,7,0.055741842062656526,0.0003786292563852751,0.5547959876932789
s043,s016,7,0.06417766091960697,0.012853847622629243,0.5574812327108982
s043,s017,7,0.13175318021922122,0.03500402225150774,0.7568824966013142
s043,s018,7,0.036828586540168524,0.11222112972074258,0.7493320577434034
s043,s019,7,0.1430087173758129,0.016775060403474353,0.5882800340703974
s043,s020,7,0.05228505631647925,0.13228478744412858,0.7093471400588093
s043,s021,7,0.11917776780683435,0.0001665324101827711,0.584206538217493
s043,s022,7,0.1580422470551928,0.3033035387245145,0.8259976237391192
s043,s024,7,0.10649640207076344,0.14315138761310492,0.7349793194005644
s043,s025,7,0.0753356548389939,0.009745824680031066,0.6690360236887118
s043,s026,7,0.05418575292954449,0.05782383576239781,0.5904544642526106
s043,s027,7,0.08820712905991804,0.00010528103048304427,0.5454824865812613
s043,s028,7,0.11862200280179053,0.21124511202580357,0.6768958855182226
s043,s029,7,0.05267429352741017,0.033227160984275805,0.683839138153688
s043,s030,7,0.08787875206855726,0.221280937235368,0.76796717942756
s043,s031,7,0.07715350847925709,0.07362297472086297,0.6520916411410901
s043,s032,7,0.10266910953184716,0.004829425850462371,0.7393462259831773
s043,s033,7,0.06064014192574958,0.008754229021941052,0.4226514526567654
s043,s034,7,0.04717829572348593,0.059823870943134,0.7100872494174847
s043,s035,7,0.20410485116321841,0.024881511416527273,0.6235755472680443
s043,s036,7,0.11611853789384417,0.2358152756075609,0.7063261169187204
s043,s037,7,0.05380680519314897,0.10476659057760475,0.7692842488357804
s043,s038,7,0.10747729183813673,0.005579000534036758,0.7048972546050679
s043,s039,7,0.11871009922453063,0.00638861608513091,0.5572230008533416
s043,s040,7,0.07069205227831468,0.004045469497257689,0.6012525452940419
s043,s041,7,0.060847658008945475,0.15631511410320853,0.6681725919964241
s043,s042,7,0.12305948682259858,0.10486544537780587,0.647537914062648
s043,s044,7,0.1279094676720358,0.10591434228889152,0.8490990287025364
s043,s046,7,0.08490910187823603,0.07035154722807971,0.5729375772584638
s043,s047,7,0.07270119689127562,0.010935467002125178,0.5302705744185069
s043,s048,7,0.03212467506338238,0.06837125426368149,0.6717784814720535
s043,s049,7,0.11515554796296029,0.023619972562642227,0.6571885798269541
s043,s050,7,0.08470312382604563,0.010745654122619042,0.6002234751783226
s043,s051,7,0.07707297056501802,4.225519910859211e-05,0.5298473731960487
s043,s052,7,0.08545784234911545,0.0664958410986014,0.46511198514653607
s043,s053,7,0.08321684244014686,0.032511130524532326,0.5395325149825153
s043,s054,7,0.028875051462968093,0.0853731546413132,0.6333537134952801
s043,s055,7,0.06326273288619967,0.1422048751274048,0.7708522270963049
s043,s056,7,0.04960234224052788,0.06643822862689777,0.727360255829995
s043,s057,7,0.05133582758062129,0.32594190092369274,0.7188926690338889
s043,s002,8,0.08585937422445085,0.008229056057348973,0.6465283543117828
s043,s003,8,0.07636247435102582,0.03334804088785783,0.8018740776777816
s043,s004,8,0.11042231534063492,0.012187933146976247,0.7309703953216935
s043,s005,8,0.17461903253124447,0.06720888516914475,0.6313087247826086
s043,s007,8,0.09372746579801192,0.003267818631911681,0.5771530156118618
s043,s008,8,0.07175637210844585,0.0002886082980653231,0.7159149563990286
s043,s010,8,0.20372164176331045,0.06096838885403803,0.5035077382084506
s043,s011,8,0.04378901005658155,0.11709971403656742,0.8781785689847261
s043,s012,8,0.03846231991393386,0.3900005033443414,0.8850398328799227
s043,s013,8,0.113185739787165,0.0032389929187114372,0.7894505796671522
s043,s015,8,0.08291976536039405,3.5626781813688876e-05,0.5048833550766172
s043,s016,8,0.17135942061568143,0.025634667812381336,0.5450241694750776
s043,s017,8,0.18871792973312337,0.09871910716170752,0.7116774163506541
s043,s018,8,0.049869703549733246,0.18890097697023775,0.7784164411248776
s043,s019,8,0.2341197453887605,0.02759330892930793,0.5904005897524364
s043,s020,8,0.10951418021366241,0.127699791335556,0.7346392702252433
s043,s021,8,0.10466536205537762,0.01039744419958115,0.5475422549002003
s043,s022,8,0.25570967383309673,0.333524455268105,0.8469723251965404
s043,s024,8,0.26105895567162907,0.19391887908300232,0.7286670456179704
s043,s025,8,0.15139287210191174,0.00463498337936227,0.6159897222745541
s043,s026,8,0.13422003906376445,2.6772570077226574e-06,0.6011367976462458
s043,s027,8,0.09713698822146839,0.00011643914974489091,0.5249843538530695
s043,s028,8,0.1902524084323501,0.1812904000030222,0.6559146101674977
s043,s029,8,0.07345317274071925,0.051357115414164115,0.6248431370636457
s043,s030,8,0.10306492932184069,0.29778794760258204,0.8041230086229915
s043,s031,8,0.11206469120841145,0.008224829202918305,0.6250731146376184
s043,s032,8,0.1330196096857872,0.0008647058048876252,0.7840787671575534
s043,s033,8,0.10729254361108921,0.012805068536543505,0.45269871291469765
s043,s034,8,0.05668901913644171,0.04834701325243496,0.6091285433608985
s043,s035,8,0.29177060945627215,2.770617064473699e-06,0.529566359137976
s043,s036,8,0.18784069250006008,0.2708374362215864,0.7442652129146627
s043,s037,8,0.05692994128729662,0.2259696567571061,0.6986775034851644
s043,s038,8,0.12539099566898673,6.080507547988759e-06,0.5847868502065988
s043,s039,8,0.08734172047305855,0.0024915879007684793,0.48757919626091556
s043,s040,8,0.12864313715917577,0.0011084409771591162,0.5263214151149175
s043,s041,8,0.08985506717459697,0.25553361567342375,0.6758679954744782
s043,s042,8,0.1696738226347049,0.09441204689263588,0.632372168925367
s043,s044,8,0.1420983203708949,0.02351147920820249,0.7810973918903956
s043,s046,8,0.17589212263009252,0.08980209414298339,0.5579211714923844
s043,s047,8,0.06951051222132584,0.0028386258998227315,0.5635546745596065
s043,s048,8,0.0698145067988789,0.03758516630522019,0.6253999285124189
s043,s049,8,0.1445722479837155,0.024875601784117435,0.6165253524533651
s043,s050,8,0.13524331727192843,0.002653994469391295,0.6099568441018839
s043,s051,8,0.1137051436736795,0.007560174813795384,0.5127109686323044
s043,s052,8,0.11254962811356399,0.009879016992246316,0.36735741601109223
s043,s053,8,0.10380985718301355,0.01264962108783956,0.5340090023337837
s043,s054,8,0.050336272541943845,0.02031755421811908,0.6261649319360523
s043,s055,8,0.13626981233505103,0.08820406377867933,0.6857774411770978
s043,s056,8,0.06079648725397543,0.06819107304095764,0.7114128770813997
s043,s057,8,0.07266966868302269,0.27647422096484403,0.8275064748434764
s044,s002,5,0.07251997532138937,0.00074521716636455,0.637520879692554
s044,s003,5,0.052167820168819067,0.024800619640550577,0.7275874919271035
s044,s004,5,0.07861123824300277,0.01768343131590831,0.670611953889597
s044,s005,5,0.07141666996200073,0.05226036268022409,0.6472636639062229
s044,s007,5,0.09524944547814239,0.0012511629796036533,0.5832373296166958
s044,s008,5,0.07164331944691482,0.0559565706191901,0.7379678284693182
s044,s010,5,0.05816021648706903,9.111988299518837e-05,0.5146072219847483
s044,s011,5,0.03836213121440151,0.09650772343926833,0.6981041661280819
s044,s012,5,0.03418416078109317,0.12204891911092795,0.6319463472168365
s044,s013,5,0.2388201735998201,0.0070076146711726805,0.6295966217496373
s044,s015,5,0.06089657248762288,0.013698687795501447,0.5394311139987779
s044,s016,5,0.08143250297164481,0.02961025853210074,0.3274859307798916
s044,s017,5,0.1233823635918563,0.02580748727521719,0.6815093344460001
s044,s018,5,0.037721739544967624,0.0666453013165712,0.646503575362522
s044,s019,5,0.06681580515881087,0.00029981029657005965,0.5386088222895841
s044,s020,5,0.03945994083380842,0.018455446389075997,0.557623225562855
s044,s021,5,0.04474221664699724,0.014442161580706835,0.5811915809225201
s044,s022,5,0.07065053062316472,0.039989163437024425,0.6338510472748798
s044,s024,5,0.1026327201150678,0.08449371257935769,0.6183464154329226
s044,s025,5,0.039955832473283596,0.003755612051289935,0.6180227013264825
s044,s026,5,0.058643741719564144,0.027036078905496877,0.6423506398576913
s044,s027,5,0.039724388181960266,0.07020949749371787,0.5641155162618717
s044,s028,5,0.16981372206003056,0.08566208792377625,0.6118499823681072
s044,s029,5,0.16677264379408188,0.02317593913519956,0.6279303361914419
s044,s030,5,0.045763254822775656,0.03472630023877121,0.6825121541801387
s044,s031,5,0.1003566688655297,0.006685673516503318,0.7079157899682261
s044,s032,5,0.08315667256831806,0.08248740790618615,0.65428651473316
s044,s033,5,0.04541914511690651,0.01710657946124292,0.336439569169938
s044,s034,5,0.11433955115097574,0.02123377195934893,0.6132466393173819
s044,s035,5,0.16417031212029645,0.0018371813773227171,0.6570276539883475
s044,s036,5,0.13851172559781197,0.07415460963336082,0.4531189074072479
s044,s037,5,0.028292056615292265,1.1625982643124806e-05,0.6667477792570622
s044,s038,5,0.14183480069446638,0.06382762759105481,0.580195002694516
s044,s039,5,0.08301779572809477,0.008196840432003815,0.46292567337682083
s044,s040,5,0.054289292760047604,0.0017427574568630332,0.5298245483210817
s044,s041,5,0.12201605179174395,0.00021489372066832782,0.5598233841808449
s044,s042,5,0.11955568784705488,0.005578060783193815,0.5954590428060883
s044,s043,5,0.14194835127691727,0.0585922595052582,0.6752991778387121
s044,s046,5,0.08845812827419165,0.003448079630304896,0.6365138079107237
s044,s047,5,0.08399237657159223,8.670281932154264e-05,0.46520892689820126
s044,s048,5,0.08555463390210834,0.00011341307326087288,0.6856400220265756
s044,s049,5,0.11446617513518102,0.06471591705674659,0.610693834623748
s044,s050,5,0.06052063112699657,0.009035748457768457,0.7047418627619775
s044,s051,5,0.20390883827835746,0.00709887081698864,0.5310352614707096
s044,s052,5,0.08291541820964388,0.017906511550513746,0.2960094812330699
s044,s053,5,0.14449920124016216,0.004559018947392984,0.4464065380251936
s044,s054,5,0.05560379070719795,0.07975458816940868,0.6399590721033547
s044,s055,5,0.08569373881450133,0.022584521906529112,0.5813916950969222
s044,s056,5,0.05757167427233027,0.018065369107015894,0.5382362445474675
s044,s057,5,0.0641127392243669,0.038936502670938414,0.6430288059470841
s044,s002,6,0.15700727007216295,0.0026197094325282164,0.612180790683308
s044,s003,6,0.0612399937796359,0.06824369775318812,0.7397998229451679
s044,s004,6,0.09518225800868456,0.024206899727430623,0.5384439572145496
s044,s005,6,0.06947574540801178,0.01348262697923074,0.603898407703391
s044,s007,6,0.09126817883101576,0.013005022439417162,0.5829851416452587
s044,s008,6,0.08005361024218963,0.10343886295324087,0.6982252183996991
s044,s010,6,0.20377534742365064,0.0782485656812357,0.6193538220272569
s044,s011,6,0.046061941499378416,0.1222294330640323,0.7369700773828494
s044,s012,6,0.02917553873706868,0.19789316100232962,0.6844474449240682
s044,s013,6,0.13683387611848047,1.6206581238137567e-05,0.6475640813080477
s044,s015,6,0.057945726373467114,0.01080357134979216,0.5373890841321635
s044,s016,6,0.15035972902992603,0.013008457485797289,0.4562127999139752
s044,s017,6,0.1816624162993236,0.07370426930130392,0.6437942641498636
s044,s018,6,0.05636111773570977,0.13689543433107396,0.6653010877860616
s044,s019,6,0.08638163573396206,0.01062863679185893,0.5413499487025837
s044,s020,6,0.06097590901579429,0.06480450390988624,0.5966853013455016
s044,s021,6,0.07098875219533703,0.00494756036014993,0.6464241958292991
s044,s022,6,0.13578058731871817,0.09062660069427679,0.6915828279250721
s044,s024,6,0.11284013753421163,0.12908534292394816,0.7286850780253655
s044,s025,6,0.07085543204789772,0.004753540872078737,0.6427640051095516
s044,s026,6,0.17358251286853163,0.07385810509707925,0.6111403222873873
s044,s027,6,0.05959088274646152,0.021875435586558557,0.46499818930463815
s044,s028,6,0.23849981122776978,0.14134939277569306,0.5996377482311963
s044,s029,6,0.16586962282015127,0.06499112730972083,0.6631085257925485
s044,s030,6,0.07842321546290842,0.0016347876951030473,0.6687019323314022
s044,s031,6,0.06933300066465573,0.0004227586873580892,0.6579932997105895
s044,s032,6,0.06635277892410509,0.1621293426143913,0.6904890313237272
s044,s033,6,0.0701993006977644,0.0267087904096918,0.4317868584289908
s044,s034,6,0.07307854442944882,0.033288877041803326,0.6385462959249895
s044,s035,6,0.11434555620724453,0.042053492853633606,0.5796662508540833
s044,s036,6,0.10062170560267712,0.11763498274266099,0.5631059562229537
s044,s037,6,0.07262215784321185,0.0004607694459478289,0.6497444446240753
s044,s038,6,0.08630332178092533,0.10937137827185686,0.5764860340684259
s044,s039,6,0.12084884602076126,0.0019442351672320753,0.4446228037610654
s044,s040,6,0.10270755010527159,0.004505309817769813,0.4776038287632494
s044,s041,6,0.13647762828849433,0.03997173636061346,0.6164681899759158
s044,s042,6,0.13839732952381892,0.00031973477245287587,0.48511582079166066
s044,s043,6,0.12259534167112442,0.13962771640590455,0.7521335773505264
s044,s046,6,0.08107450977775814,0.04488771274318088,0.6522801006809468
s044,s047,6,0.05119437731848284,0.014572208648032568,0.391102102732527
s044,s048,6,0.0691164903260002,0.000508734118868997,0.6915408471974428
s044,s049,6,0.1357230844345253,0.05791791836992969,0.7195038626542344
s044,s050,6,0.0535937781458249,0.029038251819235018,0.6474243656581117
s044,s051,6,0.6735104907963094,0.0056835639795755274,0.5535257425902611
s044,s052,6,0.08268768928679271,0.006770731390175792,0.34304649920959485
s044,s053,6,0.08955342288035528,0.0061071343841764035,0.5461355787643783
s044,s054,6,0.12051581882830874,0.0016178636492181165,0.6203509858130516
s044,s055,6,0.1008001561699263,0.04557694604308439,0.6526835384911182
s044,s056,6,0.062348676401030326,0.0010982089790258045,0.6125962861997991
s044,s057,6,0.0933778348792604,0.0532624557752545,0.737743032818239
s044,s002,7,0.11609754690171396,0.005811153185986029,0.7041190409595479
s044,s003,7,0.08604816829008043,0.025291590164540727,0.7339893443093579
s044,s004,7,0.20840051972353474,0.00523502999568622,0.6307447027934364
s044,s005,7,0.08755000956990855,0.001040921380600894,0.6279768252469426
s044,s007,7,0.14506083433503625,0.000392860645642866,0.6715527386242582
s044,s008,7,0.10721057241195697,0.0372706131814614,0.775742795438543
s044,s010,7,0.12397707154412227,0.0010150394514227843,0.5626634518961131
s044,s011,7,0.10043841861359482,0.07703787088084567,0.6906175464259647
s044,s012,7,0.05368349239004002,0.2084734108974194,0.6788561158202914
s044,s013,7,0.41418356358950764,0.015025579077824773,0.6488316380653751
s044,s015,7,0.15137606643180412,0.004461019533956452,0.6243761634324295
s044,s016,7,0.12148068528628969,0.029955505719222123,0.3899449261931227
s044,s017,7,0.27631343245551854,0.07689401334208695,0.7289977914810807
s044,s018,7,0.07247828678367081,0.07592328456010365,0.7071677033686387
s044,s019,7,0.09751957795331874,0.00041280168537306214,0.5852765898544194
s044,s020,7,0.09912294277290266,0.0407468245038777,0.6426156210245562
s044,s021,7,0.13532300209158699,0.006640213764072688,0.6553510006727906
s044,s022,7,0.10469144325605723,0.0496529783991361,0.6283211932048054
s044,s024,7,0.19743093652247293,0.058199379487766476,0.6795460502375197
s044,s025,7,0.09568657122924298,0.00015190849510340966,0.6605669843942674
s044,s026,7,0.09249659625951516,0.021165992545730563,0.6470308412713812
s044,s027,7,0.09225807329220334,0.003993368508922949,0.4846795226713614
s044,s028,7,0.2790659509445883,0.18185272044366785,0.643505096644162
s044,s029,7,0.17543072010534252,0.01373103719392035,0.6293417025526725
s044,s030,7,0.19426657716170218,0.003059910609086185,0.59884538535905
s044,s031,7,0.1726602435678857,0.017661421138534323,0.6928973863112398
s044,s032,7,0.18139339758273784,0.07166326840326302,0.642935890187642
s044,s033,7,0.07578577684117602,0.06455027533131429,0.4066385157073094
s044,s034,7,0.16835392407318278,0.004846751495612575,0.5973063842662931
s044,s035,7,0.17467481836211396,0.019713716496130136,0.7223828698907443
s044,s036,7,0.28174612968261364,0.08157751833435027,0.5238245933079605
s044,s037,7,0.10438039798642654,0.011111274514443908,0.7800942657497231
s044,s038,7,0.1798063687509498,0.1442876023288815,0.6632379256371449
s044,s039,7,0.20907905149930295,0.0001431423056628839,0.5743841622108381
s044,s040,7,0.15682260345269988,0.014570025020182141,0.5487209551965235
s044,s041,7,0.19062137728003373,0.006993687297515328,0.5760940245462185
s044,s042,7,0.19902162123170816,0.0013776605654799022,0.623472217108347
s044,s043,7,0.2942770997464119,0.12018726401812611,0.6608419394244072
s044,s046,7,0.16934849002845823,0.002564483445796462,0.6631587743602331
s044,s047,7,0.11702879822690984,0.060062215794960634,0.5237906369592348
s044,s048,7,0.08210317759131246,0.003535214485774433,0.7208467830190808
s044,s049,7,0.18095455737577631,0.014678856178547545,0.5670314340994405
s044,s050,7,0.07785915240360598,0.012504433162790835,0.6486743906523689
s044,s051,7,0.39474535393657534,0.010408004585577772,0.644597512195353
s044,s052,7,0.08999332693788581,0.03797157725831455,0.3992526763782963
s044,s053,7,0.24623268732106798,0.00043028702569461946,0.599624733416027
s044,s054,7,0.07313000329345921,0.11463307052907577,0.7099030324036565
s044,s055,7,0.12014167272231818,0.0701697685195157,0.6608266907298563
s044,s056,7,0.14220536834479383,0.017364153711082807,0.6159919027780629
s044,s057,7,0.11104192163979903,0.08976588706717607,0.6736581356991955
s044,s002,8,0.4708836393885561,0.0003515515562729694,0.642698725287196
s044,s003,8,0.05522537748327816,0.21525274496434738,0.838943349730259
s044,s004,8,0.12412644431318205,0.035307110827193504,0.5770750286092864
s044,s005,8,0.08494362318177177,0.04971480445531636,0.7062519844578015
s044,s007,8,0.0894240772426822,0.00140431168992985,0.7592201763269728
s044,s008,8,0.06938907227183848,0.17011578662521393,0.7627702314715182
s044,s010,8,0.1718177033945708,0.013919793006939341,0.5461416019215217
s044,s011,8,0.04340664635584192,0.11355336925008808,0.7804550656941998
s044,s012,8,0.02610238693802464,0.2173272895584914,0.7228426403826932
s044,s013,8,0.2983005392287178,0.0021632008107364477,0.7252682163845221
s044,s015,8,0.05082326192335733,0.004626918744517331,0.6037419520235473
s044,s016,8,0.17951340548889017,0.09829515368734043,0.5724709090173372
s044,s017,8,0.26002229194231957,0.12094313892761924,0.7626349555606986
s044,s018,8,0.04778541624106368,0.15870150571874794,0.6479569686009657
s044,s019,8,0.10608307345422742,0.005480988817815606,0.6500724068381211
s044,s020,8,0.050266831128852336,0.03122152463820663,0.6761244117490212
s044,s021,8,0.07488379724629587,0.043438702661794344,0.5874874175421638
s044,s022,8,0.12013714690387468,0.0809330765411828,0.6889296366617075
s044,s024,8,0.11599440184144517,0.13728229090199948,0.7489750922275967
s044,s025,8,0.052052254282334114,0.0004784566339947947,0.7032382403691714
s044,s026,8,0.08784135816055566,0.09115789619697114,0.6684215244634277
s044,s027,8,0.04986016563650378,0.005968691934604411,0.53819438543077
s044,s028,8,0.3865194153403478,0.062201836640444826,0.6226942643119499
s044,s029,8,0.30069044447025983,0.061337754752047835,0.6915725138565547
s044,s030,8,0.14189645813898735,0.015906636313846416,0.7790844319919624
s044,s031,8,0.05176056285707241,0.001169050524727515,0.6585710826426338
s044,s032,8,0.0866767281207456,0.19470760154960307,0.7036248884432126
s044,s033,8,0.06169493619740589,0.002780514826214245,0.4435217211233351
s044,s034,8,0.097212626848941,0.04228442853372938,0.7100162926090139
s044,s035,8,0.08625649694663941,0.05177041532039004,0.650591325961322
s044,s036,8,0.14678484990461577,0.10590511474338683,0.5449125178157902
s044,s037,8,0.053589493666522485,0.039438597173122605,0.7130111806919932
s044,s038,8,0.11912611467738918,0.07280598714663788,0.6887187788137342
s044,s039,8,0.21890274309340824,0.024248451691643733,0.5701780433438606
s044,s040,8,0.08217234222141356,5.525189900695037e-05,0.5609402862066539
s044,s041,8,0.12491186871945348,0.00900637907177092,0.5816808089944104
s044,s042,8,0.13627344868148814,0.0011744125973467984,0.6164913303482933
s044,s043,8,0.09918182700141888,0.10162164129670051,0.7576872428392906
s044,s046,8,0.08533675816027746,0.019097615408826523,0.6944116437053703
s044,s047,8,0.06738934993975895,0.0409823847796267,0.5239779035285059
s044,s048,8,0.07545870910825961,0.0096722849783669,0.6673881940812493
s044,s049,8,0.11435314285799024,0.014480814186194273,0.6714310332986074
s044,s050,8,0.05173498752935895,6.223546916569298e-05,0.685348116457098
s044,s051,8,0.29857967179974715,0.009842281358164232,0.6328930587149229
s044,s052,8,0.15238767572190887,0.029244978596654956,0.4481352984236865
s044,s053,8,0.1275131738804869,0.012154509279717465,0.5449408054238313
s044,s054,8,0.12739078893711733,1.5518401836466374e-05,0.7142558479167114
s044,s055,8,0.08948200935448683,0.15009710753857858,0.7074602325576369
s044,s056,8,0.06667519289660916,0.0014709975525650017,0.6867669471614717
s044,s057,8,0.09071211633336038,0.014624355946372765,0.6901521666467926
s046,s002,5,0.2412820513472773,0.0454189988815956,0.7163512195440497
s046,s003,5,0.14209662702412143,0.008842992036505454,0.6459576861445185
s046,s004,5,0.11322635869197889,0.042906565137047915,0.6587651853003103
s046,s005,5,0.19107546171143716,0.0058826134444207485,0.5314016897633356
s046,s007,5,0.16674729973582467,0.001557741858337255,0.544105626943246
s046,s008,5,0.10878249230575654,0.00859942527175046,0.7298318871560903
s046,s010,5,0.14682259964967692,0.000592308644748472,0.5445702172460125
s046,s011,5,0.15443164635717535,0.017471490380266883,0.5545565807192758
s046,s012,5,0.10287516783457387,0.062322679646852105,0.5786442082504342
s046,s013,5,0.10174718440505105,0.04448452903407249,0.6683927542928195
s046,s015,5,0.09273358603572023,0.011997171858246954,0.5401351412100797
s046,s016,5,0.13013749583366507,0.03027260593799181,0.3633158862634323
s046,s017,5,0.13549893331705967,0.012466630176440214,0.7205723863321878
s046,s018,5,0.16435055592103634,0.003833833240586779,0.6768388057546517
s046,s019,5,0.154165777380717,0.001908336593585753,0.4998832437740735
s046,s020,5,0.1231912807594174,0.05752701451089391,0.5051058550390729
s046,s021,5,0.13144600180917695,0.016085851169242896,0.5911670664377864
s046,s022,5,0.20710071897449123,0.015017376470753498,0.44938838130761233
s046,s024,5,0.11250354967962954,0.00022523557373142484,0.5910854165723989
s046,s025,5,0.12340648525531427,0.013869973783155597,0.6734482891650123
s046,s026,5,0.20293611716221763,0.00344264308547825,0.6217938623395529
s046,s027,5,0.11297174563326215,0.07982871956683137,0.6779486346283176
s046,s028,5,0.0755811971069938,0.02963707726978012,0.669065738455809
s046,s029,5,0.11248036923037001,0.0011538560979614176,0.7024485392903982
s046,s030,5,0.16322003805448773,0.0023139770458306106,0.6086420902453593
s046,s031,5,0.1071858835424087,0.05155068517173541,0.7802935205942186
s046,s032,5,0.09549315536683928,0.03447291932984579,0.6328553609552936
s046,s033,5,0.1697698539174809,0.04034358743594995,0.43789619274221364
s046,s034,5,0.21588754515223457,0.014853398291160001,0.6677338730328013
s046,s035,5,0.24920530124331344,0.12895143572559303,0.682301951122696
s046,s036,5,0.12353451848383662,0.04364029181042346,0.3618539918125574
s046,s037,5,0.1045950081179217,0.03276522534277949,0.787186466690098
s046,s038,5,0.25525318807465225,0.028725688851448716,0.6179497834555897
s046,s039,5,0.21892287378034714,0.025254136897964134,0.598452051184654
s046,s040,5,0.12053529199247003,0.10214818898978761,0.5427259910979314
s046,s041,5,0.2245285667944274,0.004214402226077657,0.5719266076942227
s046,s042,5,0.24541834647458965,0.034158462980620155,0.7836479164267284
s046,s043,5,0.14077795737954016,0.004065556419988458,0.4623403952047707
s046,s044,5,0.159391058712363,0.0219607589478358,0.666869278421257
s046,s047,5,0.28742986553559996,0.02070528575993273,0.6077742400195109
s046,s048,5,0.167756072994722,0.016429540226521214,0.5890807351471408
s046,s049,5,0.14541894131542965,4.3901519132934576e-05,0.4294341504375416
s046,s050,5,0.20142056509773884,0.0006345831931871385,0.6350264371407046
s046,s051,5,0.1320962110431495,0.0019308590208137804,0.581259390779424
s046,s052,5,0.11271876317747138,0.0051521033600531166,0.3509812405799434
s046,s053,5,0.2169051085276082,0.0002991108932606715,0.5412150232117652
s046,s054,5,0.2039210262717783,0.017841695090972658,0.6553345535481555
s046,s055,5,0.14149021601043393,0.0040742807407833015,0.5866681387597292
s046,s056,5,0.12836129083091044,0.016269581203668903,0.6571543218384922
s046,s057,5,0.1772348727215574,0.01785414812925071,0.6075945892645452
s046,s002,6,0.2424423911049154,0.00471995996913285,0.5763828940855623
s046,s003,6,0.2802348855062965,0.009886381439862004,0.4832614382295699
s046,s004,6,0.20113862333069676,0.00019266707392652215,0.45591772547334275
s046,s005,6,0.219008067628948,0.09177049576537165,0.5585617788359053
s046,s007,6,0.33082078009551685,0.004001864132344501,0.4606244843195941
s046,s008,6,0.30601587181946877,0.003608887672798195,0.7307140949723947
s046,s010,6,0.2828957700091404,0.009741561380051845,0.41672844108402296
s046,s011,6,0.33110295756611,0.020638026533743834,0.5210342536252475
s046,s012,6,0.1606173945591194,0.09676659715358464,0.5022170920613369
s046,s013,6,0.37099308000542464,0.003413656610860899,0.49429144217023885
s046,s015,6,0.15487573305122151,0.0036504681991635043,0.4112032387617248
s046,s016,6,0.21411350205022198,0.0006528215837990225,0.23838365086317845
s046,s017,6,0.3238370699760139,0.12811781813534703,0.6751554413457594
s046,s018,6,0.1710110280541031,0.012394965936318274,0.5416164751066586
s046,s019,6,0.21584965956796548,0.007831289952392862,0.4328872606646859
s046,s020,6,0.19710553138095493,0.011647932126544063,0.33113443153108696
s046,s021,6,0.18162779383151434,0.00506894069518567,0.47334944072975216
s046,s022,6,0.2533639032652947,0.00047885196599872293,0.35736133474383486
s046,s024,6,0.24856388800569593,0.016258022331487813,0.48022189034614726
s046,s025,6,0.24803623836782346,0.02215518812839261,0.653076069834362
s046,s026,6,0.5133910777161032,0.09939625878157166,0.6111564018285911
s046,s027,6,0.18649959959437076,0.04571960825289394,0.5135947018449453
s046,s028,6,0.16320500687959716,0.004298071518732588,0.4556338882182604
s046,s029,6,0.34776390379493666,0.0003503722326961407,0.5819733987623164
s046,s030,6,0.24797938755228544,0.048582799275502214,0.6048374758899352
s046,s031,6,0.23144444860768187,0.020528361606796646,0.7539637608063537
s046,s032,6,0.16396749934336252,0.03451623362928393,0.5485654701800995
s046,s033,6,0.20528083766865612,0.0206321267347483,0.3198346104908245
s046,s034,6,0.41166308308096916,0.020593426327655342,0.49726743998290873
s046,s035,6,0.31408287964410136,0.10103816811235486,0.5853824521198486
s046,s036,6,0.27168116077418303,0.019901346598108483,0.2842634099034524
s046,s037,6,0.18715237286708689,0.008421453696878486,0.6600485895871054
s046,s038,6,0.3203933655976274,0.0693471064258895,0.5086703343475252
s046,s039,6,0.29735703152361914,0.019348351737763714,0.4375429025100421
s046,s040,6,0.15040258864724926,0.04507518321623137,0.46998986782870134
s046,s041,6,0.2679202885659254,0.014779874216954201,0.49178180504730745
s046,s042,6,0.2915348084806898,0.005841247927373164,0.5107387349113214
s046,s043,6,0.2166160906800325,0.001977769011127073,0.34345895761950046
s046,s044,6,0.3596467042139674,0.089725427279766,0.5497255629710159
s046,s047,6,0.24809962417455386,0.03955916544608694,0.4979866939537273
s046,s048,6,0.2793990791254856,0.021617713211182273,0.5399166140209124
s046,s049,6,0.16745552249550652,0.001251729539622067,0.36624505723116113
s046,s050,6,0.26493968282488006,0.03885976968352617,0.5506626579876992
s046,s051,6,0.31074344096925555,7.274820871015207e-05,0.4828006740739761
s046,s052,6,0.19007388544254766,0.01522873361029176,0.23676453181210427
s046,s053,6,0.21971163553455741,0.0008237618520781783,0.3709428105503314
s046,s054,6,0.48660892228389685,0.00417521752507853,0.5759834096880015
s046,s055,6,0.23659916431682487,0.0017915987856657444,0.47658324607837366
s046,s056,6,0.2567875410208946,0.015424076631470674,0.4510019390866127
s046,s057,6,0.24308004753337994,0.0039042958929428402,0.48604321905345577
s046,s002,7,0.29344716570679225,0.007488763947816809,0.7279772708709118
s046,s003,7,0.04520741997008833,0.15852941978417384,0.6402445362783327
s046,s004,7,0.04901557335725438,0.04166930968302064,0.6306378803685996
s046,s005,7,0.08532116819375785,0.0006671390920611837,0.6653666821133387
s046,s007,7,0.14313466430280125,0.029281705741189705,0.5534784577326752
s046,s008,7,0.07521435450574034,0.024922446234907473,0.6913993501120007
s046,s010,7,0.07820515968087363,0.032782376728690305,0.6104571403581097
s046,s011,7,0.07582841837388202,0.03519268976679791,0.6882121334803831
s046,s012,7,0.06494441748401855,0.07368793742974769,0.6400889541588441
s046,s013,7,0.06968517038698172,0.09716502034865362,0.8052207620640586
s046,s015,7,0.0295000576916113,0.05897533154629561,0.6054201361602523
s046,s016,7,0.11247849657255887,0.18050138726803597,0.5585454352572179
s046,s017,7,0.05244316255494248,0.0022102647770717875,0.7779488578236158
s046,s018,7,0.03988998765471387,0.07608002061736274,0.6039221617797996
s046,s019,7,0.0783302169586127,0.009867720834796345,0.4991366698912252
s046,s020,7,0.05614677080337836,0.05302720757279422,0.5840627424981821
s046,s021,7,0.05556559299704936,0.05620293160753221,0.6142873620840299
s046,s022,7,0.07161291238394939,0.005156978714053176,0.568196439266
s046,s024,7,0.05323490903804793,1.3807905706777169e-05,0.5820260903288036
s046,s025,7,0.05102682944957599,0.024195361139034883,0.612782069148368
s046,s026,7,0.12557120695599178,0.004486813360883484,0.7014645675101034
s046,s027,7,0.0883793370525148,0.0032180202835331547,0.6698920531013275
s046,s028,7,0.0948080832275928,0.08335396148028988,0.6967503011190367
s046,s029,7,0.05178874745381754,0.0009521504843970956,0.7008759118914516
s046,s030,7,0.06723561407667697,0.015651137796776907,0.8090378231673474
s046,s031,7,0.04377111567473809,0.004968309071621337,0.6890088235480167
s046,s032,7,0.04153084687693438,0.3402007235882212,0.776733911150008
s046,s033,7,0.09411806122857691,0.0581750176011543,0.5810664227340653
s046,s034,7,0.09582530068033891,0.018264225435907923,0.5252839913907581
s046,s035,7,0.06707809413687973,0.0017586268583285223,0.5441016673241135
s046,s036,7,0.04220210834581977,0.03154863900469836,0.4132046046596139
s046,s037,7,0.13318648132132624,0.015158148578717072,0.7104058528789141
s046,s038,7,0.04986663043913278,0.013502847831210812,0.5708204015331978
s046,s039,7,0.20223438284995218,0.039389803679359965,0.5225252430536466
s046,s040,7,0.06638210025900917,0.010340011860654138,0.49571940085956756
s046,s041,7,0.09580902409122317,0.10551796100379,0.7528000632486129
s046,s042,7,0.2148433282160242,0.076802417344557,0.641178351831181
s046,s043,7,0.0658341576956034,0.017511619821575185,0.4529176770390266
s046,s044,7,0.05458982373227349,0.0813058481320523,0.7021552115068107
s046,s047,7,0.06358310519738815,0.0012731189356615892,0.551374888105392
s046,s048,7,0.056171392409000424,0.020212010620166213,0.5131171848493222
s046,s049,7,0.05935249211723225,0.12204486930430243,0.6155726297144559
s046,s050,7,0.0392883013678027,0.009246420643413505,0.6352963302053122
s046,s051,7,0.11203233935421662,0.06330334150559169,0.5942986115919952
s046,s052,7,0.07833763533035562,0.0030410522014996466,0.31791873609699767
s046,s053,7,0.08735821579105174,0.052108411636933936,0.6435631995351604
s046,s054,7,0.11472050817475206,0.012052804188718005,0.6053197541568203
s046,s055,7,0.06488715243526377,0.05304293449589689,0.6111048825128025
s046,s056,7,0.04045335829720171,0.03350853630226739,0.5759194438737366
s046,s057,7,0.0610524115455693,0.028561814347278246,0.7413490887351735
s046,s002,8,0.18083462500512998,0.1531260920070166,0.7331612986012681
s046,s003,8,0.09147515129634842,0.010231867001919642,0.6638034100771293
s046,s004,8,0.06946384895775734,0.005850009955874951,0.5532156086848966
s046,s005,8,0.05774658163794201,0.02830659855443001,0.6920937077853401
s046,s007,8,0.08881686161769765,0.012956526060983716,0.6633282083790538
s046,s008,8,0.12205720751123517,0.006953588415089586,0.6096936740530614
s046,s010,8,0.06125116373985962,0.030730306543493603,0.6124040573309295
s046,s011,8,0.07416635288532493,0.04027733493608803,0.5059178978414616
s046,s012,8,0.05773446490949007,0.002230800799032104,0.501505950961668
s046,s013,8,0.05249112175490696,0.04666326643806256,0.7221809153194944
s046,s015,8,0.0424187028315412,0.10953598116656917,0.6410521171911874
s046,s016,8,0.09488246336146189,4.432840718049249e-05,0.5767616133352276
s046,s017,8,0.04674101986878855,0.023651818579614486,0.7737525548388663
s046,s018,8,0.04414844026517242,0.001674972021416037,0.5580887121099606
s046,s019,8,0.07912493217302684,0.05418179486631246,0.6202022104388365
s046,s020,8,0.08836819972092799,0.010722152512831274,0.5561958111412076
s046,s021,8,0.06141843834833803,0.037100523903017824,0.6595187501062375
s046,s022,8,0.057025768186625726,0.0005891421758756939,0.38605153669444053
s046,s024,8,0.05871101319424629,0.004649170719710144,0.6557973693505924
s046,s025,8,0.09335941231446397,0.006507060968434655,0.6677582692441666
s046,s026,8,0.12778542100923843,0.03779212395633099,0.6633939704610085
s046,s027,8,0.05636436498644374,0.10088944869049361,0.620655311256482
s046,s028,8,0.0520195021472577,0.07897825612676629,0.6250688826269043
s046,s029,8,0.043296877350966885,0.009652709631787874,0.7034426886776084
s046,s030,8,0.059346632555274406,0.010202791733315592,0.5690601243060072
s046,s031,8,0.10893521154215108,0.020274173103852756,0.6455551664172943
s046,s032,8,0.03315449607873265,0.07504034279151904,0.6664076618255699
s046,s033,8,0.0699473012349863,0.01248726013355673,0.590814343164266
s046,s034,8,0.11516152845190221,0.049422169241243846,0.5774499945125009
s046,s035,8,0.08276537301106873,0.04883737165490039,0.6048891351260955
s046,s036,8,0.05633412811627609,0.0056240649373202065,0.3138601026737833
s046,s037,8,0.06094499093542512,0.009303228303750606,0.6037777063517175
s046,s038,8,0.08026615113921486,0.006372350062644367,0.5498131969961456
s046,s039,8,0.07456939715938952,0.0257343347608498,0.5234687279787928
s046,s040,8,0.092227377279473,0.004703619321340585,0.4199394461569669
s046,s041,8,0.12171448355518706,0.27847780802784705,0.6473151394398496
s046,s042,8,0.09059357383205578,0.02153997369672185,0.6313422265462089
s046,s043,8,0.05678546982152604,0.0008093047915157988,0.3873804547188946
s046,s044,8,0.03141864375186052,0.0025632600985660632,0.6055826243176518
s046,s047,8,0.05705215920773436,0.012628938215496403,0.6051178522113042
s046,s048,8,0.14667263006027167,0.014743724047043804,0.6457710988235241
s046,s049,8,0.057026421615594014,0.04795516954232138,0.565973879099303
s046,s050,8,0.08697141387387403,0.02282966276185631,0.5829590847765813
s046,s051,8,0.08497180048061728,0.031562469028992075,0.7192234169417155
s046,s052,8,0.03738501878412157,0.012554393562272746,0.38679432677820713
s046,s053,8,0.07261750801755855,0.08052253401651609,0.6403526684238607
s046,s054,8,0.07867331542448316,0.00016566731773457588,0.6916138331545288
s046,s055,8,0.08163558342334803,0.02774892311793665,0.6524128122238448
s046,s056,8,0.04656401741934513,0.005229329328441234,0.4924204996445132
s046,s057,8,0.07539774372239537,0.016280681576699214,0.6426132144920457
s047,s002,5,0.06506248497352822,0.021327042930648143,0.7313908539226934
s047,s003,5,0.05774030452655369,0.00047238702535819325,0.666821803044345
s047,s004,5,0.0540302478209526,0.0010443259715637607,0.743105098254145
s047,s005,5,0.13806551892678434,0.006270728334433326,0.6640159695036353
s047,s007,5,0.05779602764446712,0.0008724396521814214,0.6599708646082398
s047,s008,5,0.10101277689107853,0.07053580529533705,0.6540621833292183
s047,s010,5,0.07364618853493182,0.028092730542346324,0.6471089034274501
s047,s011,5,0.056197245954236766,0.04392921144037546,0.6179437874778052
s047,s012,5,0.09652109265395763,0.10370094326118114,0.6345315428008556
s047,s013,5,0.04083400468002959,0.049063758371999396,0.6826010770024887
s047,s015,5,0.06503609634733278,0.0030511285711123147,0.6385030202998186
s047,s016,5,0.09877415953107901,0.0038253031995898394,0.5167788539193882
s047,s017,5,0.06618651145576902,0.01979138017873337,0.7594581289926259
s047,s018,5,0.12579661850199134,0.06338782269663165,0.6348101238381652
s047,s019,5,0.07863515842959636,0.15109193201034848,0.6711983103024982
s047,s020,5,0.13881882376367874,0.04684568446011763,0.7127586428135464
s047,s021,5,0.12243802832746241,0.00020865471894572865,0.5826970681389951
s047,s022,5,0.10747444886220373,0.040005373765588804,0.5881570693935663
s047,s024,5,0.07537866395406762,0.002754641286044134,0.6753721551380012
s047,s025,5,0.09129586894172681,0.03534972134710157,0.5179456742159227
s047,s026,5,0.08654222118250571,0.14461849553633566,0.7382637222598974
s047,s027,5,0.15377210663679158,0.0019210916837643032,0.5422161199463008
s047,s028,5,0.03915401370848966,0.06464365935249258,0.6661670594132786
s047,s029,5,0.04643946451434088,0.0014141070026758987,0.6981403274302496
s047,s030,5,0.0894866902504905,0.007258314279966408,0.6973945895491
s047,s031,5,0.10608798108732571,0.0195758003992077,0.5923563640907129
s047,s032,5,0.10040207647780104,0.00612264172492378,0.7319103787934452
s047,s033,5,0.10361466811385892,0.0003742907767381237,0.5955382576925131
s047,s034,5,0.08682827951930447,0.061892645987639605,0.5677377331325899
s047,s035,5,0.07590833792175905,0.01869899014941443,0.6228822435613316
s047,s036,5,0.07153388787228855,0.026396611254296085,0.4173308245339825
s047,s037,5,0.1283958860535077,0.010318824192499304,0.6159388140926991
s047,s038,5,0.11341428940048194,0.13963295885934834,0.6107446197490463
s047,s039,5,0.0899591618839687,0.009038197140001645,0.5771183371149988
s047,s040,5,0.10346666336608794,0.009856912936224515,0.6317285472709907
s047,s041,5,0.11638848695296182,0.025636997387988112,0.520021117840847
s047,s042,5,0.20980362199403346,0.013845513905178115,0.6531061143448145
s047,s043,5,0.06977760361592412,0.008947356877365656,0.5237424312138395
s047,s044,5,0.03978781919664901,0.041515692368397444,0.685165661926331
s047,s046,5,0.09990943601199637,0.07373038006463167,0.6929330483534033
s047,s048,5,0.045268071886632795,0.0013255061349912245,0.633558481687885
s047,s049,5,0.07470361462952838,0.07106927611397783,0.4855615821140217
s047,s050,5,0.15409491789493726,0.0007972169568779444,0.733291463529288
s047,s051,5,0.12693579031463165,7.899690318028383e-05,0.5644235965776314
s047,s052,5,0.07452396957959544,0.040466789726223,0.47776896114466044
s047,s053,5,0.0715090608691464,0.011971977319583334,0.5711993436059687
s047,s054,5,0.08520431684289152,0.00019966529367638382,0.6838063468606518
s047,s055,5,0.08453606614949792,0.006012197386029152,0.516138344416969
s047,s056,5,0.06252221695711223,0.020927851342522886,0.6280963432513066
s047,s057,5,0.11242226761967453,0.00860197581634357,0.6544764320422892
s047,s002,6,0.2391800699368423,0.019518066902033754,0.6580856957737748
s047,s003,6,0.05707265443339862,0.038361059109080345,0.5996581610479431
s047,s004,6,0.07619886021257925,0.016832140048698086,0.5499016642590613
s047,s005,6,0.06481829568222638,9.953990975499909e-05,0.6891774061676282
s047,s007,6,0.054788716096762884,0.008458717142143121,0.601439995144745
s047,s008,6,0.07025523908025658,4.51401116090563e-05,0.6391728052724304
s047,s010,6,0.09575136851123422,0.04223874935705767,0.6835776644040596
s047,s011,6,0.10547504900155827,9.269782193146224e-06,0.4930742248108845
s047,s012,6,0.1016987757621519,0.0001495051419104022,0.5151979014649204
s047,s013,6,0.0716490557566767,0.017870173027783265,0.5025758043347485
s047,s015,6,0.11472018812125802,0.002281050710618417,0.5589023583247111
s047,s016,6,0.19116495697885885,0.061479218660433106,0.5117397066619419
s047,s017,6,0.06955618036470078,0.010203070207792828,0.6580998073645061
s047,s018,6,0.15655055694476336,0.07880241523036878,0.5299648730964499
s047,s019,6,0.05737462043054251,0.11889300279534822,0.7329941797886403
s047,s020,6,0.13678128286260144,0.0723444982625523,0.5376687730284796
s047,s021,6,0.09567126467987265,0.020519674129423068,0.5547538501818313
s047,s022,6,0.08587953942569158,0.0355447448596299,0.4695846549756655
s047,s024,6,0.08552130453519169,0.00504539655903565,0.6323671242840161
s047,s025,6,0.0898667682352599,0.0002791291708062987,0.6922591683436208
s047,s026,6,0.07412313654259146,0.00013902978435188597,0.5602709008345952
s047,s027,6,0.15216399739930156,0.15403873864938153,0.538766633422088
s047,s028,6,0.07142039978386068,0.004032854202274356,0.6069233006219202
s047,s029,6,0.09224885266408,0.021041821129316584,0.7249154698479618
s047,s030,6,0.20356691592008164,0.07462666386525948,0.5242898685586552
s047,s031,6,0.19482867727202177,0.013567513699099679,0.6486015601854225
s047,s032,6,0.11114261128282085,0.03854570920417999,0.5579746142438062
s047,s033,6,0.1348135878183636,0.013750050401280295,0.6654406331842198
s047,s034,6,0.16037605445354744,0.029524249235582792,0.7444449969897758
s047,s035,6,0.13618289413689305,0.004730002655128961,0.6478923202538788
s047,s036,6,0.0681791852175109,0.008106824330816026,0.3338581107742843
s047,s037,6,0.19076188872181296,0.01043469033222655,0.5034026750383354
s047,s038,6,0.12050849026629895,0.10874479270661834,0.6769358158032053
s047,s039,6,0.1704794522169928,0.047323595787649886,0.5808892850809335
s047,s040,6,0.07533354305994826,0.10970714172188921,0.680641818083066
s047,s041,6,0.12465367531966948,0.033633336997190545,0.5404485205072063
s047,s042,6,0.12596762466267405,3.935374194238091e-06,0.5464975298312259
s047,s043,6,0.0592131702638085,0.018689974635166917,0.46437892901080474
s047,s044,6,0.05842262469294758,0.17199395365958994,0.6420302338924606
s047,s046,6,0.14714719311243554,0.019932259800577196,0.6815855139419472
s047,s048,6,0.035760571016469705,0.006408664883153782,0.693675183593351
s047,s049,6,0.08503666050053664,0.08255193337957126,0.505197862645893
s047,s050,6,0.15664641986948627,0.049692666000537344,0.66823152399291
s047,s051,6,0.1397458291628093,0.03932804185095068,0.5754945940290731
s047,s052,6,0.0657053716299861,0.07876036526951752,0.5624793392610924
s047,s053,6,0.09531500341204385,0.022262811531136618,0.5145978469829028
s047,s054,6,0.07921358837058355,0.006799864231955489,0.7156908480179703
s047,s055,6,0.052684107306596666,0.030164458847559403,0.5715344793125076
s047,s056,6,0.06893279206581071,0.04369821251261966,0.5967030886032869
s047,s057,6,0.11205675091892565,0.008909116683660064,0.43073058708108286
s047,s002,7,0.2461366224742877,0.017962186282771873,0.7172679136277971
s047,s003,7,0.12430176748680143,9.541776260475767e-05,0.7027453376222386
s047,s004,7,0.07838756918562148,0.00791517841631641,0.6929358014944348
s047,s005,7,0.07352101074429772,0.0037688091001514094,0.726800970186254
s047,s007,7,0.2697245241721656,0.013890136062546224,0.6385939083796002
s047,s008,7,0.07700893134591105,0.0013930538305434496,0.6787373123469927
s047,s010,7,0.081089041308585,0.03638337373424261,0.7174979256015561
s047,s011,7,0.11740645415833913,0.06338104279001167,0.6096898083202831
s047,s012,7,0.11332611849767404,0.04993434496002434,0.6250494664943603
s047,s013,7,0.07729208885397196,0.028150276149551356,0.6017560824542239
s047,s015,7,0.08645101976524107,0.0015492203998294062,0.559862109721578
s047,s016,7,0.20286453347426667,0.021609522931974164,0.5472872723426009
s047,s017,7,0.052672412315816514,0.042874138112572964,0.6986846471317179
s047,s018,7,0.23313626681146182,0.16156011477558477,0.6175281142620853
s047,s019,7,0.050849076625366675,0.1955919851373491,0.7405482992073469
s047,s020,7,0.3150066431450985,0.11120543373424782,0.6139636119034751
s047,s021,7,0.15575473369634626,0.02796191049792463,0.6297054233501755
s047,s022,7,0.11412363717041932,0.03665918530025859,0.6031635260256878
s047,s024,7,0.15786276044666092,0.0030515161849989456,0.7268584789098077
s047,s025,7,0.15484532959763542,0.012440744646667152,0.6438415639339214
s047,s026,7,0.0987639030326078,0.031718320506749255,0.6571397820543624
s047,s027,7,0.2537293184141233,0.060567174120132274,0.576419948522431
s047,s028,7,0.14546267652602657,0.0023646576205476662,0.6370326320383188
s047,s029,7,0.05787413282154433,0.007495160448592338,0.7275971913786288
s047,s030,7,0.2526347156735849,0.04085785469476784,0.6408388946098359
s047,s031,7,0.14703189428903654,0.07160201201543147,0.6526744832106391
s047,s032,7,0.23820895320796645,0.0930738829319463,0.7252176632357653
s047,s033,7,0.1683925573764832,0.01928451002965429,0.6312574974577456
s047,s034,7,0.15196901961257706,0.05800417992419819,0.7225099591671739
s047,s035,7,0.15272838504496014,0.0026225465830909617,0.6551703555572171
s047,s036,7,0.0812311537650786,0.021818206077142393,0.43485917746511077
s047,s037,7,0.20767159302253585,0.0019646922369794657,0.5996605331042267
s047,s038,7,0.11935463434485119,0.17066717870328735,0.7084763325327618
s047,s039,7,0.08053729664508516,0.05912705462759302,0.6493809941650733
s047,s040,7,0.17174245657057607,0.11381406117944387,0.7438235297876942
s047,s041,7,0.24665891883690794,0.0069038493379435534,0.5547559631032439
s047,s042,7,0.15420891878682752,0.0038589532789075035,0.5948963879370924
s047,s043,7,0.058274765942345895,0.06969052797407316,0.6263087971305695
s047,s044,7,0.15535334239889495,0.13949025668040946,0.7243510518153465
s047,s046,7,0.20070835480083346,0.019781316377454207,0.6913116503833263
s047,s048,7,0.055074753975820956,0.02687941273279553,0.6916688552758848
s047,s049,7,0.14049976211288753,0.13403200621063502,0.5617356277615515
s047,s050,7,0.17438085538482334,0.001005653899497612,0.6925426786890521
s047,s051,7,0.16236323494644675,0.020710844965404554,0.5776028047080871
s047,s052,7,0.07963045660801116,0.029803074810390486,0.6195546271834189
s047,s053,7,0.13708192911468695,0.014788565257920439,0.5800239005795506
s047,s054,7,0.11657496795510282,0.00011173766507543086,0.6775329728685905
s047,s055,7,0.05673617172533458,0.00274552235613113,0.5815301180652694
s047,s056,7,0.10807987105010912,0.1210447204631993,0.650744171930056
s047,s057,7,0.13023049380280288,0.01163461350684001,0.6026145250769774
s047,s002,8,0.04468319115685636,4.657813280995016e-05,0.7422628408869081
s047,s003,8,0.023463334527867467,0.039951882073495176,0.6210885180026746
s047,s004,8,0.018930750156926468,1.0411812441273873e-05,0.7630601383750689
s047,s005,8,0.018133827950511192,0.015112320350033289,0.6388842044063785
s047,s007,8,0.11103543386923216,0.04098146373696976,0.5858653278109871
s047,s008,8,0.021103303005777896,0.003190944383259589,0.6554495207496193
s047,s010,8,0.019673793575513743,0.06815994811577387,0.7683539177199635
s047,s011,8,0.04988854683831537,0.052419595827798,0.618509937465277
s047,s012,8,0.03912774935057714,0.04654400664199684,0.6964179104485914
s047,s013,8,0.03101653216168503,0.0037265718073452004,0.6847003494581227
s047,s015,8,0.05579276275561147,4.825829309345983e-06,0.5556995339951645
s047,s016,8,0.03360536013979621,0.005304538187361808,0.5605543837449272
s047,s017,8,0.02616333190654415,0.020535562285837992,0.6994730037775544
s047,s018,8,0.12221690495814003,0.19730142836750467,0.667864396203195
s047,s019,8,0.020667225150390774,0.23542728937494048,0.6671467160708384
s047,s020,8,0.09168119111498248,0.05215331125475043,0.6283102075520522
s047,s021,8,0.059567024837742365,0.025416602693888356,0.6457918303489694
s047,s022,8,0.051308104185594755,0.04848690651627722,0.6107386396276857
s047,s024,8,0.04116468869255298,0.0005784392270277871,0.6906375710059308
s047,s025,8,0.04906811926536,0.038676103941874235,0.622737566832514
s047,s026,8,0.029610138510689644,0.06671904997747555,0.6300851323195007
s047,s027,8,0.06627509645583213,0.0009451062964567827,0.539087519565179
s047,s028,8,0.054028877450917286,0.0008181024335875319,0.7065762334156984
s047,s029,8,0.028949508162193834,0.051819441700495766,0.6956885803398705
s047,s030,8,0.0464092890174316,0.008377526379556691,0.6747016402974872
s047,s031,8,0.07029901621400936,0.03272860870550509,0.5932256512016462
s047,s032,8,0.09736394976486568,0.08056396685840102,0.753734355255721
s047,s033,8,0.051639419780694196,0.07974288419550309,0.7429767160661569
s047,s034,8,0.086827939672764,0.173662549932887,0.5769156828540821
s047,s035,8,0.04098524980819554,0.0037083051113677708,0.6174253364481043
s047,s036,8,0.029446785174479906,0.028817626407430075,0.4769622807880935
s047,s037,8,0.12642177500284466,0.020564390019974347,0.6540592011096542
s047,s038,8,0.05436427471445044,0.048205861173828565,0.710304167885552
s047,s039,8,0.025446929928340016,0.020699671312743254,0.6961863785786488
s047,s040,8,0.05104979745415446,0.11951620532599287,0.7509070066715259
s047,s041,8,0.05259174455532342,0.012467058143014442,0.6332324263292058
s047,s042,8,0.09078656502421201,0.014437102139321072,0.6727057775346323
s047,s043,8,0.02244798977252135,0.04130838415816872,0.5498607048693419
s047,s044,8,0.06362411340842201,0.0037405957344207245,0.7260874035682847
s047,s046,8,0.029883706007340027,8.413165465755673e-05,0.7114293497995802
s047,s048,8,0.015585454275735955,0.006311525867497266,0.6306299635309587
s047,s049,8,0.03571977622116848,0.13508982670748684,0.5222640028484296
s047,s050,8,0.02223810967499438,0.02751451823679783,0.6748217990009268
s047,s051,8,0.0759960012930288,0.04425003848640859,0.5686743356479055
s047,s052,8,0.02786580411849528,0.07127861787415493,0.6024904152334327
s047,s053,8,0.05323566283148617,0.0030788737109958514,0.6681300498499358
s047,s054,8,0.030769988068756863,1.9923030675116153e-05,0.6925923290089694
s047,s055,8,0.01675539920424766,0.012463013709638234,0.5627204222065096
s047,s056,8,0.02416557592163443,0.13625269495153364,0.7167476155066802
s047,s057,8,0.0491402378086449,0.05378198274386966,0.6959592270276322
s048,s002,5,0.23725064183578168,0.031490320739853125,0.6590983767535288
s048,s003,5,0.038766003096150255,0.004964360571539813,0.7444149271968397
s048,s004,5,0.025488613814056482,0.01969369658105273,0.6090711408760271
s048,s005,5,0.07693099739242514,0.012584229074725919,0.7653723464329205
s048,s007,5,0.07798494430565532,0.2558710331162289,0.7215619964286957
s048,s008,5,0.04234827471426771,0.09500435683482632,0.7285358909350997
s048,s010,5,0.05712417879071405,0.011756237619641379,0.6303942540404153
s048,s011,5,0.03469362525376797,0.08398051108399626,0.6872555155470221
s048,s012,5,0.05929251554552422,0.02212833561762216,0.6883892689542677
s048,s013,5,0.035699008429128876,0.00386959677618739,0.6383085430598527
s048,s015,5,0.03903477909951424,0.1262654516322858,0.6884020587142874
s048,s016,5,0.03661657897416326,0.001927016376491518,0.5596813953371325
s048,s017,5,0.08536278429721626,0.029338764155816686,0.7612150173679486
s048,s018,5,0.04569141864836142,0.09187383161428815,0.7103328994849808
s048,s019,5,0.03843426521701839,0.10100563744457267,0.7774273639417618
s048,s020,5,0.02952377847197708,0.017883280038132963,0.7483459340086308
s048,s021,5,0.02363980772404795,0.05385627983109833,0.590854199521489
s048,s022,5,0.023559905649899838,0.07579241619461302,0.6569317329992004
s048,s024,5,0.03425939808566225,0.000567506782911787,0.6850420844652689
s048,s025,5,0.04420018021116701,0.08644446121678127,0.753414255467127
s048,s026,5,0.0629523257819561,0.0017163798703132781,0.6122338701566238
s048,s027,5,0.02148109401564306,0.010360104277540357,0.528758272954907
s048,s028,5,0.04680858659316968,0.0032567903275530488,0.6184197027654911
s048,s029,5,0.05651085437264339,0.08465586248908465,0.7141428767807084
s048,s030,5,0.02742363247712615,0.00831986063395812,0.5739409489069106
s048,s031,5,0.027530043036470594,0.15880898847691136,0.6550948235341766
s048,s032,5,0.03717146305862768,0.009672658472461345,0.7459931918174995
s048,s033,5,0.02988157338706705,0.05705789860159735,0.506142860772684
s048,s034,5,0.04915489908662649,0.14712547718489227,0.6807054707900247
s048,s035,5,0.025007168308010353,0.008371321372069373,0.633179004720729
s048,s036,5,0.023441559346887807,0.1493840064380626,0.5906901439438209
s048,s037,5,0.033923779118243375,0.015306644778959905,0.6232259465083468
s048,s038,5,0.06301293870097158,0.0236635604040396,0.6054971721916138
s048,s039,5,0.06347700079321443,0.007685268009307367,0.5114384180197983
s048,s040,5,0.047461733277236434,0.003966001219892484,0.5167683758885039
s048,s041,5,0.028850634505275783,0.02040920287197403,0.5511305434554623
s048,s042,5,0.03624603172520165,0.086330033576476,0.6567898936642921
s048,s043,5,0.03160036454002664,0.05923436348058917,0.6554307658434962
s048,s044,5,0.014672104102296121,0.06105129521101793,0.7339070532158091
s048,s046,5,0.026750965445304503,2.7917087812341825e-07,0.682624623639318
s048,s047,5,0.023230097601403547,0.01510811270152122,0.6494018244234138
s048,s049,5,0.027717869513984156,0.06208349887299894,0.5830885968913763
s048,s050,5,0.1066959774464731,0.02585428795821687,0.6308477002626743
s048,s051,5,0.10702435983772646,0.0780825416596327,0.6227647989672067
s048,s052,5,0.09033685605502981,0.010868480652979774,0.4019336879882885
s048,s053,5,0.026548190817542644,0.0037128439623143146,0.55195125634856
s048,s054,5,0.1025065044848088,0.025992754272566657,0.7214106740898875
s048,s055,5,0.07874933215829932,0.034404167850116296,0.7236156569520603
s048,s056,5,0.05210992375306344,0.041917286589346785,0.6409862349565236
s048,s057,5,0.04829698755632483,0.03597384484422256,0.610125915775893
s048,s002,6,0.32236316263960485,0.0012763832133142546,0.6711502998048927
s048,s003,6,0.07851851536162321,0.03749768684268888,0.6988978730602391
s048,s004,6,0.04671672839244323,0.007821660045498462,0.5682330544048605
s048,s005,6,0.043370592592443025,0.035958326567242974,0.6001564824398627
s048,s007,6,0.14123676293968712,0.04493744019282932,0.6690838877209367
s048,s008,6,0.11443117473858574,0.012190794515764143,0.6215332738078774
s048,s010,6,0.09020148525128029,0.018598987719344758,0.5970735599822746
s048,s011,6,0.0971426331521441,0.03795219688977232,0.6079980547386165
s048,s012,6,0.05829181729466234,0.0024535199877826225,0.6278538979777464
s048,s013,6,0.05459126692758787,0.0002704240878927056,0.6331928501904038
s048,s015,6,0.04894309469916329,0.03281612381008285,0.4994983253112836
s048,s016,6,0.060012085849840725,7.7987325171404e-07,0.5051187877111404
s048,s017,6,0.09444631455205983,0.005941320690529649,0.6332507101238364
s048,s018,6,0.049989197058800956,0.0028047338039545035,0.5253927680118609
s048,s019,6,0.046445378368991416,0.028136705482876993,0.5895995105099011
s048,s020,6,0.05961837161745927,0.004070131778921004,0.5905515160248809
s048,s021,6,0.03575673433550565,0.017640660916803233,0.5276124852319917
s048,s022,6,0.04643953000507113,0.010862993853249486,0.5244745457726087
s048,s024,6,0.043984150539911934,0.003113293637024973,0.6647906200123842
s048,s025,6,0.047061832933821275,0.012160013350990838,0.6290088378753512
s048,s026,6,0.09533801216849508,0.15712372077948897,0.6348026068551179
s048,s027,6,0.034143273437110266,0.02055285473012734,0.49873413112237985
s048,s028,6,0.08242766240247264,0.008964265425687824,0.6093603979439669
s048,s029,6,0.06354886798289427,0.0258410464143944,0.5911490115066091
s048,s030,6,0.03993156888710862,0.0046209194324119225,0.5973820723163046
s048,s031,6,0.0313466249543649,0.039286677233559504,0.6434198834348372
s048,s032,6,0.03643362222410029,0.006815269867170239,0.6097152080583468
s048,s033,6,0.07230184324304924,0.057247585221290656,0.48140754288458076
s048,s034,6,0.059892066746097636,0.05392402299636184,0.6797227687936889
s048,s035,6,0.04186065819240403,0.003234643158323666,0.5321228043688964
s048,s036,6,0.03241093611879751,0.08342621329572893,0.412849377450042
s048,s037,6,0.05837069229914275,0.017837826617599296,0.6070883566196131
s048,s038,6,0.09098708973790154,0.011215156518150745,0.6191763829508107
s048,s039,6,0.06646092463322568,0.0021580526456552148,0.5097421213729937
s048,s040,6,0.07539345341874533,0.009267731571518256,0.5214126375324626
s048,s041,6,0.054401281309931035,0.006313789427393469,0.4768890090227767
s048,s042,6,0.06876829514864456,0.02297533121226101,0.548853769408618
s048,s043,6,0.035032559703984,0.12004483816190781,0.5901300006215814
s048,s044,6,0.027535243228373328,0.003010957628216351,0.7055308652661312
s048,s046,6,0.06262151799138582,0.0008659208152691801,0.612833215465254
s048,s047,6,0.03777415205535154,0.026694553726773408,0.498953176695924
s048,s049,6,0.03471218424290984,0.0013305154038725415,0.5085242767007153
s048,s050,6,0.052357897586714386,0.0042105021204877965,0.605554356241336
s048,s051,6,0.1256222587690806,0.04556210963622196,0.6646235617002354
s048,s052,6,0.10843183205031301,0.004069714382454703,0.3875882345401556
s048,s053,6,0.03927033552688211,0.007420117795993934,0.5208177501396514
s048,s054,6,0.1731880306480794,0.08232764385829715,0.6500827485306917
s048,s055,6,0.12185112502082514,0.008759863813602041,0.6141374737220688
s048,s056,6,0.07872378201532318,0.04193916756232757,0.6870188210269036
s048,s057,6,0.05149463744519718,0.025920377663592443,0.6373315445570199
s048,s002,7,0.138329589500631,0.017283243058507466,0.6072405486895589
s048,s003,7,0.05598158713336149,0.005378059421267254,0.7123915179685266
s048,s004,7,0.040781438839812015,0.050522920115563794,0.5481641823336783
s048,s005,7,0.1023856223276957,0.08461706501761432,0.8048288584873043
s048,s007,7,0.11266374437154543,0.09226182379370604,0.7030991577740273
s048,s008,7,0.16816626101155124,0.15204622689999372,0.6964826179159087
s048,s010,7,0.10938172073007875,0.0004731225317737039,0.5869120140911104
s048,s011,7,0.068156863558747,0.10604393189431136,0.6159429856616606
s048,s012,7,0.07617071816695786,0.0004304618236097073,0.5924302033817774
s048,s013,7,0.07306974502690691,0.012285808874747397,0.6087682497495798
s048,s015,7,0.08268454239911782,0.0975379119690878,0.6716306254386375
s048,s016,7,0.07510209354859682,0.04335718007897061,0.6168571093806597
s048,s017,7,0.15054455293009314,0.03295616342386722,0.7179669568155775
s048,s018,7,0.0755981522404653,0.0042456217513559885,0.6236460672995328
s048,s019,7,0.0552985975806205,0.1362226876874126,0.8164014733777519
s048,s020,7,0.056273456086830355,0.05945401000354181,0.6842715890285251
s048,s021,7,0.043354902331932905,0.039291664192632476,0.5797054012001203
s048,s022,7,0.055726875999131786,0.010699123065308855,0.5262071334062217
s048,s024,7,0.05970977304114306,0.001349630801524314,0.6605767522221154
s048,s025,7,0.08481112377711122,0.1598048030150617,0.7451120418920986
s048,s026,7,0.13833496850759605,0.005439846173216789,0.6260908012251116
s048,s027,7,0.05640613519156666,0.03306808199724839,0.557895129139183
s048,s028,7,0.11514722371609272,0.0010551403779361782,0.5178326999534744
s048,s029,7,0.05181001432436539,0.002497750013606934,0.7277651883167922
s048,s030,7,0.09358099141990121,0.03162640092632253,0.5905002049680319
s048,s031,7,0.04618845476102076,0.1868348697175695,0.6768692710111966
s048,s032,7,0.06887876538465641,0.0009400207279630718,0.6480828103550414
s048,s033,7,0.06774054200577871,7.068015418048234e-05,0.4679104870515752
s048,s034,7,0.07955357729168099,0.0008617512932718944,0.6498373019378294
s048,s035,7,0.054193108855710666,2.8937436079206145e-07,0.5574513689000019
s048,s036,7,0.06125440100728405,0.0801471978937306,0.46244258712819725
s048,s037,7,0.058493592682491734,0.0017377160514199415,0.6163814726577475
s048,s038,7,0.14355181537861175,0.10215830056105404,0.5595146454985869
s048,s039,7,0.13654293865390368,0.00042593686535617595,0.44854031771382435
s048,s040,7,0.047516129893133544,0.020709882595931095,0.4227848727321077
s048,s041,7,0.08620794115687297,0.022965376260657585,0.5264450287202825
s048,s042,7,0.061453424939813026,0.07521741142669824,0.5600336244823146
s048,s043,7,0.04633733428295567,0.09599920215823617,0.5580253347154187
s048,s044,7,0.05568647587766437,0.04419306752230253,0.6828205841236529
s048,s046,7,0.07306612668265612,0.01321817394984706,0.7265895003835772
s048,s047,7,0.06676000753886063,0.015583383834286882,0.5533186109948749
s048,s049,7,0.05714154562416597,0.034506536946859144,0.6566513788719566
s048,s050,7,0.12681001333221084,0.0017156946663768045,0.5724683562911473
s048,s051,7,0.15567793044901793,0.056311219844692985,0.7060692887048249
s048,s052,7,0.2004494861920333,0.013821191854947837,0.37529410888167086
s048,s053,7,0.04838775449247985,0.0011063843726914734,0.48855465844151347
s048,s054,7,0.2505774531726891,0.18361095536226532,0.7245724773102442
s048,s055,7,0.14234282203507806,0.013833460205231345,0.736610915561163
s048,s056,7,0.05146958770999854,0.002413745319348973,0.5069648132370129
s048,s057,7,0.07358980046274553,0.005971134187243732,0.5974902655573168
s048,s002,8,0.1311533353769887,0.01088165067430526,0.6479033242087553
s048,s003,8,0.036414107804487714,0.005014462738995953,0.6267851648589067
s048,s004,8,0.02245967917505768,0.14537622268133288,0.6914712769420079
s048,s005,8,0.028483917984831374,0.003335231470942292,0.8329704932787552
s048,s007,8,0.07760946120154076,0.1813039498332467,0.6828219575203301
s048,s008,8,0.07255596422791787,0.006703693230098272,0.6979210692866686
s048,s010,8,0.05351242064253881,0.0005213067569441492,0.6260207763593721
s048,s011,8,0.043708755649751005,0.02321011377320254,0.5028922067559122
s048,s012,8,0.02760711082120377,0.00966631962690298,0.48969765111826014
s048,s013,8,0.03321791158971625,0.01556945606839345,0.6429281417693967
s048,s015,8,0.038905260491509386,0.11701098428675161,0.7074229940380706
s048,s016,8,0.04488838337024096,0.05293424895321706,0.5482708043592661
s048,s017,8,0.059419435825691126,0.06092955477567453,0.749274992243326
s048,s018,8,0.030004896631494016,0.009087416107552702,0.5705559455671491
s048,s019,8,0.029355404859809815,0.034167553627763345,0.836004253494775
s048,s020,8,0.029878032447363694,0.03174941681311546,0.7378446956701966
s048,s021,8,0.019205436086317952,0.04710323280588883,0.6572672873473561
s048,s022,8,0.024568796841635654,0.020236250261591485,0.43112997309133305
s048,s024,8,0.05145401437814121,0.079013308898621,0.6164796136262116
s048,s025,8,0.037480888898111166,0.05580717038564613,0.6788645762698018
s048,s026,8,0.08554361055751626,0.04126434624344604,0.7104391586997802
s048,s027,8,0.020195020220952604,0.13981016679118208,0.6756776381227557
s048,s028,8,0.06727749222311508,7.09919815911272e-06,0.6099470953690068
s048,s029,8,0.030637541643044955,0.050380037580413345,0.7686675470900866
s048,s030,8,0.04501046537781776,0.014366025361262047,0.5973629987802689
s048,s031,8,0.011612451995591671,0.2075616239192498,0.7195428795943106
s048,s032,8,0.016483930146607925,0.022381645075956143,0.6088864095300317
s048,s033,8,0.030020117322792975,0.08817989806920383,0.5451682435001989
s048,s034,8,0.04306895025279534,0.011346370569397236,0.621796035719453
s048,s035,8,0.02047877689736089,0.0012430064951621475,0.7027816346671488
s048,s036,8,0.02059479073624445,0.01452449888358031,0.3332551696691215
s048,s037,8,0.029036805331182042,0.02118115442708106,0.6033203297508675
s048,s038,8,0.05448887603253535,0.003210807344321668,0.5476082266955569
s048,s039,8,0.03956459000500767,0.016390533889657645,0.5330852601619445
s048,s040,8,0.01986183691302638,0.00028645046067287945,0.44001201164471215
s048,s041,8,0.02944671569011009,0.0015760048299934568,0.4758674287973718
s048,s042,8,0.02691697414898436,0.0307188904997651,0.6785833550699516
s048,s043,8,0.021516987772626693,0.007863418570671956,0.45481456484100896
s048,s044,8,0.016982220888539835,3.623408666720582e-05,0.7091571439257354
s048,s046,8,0.056025045503773796,0.0033842723603800346,0.7597397418459666
s048,s047,8,0.021402497052684842,0.014446372827331628,0.7739505036500678
s048,s049,8,0.014551317249914876,0.043895337238400466,0.5822343064236626
s048,s050,8,0.027277335716579008,0.03407353079407581,0.6710783769909822
s048,s051,8,0.08501069148860961,0.0698509648325154,0.6853888807181189
s048,s052,8,0.09722582765028849,0.0017120550957046643,0.39553264606854505
s048,s053,8,0.029696315211724895,0.010449281449898366,0.5148425614592984
s048,s054,8,0.08654136346079298,0.06076761215965975,0.6961038176239489
s048,s055,8,0.04582878826774591,0.003825488131607758,0.5867524361431675
s048,s056,8,0.04410579699482217,0.07061351388401264,0.4882563765401752
s048,s057,8,0.031802399730629,0.001240207580486889,0.530692417104705
s049,s002,5,0.04993831974457424,0.007041042422859063,0.6775129808410578
s049,s003,5,0.10891815930409726,0.0005295672802646679,0.6819359708528496
s049,s004,5,0.11398810164188299,0.010711004643672134,0.6164243297411407
s049,s005,5,0.390914647598197,0.10758292817862676,0.6621919796852164
s049,s007,5,0.03913362947539472,0.046749633243440204,0.6433521151346622
s049,s008,5,0.11167080834306106,0.001360619231892663,0.6119082766781037
s049,s010,5,0.07506361534071292,0.04799232655504723,0.6499842331132815
s049,s011,5,0.05212074443974725,0.02672185198699443,0.6743976018862454
s049,s012,5,0.10589840957046583,0.028084464760910782,0.6935720097550536
s049,s013,5,0.06753613569783434,0.06528853722372277,0.7894406326760737
s049,s015,5,0.04512625187728988,0.11898517028629807,0.7085269341223752
s049,s016,5,0.10168649011475292,0.06225194739945397,0.6662253051171131
s049,s017,5,0.06304352383763687,0.002118934613455497,0.7882639236634209
s049,s018,5,0.15608864197612815,0.08424839710128211,0.6798896470170529
s049,s019,5,0.21136006998943274,0.10791371727959151,0.6291389140560748
s049,s020,5,0.06462183246438584,0.0006915903319708742,0.6995118189428952
s049,s021,5,0.0965693797351225,0.019201127620507186,0.7965895294305257
s049,s022,5,0.21354684502058968,0.19306085819455898,0.6403572056787464
s049,s024,5,0.05907413374932009,0.046652646075872994,0.7041025168144835
s049,s025,5,0.13328805955331738,0.07913996845505045,0.6774988534231701
s049,s026,5,0.12307993594923308,5.9957481511786e-05,0.6071282534566573
s049,s027,5,0.050260549065191486,0.00019731040553544685,0.5794417724599263
s049,s028,5,0.07620626190022493,0.0001400615668904727,0.7778296958858693
s049,s029,5,0.07019198137392024,0.10977884836768029,0.6975227517699497
s049,s030,5,0.15469457938591716,0.1862075273810897,0.6130873985690313
s049,s031,5,0.09514897456335578,0.00012613557574443258,0.5824214226315225
s049,s032,5,0.16988682191917293,0.02518610878319933,0.7392755888511315
s049,s033,5,0.177269595240668,0.04822198439299572,0.651740244812322
s049,s034,5,0.06456575388065577,0.042370234703604584,0.6062813614400909
s049,s035,5,0.12300520407087677,0.05822915220058345,0.6445674626424462
s049,s036,5,0.1951733428874589,0.09172393239475041,0.5469636100993802
s049,s037,5,0.047109715452685275,0.07037461574316331,0.6330555401924833
s049,s038,5,0.12815328640448495,0.0006525912825244529,0.5943394760522936
s049,s039,5,0.27632747812309605,0.050540154827887554,0.6044569259556584
s049,s040,5,0.08514594563000502,0.0038866233112077003,0.4751543280324128
s049,s041,5,0.15867687573156386,0.00047273279916074026,0.8093013660327617
s049,s042,5,0.08960294280653709,0.08515594730977155,0.6440743241729237
s049,s043,5,0.148304047457158,0.0033504241405108376,0.6746470385079221
s049,s044,5,0.07895533828564334,0.04950347447062421,0.7827661136034757
s049,s046,5,0.16416082610439833,0.028048581250288383,0.7357415630458407
s049,s047,5,0.07267329724288571,0.06759136931406794,0.48294677438968764
s049,s048,5,0.048070340407308045,0.017789236535616655,0.6366604396707013
s049,s050,5,0.0620290605024057,0.06112596617560655,0.6282984738126315
s049,s051,5,0.0929431929348425,0.08422715249139169,0.6863231377034174
s049,s052,5,0.0999299348429642,0.0018312541646566362,0.5247482800518963
s049,s053,5,0.03649882984814645,0.33793401726397126,0.7103329295433937
s049,s054,5,0.09107612282332765,0.05959611890313587,0.7360490021254354
s049,s055,5,0.10178870096924197,0.02843510520428266,0.6958884345634408
s049,s056,5,0.06941289551473638,0.15062741233843444,0.636500297075175
s049,s057,5,0.07580070548628581,0.17505100974725896,0.7259929638355117
s049,s002,6,0.08059283752867617,0.024276132585398118,0.694713538681738
s049,s003,6,0.08934185574778171,0.00402309650993087,0.7538112636667613
s049,s004,6,0.10650420474392155,0.040167160829178095,0.6857349520203837
s049,s005,6,0.5289515083966885,0.18092536997159958,0.7584450890897729
s049,s007,6,0.038509000392213735,0.0027444200194091284,0.6711074707454873
s049,s008,6,0.11645642442059265,6.647887901187603e-05,0.7275104147548458
s049,s010,6,0.18434357347595462,0.011021045793121353,0.6133730435838134
s049,s011,6,0.060189040222347875,0.06306668125397226,0.7821455294750301
s049,s012,6,0.0678933732822344,0.12073196959881637,0.7577047312991505
s049,s013,6,0.07511176365493473,0.05800259674782336,0.7678797343441831
s049,s015,6,0.03270399756094561,0.11656324704110568,0.6893063090969737
s049,s016,6,0.07916336976647748,0.04431700017412028,0.6299917314985822
s049,s017,6,0.06872677330338824,0.006689280057859259,0.8107566035022695
s049,s018,6,0.09958469529118975,0.09309025174994752,0.7837561050068879
s049,s019,6,0.1747527735885621,0.14051829010949107,0.7078161372164552
s049,s020,6,0.09146293710244982,0.04272401869809152,0.7945465499840348
s049,s021,6,0.07023804976278279,0.0006034825012031754,0.7204093660094917
s049,s022,6,0.1750243062850615,0.27686284369119635,0.7409205343015585
s049,s024,6,0.06692422576685012,0.004924144612422773,0.7820814667380033
s049,s025,6,0.09761429140425314,0.04198050288855348,0.7349838440564742
s049,s026,6,0.16585497425109946,0.01108146827208477,0.6905899059616317
s049,s027,6,0.06032245070621122,0.011826222439105277,0.6043419752499515
s049,s028,6,0.06635377544794634,0.011898748165947796,0.6497819294705185
s049,s029,6,0.06536289611298317,0.10681471707528434,0.7234494634824983
s049,s030,6,0.21780712700788055,0.23763028285889995,0.6725535933577592
s049,s031,6,0.07897255475244781,0.009519525652159399,0.6658542243635024
s049,s032,6,0.08074054661808934,0.032418922540962875,0.8044576465486816
s049,s033,6,0.15086389117453064,0.0031760773068046835,0.563062805272614
s049,s034,6,0.0665522254959746,0.016180903659344076,0.6562594819070795
s049,s035,6,0.12741929807840494,0.09005577403658566,0.6538416095489556
s049,s036,6,0.2287787110214874,0.20378241058464885,0.6906297087447376
s049,s037,6,0.04308216744107971,0.1283758861805399,0.6524087480038572
s049,s038,6,0.13434140546783113,0.0003932563812757372,0.5633790772183915
s049,s039,6,0.1992654213513793,0.04839860181212909,0.5569201615566587
s049,s040,6,0.07321527557878674,0.006191548300929341,0.48973958516921806
s049,s041,6,0.16494332088457186,0.019860045805218243,0.7294411409118403
s049,s042,6,0.08417385698136692,0.04126289320144108,0.5725192930895795
s049,s043,6,0.11736688008327455,0.048049650296782445,0.7792163709105778
s049,s044,6,0.10880333431822943,0.013305120660240297,0.7852902973677398
s049,s046,6,0.13000124006178496,0.003573741185998139,0.6898166664262159
s049,s047,6,0.07139205522161911,0.07693127809763067,0.5555710203386046
s049,s048,6,0.04146839290178478,0.036900792853773186,0.7539314491683392
s049,s050,6,0.05792917020252076,0.00012299170399608642,0.5904740076698741
s049,s051,6,0.08124912401720193,0.069644204565274,0.7279267726814529
s049,s052,6,0.09666208048862161,0.0022725864699504475,0.48284430765004044
s049,s053,6,0.029329045456397376,0.20981837158531236,0.6413133809148983
s049,s054,6,0.10616184703016411,0.03859992888218134,0.7315869198862932
s049,s055,6,0.1051433488133495,0.022136111617590895,0.7809111260927598
s049,s056,6,0.07652371869269077,0.1655166216402976,0.6477868079099599
s049,s057,6,0.05862321261049746,0.18185652051112022,0.7852886882754825
s049,s002,7,0.07463310030538248,0.00040624897998532407,0.7446941161647357
s049,s003,7,0.09199157111697863,0.0009134086693404732,0.6580585080668093
s049,s004,7,0.12594987643395103,0.010733762713415976,0.6489049491352489
s049,s005,7,0.323306796143515,0.07340304505591563,0.6842979748134945
s049,s007,7,0.05017821936432012,0.12586317028906818,0.6760195710039083
s049,s008,7,0.14191003134880753,6.99772189782677e-05,0.6036917108568267
s049,s010,7,0.15586460063909546,0.06638453061367201,0.6762998858421008
s049,s011,7,0.0711314647505051,0.008939654356695347,0.5605923798208976
s049,s012,7,0.09623684057109595,0.008793694597563174,0.5560978127566132
s049,s013,7,0.07257764402699766,0.00708991939706175,0.7573759540748931
s049,s015,7,0.046093777351497695,0.17748730407757002,0.7845159531540031
s049,s016,7,0.09591207495393622,0.0019736888140784834,0.6595954857945135
s049,s017,7,0.10666787583323485,9.487328984474965e-05,0.8032243856780923
s049,s018,7,0.11732108137815718,0.05110135118986377,0.6149811084705694
s049,s019,7,0.14782970611773313,0.19206278668843685,0.6367998403247617
s049,s020,7,0.1122967633903407,0.0071513236755753,0.6520978706721541
s049,s021,7,0.09532105191430937,0.00405799087589189,0.7947287984734471
s049,s022,7,0.1351005652253615,0.05572604284338867,0.48016134489446105
s049,s024,7,0.0959132953867496,0.04644516971598784,0.7134072873366413
s049,s025,7,0.15686777851684186,0.04358948523360753,0.5677493857978494
s049,s026,7,0.23343711400957795,0.0049832201185130475,0.739209058348551
s049,s027,7,0.06449491407706404,0.004241107114843987,0.6430749396222827
s049,s028,7,0.1054128063049262,0.020610194563408946,0.7461291369770678
s049,s029,7,0.06088905011082735,0.1045380913317909,0.760416593187996
s049,s030,7,0.12636176256084494,0.012189730424029866,0.5978559037475938
s049,s031,7,0.0741857375379529,0.008783335893070758,0.5862208182402433
s049,s032,7,0.2590757606319308,0.00043893031278523784,0.7214584922133054
s049,s033,7,0.15127783297981884,0.12653063596322844,0.6394536018343294
s049,s034,7,0.07981650657722288,0.06879506627237142,0.6157430333146494
s049,s035,7,0.10509253173829822,0.07005959494501209,0.773018796710412
s049,s036,7,0.1981855617312459,0.013889637864281384,0.3575035451551073
s049,s037,7,0.0838785502037816,0.07576573850852852,0.6558400764846031
s049,s038,7,0.23062836643531315,0.0010077514432205237,0.6790578336496671
s049,s039,7,0.3466756785432421,0.11729503662228866,0.7595897472708265
s049,s040,7,0.1347592127536522,0.0014811291417778788,0.6104236491386797
s049,s041,7,0.21404969235093468,0.023821310520188287,0.7042432042311197
s049,s042,7,0.08389093762291894,0.04606663875070579,0.6425629238767189
s049,s043,7,0.0908401851631935,0.0017061589157363391,0.5706266280812973
s049,s044,7,0.14965934713978316,0.023754007145951644,0.7202293153127065
s049,s046,7,0.2546369586148074,0.02788393542183317,0.7553648208862047
s049,s047,7,0.10304558159536335,0.11624124601502059,0.5682766755109037
s049,s048,7,0.0708861459101684,0.03990466654115335,0.6040621773078633
s049,s050,7,0.10474958545766086,0.06680315772312102,0.7489537940977984
s049,s051,7,0.10546095307381918,0.11005478856188435,0.7407857175236471
s049,s052,7,0.13177356154975556,0.007940973786326917,0.6675609736250028
s049,s053,7,0.05275801784731463,0.12981653799896392,0.772018165259636
s049,s054,7,0.17933692419840488,0.0009492056824475971,0.7612134868166385
s049,s055,7,0.14585092998567145,0.008286647779959874,0.6552777064853333
s049,s056,7,0.08061587738421937,0.17363375463696729,0.5823930594971154
s049,s057,7,0.09297111560501792,0.07902998321818142,0.6643924847815926
s049,s002,8,0.1130320737162003,0.010729462030834027,0.6558852089064389
s049,s003,8,0.16566290896444005,0.06313320491991667,0.7519619398357704
s049,s004,8,0.12743570215880265,0.0031883855726385197,0.5245111975225292
s049,s005,8,0.5352051821685083,0.07697331913113067,0.6038625267052009
s049,s007,8,0.12358353991607561,0.09499911655307948,0.579041778591523
s049,s008,8,0.1560924519601964,0.0010009800111787954,0.6934030464293246
s049,s010,8,0.24743665860092473,0.010652849183283422,0.6098652692142742
s049,s011,8,0.08458007356553487,0.1350891730893486,0.7668727389219983
s049,s012,8,0.10883262234267439,0.1982055413434618,0.7671662058246141
s049,s013,8,0.13531613769328685,0.10709001055540153,0.7759243488937263
s049,s015,8,0.114443098792905,0.045184314007622836,0.678372395567496
s049,s016,8,0.17469558143281355,0.09924391881665494,0.6278281989034986
s049,s017,8,0.17732647316146496,0.02181049696199805,0.7918652792956441
s049,s018,8,0.09297281061738,0.1733665349931238,0.7703709057501534
s049,s019,8,0.3140041736769296,0.14045224326409173,0.573339747421357
s049,s020,8,0.09302144822357775,0.07945336090517933,0.7166640057944063
s049,s021,8,0.09415982854639143,0.0018240037807739477,0.7024836161065413
s049,s022,8,0.19492555587218865,0.3087853960498759,0.738789198858215
s049,s024,8,0.19515676514144864,0.0009863375578104106,0.7180460065099629
s049,s025,8,0.22106519426757112,0.03177299945236131,0.6659067144045673
s049,s026,8,0.32763510323163325,0.0008390078052198977,0.5161176516120158
s049,s027,8,0.11710652671475413,0.0026519452692032714,0.4828774292313507
s049,s028,8,0.08439510064458962,0.00034275611202689107,0.7309469657855594
s049,s029,8,0.09032600530202751,0.26480068790602734,0.6884875796671919
s049,s030,8,0.27729893920992227,0.09037908775536717,0.5346204804587011
s049,s031,8,0.09996498663672382,0.008252523959190686,0.6166172929840094
s049,s032,8,0.14762240611194796,0.06161262757356559,0.7528263428155113
s049,s033,8,0.15228489071240162,0.02042971946353074,0.5698763729526553
s049,s034,8,0.08131627495940451,0.040041589954142164,0.6298390993570023
s049,s035,8,0.1801037441942074,0.11693935177049988,0.6291797223481623
s049,s036,8,0.15480104423541882,0.3058686617144621,0.7401359833254486
s049,s037,8,0.09126422782076492,0.226061714306619,0.6590945997895656
s049,s038,8,0.16006129651828666,0.0002686321267251771,0.5738881850478718
s049,s039,8,0.23623986067759822,0.0581867347937583,0.5883655202999186
s049,s040,8,0.12963976506918862,0.000751761042747021,0.5124992565003427
s049,s041,8,0.19161363895041897,0.00597974585593837,0.7708505161417083
s049,s042,8,0.20038933653895108,0.0331410402561098,0.5175042026445692
s049,s043,8,0.19856187142770734,0.08384024741280993,0.7919176401359225
s049,s044,8,0.07685598233763179,0.001981737019073082,0.7095590976982632
s049,s046,8,0.2770572480486171,0.03090295149260432,0.611864989051203
s049,s047,8,0.15188421081429535,0.050080522941519226,0.4675579369830858
s049,s048,8,0.08564772405423217,0.03171472808867964,0.6836888263389606
s049,s050,8,0.1013993416234665,0.012617319969851966,0.5123203677743423
s049,s051,8,0.20223459544033612,0.15818657695828775,0.6505390226277881
s049,s052,8,0.1479263397290865,0.03564996853510552,0.5248112898186961
s049,s053,8,0.05055540069951071,0.22153229808671251,0.7500655710279845
s049,s054,8,0.21346511580402508,0.0029134444472957394,0.7032110682999645
s049,s055,8,0.17493460957109705,0.06123074391454795,0.8454957837694379
s049,s056,8,0.08907470340432891,0.25756524035748823,0.6810697635050638
s049,s057,8,0.0953999861174829,0.2014598108855165,0.7298253754518956
s050,s002,5,0.026058166114744263,0.05280459547004013,0.7695418219566312
s050,s003,5,0.06753885186494216,0.0491718756714178,0.619562408914951
s050,s004,5,0.03329573400844339,0.09772761480352007,0.6484775854610552
s050,s005,5,0.03160632313855412,0.03209256393835273,0.6489891634501351
s050,s007,5,0.05515971045185705,0.0009418891571127513,0.7055781895921305
s050,s008,5,0.08295008235538844,0.027183062333641924,0.6092921181028437
s050,s010,5,0.1932725296073605,0.07060243701707797,0.7666941137263207
s050,s011,5,0.030186389642867073,0.02531677561519753,0.5144535522833804
s050,s012,5,0.03257384059080302,0.02670811873035251,0.5693787809245958
s050,s013,5,0.0537880674913473,0.0019327292528726766,0.71839333676531
s050,s015,5,0.0318665470516633,0.02001119080643865,0.7102148579485656
s050,s016,5,0.04708513805709655,0.13144060607168886,0.601655674604225
s050,s017,5,0.05265507321333509,0.000633486638272393,0.7407461442490965
s050,s018,5,0.02924115368300836,0.023813444652130034,0.5752345430659441
s050,s019,5,0.028608879735906558,0.010873638788157143,0.6368971830093523
s050,s020,5,0.06095061308950009,0.07344449216374137,0.5253501480157811
s050,s021,5,0.0761898615184107,0.003973286119095236,0.6972804543900276
s050,s022,5,0.028980239086047684,0.0034659711662287,0.40957572715635565
s050,s024,5,0.04424420540122103,2.8137819733018425e-05,0.7195269898474888
s050,s025,5,0.045455127505739885,0.014590957983623438,0.5306042691628423
s050,s026,5,0.06562880702504653,0.05499241043506267,0.7343291575188009
s050,s027,5,0.028106410030652167,0.06723130796949967,0.5287324665558188
s050,s028,5,0.020765261425362884,0.008486992960421425,0.7148168415361833
s050,s029,5,0.03425089379195551,0.009006001003641014,0.7841646997912128
s050,s030,5,0.025250027210140417,0.003078365194914935,0.6366977711736667
s050,s031,5,0.0592435377728554,0.032120111008830554,0.5473164611016246
s050,s032,5,0.04956358923035322,0.001824694596938001,0.7580532197621467
s050,s033,5,0.024378922222440248,1.3277993394636609e-05,0.6769182785463695
s050,s034,5,0.044246936292410693,0.0015906614151476113,0.5286195542198309
s050,s035,5,0.04282647383925071,0.025162360176915595,0.691971224137975
s050,s036,5,0.05978083206378925,0.0002668032480222188,0.24528004875828077
s050,s037,5,0.027373047355958108,0.001002406898945044,0.6938180328280932
s050,s038,5,0.06919728215039919,0.1494251603321348,0.8094517016090581
s050,s039,5,0.06800980960929971,0.15078635345662567,0.8127135633803211
s050,s040,5,0.03574620285668527,0.11532958982022662,0.7805667482162812
s050,s041,5,0.0771663953217386,0.0020463446279025553,0.5900908617769629
s050,s042,5,0.03549996651231123,0.11456942443608899,0.7230629167205911
s050,s043,5,0.036687949367910415,0.03657544090147293,0.4360786049415279
s050,s044,5,0.04340098434782816,0.039032670811674317,0.7112524014473365
s050,s046,5,0.04485413378754476,0.07492155301697978,0.7098337650469133
s050,s047,5,0.03783817300886495,0.0063408706383430635,0.7148668711734655
s050,s048,5,0.04100423750042146,0.0016662072723270078,0.5663496086881117
s050,s049,5,0.08377132588752821,0.02947461779668488,0.5767872867286825
s050,s051,5,0.026217607935624283,4.2861852824125164e-05,0.701633288021988
s050,s052,5,0.026786007183442293,0.0629994775432546,0.6729866746334086
s050,s053,5,0.04707751144720994,0.18146420870557192,0.733172566207408
s050,s054,5,0.059380931127045226,0.012294153861553157,0.8523448777629565
s050,s055,5,0.07534667813673217,0.010166465230562464,0.5877196976941275
s050,s056,5,0.040752132598134094,0.022283575859464236,0.6853271873250731
s050,s057,5,0.028573982613019553,0.04173238003118256,0.6161459879557449
s050,s002,6,0.0550210809532234,0.06884264321584854,0.7290829815260642
s050,s003,6,0.09674606065351105,0.07273235139790803,0.5784411025724677
s050,s004,6,0.12261824278228978,0.0634548258832196,0.6707184322960588
s050,s005,6,0.09144389248916932,0.001642155074535242,0.6424985489811877
s050,s007,6,0.1352246410649299,0.0629855892478253,0.635389914442476
s050,s008,6,0.14922528606950977,3.084120747258124e-05,0.5332023173379314
s050,s010,6,0.23441251309579297,0.020041836282425538,0.8183717798227114
s050,s011,6,0.09899918626550733,0.004080877036879775,0.47096972301519635
s050,s012,6,0.08492854169824665,0.0358519607355879,0.5244613982475779
s050,s013,6,0.16043624117963395,0.006054930608759547,0.6475849490663239
s050,s015,6,0.08885588553242543,0.0007179865485787848,0.6232215983031774
s050,s016,6,0.10108550694594076,0.1710122663465396,0.6453394276753289
s050,s017,6,0.2037102145769017,0.09367475549281482,0.6564399358736239
s050,s018,6,0.07664503799896152,0.014868182261534727,0.5870539925193983
s050,s019,6,0.08799342689739659,0.0004149156754962479,0.6768083793552641
s050,s020,6,0.08640051389487928,0.007229226275243507,0.5277934965099654
s050,s021,6,0.11329564810285297,0.018697336243216886,0.6488628085942182
s050,s022,6,0.10376386709891547,0.00933382989441162,0.42428176200390394
s050,s024,6,0.14196441937207221,0.045389125397815526,0.6430117526624282
s050,s025,6,0.13672015321442396,0.021759142427117815,0.5490229473232073
s050,s026,6,0.17959747637405146,0.062317038292482856,0.6399356070536811
s050,s027,6,0.07084867432090355,0.07403489477111468,0.6348506785341695
s050,s028,6,0.06681784279390625,0.05586639955052527,0.7677309765044588
s050,s029,6,0.10383470105271768,0.002277627840178457,0.7606077883941021
s050,s030,6,0.07950946694991388,0.004599049937718865,0.5992017989678834
s050,s031,6,0.06407527547786811,0.05692199371112519,0.576963232165815
s050,s032,6,0.10969734375667788,0.0002392518587835337,0.7285948888417648
s050,s033,6,0.10130978002392833,0.010944501118316227,0.7849866708198908
s050,s034,6,0.14453292348523772,0.005268683254590089,0.70189496212106
s050,s035,6,0.2224534002347832,0.08207603641074239,0.6381781828830968
s050,s036,6,0.11705545654429972,0.0038299065839434918,0.27123505505282053
s050,s037,6,0.06712110716570428,8.091537426488038e-06,0.5210809642836963
s050,s038,6,0.07147859620494007,0.22697472966177706,0.7062835339464829
s050,s039,6,0.1190276072148812,0.21084935856023698,0.7120173652935757
s050,s040,6,0.061197541953951815,0.11434103824047973,0.7142475762532774
s050,s041,6,0.12658951210338376,7.4452490235792875e-06,0.6407970082500546
s050,s042,6,0.09221024849500796,0.06692428064071888,0.6861448487176234
s050,s043,6,0.07449369917165055,4.984258117465178e-05,0.3843112779094343
s050,s044,6,0.08800086720926877,0.09416731233597542,0.6399666766759512
s050,s046,6,0.08834346948294212,0.03788976574385666,0.7748264461562991
s050,s047,6,0.05563198968991582,0.015133008990205634,0.7971879923192116
s050,s048,6,0.10546874223223514,0.0030336376144027054,0.5710230587248062
s050,s049,6,0.1523542167391125,0.00013004461088786593,0.579645506432274
s050,s051,6,0.12329749719030282,0.012857954137680493,0.6015431001998659
s050,s052,6,0.08496241506320397,0.15042822389775756,0.6656689585868308
s050,s053,6,0.1069070065289792,0.2300324649123724,0.7060683710469724
s050,s054,6,0.10814706989060159,0.03665676246219665,0.7482594330595274
s050,s055,6,0.15474590355203466,0.01192939020768167,0.5003762369674515
s050,s056,6,0.08498723500981384,0.030211063862832063,0.6639292984304077
s050,s057,6,0.09067395910227316,0.06526718030453836,0.5705352751719569
s050,s002,7,0.10030867928352839,0.00044235984751795097,0.702772657782852
s050,s003,7,0.1287411423127405,0.0002028191694768608,0.5398312783610436
s050,s004,7,0.09452687351925058,0.01672529633660963,0.546636718643324
s050,s005,7,0.061894505490761025,0.004617226314458057,0.6294242444072486
s050,s007,7,0.11300224455415016,0.012180755846105262,0.5885442988688867
s050,s008,7,0.09456715939924867,0.021411524909010476,0.6270825480156771
s050,s010,7,0.28852595196819814,0.12883419689161574,0.6751869844836141
s050,s011,7,0.06682762874966747,0.025144241457410475,0.5242325575048125
s050,s012,7,0.06027544157981217,0.0530673775842681,0.5070247783338689
s050,s013,7,0.11961288428979389,0.0958779784285301,0.5992880782376165
s050,s015,7,0.10801323869949706,0.004016833799304137,0.6528975169964439
s050,s016,7,0.13596691777403805,0.021353896317965977,0.5593510277567351
s050,s017,7,0.20981668681759738,0.07871289242165021,0.7331557445806494
s050,s018,7,0.0789292690835447,0.04117539356803252,0.6137082074750845
s050,s019,7,0.08815519795576561,0.003511495795335891,0.6060563135854968
s050,s020,7,0.1423141817035017,0.0225388175997628,0.4686335937730924
s050,s021,7,0.11276082419601235,0.006462956930216033,0.6553344054378998
s050,s022,7,0.08439203671145283,2.6990236906455944e-05,0.36869828505630775
s050,s024,7,0.14303012173607021,0.1474792581366541,0.6404934574349447
s050,s025,7,0.12311793912124527,0.0029819931773241806,0.6624401161400467
s050,s026,7,0.15804151032080394,0.020187544752489826,0.5873083350707046
s050,s027,7,0.08119566789568715,0.011158374376413174,0.5925197723539993
s050,s028,7,0.08419582369444709,0.19747657328425372,0.6096303296900464
s050,s029,7,0.11158016792092511,0.0005912544807244073,0.7302987998567306
s050,s030,7,0.06710004486723814,0.013784024152932202,0.5266228820522276
s050,s031,7,0.0805836052402887,0.00019944485563158358,0.6335990855958991
s050,s032,7,0.10357765220819917,0.005645565828923983,0.6899622751144112
s050,s033,7,0.06716423292957811,0.13863589489166164,0.6250648402877181
s050,s034,7,0.1409392829446951,0.06231204457029932,0.6194162626107934
s050,s035,7,0.17254326875276668,0.12954368901563496,0.6734242965435508
s050,s036,7,0.13357583615017823,0.01704588644517492,0.32226654136588984
s050,s037,7,0.09707096484564018,0.044277874718398016,0.5768311819032527
s050,s038,7,0.14396426770709725,0.0012084401875545928,0.6276858590385145
s050,s039,7,0.07638270455985703,0.06492843359624932,0.6740842518815798
s050,s040,7,0.058564338184031395,0.18112927016904135,0.6430379171444484
s050,s041,7,0.17017387322844435,0.00846134016556739,0.6220551604366901
s050,s042,7,0.10026888060108227,0.03163833694957262,0.5644033356224637
s050,s043,7,0.06472576082020716,0.013779142478225606,0.3724758665172215
s050,s044,7,0.14878048134360355,0.042475347757938084,0.5490154035445962
s050,s046,7,0.060683564903722495,0.004457750255916903,0.682874152834411
s050,s047,7,0.11379489273856168,0.0005247407171771832,0.6688729617739654
s050,s048,7,0.07150244905722997,0.0031419097162709623,0.5842782286905643
s050,s049,7,0.12440360324622791,0.007603007490312566,0.5040178925485616
s050,s051,7,0.11304927930009386,0.005503093109674563,0.6399160359220037
s050,s052,7,0.07492629311323758,0.12135269785344452,0.5983203430665675
s050,s053,7,0.0890413202502267,0.018173557798677263,0.6658393300336709
s050,s054,7,0.11017873452222976,0.010651650216141673,0.7492467069433959
s050,s055,7,0.15961597814187073,0.0727131842376422,0.6371705776085803
s050,s056,7,0.07629328930928642,0.01963483008983797,0.6004435382335478
s050,s057,7,0.10108002462415953,0.004271667208355738,0.525128934841009
s050,s002,8,0.06207616106674994,0.021059539366512097,0.7809061062951569
s050,s003,8,0.049469086416455185,0.1866490249557646,0.7298200008546529
s050,s004,8,0.05829975193735431,0.017905830979668927,0.6876536848204641
s050,s005,8,0.07761873976219927,0.03898098334453529,0.5913648105261899
s050,s007,8,0.08353900164277836,0.016429188935755488,0.674862186919284
s050,s008,8,0.04409199262574893,0.003906929110839044,0.590379703977492
s050,s010,8,0.22361984935941484,0.10822009034644685,0.689842356744956
s050,s011,8,0.04478594997586086,0.0016439339642064044,0.5793132732233649
s050,s012,8,0.05297175019570166,0.03870846840190947,0.5793866652873869
s050,s013,8,0.1818822186161203,0.05457209082639242,0.6686676722202496
s050,s015,8,0.05694890174782766,0.004158166851400973,0.5843046101992123
s050,s016,8,0.061197239485405064,0.02002658143371412,0.5593376313499581
s050,s017,8,0.12025718993595796,0.037279275313552844,0.6630858740043671
s050,s018,8,0.061298520517873406,0.014750390254184408,0.5724587553843778
s050,s019,8,0.1075175540375461,0.016836951190636808,0.6101166322047585
s050,s020,8,0.11407751867133249,0.06468100504950715,0.4867291335087645
s050,s021,8,0.08120742610686607,0.00043237641492024096,0.586010352728
s050,s022,8,0.03857904151314118,0.059632381450026126,0.4848914162811035
s050,s024,8,0.06703975169619339,0.059298444180876986,0.7215829289923594
s050,s025,8,0.06719322154139078,0.00034832755709446415,0.588321494291694
s050,s026,8,0.12255077731827521,0.2400688136862909,0.6553677006056926
s050,s027,8,0.049616483766080924,0.046761419732726114,0.6427624332348861
s050,s028,8,0.04974898681535893,0.05801282483392307,0.6679426854158831
s050,s029,8,0.08157233107600248,0.05971869296033038,0.7351817841224275
s050,s030,8,0.06939419411796283,0.008661945125285819,0.6383261074985421
s050,s031,8,0.06247041747425202,0.018967094564261298,0.6080690601168245
s050,s032,8,0.09436881804077359,0.08272134090522579,0.7048760562863201
s050,s033,8,0.043299224464102615,0.03210758676072275,0.6084955665917027
s050,s034,8,0.12043881805075969,0.001551466574897142,0.7900799747161477
s050,s035,8,0.14852750497971015,0.047496123435283054,0.6562476001721071
s050,s036,8,0.06935004554417515,0.023190511839456734,0.30111104299358304
s050,s037,8,0.07282338589813764,0.02345204811413692,0.5957676999797037
s050,s038,8,0.05880583393648643,0.11341461795472778,0.7495472987829486
s050,s039,8,0.07861607772975221,0.14223737958765176,0.74136105061111
s050,s040,8,0.03718122746604193,0.1165771398149165,0.7736986992469725
s050,s041,8,0.08881126703668313,0.03656503867133293,0.5683152858832072
s050,s042,8,0.05314071862949661,0.007360339229580209,0.7059160366861293
s050,s043,8,0.041524164215429794,0.05061610528710565,0.5108134290957588
s050,s044,8,0.060861812253039195,0.05113982619161023,0.6589701739968465
s050,s046,8,0.0766230905332851,0.009235363409965365,0.6466227085415862
s050,s047,8,0.06303428224148096,0.0026737472154099574,0.7010589536736709
s050,s048,8,0.056352382597136444,0.0005857339972335846,0.5345450876470845
s050,s049,8,0.05203816875211783,0.036346119146517135,0.5300990432749453
s050,s051,8,0.12782502078411695,0.04221771622890929,0.6359887262925211
s050,s052,8,0.05734138190374431,0.09261499300006899,0.6508754293521131
s050,s053,8,0.07986271159082857,0.04069040421792666,0.6553747513270769
s050,s054,8,0.08255327553018042,0.0029388511532751293,0.7485621449540892
s050,s055,8,0.0664763308416629,0.00017078894751549036,0.5644166772522867
s050,s056,8,0.0722151705513738,0.12708117015564077,0.7364443553289959
s050,s057,8,0.07703254503227133,0.0035980807216495487,0.5982038463519268
s051,s002,5,0.2286959993315231,0.006846960662829698,0.6999685313525058
s051,s003,5,0.19945334037912804,0.1143849194661953,0.802792369348019
s051,s004,5,0.25396492140251803,0.0423617763594677,0.6025772822910346
s051,s005,5,0.14986193419146185,0.19435235851185934,0.7048156802998427
s051,s007,5,0.4878921096280016,0.14550509442168014,0.7290198818545233
s051,s008,5,0.11753230388927059,0.0015235039910568892,0.6996179950327203
s051,s010,5,0.23411121690463924,0.026877486564709025,0.6768114928048368
s051,s011,5,0.20005827252543512,5.9539579999139937e-05,0.6822667529521006
s051,s012,5,0.36938430880139234,0.001488284095014149,0.7318564333873252
s051,s013,5,0.18344892975864815,0.15788337308553752,0.7458083567124145
s051,s015,5,0.3574065547084536,0.07415003519903969,0.7234153010404535
s051,s016,5,0.1239484795851995,0.0072852748230782015,0.6751816245254029
s051,s017,5,0.19833581618273494,0.016404703424689075,0.7299963019202748
s051,s018,5,0.24227206378272254,0.055074523419980106,0.6735805598110757
s051,s019,5,0.14090801257733274,0.13493162136100167,0.6980457546343515
s051,s020,5,0.20064468574813127,0.0693306060519603,0.6784737930390909
s051,s021,5,0.21285304187039367,0.003474069210763642,0.7191384696233143
s051,s022,5,0.1441091760105666,0.23482959930108324,0.6643984869279151
s051,s024,5,0.09663007009369506,0.01986754728049832,0.7835946186961459
s051,s025,5,0.21412164594369662,0.06255502035707644,0.6620670343321392
s051,s026,5,0.20043513148936914,0.0493926740334425,0.7166479846288221
s051,s027,5,0.2104723174617678,0.06742716792508785,0.5118210652662774
s051,s028,5,0.22976312695554718,0.0019112727815945368,0.6736233671201305
s051,s029,5,0.3941338317690447,0.1299371213176261,0.7364242609229018
s051,s030,5,0.17943742984989572,0.0228715464857169,0.6608642709460869
s051,s031,5,0.23174424358727091,0.025703365229727035,0.5903354915484901
s051,s032,5,0.23157786557117863,0.03968334665995593,0.8012918441297842
s051,s033,5,0.13608211628904615,0.04121686448206816,0.5618235620145418
s051,s034,5,0.2612334595998855,0.00026638989197218775,0.6424988920296061
s051,s035,5,0.143048362062748,0.0012301686424070328,0.5641670956923717
s051,s036,5,0.20298109935751282,0.11641714622665116,0.5191950324189167
s051,s037,5,0.2200704739882835,0.029050224855446977,0.7470342332572514
s051,s038,5,0.2929779856185521,0.0005701635977361671,0.7273675688571216
s051,s039,5,0.1928710651107901,0.007161193505824903,0.6286646818017902
s051,s040,5,0.21173178828072686,7.116286668812411e-05,0.5727375522849155
s051,s041,5,0.22394788208128869,0.010045941984584878,0.6527985507979126
s051,s042,5,0.2317241601836508,0.0005142059298935604,0.6367216402506968
s051,s043,5,0.10610681636762684,0.05948269555542462,0.7322098452768541
s051,s044,5,0.16909535714761043,2.8778833853845453e-08,0.7975899194192134
s051,s046,5,0.2659692314384053,0.01157815313523139,0.7335496594535598
s051,s047,5,0.1923183630048661,0.019578658269319343,0.48816826781215833
s051,s048,5,0.25648331657302,0.041156484289163624,0.7415474889166607
s051,s049,5,0.10350720687512462,0.19541466532762072,0.7511036802897373
s051,s050,5,0.12474262527772509,0.02756079487478597,0.6865027642141895
s051,s052,5,0.23559231489127289,0.0046742979974565575,0.5206958283535498
s051,s053,5,0.3326018171960729,0.09899411340246157,0.6573744135350513
s051,s054,5,0.20310187953925707,0.05956328871767648,0.7807336780603514
s051,s055,5,0.24835034236375447,0.002550160630343458,0.7569090777913474
s051,s056,5,0.23370057371716596,0.014490193970449443,0.6487978639229949
s051,s057,5,0.28767779481326355,0.06386548958176451,0.7997283107630899
s051,s002,6,0.2263124335118997,0.0015611921916297885,0.7685759958519327
s051,s003,6,0.26710538696405844,0.0661592082504082,0.7539643702615019
s051,s004,6,0.18616538650724032,0.028964702890452502,0.7067947053028982
s051,s005,6,0.08517194888614711,0.04964468836016737,0.7169220473274112
s051,s007,6,0.2956059205802563,0.2393629753666098,0.7571047637575988
s051,s008,6,0.2689833155499064,0.02754189774483115,0.7362619258311851
s051,s010,6,0.25806331789726006,0.027352420485274732,0.7203773071803901
s051,s011,6,0.2599141410910339,0.03531126964238738,0.6704299795586518
s051,s012,6,0.21471784959343043,0.008465854040328393,0.7376229427585876
s051,s013,6,0.2667194350364107,0.05217647340189121,0.7944232111909698
s051,s015,6,0.30686366402286025,0.02846699206348035,0.6608421752825602
s051,s016,6,0.08086861787076098,0.014740615535688142,0.6660828867293277
s051,s017,6,0.3063720308902148,0.016305595790483376,0.8329941657961948
s051,s018,6,0.21141618527724562,0.07751353312176676,0.6941610934953591
s051,s019,6,0.10377394792736899,0.051854197414469304,0.7028535110642264
s051,s020,6,0.2512994379793357,0.06471954705467793,0.6726226086736904
s051,s021,6,0.21314373600190828,0.04732714081790051,0.668066374470056
s051,s022,6,0.09239462126462274,0.07331236300053691,0.6081563697609155
s051,s024,6,0.11583578927272523,2.1121772955726985e-05,0.776218711853717
s051,s025,6,0.16752440842473698,0.07166340589788316,0.6870474586286939
s051,s026,6,0.14190942843747134,6.742497200247217e-05,0.6992237146844846
s051,s027,6,0.16641517083046414,0.0005058556346510425,0.6965073330819326
s051,s028,6,0.206848917050257,0.016819481787987853,0.714956794199088
s051,s029,6,0.5482742194726528,0.016023241822043642,0.8029119762296301
s051,s030,6,0.1356665910010767,0.015598710016158594,0.6714410732595169
s051,s031,6,0.15023398603762328,0.004326236321174774,0.7612160176480194
s051,s032,6,0.30848903813076245,0.11676883949836982,0.8053370429082233
s051,s033,6,0.09694692524686156,0.08277123596810525,0.6206644081370458
s051,s034,6,0.18900500702498965,0.004739487314528317,0.732794345042427
s051,s035,6,0.16464831263309576,0.11427214264470258,0.6703477314559602
s051,s036,6,0.1093404760647257,0.0712689143310715,0.5006450768833857
s051,s037,6,0.09017286249594594,0.005614258531367852,0.6537520990739818
s051,s038,6,0.26976915196650425,0.09394531311909082,0.6500778257323372
s051,s039,6,0.12779932097591926,0.0010423380722189707,0.6923040678597151
s051,s040,6,0.10432415559526065,0.035094861981888895,0.6598284847018443
s051,s041,6,0.12820080335233552,0.005093242855741039,0.698877406645852
s051,s042,6,0.17242978467815484,0.005064566337598561,0.6673775775539021
s051,s043,6,0.16803920076222464,0.07548744440247157,0.6077952215493277
s051,s044,6,0.10395498238826249,0.14770493313393548,0.7212120460011368
s051,s046,6,0.28237161957516976,0.0013277230834500173,0.7426770475830882
s051,s047,6,0.16719194059472714,0.009478562763026737,0.6055870151673931
s051,s048,6,0.3344599034622583,0.004710306790108459,0.681687462134215
s051,s049,6,0.07916034317001955,0.17023131172212902,0.6697637171936892
s051,s050,6,0.1328921400554362,0.03205062155767873,0.7042686999553839
s051,s052,6,0.3276298168799123,0.0003056340505300896,0.5459303433462638
s051,s053,6,0.4517257805273472,0.016319536984933308,0.7324762723307862
s051,s054,6,0.2987819934073791,0.03646059809108688,0.7750345645017546
s051,s055,6,0.33994859826430335,0.10385955084989235,0.7604331748783186
s051,s056,6,0.2919193593166134,0.0016490061526411076,0.7660090369566561
s051,s057,6,0.20694700784136133,0.041346910237296565,0.761499380775134
s051,s002,7,0.07922973028927492,0.02930147989066969,0.5720112995751913
s051,s003,7,0.0776249934758369,0.06163014984239106,0.7216656669211513
s051,s004,7,0.07494000233955514,0.0005912513515917023,0.5024548795894677
s051,s005,7,0.03139422769134077,0.17434998554153044,0.6606610665377917
s051,s007,7,0.08174740058719744,0.14746813763614172,0.8030230331521365
s051,s008,7,0.11013614695730595,0.0004364222490095235,0.6326350036035782
s051,s010,7,0.13869058771038018,0.0006725171425371588,0.4898453083829638
s051,s011,7,0.14596657874648003,0.015434616675464209,0.5789855448029863
s051,s012,7,0.08878654552768303,0.016541308133474146,0.5668914039360089
s051,s013,7,0.16057465068241547,0.007695232094006586,0.6333668884921488
s051,s015,7,0.20380686160576736,0.1057101485756637,0.6360664363310241
s051,s016,7,0.0261274776136499,0.004057291475676723,0.5994074362023517
s051,s017,7,0.09707129036489269,0.0017339501819553656,0.7052547671853107
s051,s018,7,0.11690442687057337,0.02507217947559846,0.4791700959182878
s051,s019,7,0.04730207350072674,0.17155246229885904,0.643170218722841
s051,s020,7,0.10097331707579735,0.053573187844029896,0.6218244941782478
s051,s021,7,0.10535268729394628,0.004700410338111291,0.4517649100909552
s051,s022,7,0.058013294163892906,0.011343217323491937,0.5012364574695194
s051,s024,7,0.029279116271004886,0.013004081494074752,0.5776892563213766
s051,s025,7,0.07578381925456196,0.057729321376977207,0.5819380063708479
s051,s026,7,0.04426944829437023,0.003718765019860053,0.6050489527160468
s051,s027,7,0.04999294310570597,0.014990053527670124,0.498166599940514
s051,s028,7,0.10407374462935336,0.019995831517041956,0.5615304267770822
s051,s029,7,0.2724749692473133,0.06313030053520743,0.6422474386146592
s051,s030,7,0.054143021749952225,0.00017451467692390703,0.49659059816707574
s051,s031,7,0.16930072865012183,0.0002715630705465077,0.5941343245393796
s051,s032,7,0.2435205057791138,0.04541928336096448,0.5953242867831423
s051,s033,7,0.05506931833496492,0.005042298129389565,0.40982600691065657
s051,s034,7,0.10411360890244753,0.0003037624373835734,0.6233337512257987
s051,s035,7,0.10670336540646375,0.008013217839357963,0.47731904412252546
s051,s036,7,0.04227458049560315,0.038947094327755595,0.38773350247285127
s051,s037,7,0.03694938538324585,0.003987718194438668,0.5058672310479793
s051,s038,7,0.12247790724099161,0.028505315612683255,0.48364250288804034
s051,s039,7,0.07333914523144716,0.07605156939828657,0.44733487450706244
s051,s040,7,0.062397844275819396,0.003323161728360464,0.3914899684184775
s051,s041,7,0.0637916971491939,0.002308122532506356,0.4850206327629168
s051,s042,7,0.03985998301562806,0.00222725707796072,0.5578867553562287
s051,s043,7,0.04010879184071645,0.06791210672191153,0.469637134400522
s051,s044,7,0.03547140740096127,0.052171159803156494,0.5504422992868298
s051,s046,7,0.1175853644776542,0.005524229258520787,0.5713027811917338
s051,s047,7,0.039650185489727076,5.287802718291301e-05,0.43109182930765105
s051,s048,7,0.4256360437283057,0.0627320005868882,0.5827216225264533
s051,s049,7,0.05242037048135129,0.09059925987196772,0.5090578043497945
s051,s050,7,0.054051179857904315,0.002569463363757523,0.5463903175417337
s051,s052,7,0.11256987024195032,0.016844908139615918,0.34934671415172125
s051,s053,7,0.2261890680892588,0.05870702340590223,0.557956031317865
s051,s054,7,0.10680757794770894,0.06572221148237944,0.678108787214065
s051,s055,7,0.1594051132269473,0.019096398218608042,0.618986787180187
s051,s056,7,0.11431864092589118,0.0010658475740012703,0.5344639855067294
s051,s057,7,0.08279987407151701,0.08190976998610217,0.5802504599442921
s051,s002,8,0.12623727403884108,0.0034625487143819427,0.7406275612698228
s051,s003,8,0.19851989147604876,0.1073830198552046,0.7511060515897647
s051,s004,8,0.13234791211879696,0.04224666950355691,0.7583130971627554
s051,s005,8,0.05155217797233569,0.08729741381620497,0.6844586018378951
s051,s007,8,0.19192026769217108,0.1399185608346714,0.6757673150791902
s051,s008,8,0.2757090417733816,0.11163195142985946,0.7483514779588738
s051,s010,8,0.291628190329891,0.018179766848308822,0.6862325041053405
s051,s011,8,0.15516602798501083,0.03241151363011274,0.70260295844564
s051,s012,8,0.11336919970265097,0.00926023519251712,0.7717648705218519
s051,s013,8,0.29633591967528167,0.19633338307694373,0.7910390000486888
s051,s015,8,0.5534230518416123,0.06971811597877428,0.6468455894590898
s051,s016,8,0.04941583817431929,0.0382382009303524,0.6311878436519723
s051,s017,8,0.40636466338135224,0.008594408838823828,0.8283958421454085
s051,s018,8,0.12444551510340761,0.07382248955351592,0.7645635584676684
s051,s019,8,0.12320013852896433,0.06435900043952777,0.7093139216647412
s051,s020,8,0.16720658317252673,0.040106444980472056,0.7566408394301858
s051,s021,8,0.1731092954483398,2.41846699758684e-05,0.6221010381524188
s051,s022,8,0.08052741439186974,0.08955059461845867,0.6886641660442903
s051,s024,8,0.08396139443729568,0.0017571435335633585,0.7150221801845399
s051,s025,8,0.09912238783101872,0.06930113943119241,0.7420583325641738
s051,s026,8,0.12488826762907076,0.014203158270101657,0.5945305149505951
s051,s027,8,0.11385348065346244,0.011797215443036389,0.6916583382791237
s051,s028,8,0.3535447529046101,0.04788880909947912,0.7650532127088653
s051,s029,8,0.43145450581429245,0.029215083383250295,0.7587355653109765
s051,s030,8,0.0768639652013334,0.005299848904506282,0.6140756470327144
s051,s031,8,0.09838359837454887,0.014432916799509579,0.7698317734703561
s051,s032,8,0.1659832385392038,0.0950162020304165,0.7827342450110303
s051,s033,8,0.055818821180074536,0.07617993808919231,0.6427167163622307
s051,s034,8,0.16136806260739847,0.02400804364522013,0.7489401597612533
s051,s035,8,0.13964732716520195,0.19715494379348825,0.650860757501962
s051,s036,8,0.16917187347697524,0.16243708200059548,0.6196307048089871
s051,s037,8,0.05131973539396037,0.0027666159287323203,0.6460894977651152
s051,s038,8,0.13691371243604453,0.04951578954208677,0.5801218111161033
s051,s039,8,0.10518924283583009,0.0016620027211280788,0.5790760965683678
s051,s040,8,0.06501991603104251,0.0012694196775324218,0.587228071613475
s051,s041,8,0.07219143431069994,0.0002858911961500354,0.7418487304516941
s051,s042,8,0.1661801807696616,0.0025134713504953656,0.7358969539682314
s051,s043,8,0.16130769862717936,0.10291651088160761,0.5967771535486585
s051,s044,8,0.054957004042268984,0.04711070610199214,0.6941289427540608
s051,s046,8,0.05189931444039293,0.0006542615016631766,0.6979823691716518
s051,s047,8,0.06015351110364754,0.05164160154692906,0.6877707937390627
s051,s048,8,0.2769588754231499,0.114512582377988,0.7050898812587237
s051,s049,8,0.06149173090271337,0.09601946084098023,0.5798491678246729
s051,s050,8,0.08834415522945836,0.00033640732670183566,0.6368566638809832
s051,s052,8,0.11717213641289165,0.005840825411309222,0.44893319571479084
s051,s053,8,0.2499269504464432,0.0036697924538893235,0.6928119248057114
s051,s054,8,0.1787879087864453,0.0008151447796346278,0.7352173803689174
s051,s055,8,0.44657694815838767,0.24061820844961776,0.7485373074998676
s051,s056,8,0.14460631329721876,0.001023784139358616,0.7596972128908589
s051,s057,8,0.13294109036418644,0.015001014073532076,0.755989875513447
s052,s002,5,0.012065221413118709,0.15245660873876057,0.7322275149337183
s052,s003,5,0.028257481251751995,0.0458459053970011,0.47698230060348634
s052,s004,5,0.030379918102235542,0.02260904004269101,0.424097767660012
s052,s005,5,0.03692813863723594,0.05129822188115358,0.5044437588612491
s052,s007,5,0.06815660324564109,0.001821870980083763,0.47649758929116426
s052,s008,5,0.01541184073376056,0.017322830666867486,0.3266680164889031
s052,s010,5,0.03313887538843699,0.000299824532217525,0.7183199876929875
s052,s011,5,0.0237056442585098,0.027614537053032275,0.419213892063061
s052,s012,5,0.020054687483293292,0.008977565430778963,0.4913535169229509
s052,s013,5,0.027743394977857185,0.0048459047881334715,0.5141716426665423
s052,s015,5,0.03041851844212423,0.04137478806944583,0.6429032807271811
s052,s016,5,0.03361240692560954,0.0197200550775025,0.7061295691298587
s052,s017,5,0.04066713568729714,0.001720877732490884,0.5918475473588267
s052,s018,5,0.028669329630497734,0.03430120412054984,0.48893377007150146
s052,s019,5,0.023411350610068125,0.023720573681420828,0.5924723429446535
s052,s020,5,0.023140596147454534,0.0012260909665909188,0.453053217425349
s052,s021,5,0.030430964779705583,0.023407461008617816,0.6963240123189468
s052,s022,5,0.03844021418033817,0.05024779333569063,0.35542308196924294
s052,s024,5,0.021633036450927234,0.029334408733985212,0.6822468568003133
s052,s025,5,0.023889573641763348,0.003854310412749128,0.425609777140764
s052,s026,5,0.023624909267544535,0.005081717166064253,0.5348188211380593
s052,s027,5,0.035899787063929614,0.003192091407881632,0.3925456217113094
s052,s028,5,0.03911895736879552,0.00803411924951487,0.6580676149050815
s052,s029,5,0.0518413671231753,0.003162982313378713,0.6156487099465104
s052,s030,5,0.010094478945869437,0.009499829632713489,0.4160779617964986
s052,s031,5,0.024478446576929894,0.005884709772621218,0.34239520627985437
s052,s032,5,0.02251669259078656,0.020281359947480166,0.6391365503764351
s052,s033,5,0.039537339542959245,0.005856849656934356,0.7354493636169296
s052,s034,5,0.023241312692854434,0.11011782865229608,0.6161435964250813
s052,s035,5,0.12984094216487452,0.00020036434408444287,0.6422205656540388
s052,s036,5,0.0409719450065751,0.04032521325589698,0.31164695609681625
s052,s037,5,0.021364280875437014,0.06395272038039901,0.44703081730598665
s052,s038,5,0.04943991037814068,0.04767697193563425,0.7718011408538131
s052,s039,5,0.026158034836243082,0.08542498069103521,0.8247700257232071
s052,s040,5,0.023265838977277385,0.12799763566612704,0.8421955603342444
s052,s041,5,0.015275897432957888,0.048702012533556494,0.6047959412559154
s052,s042,5,0.04691211228932364,0.035040227622916524,0.42678932730775254
s052,s043,5,0.020828701630911717,0.0006065521065635736,0.5389742806369624
s052,s044,5,0.023172212144202245,0.005768570227508817,0.5731232748207168
s052,s046,5,0.023771837413391065,0.020811456690031486,0.5894543944251789
s052,s047,5,0.02355807750306411,0.07044807380411224,0.5342345778643439
s052,s048,5,0.2034967988981031,0.0007611738071516806,0.4597851015785981
s052,s049,5,0.013613854118509126,0.00021598209817022307,0.6637842868660808
s052,s050,5,0.020953203201662742,0.06195119377669637,0.6572104315011869
s052,s051,5,0.050683197161692874,0.005156305009540965,0.5943871110529931
s052,s053,5,0.060811654557743476,0.11278719874708415,0.7688296220878481
s052,s054,5,0.11284412963373172,0.20708520903767905,0.7195274281753197
s052,s055,5,0.050579640944865785,0.007440587898446714,0.6072894670140765
s052,s056,5,0.01482526099323306,0.1254090447110306,0.6562148118016535
s052,s057,5,0.019820627399590954,0.0037465698608882825,0.4717235259611189
s052,s002,6,0.010938560458552906,0.1675797434138239,0.7510012504435207
s052,s003,6,0.011931347865425697,0.017858197448736964,0.4054292093066557
s052,s004,6,0.025678974265356647,0.014145950344140701,0.4420248509357951
s052,s005,6,0.02949338187701683,0.03792547999755658,0.45874765646805304
s052,s007,6,0.035180282018316564,3.1782173771051165e-06,0.4621653781247901
s052,s008,6,0.009195114003027206,0.027100955036772498,0.30238260840338316
s052,s010,6,0.026973747682086543,0.0010852071095235154,0.704872241363127
s052,s011,6,0.019258533516418014,0.00013304628925098026,0.3267927026689209
s052,s012,6,0.0246283062911488,0.005622507459164459,0.4052596999762414
s052,s013,6,0.01903812135205503,0.005973688174247185,0.5020484293587518
s052,s015,6,0.023910665679623324,0.0522711065629377,0.616012452756004
s052,s016,6,0.018771410709870547,0.06725311037735114,0.647518642385379
s052,s017,6,0.03397848629096309,1.011444386672151e-08,0.5682113165112692
s052,s018,6,0.07198847459058128,0.0008110959688699094,0.40205100144340844
s052,s019,6,0.02802498550051697,0.013049946359418554,0.5317664518727243
s052,s020,6,0.0337755831520199,3.5695876441507974e-05,0.38548061509791753
s052,s021,6,0.03925971593082909,0.023223991966987764,0.6854933142792616
s052,s022,6,0.025859029762694167,0.008744650493087818,0.2471778637225977
s052,s024,6,0.01109009943098769,0.06039432390314696,0.6347319055727856
s052,s025,6,0.02202060578625878,0.0008736510215210238,0.3875120348023854
s052,s026,6,0.02475918621660051,0.00990236749608289,0.5412501984266479
s052,s027,6,0.02518626826522375,0.008012380667243482,0.45202463826453837
s052,s028,6,0.014621687144623847,0.06495597810441738,0.673811803010471
s052,s029,6,0.04779859663919226,0.003796706028982379,0.603501406119206
s052,s030,6,0.00873070153189463,0.04743912259211815,0.3881850123468701
s052,s031,6,0.02910478678651449,0.013655018808725829,0.3298521270535301
s052,s032,6,0.06171010420298262,0.0014165476906799908,0.5879343216248905
s052,s033,6,0.02419338941654219,0.007123724911084863,0.7546179207249941
s052,s034,6,0.01198167934563109,0.09972514143561244,0.5942031512711878
s052,s035,6,0.04841438190555009,8.725045512082406e-05,0.6727120470209542
s052,s036,6,0.02270941136933206,0.0039166115368128845,0.16237464449751843
s052,s037,6,0.02953135506103771,0.03431147757515187,0.4357766923123657
s052,s038,6,0.04884366352218323,0.05716430554328623,0.7822650667940338
s052,s039,6,0.019459332025627895,0.09242626170913258,0.8673711082251395
s052,s040,6,0.038461783365150146,0.15610008433230613,0.8693259380325041
s052,s041,6,0.024864435470892777,0.0013481242674400014,0.5773522112294192
s052,s042,6,0.017233802293943935,0.02135044544400819,0.46064037246959355
s052,s043,6,0.012420164232778457,0.004318334050152953,0.4072088171735623
s052,s044,6,0.01035676696494059,0.0004271014802330319,0.5383813208567942
s052,s046,6,0.020450312700537966,0.0033434095558761206,0.5983382895673723
s052,s047,6,0.02140747357901925,0.07345257102824457,0.5751430883004008
s052,s048,6,0.10487194031941302,0.0009069935478747308,0.41339367830545615
s052,s049,6,0.00898177781506454,0.02406294471944534,0.5657304220113865
s052,s050,6,0.022495806043247375,0.029730419512001373,0.6761466559779411
s052,s051,6,0.14825845314289357,0.006945664397287228,0.5895054446680321
s052,s053,6,0.044481728342266574,0.1712288183646182,0.7516978488158678
s052,s054,6,0.057668029781658456,0.31139086577101516,0.7042112853504919
s052,s055,6,0.02578424166126743,8.263951707576681e-05,0.5373551510449861
s052,s056,6,0.01432386331742205,0.0480001862037895,0.6278082392531728
s052,s057,6,0.01300449378735948,0.03195123849031307,0.40469116453970805
s052,s002,7,0.06896100886499201,0.22377929521277823,0.7053847799650305
s052,s003,7,0.015710055514999065,0.0322859197723119,0.43586262728700637
s052,s004,7,0.020769063152587017,0.0156576913146428,0.41985257018487127
s052,s005,7,0.030689910239912188,0.019070323617739575,0.4399230126692619
s052,s007,7,0.053379519398882684,0.0012363981077114382,0.44918162088749225
s052,s008,7,0.01596438739440777,0.015046170468167998,0.29940380448069126
s052,s010,7,0.033300271559547207,3.7335856731273405e-06,0.6957794735494682
s052,s011,7,0.037015598389913376,0.007603888710860733,0.35766803385392015
s052,s012,7,0.021202507240464647,0.0016573898540625622,0.40767923478312945
s052,s013,7,0.019484549078337722,0.004741059922781949,0.5086794626281594
s052,s015,7,0.01982767847606634,0.010596206787946896,0.6370030422666786
s052,s016,7,0.03780509955952023,0.05786699355867926,0.6329473002999774
s052,s017,7,0.036984727280050214,0.0019911192294492794,0.5616169920303207
s052,s018,7,0.06397673610414902,0.01443404117334956,0.44598687626505285
s052,s019,7,0.02765055132889316,0.004230664374562061,0.5020697488056776
s052,s020,7,0.028209560808699522,0.00020375626870638606,0.3785866761959901
s052,s021,7,0.0452792258212948,0.07135972212475689,0.7091021977466481
s052,s022,7,0.025262419772622682,0.026073508836838424,0.29742072294584326
s052,s024,7,0.015843129957999486,0.05112210465529043,0.6654615475755773
s052,s025,7,0.021287039627450027,0.0035245945951043306,0.3893908972544276
s052,s026,7,0.022226210281024054,0.009183915291929128,0.5227407010427086
s052,s027,7,0.03595450144618668,5.305887950779999e-05,0.38446935021315976
s052,s028,7,0.04564165904927261,0.006429476072764672,0.6270222574029025
s052,s029,7,0.056713502711836485,0.03454316815474942,0.5947356817353374
s052,s030,7,0.010132357849097842,0.00536155385289731,0.3483503368589819
s052,s031,7,0.012331377096927559,0.008055301801263112,0.30718948638164356
s052,s032,7,0.03700267469155482,0.0020449267172591317,0.5899982196663934
s052,s033,7,0.027577481151903848,0.007365706024849374,0.7176957113648491
s052,s034,7,0.019853177315308102,0.10849038235797337,0.5555945889114793
s052,s035,7,0.05476027607195567,0.003600977381331773,0.6483608445926249
s052,s036,7,0.02579349989417421,0.024321024161300657,0.23440710824854188
s052,s037,7,0.015732324342403646,0.07210306083229484,0.45024353584969373
s052,s038,7,0.0412730076643055,0.0307749899123378,0.7442519595649499
s052,s039,7,0.01800871974123855,0.04399054778619257,0.8638601115598008
s052,s040,7,0.022676516591140266,0.08796873282060894,0.8097583581742496
s052,s041,7,0.017232720310333283,0.03858805463182067,0.5876017580443585
s052,s042,7,0.04683372928333291,0.0409686163583884,0.40683711110337656
s052,s043,7,0.024088365855182255,0.0006561099618639973,0.4831837057881987
s052,s044,7,0.022140056969504284,0.00024358256911092147,0.5259464397924948
s052,s046,7,0.03259596913760872,0.02528836314282343,0.5470779417231084
s052,s047,7,0.021207108398491693,0.08563216904931094,0.5013659766340232
s052,s048,7,0.08617267564847099,0.01667446740879233,0.3928983803135528
s052,s049,7,0.013147402700907836,0.0033685302226101137,0.5845019576944264
s052,s050,7,0.017991425011740274,0.02799379228058515,0.6130243341481842
s052,s051,7,0.07814628879827679,0.0027192950417647297,0.5926532618030291
s052,s053,7,0.058552872485416095,0.11659638459191873,0.777078671729416
s052,s054,7,0.07707213255435828,0.2902430939473144,0.7109570524845097
s052,s055,7,0.03232210998223493,0.0007230810308492945,0.5558842807718607
s052,s056,7,0.01682278627147622,0.09216896676975632,0.6226691026339057
s052,s057,7,0.019890029647444112,0.015340180562944186,0.4297541229292731
s052,s002,8,0.09478725494534959,0.20510327302301082,0.7552872260438801
s052,s003,8,0.021488394984548024,0.030679228991615577,0.4938811014556987
s052,s004,8,0.04317168342463576,0.023378232978819878,0.43863489341880124
s052,s005,8,0.034254624272714855,0.029077979773189037,0.527869552138119
s052,s007,8,0.06379873219918794,0.005589203178463417,0.5212408630470806
s052,s008,8,0.02134243915940546,0.01088616624366923,0.34165392666984506
s052,s010,8,0.058524245843014244,0.005512086477715014,0.7491922268335219
s052,s011,8,0.03795054781949979,0.00026343189077292396,0.36167269406860314
s052,s012,8,0.03544892155173911,0.0132200384612706,0.3995395774318893
s052,s013,8,0.031881056595859165,0.013483971078584601,0.5656477091320481
s052,s015,8,0.04702191733630793,0.045565448647847645,0.6903561808333636
s052,s016,8,0.04633817391564037,0.04497227761212703,0.707480774999322
s052,s017,8,0.06300453772486697,0.0003043414543344043,0.6068041625426642
s052,s018,8,0.13013850286032616,0.016144037098214766,0.4398067248379834
s052,s019,8,0.035463833379789984,0.006345076923403884,0.5751343796576656
s052,s020,8,0.05544922519999502,0.0020525857636298785,0.4347525620192816
s052,s021,8,0.07562332008290637,0.07815278756632826,0.7320487572771676
s052,s022,8,0.044635627987621176,0.0035964752098575476,0.2789204787580593
s052,s024,8,0.02489561523653602,0.02364016012341103,0.683417099905997
s052,s025,8,0.01654977792442281,4.387831945853391e-05,0.3877716108112046
s052,s026,8,0.03691957563400887,0.005212003682156051,0.6069145481819853
s052,s027,8,0.03685152900995161,0.024252508218479157,0.43984931356109735
s052,s028,8,0.04832897755780003,0.06272863523392552,0.6628593105129688
s052,s029,8,0.16163560809450364,0.002587568839301203,0.6761198979532643
s052,s030,8,0.012936537941569782,0.016712534361999515,0.44337409986367027
s052,s031,8,0.02964826467423786,0.015917848020607504,0.35626604791554944
s052,s032,8,0.12371438782097553,0.0019809696134957156,0.6322201668576628
s052,s033,8,0.03779107205459418,3.882725779853275e-05,0.7525795898684049
s052,s034,8,0.02982352856553136,0.048477088464925246,0.57519519218059
s052,s035,8,0.0901093226628971,0.01756740748205892,0.6727640187881289
s052,s036,8,0.050154575613520165,0.0012592058897151846,0.1915643209664875
s052,s037,8,0.020977595440481722,0.04206731741141706,0.4960524447824236
s052,s038,8,0.043835692633546586,0.013982456274331808,0.7910613869392759
s052,s039,8,0.021167821287984043,0.12726957408244122,0.86407902127003
s052,s040,8,0.03526650025624722,0.13568352592390906,0.8072456375686353
s052,s041,8,0.03409306335227265,0.016465284506295003,0.5917759663530997
s052,s042,8,0.06060389635623305,0.07252679917785088,0.4733560922254037
s052,s043,8,0.0303379959695228,0.011811143211315095,0.4608731465567081
s052,s044,8,0.02030485628065155,0.023950787773914663,0.5714786881528224
s052,s046,8,0.023428857645630366,0.0022550394223175454,0.6319915191295389
s052,s047,8,0.030345531165036927,0.07093982720962526,0.5785805937216091
s052,s048,8,0.1094408704214301,3.1609427527008473e-05,0.4348096128430567
s052,s049,8,0.008748026185258195,0.04372098542636515,0.647180987386197
s052,s050,8,0.028849839775271682,0.07256766277540436,0.7045270927151477
s052,s051,8,0.3792127516909572,0.019442863930180347,0.6095676616788311
s052,s053,8,0.123734939960092,0.18913319718377447,0.7997781167370873
s052,s054,8,0.10013417006730878,0.29684206488611603,0.7294459619677648
s052,s055,8,0.05952194054549857,0.00018226507802217726,0.5815817739446019
s052,s056,8,0.024993639403227817,0.08555935120118363,0.614257324428853
s052,s057,8,0.04654573078600127,0.05600934160794809,0.4656225958715592
s053,s002,5,0.023230268278007705,0.12324937232489118,0.8512578945631453
s053,s003,5,0.05069355572721913,0.04561959660805039,0.6333637555287752
s053,s004,5,0.0427520991579741,0.011763890168045653,0.48135288192355413
s053,s005,5,0.012814521619657678,0.02735658604016798,0.5958220913231692
s053,s007,5,0.07854517253192522,0.10745296098339802,0.5957323220662776
s053,s008,5,0.09506026807468176,0.058287090948869434,0.5717454222177961
s053,s010,5,0.03944615209725193,0.0021606057895872856,0.769860330695387
s053,s011,5,0.08456348743418853,0.018751581544467082,0.6281171560561025
s053,s012,5,0.021996054888127684,0.01260125987450368,0.6313020647853328
s053,s013,5,0.1279242587039989,0.07641448669841078,0.743510912524849
s053,s015,5,0.13131558786407774,0.05381578104011907,0.7099410848625777
s053,s016,5,0.019806699066963453,0.13305414044273414,0.6577482786531127
s053,s017,5,0.06265479262708343,0.007880288874373422,0.7733870038376611
s053,s018,5,0.04332383732304836,0.037868424363319816,0.6083386669313889
s053,s019,5,0.018484312535119046,0.04633360914985535,0.5696858777145931
s053,s020,5,0.03956743279163364,0.009761751925123314,0.587918827875153
s053,s021,5,0.03572154066456534,0.01541762488600968,0.7940567372404534
s053,s022,5,0.01750119140348793,0.02551011799349649,0.4744998962682524
s053,s024,5,0.020299510055572404,0.0005949703759447339,0.6866339100445911
s053,s025,5,0.02274964871147343,0.016118518016482127,0.6063943815674246
s053,s026,5,0.017193081849709992,0.0476065273982458,0.6470562016836698
s053,s027,5,0.05406484873857217,0.00934446790701653,0.47100123017739465
s053,s028,5,0.08232689297232205,0.0009352580701969031,0.7614530586561495
s053,s029,5,0.12579627551893832,0.03266624108847723,0.6630127391189011
s053,s030,5,0.02209598783897285,0.020234952991638414,0.6111598675240427
s053,s031,5,0.09293665779659338,0.013948504120648124,0.581599000715741
s053,s032,5,0.04900980184172505,0.00959043349134146,0.7615607065650237
s053,s033,5,0.02053233100819355,0.012816212461627646,0.707061658089253
s053,s034,5,0.05727151609542728,0.0015985823974929959,0.5509312014546983
s053,s035,5,0.020054874196419093,0.13075587832859012,0.6922441882120447
s053,s036,5,0.041002419499000346,0.03404282492766272,0.4238575930177257
s053,s037,5,0.01869929820700496,0.02119139042019866,0.7406736568664476
s053,s038,5,0.044157309869643654,0.06492965137950353,0.7626459005376389
s053,s039,5,0.019473256584714455,0.15628780336215975,0.7340988253596492
s053,s040,5,0.038360723484939,0.036105501535133026,0.6620218808388497
s053,s041,5,0.047546747548558393,0.030639670858974257,0.7361838886249437
s053,s042,5,0.06678595398762988,0.06031959927851588,0.6084667157589114
s053,s043,5,0.04553545237420078,0.003793159050928564,0.5216191517852067
s053,s044,5,0.036805418025918385,0.029083945202113746,0.7208120368005015
s053,s046,5,0.0746985848376642,0.09439860522853166,0.7613479653109259
s053,s047,5,0.03358187189093615,0.0036565637306582455,0.5517037133964898
s053,s048,5,0.03030417762634844,0.00818097962868149,0.5769575055288706
s053,s049,5,0.011290797956298464,0.17712749468750003,0.6873379664311684
s053,s050,5,0.022811769134419783,0.17066370185843413,0.6923239295062087
s053,s051,5,0.024985289369719443,0.08255583013627395,0.6618380921902487
s053,s052,5,0.04253090045358246,0.05222164393873472,0.6350403632096205
s053,s054,5,0.029043426494832006,0.07980603083756552,0.7433186738421638
s053,s055,5,0.04710108889571536,0.0028851356839617666,0.7231762262187589
s053,s056,5,0.08371793879887462,0.0005673401300382751,0.6783593700686495
s053,s057,5,0.07945922383197176,0.15064057669844005,0.6850611163468072
s053,s002,6,0.03170460769053904,0.13480271621750767,0.7009370670579823
s053,s003,6,0.07696537836908003,0.013241381018624768,0.5026978639633212
s053,s004,6,0.04816535696251834,0.001487854407571319,0.4047811307401817
s053,s005,6,0.018268853061840624,0.09602326482108159,0.5660445027726742
s053,s007,6,0.09914921720757908,0.12514961408985256,0.6257911954402351
s053,s008,6,0.07875692654658811,0.01407909784267705,0.4403211015833157
s053,s010,6,0.029101694757098878,0.048299578031100555,0.7757737227323701
s053,s011,6,0.056364523960117846,0.022515839024669724,0.4060789340454772
s053,s012,6,0.022001903966924072,0.010587579551183189,0.4592527019652045
s053,s013,6,0.11928219417598958,0.08407927396969919,0.650555198544058
s053,s015,6,0.0881549676841066,0.03537803253399335,0.7079275589893782
s053,s016,6,0.01816964192384067,0.06373951441413613,0.6361844005283263
s053,s017,6,0.08028728588497289,0.08879588207150754,0.6307195318465441
s053,s018,6,0.06685520532866734,6.9831306002876e-05,0.43396046209585065
s053,s019,6,0.02024614432222802,0.08527392565861039,0.5639978772034386
s053,s020,6,0.054715842957968504,0.010951304614927876,0.5150311019108313
s053,s021,6,0.03343047882709221,0.04829557285769982,0.7181831178868843
s053,s022,6,0.019209690919000624,0.0015881161231054931,0.28581231733021034
s053,s024,6,0.04131794656431866,0.01500375310881145,0.5819711439243983
s053,s025,6,0.027020983025683853,0.0010320859081890453,0.5264205327241098
s053,s026,6,0.017715526868270326,0.0004312221841287126,0.6094577355874806
s053,s027,6,0.05659114416434324,0.0014725194421951427,0.44265188867119043
s053,s028,6,0.06089908303345291,0.07344960883866383,0.6439334421652091
s053,s029,6,0.09526041191505591,0.006374016294020365,0.6008850891286598
s053,s030,6,0.017895158470884864,0.009240163697667569,0.45706457058878464
s053,s031,6,0.045836382245548625,0.02091815933108939,0.47151756102046405
s053,s032,6,0.035144258677143506,0.008016266976933214,0.6379603218251898
s053,s033,6,0.01679836921005425,0.09323082409070865,0.6705788999545146
s053,s034,6,0.0703304887374734,0.001174388891136775,0.40088076786427035
s053,s035,6,0.024621378041474497,0.006000445606202709,0.5231236706428667
s053,s036,6,0.037744204504538796,0.0016868795776205443,0.21982955855187405
s053,s037,6,0.012199275334086193,0.10410008773567359,0.5616597444897116
s053,s038,6,0.045827342221034205,0.04369732767046304,0.5815755309692743
s053,s039,6,0.013587588307250839,0.02963717292056326,0.6146992442235586
s053,s040,6,0.029194730703470728,0.002741743211852503,0.4443479836513086
s053,s041,6,0.0515512065150765,0.14364880616894737,0.5992519023460536
s053,s042,6,0.037201750302516635,0.003300574661194169,0.5361864854635309
s053,s043,6,0.03414939796231559,0.0003363155334111984,0.28474663305487413
s053,s044,6,0.14699572207620137,0.029095112513631487,0.5808053093211222
s053,s046,6,0.017506081606200805,0.08597756555105651,0.7542651357087585
s053,s047,6,0.038943316948898625,0.0039425641837532496,0.4443080065607272
s053,s048,6,0.026105698113863974,0.0024921677149248034,0.5132870794818922
s053,s049,6,0.012878354457922495,0.1265982025340277,0.622498934316181
s053,s050,6,0.026882226388653688,0.03417235676607664,0.5750183961201646
s053,s051,6,0.030009914503516356,0.07760697456280725,0.7291022322979678
s053,s052,6,0.06387340769769552,0.051159076346799594,0.4737953522249141
s053,s054,6,0.021404436354160623,0.07223666082702876,0.647602869411174
s053,s055,6,0.04928961813037297,0.0013246712754944824,0.5767177658458184
s053,s056,6,0.10244652841852181,0.013264912970825294,0.5133021672228202
s053,s057,6,0.0647987151024866,0.055936395217760296,0.6025302151122794
s053,s002,7,0.018294891030575716,0.1771108978385474,0.8256423008579576
s053,s003,7,0.06512179631982411,0.016418131137095355,0.620233418440589
s053,s004,7,0.0922352129885121,0.02398072182784592,0.4817627390649708
s053,s005,7,0.014818193002170691,0.07469680965059666,0.5675032422540939
s053,s007,7,0.16409614205644457,0.05411658627113543,0.6461300053317428
s053,s008,7,0.10000866297480981,0.025941267880324092,0.4664728071133924
s053,s010,7,0.0474330226169035,0.007736987466778524,0.8088979385739454
s053,s011,7,0.08897618808201488,3.749529730029225e-07,0.4736640097427394
s053,s012,7,0.03892437588398292,0.000945376984481349,0.5266556999931155
s053,s013,7,0.0901809208393808,0.06538901982473776,0.6683585800878942
s053,s015,7,0.06956656742248249,0.08640297485329532,0.7089155173489922
s053,s016,7,0.02372794591294018,0.06098616304647035,0.6594482353740859
s053,s017,7,0.05812840398905876,0.028410073172855106,0.6898185223138613
s053,s018,7,0.06359926200165854,0.001272205411829102,0.5039469561458108
s053,s019,7,0.027171360373472356,0.061792638216005655,0.5912655437252178
s053,s020,7,0.049224555332286944,0.0013015920415284095,0.5152932594640035
s053,s021,7,0.04937858089099798,0.0009953490013122636,0.7891884828367562
s053,s022,7,0.01553017596010742,0.010890360855176688,0.3799661556562143
s053,s024,7,0.029382698152429523,0.004908636687939998,0.7350677353817834
s053,s025,7,0.02089927412125368,0.03464452645724978,0.5580458426725295
s053,s026,7,0.025988382748456284,0.0005901376339272984,0.6143988539071812
s053,s027,7,0.10000310360617484,0.003407278543719226,0.48278890582644873
s053,s028,7,0.0379123458348172,0.0024065958217593126,0.7551253450166456
s053,s029,7,0.09898723187026041,0.01084057955889789,0.6627877470913965
s053,s030,7,0.016504799598925264,0.02764919190141053,0.47252165280221925
s053,s031,7,0.023587276678993935,0.0026019102679110213,0.498689357745761
s053,s032,7,0.05656011873319997,4.166104065178233e-05,0.6979672603043505
s053,s033,7,0.026245864986547365,0.004079689432619227,0.7195831247740154
s053,s034,7,0.0857922072925486,0.00034268781900932867,0.593875928870742
s053,s035,7,0.024661676499567395,0.1219867972031559,0.7000773185600795
s053,s036,7,0.0215536522356327,0.0026216812555855755,0.29322526150927064
s053,s037,7,0.020474358911149515,0.011494095510943417,0.6467927307278563
s053,s038,7,0.07763356193932254,0.13188434239917657,0.7642679215712178
s053,s039,7,0.014265771628400472,0.16983745358336166,0.8232566915851969
s053,s040,7,0.03494806237442458,0.11521298453996993,0.6962329150628535
s053,s041,7,0.05995826561431599,0.012503428654053031,0.6619523561530765
s053,s042,7,0.04185707265292365,0.024461619230893197,0.6148431424450407
s053,s043,7,0.06846643011297013,0.02632391339136853,0.481106590382061
s053,s044,7,0.055629918615114314,0.09107854069915278,0.6773861333372817
s053,s046,7,0.047475873380957066,0.06062370108926626,0.7536234432166078
s053,s047,7,0.03784086339713659,0.008692413875412164,0.5386891791114802
s053,s048,7,0.028046469620788456,0.03318761972428866,0.5709760389998931
s053,s049,7,0.011529502550108274,0.12726079968383863,0.6510343362925137
s053,s050,7,0.02360652367477651,0.161363232133445,0.6861125631273923
s053,s051,7,0.07476991185902761,0.03865690535855746,0.6993852523540787
s053,s052,7,0.04882652168628188,0.08123280493134319,0.7406782489224336
s053,s054,7,0.029536909069612968,0.04350314511389149,0.7643333745572103
s053,s055,7,0.03867028786366736,0.012440554074376026,0.6691249869424423
s053,s056,7,0.11039350580666892,0.003138566224140144,0.6642008883011938
s053,s057,7,0.07190250963157689,0.09340639856627195,0.6061905810975863
s053,s002,8,0.03889597348644308,0.0051892779285767545,0.6656282499541681
s053,s003,8,0.055261215648442184,0.09388451490961293,0.6552803473461477
s053,s004,8,0.07829655215476683,0.006809102080798448,0.4654962740257201
s053,s005,8,0.012120369045005441,0.0005436164658873842,0.7067818013010272
s053,s007,8,0.13546137153407625,0.004597122060566807,0.6615845552515749
s053,s008,8,0.09619142639668363,0.23522555429816935,0.6930418257477587
s053,s010,8,0.061607047414016666,0.0006465126945301709,0.594922050556183
s053,s011,8,0.0963544265985278,0.027312609249017614,0.5640103351031224
s053,s012,8,0.04997895215954948,0.0003742352325541122,0.5956940556671424
s053,s013,8,0.08482277255272475,0.06381024426104422,0.6010641740761012
s053,s015,8,0.0640820707512716,0.0038512659217554077,0.605780388329043
s053,s016,8,0.017242775940526592,0.12275612487186163,0.5515305790939011
s053,s017,8,0.06134139608915538,0.0004464717979690081,0.7305940878269257
s053,s018,8,0.07572373781232272,0.00023755631102767702,0.6257949739822453
s053,s019,8,0.017229329370529047,0.00483585924849852,0.6800282714657542
s053,s020,8,0.052639979953296535,0.0011046188392344425,0.5285155039710754
s053,s021,8,0.04034314749156979,0.0011496353003221827,0.6432746209105159
s053,s022,8,0.016561134762924708,0.025087637654075196,0.45449920857492804
s053,s024,8,0.030253220684649536,0.08441719898261951,0.6381409447369175
s053,s025,8,0.02371392243347864,0.06991695538048731,0.8205916333394092
s053,s026,8,0.03028147066247553,0.05013650428756254,0.5992676999052776
s053,s027,8,0.07937320323400224,0.0271524306165744,0.5983716297653247
s053,s028,8,0.0438379079522561,0.0004775481196117172,0.5582242994417588
s053,s029,8,0.10608750364637987,0.0016862996124114935,0.6989548811185309
s053,s030,8,0.021757571389425405,0.007730722660801224,0.5313602813293921
s053,s031,8,0.07146881893100619,0.10509815853380834,0.7272144121953129
s053,s032,8,0.11183088886401459,0.05117043767766961,0.6317310729627943
s053,s033,8,0.02481640177621073,0.013018025449155117,0.5357736317178985
s053,s034,8,0.07651581587866658,0.3740903340725406,0.6968238380932478
s053,s035,8,0.018996693691587102,0.04507383986314299,0.5850653486629229
s053,s036,8,0.02807195138165023,0.0012553990839493923,0.41090643070854543
s053,s037,8,0.024853732241937692,0.020418420225791163,0.5728080113760232
s053,s038,8,0.0804795797295765,0.021681407760611622,0.5596868011698118
s053,s039,8,0.02026140492953444,0.0028994156057555024,0.5053410248762786
s053,s040,8,0.03606749311637587,0.012526240260598414,0.42278650789594235
s053,s041,8,0.03498742043590586,0.0009829401653535055,0.6604217193974182
s053,s042,8,0.04745108371924233,0.004551405849224077,0.5732986639742468
s053,s043,8,0.07679875011786512,0.008429488791555565,0.4579707028264198
s053,s044,8,0.045371719426986666,0.009011981482493853,0.6230587540252192
s053,s046,8,0.03646787091858591,0.005646388076607841,0.7077928320053447
s053,s047,8,0.029852232320318355,0.009385647771107897,0.5167583995290081
s053,s048,8,0.02336987245115573,0.0032811346694324494,0.6496734014815387
s053,s049,8,0.011502183542448762,0.03750865493403277,0.6053166269691309
s053,s050,8,0.02715121376055281,0.06672689968425156,0.542584501530587
s053,s051,8,0.06692725362156596,0.033930418723955684,0.7468573034759719
s053,s052,8,0.06260668221361489,9.38979531676234e-06,0.3848354019654786
s053,s054,8,0.03966097840257344,0.0005638078761011438,0.7350470754791784
s053,s055,8,0.03458587953398541,0.17111430019235668,0.6962591824294825
s053,s056,8,0.05374750471395371,0.015657102058164916,0.5577093921922277
s053,s057,8,0.09206407691463529,0.023731089268048552,0.5915966244428016
s054,s002,5,0.18445521604665618,0.029187835883447453,0.765311149723381
s054,s003,5,0.12437547163748969,0.039731122917838646,0.6239173274913927
s054,s004,5,0.07513099212333542,0.02302431707891452,0.6269357179136582
s054,s005,5,0.15651234993336832,0.12334063851840306,0.6693957316143407
s054,s007,5,0.5205814990191773,0.09841251930833851,0.7187842756652821
s054,s008,5,0.2541965274260535,0.0018557035648899681,0.5613580766371445
s054,s010,5,0.2604983880500007,0.038084676424133296,0.6721872726002266
s054,s011,5,0.23078478420344326,9.429904495552774e-06,0.4594288768844601
s054,s012,5,0.2128019011899261,0.015685791790523738,0.589805787005944
s054,s013,5,0.2614162968216039,0.036035289163082816,0.7319418361783437
s054,s015,5,0.12846653705920275,0.0046301992038767685,0.6638660928612681
s054,s016,5,0.10729410919301638,0.01831978952606346,0.6473035071258152
s054,s017,5,0.2707049917257981,0.0012890274875365937,0.6903107967758793
s054,s018,5,0.29221763875246554,0.04693048074760757,0.5281456073594141
s054,s019,5,0.16134381176537682,0.18554846737392555,0.7051997714596006
s054,s020,5,0.18490428275778908,0.029890863312880264,0.6475025585378951
s054,s021,5,0.11514771416947991,0.040616549068910955,0.6987645928945548
s054,s022,5,0.20948145728873593,0.005539946290170571,0.3728547257263223
s054,s024,5,0.11825794018165092,0.0029087940228806662,0.6935012369814625
s054,s025,5,0.16143356040214904,4.888409479646941e-06,0.6089925288356942
s054,s026,5,0.18900371777809263,0.016768221134518292,0.6830837963890531
s054,s027,5,0.17246788096850998,0.058701132066907254,0.6724812387111981
s054,s028,5,0.15660844595839632,0.0001094314598994317,0.6957792687347157
s054,s029,5,0.3362886624964018,0.07950325871346013,0.7196924560494014
s054,s030,5,0.1024306099185715,0.021391324715962137,0.5858979079223806
s054,s031,5,0.1528139943491211,0.02478153210364133,0.6278871849220234
s054,s032,5,0.2659129673341701,0.014844805105115686,0.7122476272350362
s054,s033,5,0.10733933109819041,0.0559978274103756,0.6370068962773022
s054,s034,5,0.2591701167052574,0.02341522336353431,0.6324698472995797
s054,s035,5,0.12126571702570765,0.0072421669596623465,0.6484498947644386
s054,s036,5,0.11758189789831938,0.0008951397822523412,0.3052021903515419
s054,s037,5,0.15956897329954017,0.011675707141501509,0.6372329485453518
s054,s038,5,0.1813079968581973,9.309091146789589e-05,0.6475527588153369
s054,s039,5,0.1853831853846645,0.018046610954591123,0.7040879471016588
s054,s040,5,0.1669767197280477,0.0004181918125153004,0.5276536498493314
s054,s041,5,0.11630176579302018,0.015687655447548954,0.5882173123213862
s054,s042,5,0.353787759138559,0.28620401052688654,0.7148889585341374
s054,s043,5,0.10170667849748054,0.025304364669147057,0.45286021599833176
s054,s044,5,0.14798964303159118,0.020246783238154223,0.6901374017703048
s054,s046,5,0.15697457903992837,0.008827383346815848,0.7652655848703033
s054,s047,5,0.15153675598293667,0.010020103052316424,0.6170610719774142
s054,s048,5,0.11627745559307132,0.012275847878231591,0.6286614259524422
s054,s049,5,0.06604985305567977,0.028795977622305326,0.6369148928531508
s054,s050,5,0.2124089655634939,0.07462035457169817,0.7065957180682114
s054,s051,5,0.2590602214576174,0.07849444036230017,0.7531024407432315
s054,s052,5,0.3050371899125894,0.14897074492769907,0.531836183753709
s054,s053,5,0.30301730635522284,0.05299588090053757,0.696223908303854
s054,s055,5,0.15730874352250696,0.00039867123870564224,0.6427880623499744
s054,s056,5,0.10190520591478633,0.042326508957454476,0.6824055878854322
s054,s057,5,0.12486948576787006,0.002975823600009398,0.6511503433581898
s054,s002,6,0.22097157075763027,0.07293270815879696,0.7303534503448671
s054,s003,6,0.15102483445341203,0.0014869917447817755,0.8084061721153021
s054,s004,6,0.09478338298174441,0.09824416086581599,0.7094728323019398
s054,s005,6,0.07087048647281348,0.03633151740307571,0.7071712863112565
s054,s007,6,0.373033252711219,0.06199832892619715,0.705601491335237
s054,s008,6,0.2883678087943859,0.05558178210316656,0.7004132830735663
s054,s010,6,0.11074361725980959,0.0001608945122062793,0.6707105405095712
s054,s011,6,0.6248226497369799,0.24349905678777084,0.7229313044016685
s054,s012,6,0.2280972546817488,0.12565406222530404,0.7981254988176418
s054,s013,6,0.24766943957293822,0.0025986405676086746,0.7685569959311174
s054,s015,6,0.08023358175554487,0.002208973422141344,0.6542424947009585
s054,s016,6,0.14492216779035585,0.02267312292214099,0.6956211526419473
s054,s017,6,0.10075620053127118,0.05191819682252318,0.7401614550417992
s054,s018,6,0.10107746252420008,0.0560430561087186,0.7506472130411278
s054,s019,6,0.09385731927385595,0.07922048061304698,0.7355757860827409
s054,s020,6,0.18679925149955365,0.037062265058311825,0.718061022496394
s054,s021,6,0.07217005232480411,0.0007944022996137691,0.6199308423471649
s054,s022,6,0.1037792665999492,0.0649598887689491,0.6813146298278342
s054,s024,6,0.1339558017101195,0.019257511974611626,0.7189650513700705
s054,s025,6,0.12120288436708203,0.08901609938714587,0.6603572786049191
s054,s026,6,0.1933269568194399,0.0026614757405666292,0.5744362653108883
s054,s027,6,0.15297039409496627,0.10284095918896258,0.5892291095223368
s054,s028,6,0.17702481181972415,0.0408227093136216,0.7884897109620127
s054,s029,6,0.2783415401494496,0.025867241288611346,0.7777606327876275
s054,s030,6,0.11622252032563621,0.010464161763554226,0.6843220386052835
s054,s031,6,0.06041090899014977,0.12641290164595875,0.6887918026766956
s054,s032,6,0.0808352325906418,0.0016998655993404473,0.765418037412054
s054,s033,6,0.13678049360626124,0.001452259050674666,0.5812005524092406
s054,s034,6,0.11524905921556337,3.922587140743704e-06,0.7346759090895155
s054,s035,6,0.08050389569466926,0.01452996709904985,0.6356594342868188
s054,s036,6,0.05822927247895812,0.18342749397092503,0.6154817997375341
s054,s037,6,0.10140527795193562,0.0016189937087679562,0.7197267475899244
s054,s038,6,0.10786020913699237,0.006405273514320488,0.7209960747281773
s054,s039,6,0.09277304895264293,0.010513128051152123,0.6689435257594758
s054,s040,6,0.1640658893675906,0.0822438751810338,0.6481701656041043
s054,s041,6,0.1661172651866309,0.03424301449292407,0.67472267088241
s054,s042,6,0.3306950791109802,0.3401372040609917,0.7584613097951545
s054,s043,6,0.07179285722225245,0.1732736693269108,0.7182890234591391
s054,s044,6,0.05272399588569972,0.008405452783337552,0.8197586464338737
s054,s046,6,0.12292238145130503,0.009131288410196817,0.6956392040326136
s054,s047,6,0.07577277850952552,0.0054760574435256835,0.6414145690796519
s054,s048,6,0.10107228457304146,0.1877820957845021,0.7074614097072257
s054,s049,6,0.050608008604665314,0.04009280822679314,0.7010820561529932
s054,s050,6,0.07095543134315412,0.08962636737922855,0.7173470367267192
s054,s051,6,0.1951078399519575,0.08718115115272652,0.6846581495108924
s054,s052,6,0.16252827936100245,0.14823504260777676,0.5646111533841762
s054,s053,6,0.16424018213376246,0.12399282740953685,0.692134163459801
s054,s055,6,0.17241617660966085,0.0892556920561293,0.7545239500379511
s054,s056,6,0.1311899878329277,0.012600658007218086,0.7746066545620092
s054,s057,6,0.30235603228047303,0.08851816684944729,0.727691998570421
s054,s002,7,0.22518802165575605,0.07147575494669846,0.8107256719240884
s054,s003,7,0.05746643678872197,0.007237235210384385,0.7636651100916847
s054,s004,7,0.06577601633134594,0.031166237815643517,0.6865218353405591
s054,s005,7,0.04853080242262943,0.009380139982305464,0.6607906063124855
s054,s007,7,0.1526064124603926,0.04355585848976746,0.6432514231999164
s054,s008,7,0.14968459904707423,0.05387193492375036,0.6632465838976639
s054,s010,7,0.16001079383059183,0.008939368905249186,0.7022997606224535
s054,s011,7,0.13222318699049163,0.1998262018592741,0.6777130256730537
s054,s012,7,0.08693200688234239,0.07124814965826509,0.6771232878673927
s054,s013,7,0.18584185596424715,0.002589396625603752,0.7854613257853058
s054,s015,7,0.08523262699893819,0.0022730224499099053,0.6720950276824835
s054,s016,7,0.0841460370950334,0.10842134411392043,0.6517992505791669
s054,s017,7,0.09824323139221376,0.0008831191752595314,0.7811837790141116
s054,s018,7,0.26734407761102486,0.15249467672453837,0.7253081873317132
s054,s019,7,0.15053668293284536,8.013601457713257e-05,0.6257188963480124
s054,s020,7,0.08509952950322523,0.002298193598267824,0.6937554463711226
s054,s021,7,0.0800053665409326,0.022188879867970534,0.7089530362255207
s054,s022,7,0.10291707324875331,0.047880740532284506,0.6309805814199221
s054,s024,7,0.06084398513321744,0.04944943601126597,0.7491803598401147
s054,s025,7,0.0880260392387962,0.05942907127475608,0.6368664970171399
s054,s026,7,0.12175103393197584,0.00039412478636588195,0.6490495895242537
s054,s027,7,0.0841813396703325,0.07435927224708483,0.6057230308958398
s054,s028,7,0.13609265911419174,0.09826105013261117,0.7828195748158995
s054,s029,7,0.4281091800180719,0.01232797079892446,0.7873400173911205
s054,s030,7,0.041211275015710765,0.06167463170546909,0.6088505977608696
s054,s031,7,0.03577183507238235,0.11465353129823724,0.654340584925387
s054,s032,7,0.24243992049382826,0.0027517976999658143,0.79543564434047
s054,s033,7,0.07149649011511312,0.0029808339342833104,0.6461654348865189
s054,s034,7,0.12262835277942757,0.005379537365227207,0.7086043974552707
s054,s035,7,0.1571796061304171,0.048648187873220554,0.712679223949158
s054,s036,7,0.053083330519589654,0.08684518017067935,0.5680247710569214
s054,s037,7,0.08227815657218776,0.01010472837357246,0.7702991556866639
s054,s038,7,0.0501493407132163,0.00720558111041779,0.7348588247608014
s054,s039,7,0.08308571758923963,0.0213955010043005,0.7522531606915414
s054,s040,7,0.09285658271028413,0.0552520048758502,0.6901751684125934
s054,s041,7,0.09217740508528245,0.015111303155222317,0.7105769115246953
s054,s042,7,0.19830023708582864,0.26999554369512657,0.715606741086237
s054,s043,7,0.03584574130232191,0.0904484096092981,0.6744361325658141
s054,s044,7,0.06706484772068262,0.032583487465489225,0.7591423970337031
s054,s046,7,0.07948645641367738,0.0015065429491803322,0.6995804277919201
s054,s047,7,0.07500769729485375,0.02061354869794532,0.6702538913298435
s054,s048,7,0.06949313584044989,0.029627487881222693,0.6985825101323506
s054,s049,7,0.04359737665129411,0.07673535476968595,0.6509873978663062
s054,s050,7,0.08034316400849395,0.005562197734772856,0.6637965123504282
s054,s051,7,0.2182623851427736,0.024685617104620174,0.6785422499287065
s054,s052,7,0.21301353317051605,0.2227078356124353,0.6336438112461774
s054,s053,7,0.10612809888665793,0.04017092703379702,0.8155172313951723
s054,s055,7,0.12929403391038602,0.0901746802323832,0.7711997016084018
s054,s056,7,0.05004924223281113,0.0035518082633903885,0.7664038785796115
s054,s057,7,0.08490356049435414,0.10916485830606698,0.7392872173746466
s054,s002,8,0.3941719765272025,0.02941255201439295,0.7457115693950735
s054,s003,8,0.11731503109731833,0.0027765971185377256,0.6782321799718598
s054,s004,8,0.1536666796988861,0.013436598703087917,0.6319926206325127
s054,s005,8,0.11144186712054972,0.02274310979523534,0.6040929914007989
s054,s007,8,0.205076063676791,0.002686136511177305,0.5879829754031553
s054,s008,8,0.22434598292282026,0.147472703049698,0.7292002324824383
s054,s010,8,0.1590896274275821,0.044778366277011726,0.6778884623236947
s054,s011,8,0.1904000875350126,0.16513228390611345,0.6604113359987467
s054,s012,8,0.08235414120279465,0.0757768161308981,0.7663838913020367
s054,s013,8,0.21048940448840575,0.012373108573640131,0.6719043440795379
s054,s015,8,0.1136298626435007,0.005706014459953572,0.6028184679902705
s054,s016,8,0.11972368837079657,0.06972794776971732,0.5935045823673805
s054,s017,8,0.24441314558192162,0.0032816927628699292,0.7754065902914588
s054,s018,8,0.15803863074526647,0.04065726866930095,0.7785020455649379
s054,s019,8,0.14932574934912135,0.0009315926669079508,0.6867854849800821
s054,s020,8,0.1568964880980961,0.02131712639622631,0.7043631828830721
s054,s021,8,0.07629099745118052,0.0026955642384585594,0.6520657543292887
s054,s022,8,0.19061803042167247,0.0829301468481147,0.6551665100527014
s054,s024,8,0.10626129859645776,0.10852971584279988,0.7471590446293548
s054,s025,8,0.11755413388570972,0.07685415519576516,0.6358447057087395
s054,s026,8,0.13933344336186368,0.0040999060942940695,0.49800322434418737
s054,s027,8,0.1303887172639159,0.035528190745929264,0.49813888726202327
s054,s028,8,0.2627693363847583,0.1562535889892179,0.7152366073103309
s054,s029,8,0.49606211150653906,0.0003450618860925643,0.7390275226970193
s054,s030,8,0.06165682622754422,0.08401152323929029,0.5211132887614005
s054,s031,8,0.11741728121518108,0.033835437455440605,0.6720125029292349
s054,s032,8,0.0916134728070708,0.00047573984107860073,0.7189359531605443
s054,s033,8,0.07529726647158175,0.005553125980165023,0.6138327640576772
s054,s034,8,0.23969144995123237,0.002708236668749217,0.7001151824769906
s054,s035,8,0.20491499305717645,0.013709645820352154,0.6866602173189253
s054,s036,8,0.06231108516486568,0.19000122210663384,0.6348126418978494
s054,s037,8,0.0884728208506789,1.2110745290010427e-07,0.6680654467377989
s054,s038,8,0.08384078524484007,0.004384096855877341,0.7116711730640647
s054,s039,8,0.09732678894127754,0.03095750450114288,0.6502788831896703
s054,s040,8,0.09277371157384609,0.160443570545998,0.7180149394649806
s054,s041,8,0.1605471410834265,0.14785316732993845,0.63388847920938
s054,s042,8,0.23707364735149355,0.15502363132661834,0.5934362950506673
s054,s043,8,0.07732098780241983,0.07276625690135965,0.6656113035360809
s054,s044,8,0.11747757760412972,0.016732486879518567,0.6606565900450955
s054,s046,8,0.11157897197056338,0.014630411569973507,0.6211079200917399
s054,s047,8,0.15581782653505816,0.07059276782896266,0.6801436384784791
s054,s048,8,0.1330344850002456,0.10620724778740179,0.7089345337804435
s054,s049,8,0.05947043105680335,0.06749800982501798,0.5505931295275206
s054,s050,8,0.1904331158862863,0.0025831430729610404,0.6376314472086293
s054,s051,8,0.24588873992486718,0.0016854185102028795,0.6516101642630503
s054,s052,8,0.3263758529816781,0.19873284368306618,0.6130812535868212
s054,s053,8,0.19667860873048781,0.05661830884830538,0.6792980142004007
s054,s055,8,0.26128383519991744,0.07929532688203489,0.7898469786876133
s054,s056,8,0.10171768508353751,0.011077324568040744,0.7771061117875038
s054,s057,8,0.15658625062781828,0.12523909128202526,0.6664952651607802
s055,s002,5,0.06826339206379337,0.00051313242006433,0.6890960901483818
s055,s003,5,0.03344803826545828,0.05317921083214509,0.7470072948922447
s055,s004,5,0.026688138045677483,0.005383798219504353,0.5478658491599668
s055,s005,5,0.02757055230005508,0.014790824004013539,0.7067229986877599
s055,s007,5,0.03135940585481751,0.0064649445159895525,0.6507972665182938
s055,s008,5,0.0961988183726383,0.00863868302110733,0.7628936048213278
s055,s010,5,0.04975184147459238,0.0006195030623451708,0.5603819024218936
s055,s011,5,0.06924054896276391,0.13142538089749065,0.7421789838728045
s055,s012,5,0.08911801122624914,0.06870469744621621,0.7262544983188342
s055,s013,5,0.07022043397035639,0.1170225100257179,0.7242229816023428
s055,s015,5,0.0323591089437395,0.002230717872598154,0.5714846709306014
s055,s016,5,0.011329846689264953,0.1367238724951399,0.6046421919832112
s055,s017,5,0.03909695548648428,7.576062893957919e-05,0.823822908454513
s055,s018,5,0.017592394936430524,0.01323885500941587,0.7684828438441536
s055,s019,5,0.03440533466283429,0.0038210574151034127,0.6355325655520638
s055,s020,5,0.05134401091132157,0.024358461264422177,0.7243532274658774
s055,s021,5,0.023332312802416627,0.010709456615823933,0.5818048474986549
s055,s022,5,0.011893731235404728,0.15408206306260944,0.6813197693693571
s055,s024,5,0.014245669753792248,0.00022069139576288188,0.785514133563583
s055,s025,5,0.01636609348803338,0.04492965751664593,0.8035827368195352
s055,s026,5,0.050705242437497494,0.16446025434622,0.6162601756088276
s055,s027,5,0.028474190877583017,0.035739979693246535,0.5917396277404304
s055,s028,5,0.044982358236825275,5.510052647862559e-07,0.5760102518397131
s055,s029,5,0.03832519045623599,0.00042929762372585203,0.6747534536665069
s055,s030,5,0.014235996638257494,0.09297627782576838,0.6306151570625155
s055,s031,5,0.01365025397520049,0.09770262327350858,0.6663080924823206
s055,s032,5,0.04771077737411537,0.0993316965518128,0.7334803340429916
s055,s033,5,0.013055120158566913,0.008573394607850508,0.5172236046936581
s055,s034,5,0.04142510746446581,0.020384138526143146,0.7008315820812627
s055,s035,5,0.02930437492445784,0.10193538568482335,0.6652413365277299
s055,s036,5,0.01506625836693354,0.18523043258896124,0.6785244191485663
s055,s037,5,0.05697507045846223,0.008899562317615668,0.7001831425002031
s055,s038,5,0.024179799593040587,0.010867285520846722,0.6316587877771279
s055,s039,5,0.03744752200049905,0.015635301380880876,0.5950474368770408
s055,s040,5,0.01629145626809951,0.004305641955256639,0.570869407287292
s055,s041,5,0.06241673745016946,0.01657948471433012,0.6678686245594135
s055,s042,5,0.02489351957609428,0.00020051399087314884,0.5593644635102435
s055,s043,5,0.015589904534085713,0.2154070359266298,0.7239771068640132
s055,s044,5,0.013989260829866167,0.007164338693441692,0.7241574310520712
s055,s046,5,0.013864762986474337,0.003512452334811275,0.6399803896043463
s055,s047,5,0.014502115171596636,0.013407689995116514,0.5228101935147466
s055,s048,5,0.0845504818277631,0.056076141439688316,0.7557644157062612
s055,s049,5,0.01811024913700593,0.016766301367881035,0.6381985546512179
s055,s050,5,0.021832170824726525,0.00864723746831155,0.49467387126120815
s055,s051,5,0.022889318364742076,0.030573401920695333,0.6863244990664144
s055,s052,5,0.021906428953355938,0.0028564800690838777,0.4588286549201062
s055,s053,5,0.047703359748223484,0.003321418911127711,0.6256251444968576
s055,s054,5,0.05959096383713849,0.028505688051550047,0.6844288055603857
s055,s056,5,0.1443548505806142,0.1543783617560342,0.7091979674291716
s055,s057,5,0.17804436707696514,0.1176902664478132,0.6868402147117276
s055,s002,6,0.05289192284583581,0.00048302708085584917,0.6947064638957814
s055,s003,6,0.10610801297580309,0.12050378125817614,0.738165606628879
s055,s004,6,0.04700795142596129,4.216745022127713e-05,0.5644331693275132
s055,s005,6,0.022190036034652055,0.01344441159674675,0.6050285521343228
s055,s007,6,0.02266849664639277,0.021318301567477497,0.6628552123556143
s055,s008,6,0.2741914022070443,0.014010296626947201,0.739823207082768
s055,s010,6,0.057072065634700436,0.008360987891298593,0.5586106001720824
s055,s011,6,0.09967964611018908,0.22287792766395254,0.7037340020120725
s055,s012,6,0.0582436362436418,0.13096464112774922,0.774769370271038
s055,s013,6,0.07940427807192682,0.10763042546362396,0.7024781963598
s055,s015,6,0.050481189606296474,0.025180901771434203,0.5570920995221689
s055,s016,6,0.018250929764401846,0.08218665858331875,0.6014669995570546
s055,s017,6,0.04992717503090057,0.024980667072741113,0.7560448795326701
s055,s018,6,0.022532042397724675,0.031829891472177484,0.77724692334355
s055,s019,6,0.028492564027111516,0.001459582581743928,0.6097295285630749
s055,s020,6,0.06298993505907136,0.07764472853873108,0.6855416431867989
s055,s021,6,0.03303154779885091,0.014022932602229865,0.5385532055246491
s055,s022,6,0.0148208468558767,0.10900605517232904,0.6786960176679568
s055,s024,6,0.014000420631994043,0.0016895342163262396,0.7532024417130678
s055,s025,6,0.01994297422980387,0.06630966797845779,0.7881262715581917
s055,s026,6,0.04035875394926146,0.0670714036919283,0.5503682087705137
s055,s027,6,0.06385875871849155,0.10294616746321242,0.5432427153766021
s055,s028,6,0.05492560734600992,0.01057728671635776,0.6390630105643486
s055,s029,6,0.028270958455549382,0.004842957397521759,0.6948846422463174
s055,s030,6,0.01882209713312055,0.0984962719856405,0.5686326450015253
s055,s031,6,0.012262413136650295,0.1272623422990245,0.6608464153582757
s055,s032,6,0.06009598275495836,0.1791390394368132,0.7330067770255364
s055,s033,6,0.03226667815226962,0.007795507009532037,0.512994059822494
s055,s034,6,0.08971986295437406,0.08084166261608518,0.736928796025132
s055,s035,6,0.020439787192412195,0.044403283236260714,0.5959745879367091
s055,s036,6,0.011447760123824202,0.16028195595607883,0.6895903052396032
s055,s037,6,0.06757545963165738,0.10597506262430934,0.7463901268221504
s055,s038,6,0.02369536158018654,0.0662130362114279,0.6610038568975961
s055,s039,6,0.02583619903971719,0.0009552072125295391,0.6166443434835299
s055,s040,6,0.020074129150761025,0.002314997529065232,0.5823936881406934
s055,s041,6,0.07677222230859608,0.020225159269389198,0.6612854574779494
s055,s042,6,0.04219861897742987,0.012456498091268545,0.667533543380929
s055,s043,6,0.03078261838093428,0.19472468561652628,0.6860573467082771
s055,s044,6,0.011450609173390771,0.01962918253580134,0.6890920166388703
s055,s046,6,0.012910400655951195,0.005540077988219422,0.631436530266251
s055,s047,6,0.01463126774807255,0.012312224127888448,0.4812487899676643
s055,s048,6,0.036637780559198065,0.002330209147867038,0.7138361447513742
s055,s049,6,0.02287262357528545,0.029283716912872168,0.592462331602734
s055,s050,6,0.02074525918828422,0.004287825444555299,0.5288684964266602
s055,s051,6,0.031828434837663996,0.01095991097513014,0.6862756523965227
s055,s052,6,0.0334765801651555,0.025203181304003418,0.47063119824420296
s055,s053,6,0.06299256471605874,0.0026943313074056677,0.6147386125359728
s055,s054,6,0.07062805178085449,0.004668376468600479,0.7536619808248622
s055,s056,6,0.34471244523172295,0.33062006515142656,0.7768917818501418
s055,s057,6,0.17320099253284993,0.13717916717776657,0.686908408394217
s055,s002,7,0.11261720933540069,0.015576213804880164,0.6855183464807867
s055,s003,7,0.059543644535809154,0.05586701075471697,0.625922202846604
s055,s004,7,0.04496083963246322,0.023408053909159475,0.4843268733521296
s055,s005,7,0.03862742159589703,0.021926586042295967,0.6318020849096003
s055,s007,7,0.044229780695233874,0.0003982174126279443,0.6398546123994158
s055,s008,7,0.27213091705260767,0.005989721601521805,0.7434879364085266
s055,s010,7,0.12305493978375892,0.009941660437880378,0.5553114456760101
s055,s011,7,0.11358344774979882,0.09518794099824202,0.6296336027544258
s055,s012,7,0.12284248952683936,0.07184394370398228,0.6842616871466137
s055,s013,7,0.13083077515094052,0.061898194515634344,0.6361906554131826
s055,s015,7,0.09791441313332774,0.0036444194309386774,0.5174520333005653
s055,s016,7,0.021591313174190087,0.09859319181956268,0.5173882852150182
s055,s017,7,0.06264074932727222,0.019802240657133614,0.7667096564677279
s055,s018,7,0.02127503169032255,0.003749612597930144,0.690043482534794
s055,s019,7,0.061328360224054954,0.0002045548949011436,0.5850794906684093
s055,s020,7,0.11576679248479539,0.010393938114080126,0.6793585184176408
s055,s021,7,0.045724885505178024,3.722081441075429e-05,0.5732424205882789
s055,s022,7,0.02487015877847553,0.04937679907739575,0.5580609332833392
s055,s024,7,0.042974292119003325,0.003061341837911788,0.7354524367475278
s055,s025,7,0.032715102858167415,0.05229683781593309,0.8131720841714251
s055,s026,7,0.08134909629006794,0.12202692575845359,0.5815005350464996
s055,s027,7,0.07475003849175868,0.06535060557206053,0.5870708565540526
s055,s028,7,0.09669171380278974,0.0012442458439476454,0.5617120323873676
s055,s029,7,0.04374208832151701,0.02081664260297817,0.6695211331818752
s055,s030,7,0.03404882882254248,0.04103662454232573,0.5446456166773022
s055,s031,7,0.011642837980143924,0.20481681949775044,0.6965779215745066
s055,s032,7,0.06507818986242271,0.05790618926719646,0.6494693439240126
s055,s033,7,0.030928604248635787,0.008710760238501666,0.5180829113683848
s055,s034,7,0.10687988193813995,0.023195908165663425,0.6771788702243637
s055,s035,7,0.02219652774781801,0.019008138662359585,0.641315140876888
s055,s036,7,0.032912930459492305,0.07700245471215321,0.5931484398932463
s055,s037,7,0.10863011698969151,0.07911915216507813,0.6833129555037368
s055,s038,7,0.043784075796354294,0.011894913945378435,0.569546248324564
s055,s039,7,0.06160360510820386,5.446917946112894e-05,0.57350106355043
s055,s040,7,0.03615102948064502,0.008330055220267623,0.4727777710740618
s055,s041,7,0.07426808218207469,0.005758695985464699,0.6475095542886473
s055,s042,7,0.0725444465162157,0.007555457744114677,0.5624245187062965
s055,s043,7,0.049664045556777316,0.06874728687031867,0.557963273778237
s055,s044,7,0.018864986195731737,0.006616064972505011,0.6508630907637608
s055,s046,7,0.05186569889559083,0.026621990268818656,0.6281226007154613
s055,s047,7,0.028273539509462424,0.026303236534942747,0.4701430137494312
s055,s048,7,0.13672731323309992,0.041237077773561934,0.6924551466718774
s055,s049,7,0.026786269312056975,0.03451826558064765,0.577110416085765
s055,s050,7,0.03167229021588148,0.007319690598336096,0.5097943106776033
s055,s051,7,0.029797994103609015,0.02357883511465964,0.6762055144030454
s055,s052,7,0.04726570845987031,0.0073822313314414155,0.3434053171104333
s055,s053,7,0.08948346305104701,0.051792669552973826,0.5989728296332153
s055,s054,7,0.13909597686212855,0.08174906683469119,0.6651639032663195
s055,s056,7,0.2926949856511091,0.13085723234193594,0.7026232324834579
s055,s057,7,0.24457651355287965,0.10044555410066756,0.6316013046121954
s055,s002,8,0.06569769265539134,0.005061664701073282,0.6704910851866689
s055,s003,8,0.09285513670661788,0.1278700070132622,0.6377572290127913
s055,s004,8,0.048186763478552753,0.005421171257193963,0.5969948980008719
s055,s005,8,0.028602341217163898,0.04502955943438574,0.5710677049866394
s055,s007,8,0.0263420438450544,0.00440436042390667,0.6125056294441094
s055,s008,8,0.24724217699855955,0.0013647552951491881,0.6959568310118882
s055,s010,8,0.05160407346530225,0.013714089340339575,0.4864364632869508
s055,s011,8,0.08040600175437145,0.09292045621261415,0.5434761944507038
s055,s012,8,0.11417586129520885,0.0957791589822137,0.5886987779963178
s055,s013,8,0.08524666139921433,0.009295115570402574,0.6325349551225269
s055,s015,8,0.042882441696669715,0.0003452236138384793,0.6324193000209549
s055,s016,8,0.012494223241170678,0.002373588707852783,0.37954635396272746
s055,s017,8,0.04950281844210834,0.019060981532685754,0.6836225027874017
s055,s018,8,0.01962685422439071,0.01643448032297587,0.6013232764526042
s055,s019,8,0.04082117561080764,0.0038161525159939604,0.5723717262684752
s055,s020,8,0.06151966338177403,0.10512414983706869,0.6120724460923729
s055,s021,8,0.030901326710119623,0.012136612748709917,0.5476690101232051
s055,s022,8,0.011292588207839573,0.020443016121710924,0.4600688231696
s055,s024,8,0.01139535145390857,0.004115810926958644,0.653777186602257
s055,s025,8,0.018431262383908662,0.030946124821859173,0.6775584072702865
s055,s026,8,0.03663327563960146,9.797141933161707e-06,0.5630092109476681
s055,s027,8,0.05510215866984719,0.02163129463020679,0.5638212111774815
s055,s028,8,0.051434376249294284,0.0013618130359980593,0.5888734221820703
s055,s029,8,0.024919123625090477,0.005697206808303492,0.5946220495945661
s055,s030,8,0.01861257593430853,0.04600008226402729,0.48307387058968076
s055,s031,8,0.008146926653881574,0.034899282181023575,0.67827592740347
s055,s032,8,0.09805501040801846,0.006385103473236105,0.5710504506798617
s055,s033,8,0.02158340024265251,0.00491114798611466,0.3574382971227718
s055,s034,8,0.08625751270708923,0.022643273071854476,0.5850295618791245
s055,s035,8,0.019942171677699874,0.006221872841853672,0.6606399595686179
s055,s036,8,0.01463897649090841,0.016148924921962717,0.43550758043327475
s055,s037,8,0.0690912884762091,0.1542090831596095,0.7400687782583971
s055,s038,8,0.02885687173914167,2.6677757706740235e-05,0.5375087768691099
s055,s039,8,0.02276755662897953,0.07785898756498953,0.5453035894371414
s055,s040,8,0.03184949504476124,0.012155054346656952,0.4350760636801794
s055,s041,8,0.09626678321164824,0.09384819762343824,0.4726576345088161
s055,s042,8,0.021246113939413225,0.010213347762673292,0.6743242312224045
s055,s043,8,0.02642755509097766,0.021556931666472514,0.49155935951077034
s055,s044,8,0.010308868767664348,0.0003465186906760262,0.6508120376578621
s055,s046,8,0.016092731165925325,0.005949903369682622,0.633449788793541
s055,s047,8,0.016080782948358865,0.009152916091548665,0.4732849491859286
s055,s048,8,0.16571066156874645,0.000390816252110685,0.7272184596353022
s055,s049,8,0.02415781846578202,0.06345229880932245,0.4441437895541895
s055,s050,8,0.021006787172691863,0.019803980957742894,0.5465984631844892
s055,s051,8,0.036384407768536076,0.010285220292173748,0.6087269480389429
s055,s052,8,0.04045406210364035,0.004450029951187365,0.28539684788427444
s055,s053,8,0.07183583309756682,0.008570323152277797,0.5161591537929475
s055,s054,8,0.12952550431950507,8.382374551022203e-06,0.654890187062729
s055,s056,8,0.2520669436830465,0.07264972990807707,0.5945970629543432
s055,s057,8,0.2034963837196173,0.10106017115337203,0.5591126226390074
s056,s002,5,0.14517800481539436,0.023775941625604542,0.6391958209609457
s056,s003,5,0.054991210819533135,0.0005550804706381841,0.6838985034098396
s056,s004,5,0.04031895311339354,0.02268033240202202,0.551909772592679
s056,s005,5,0.04063745387483889,0.0021971445381649014,0.4474502356989184
s056,s007,5,0.047595694579522264,0.007966745740850842,0.5511261699477162
s056,s008,5,0.07880730956784307,0.0032732563601841147,0.5732228867589513
s056,s010,5,0.09299560440703822,0.016186018529915604,0.5849490681730787
s056,s011,5,0.12263332067585653,0.2345511421842931,0.7090745061892402
s056,s012,5,0.0683922788629755,0.049794013019858974,0.813191813905005
s056,s013,5,0.13579410431242397,0.11765795691908174,0.6659658429018948
s056,s015,5,0.12143932554992004,0.03541958995260491,0.3790290778627545
s056,s016,5,0.01963172448740523,0.016932329595705245,0.5522357391995373
s056,s017,5,0.07488344520035166,2.6023799528341948e-05,0.6237087527863842
s056,s018,5,0.0576635078507718,0.1017913081827547,0.7159835239190773
s056,s019,5,0.051921698359154035,0.010213536885246906,0.4986659604165564
s056,s020,5,0.0771443931070759,0.05382551006384943,0.6025513694952941
s056,s021,5,0.07754817713910517,0.001574829715868026,0.4667457557561868
s056,s022,5,0.022752730663278372,0.23580907465137932,0.700068599253657
s056,s024,5,0.047523154803692486,0.005630753592875571,0.7346694125779799
s056,s025,5,0.03390802063453394,0.061976531543900336,0.6575613302877004
s056,s026,5,0.06379835866303808,0.10705276598450669,0.48979809223269277
s056,s027,5,0.0632974119650548,0.0015531240449473648,0.3726896988901596
s056,s028,5,0.05899910280447774,0.004602467386662809,0.6760339594537014
s056,s029,5,0.05572487642792156,0.028357006253523605,0.6008489626115794
s056,s030,5,0.02682453232025588,0.06943322035877841,0.5544098941555563
s056,s031,5,0.04797826784250629,0.0168121826272139,0.5390757933770054
s056,s032,5,0.10112595702710407,0.1767434806234876,0.662623177874119
s056,s033,5,0.031036990601422586,0.02582434343591298,0.5915652859282863
s056,s034,5,0.06580257715160033,0.012943313671418035,0.7286484580954219
s056,s035,5,0.042635392190164906,5.255175332974811e-05,0.4920735382398168
s056,s036,5,0.02759657801900879,0.24742021747956214,0.6698639936797744
s056,s037,5,0.043646135497638176,0.13795558811233008,0.635583062518869
s056,s038,5,0.0487460734792344,0.08223526328399766,0.6852987225645307
s056,s039,5,0.07379569810443116,0.032633545895064425,0.5876235574196703
s056,s040,5,0.05387215428876415,0.031289713320297216,0.6593153844721945
s056,s041,5,0.05491341770712135,2.5576949953195426e-06,0.6471243559418036
s056,s042,5,0.042334904474437156,0.027242353140688926,0.5965675590690942
s056,s043,5,0.04407768173523864,0.1158265153205924,0.6785507426603916
s056,s044,5,0.031902360486506305,0.0628622921018501,0.6580450167421815
s056,s046,5,0.03052235875774725,0.006371269364551125,0.49460966371285925
s056,s047,5,0.03210021580998527,0.010036550231483128,0.4514662727442182
s056,s048,5,0.08362562944633918,0.033128677877482006,0.5982870433438447
s056,s049,5,0.03746767796688036,0.1230044518349625,0.5079684621655992
s056,s050,5,0.08862531341098047,0.03604669542667288,0.5926789010764648
s056,s051,5,0.038074890116434744,0.004450939763092202,0.5529456160158115
s056,s052,5,0.037038763482000185,0.07114698906087139,0.484617130593574
s056,s053,5,0.09022944507515322,0.0012030688780616519,0.607745697377254
s056,s054,5,0.07603128469223172,0.003688095090007773,0.7071322769380826
s056,s055,5,0.16673846696627104,0.2336300865498497,0.6964463907544836
s056,s057,5,0.11907611662843096,0.12838219452094893,0.7035615089568681
s056,s002,6,0.09209176678520249,0.006853426698839204,0.5974803271633123
s056,s003,6,0.11703523873382751,0.10051279416973605,0.7352354214218895
s056,s004,6,0.06812110577894892,0.01046910949166015,0.5606008806899913
s056,s005,6,0.19921693088464076,0.07054441901216778,0.566542007363356
s056,s007,6,0.057682127850242966,0.021956422229205002,0.5268658598387553
s056,s008,6,0.2043825197479935,0.06645210469880056,0.7456242190782226
s056,s010,6,0.12491704281785843,3.512368663020082e-05,0.5332415201741384
s056,s011,6,0.11505836219213836,0.30409064237766903,0.8512264882236101
s056,s012,6,0.27455345790455415,0.20486650482763863,0.9070025226819401
s056,s013,6,0.2921533957171037,0.2675072319542513,0.7281836289292856
s056,s015,6,0.10415667288796404,2.9618096394488515e-05,0.43863240118619384
s056,s016,6,0.03449224294210389,0.06102030233467676,0.5803359715766961
s056,s017,6,0.06781952715972231,0.042074152492800755,0.7371958333728253
s056,s018,6,0.10574060805353126,0.14937764463032893,0.8667389573685065
s056,s019,6,0.05915308447019363,0.052330915627164236,0.5610337993789163
s056,s020,6,0.21513612585144218,0.11201964539980572,0.7127488793637327
s056,s021,6,0.06653235437159123,2.097720917301059e-05,0.47820592400916717
s056,s022,6,0.02869869681560688,0.3571598665670644,0.825347093541024
s056,s024,6,0.04346922428475683,0.02928563807537115,0.679306226260166
s056,s025,6,0.03646677981984303,0.1772384714092153,0.7543738716296565
s056,s026,6,0.09016212658543457,0.03594585594483131,0.44943496044651937
s056,s027,6,0.09137567250444552,0.014619925914359278,0.444162273862308
s056,s028,6,0.06501115110623026,0.027096271733517346,0.6970160582872073
s056,s029,6,0.07663631226470845,0.015548662697910475,0.6402588812209593
s056,s030,6,0.03986510524779646,0.19605331732205145,0.6450210039826182
s056,s031,6,0.02244908781489894,0.09773990272744698,0.6886139238376708
s056,s032,6,0.09517457701880801,0.18380062756038795,0.7246024146714302
s056,s033,6,0.08012280885466894,8.413601090340197e-05,0.5048016334335235
s056,s034,6,0.10748441610670502,0.03910563651651095,0.7063961829089286
s056,s035,6,0.042597310636910336,0.013899457544655668,0.4975002336662452
s056,s036,6,0.04076387520075914,0.35482555357748513,0.8599149788273597
s056,s037,6,0.09418528687993505,0.1512861048815549,0.6903855327825301
s056,s038,6,0.0722285617357801,0.052479085860769596,0.5940308010234561
s056,s039,6,0.10218051568147803,0.002751418668705342,0.45608488637118105
s056,s040,6,0.06480220465444399,0.000324448388653643,0.5239694687463314
s056,s041,6,0.15532088805799724,0.07882667475141018,0.7223385371780682
s056,s042,6,0.07033730014309555,3.842465971470851e-05,0.593516627245761
s056,s043,6,0.02525232831981445,0.2861892581476246,0.7623506051281073
s056,s044,6,0.04775308599637732,0.02301473756976997,0.699022876027935
s056,s046,6,0.038940827802264245,0.008211050297240863,0.5335191850200368
s056,s047,6,0.03870845276334931,0.01621447150342078,0.4801792064826257
s056,s048,6,0.065631630986999,0.016275903015033497,0.6882198919720194
s056,s049,6,0.04500512962446836,0.16294001082800175,0.5676875289824893
s056,s050,6,0.13367242221392892,0.0018662946108144193,0.5076338395400642
s056,s051,6,0.039062321075014915,1.8077566472331546e-05,0.5643288706208601
s056,s052,6,0.1011763556737036,0.017242247237394794,0.3424914407438641
s056,s053,6,0.10794579759172171,0.012994090059135684,0.5858777577485917
s056,s054,6,0.13026058817667957,0.017301979315426735,0.6685077112922165
s056,s055,6,0.3697875973759759,0.48313328104362957,0.8099566996109576
s056,s057,6,0.37648483629279217,0.37878989961986564,0.7625879204381041
s056,s002,7,0.1395128850028992,0.0363293959070534,0.6037234664611086
s056,s003,7,0.1531899512853298,0.07702285331425676,0.721817860604115
s056,s004,7,0.09555599812267218,0.049376291502824604,0.4821793250002073
s056,s005,7,0.1326897542202676,0.020095885163709377,0.5397135398952784
s056,s007,7,0.0630781704669556,0.028036668193286655,0.5421039893528252
s056,s008,7,0.14631124160778997,0.02820631008730999,0.6871568665506212
s056,s010,7,0.15574236950067297,0.00976032936017968,0.49808249458572973
s056,s011,7,0.15925122577342093,0.2939839808625993,0.8152297275380042
s056,s012,7,0.1877457364711174,0.16931843714478012,0.9182341062002793
s056,s013,7,0.18406129129663842,0.22263326267679262,0.689703914794821
s056,s015,7,0.10615050808851369,0.002024922816871689,0.440854194684611
s056,s016,7,0.05184959075441122,0.07253210079316723,0.5957692972280175
s056,s017,7,0.07614042104951013,0.07635424701799574,0.7080203586607013
s056,s018,7,0.13120012470163647,0.10326829209283098,0.773720929607931
s056,s019,7,0.07847966393345752,0.023290157449851592,0.5631838287865507
s056,s020,7,0.17270631318462598,0.1430765672832367,0.6939889973026109
s056,s021,7,0.09897734458910716,0.0017519554121719614,0.48403078804892424
s056,s022,7,0.04217156893997503,0.3686205253391127,0.7971324181653118
s056,s024,7,0.039354495889806454,0.04467159808084642,0.7171253512523508
s056,s025,7,0.057876810691071666,0.11014789282281727,0.7041325283340892
s056,s026,7,0.10966255947719245,0.03241495268366632,0.4511947352789914
s056,s027,7,0.09139012079623308,0.0024142923555142137,0.3455496576701588
s056,s028,7,0.10061893818300247,0.010672844514867125,0.6521028700917653
s056,s029,7,0.099871259977163,0.027621826667956473,0.608050098507092
s056,s030,7,0.05244775761100225,0.14555006191806086,0.6131642548901941
s056,s031,7,0.05741952514985589,0.04240883432296515,0.584825588451877
s056,s032,7,0.1342927684052978,0.178492249579778,0.6848009688214073
s056,s033,7,0.09540718443205626,0.0006529531514121052,0.5065366374454675
s056,s034,7,0.12478670836317998,0.05484397514742212,0.6858062278968184
s056,s035,7,0.06721526420369305,0.009182228953388428,0.4870833740877068
s056,s036,7,0.029115628149497072,0.4059502593953283,0.8169444178337583
s056,s037,7,0.07579966506838862,0.12010222237123905,0.6784833644535629
s056,s038,7,0.08533184526776741,0.07217813032701619,0.6762380490747574
s056,s039,7,0.07027486740621025,0.030177191432325376,0.5214189027201669
s056,s040,7,0.065835813984118,0.023118464702538193,0.6063455497105903
s056,s041,7,0.1985477650509835,0.05026466760140161,0.6477664338296506
s056,s042,7,0.06106315742052509,0.008816015347642089,0.5228574638144973
s056,s043,7,0.03781576552892908,0.2939893427305797,0.8162337986999473
s056,s044,7,0.04011992205979301,0.031207848064615143,0.6900278984652376
s056,s046,7,0.029743423698039107,0.0010902697418858373,0.47615413739002144
s056,s047,7,0.05229438807744945,0.019266270412301615,0.44200330055592696
s056,s048,7,0.0810650045061633,0.022583849251286873,0.6710339437921634
s056,s049,7,0.06241954686046666,0.059409316163600526,0.5361029951038762
s056,s050,7,0.13609019697655536,0.038548448770924525,0.501680738005693
s056,s051,7,0.2901083608561387,6.658066044795581e-05,0.5560157620349196
s056,s052,7,0.08187785934338655,0.0310877642336133,0.4532234767461169
s056,s053,7,0.08885800269695027,0.0011329521027556345,0.5484521017929903
s056,s054,7,0.15059778085149503,0.007322233718978098,0.6557757191282795
s056,s055,7,0.37921988258821676,0.4862496744728903,0.811766226823353
s056,s057,7,0.3987974642994787,0.2598309565243449,0.6987963127855366
s056,s002,8,0.1095371551150996,0.0009397515249360489,0.585536622006616
s056,s003,8,0.10690633605819341,0.11936306397090067,0.7236210452711178
s056,s004,8,0.08174319066718627,0.001764996583427691,0.6457549952257634
s056,s005,8,0.06562755480458438,0.02131351077238669,0.5319579075212137
s056,s007,8,0.049549262334124516,0.023166449631432964,0.5991884018839517
s056,s008,8,0.2642257038016752,0.034085911942052266,0.6758494113992062
s056,s010,8,0.08187297325021552,0.013587403727908814,0.4506485658556813
s056,s011,8,0.1362736353793133,0.4325407917444371,0.7553543323928567
s056,s012,8,0.13849073408749235,0.20558082566574473,0.844535896112179
s056,s013,8,0.09180073564366595,0.04823336475217426,0.728584939542235
s056,s015,8,0.13176880568098348,0.0258355295971362,0.5943263095283523
s056,s016,8,0.022810893735851066,0.04434515242866082,0.5118010020737658
s056,s017,8,0.04259746348582604,0.09695037233792264,0.6729362205790301
s056,s018,8,0.10494555584785858,0.16773266686754953,0.7075145629062202
s056,s019,8,0.06419358584042802,0.0004624646161173501,0.5908440032541857
s056,s020,8,0.11308351142171712,0.18824529598721862,0.7808248757860844
s056,s021,8,0.06331198270927667,0.009420965740069728,0.46190975560155995
s056,s022,8,0.03043917010469871,0.18491551578172277,0.7413148403378089
s056,s024,8,0.03377228381453554,0.031355091107316324,0.6663853641586389
s056,s025,8,0.03495151914323893,0.06439808638950827,0.6455900069652202
s056,s026,8,0.07690628041142371,0.0007529465143116165,0.4651166185383054
s056,s027,8,0.12411947502051787,0.05751797779907573,0.4907013302459759
s056,s028,8,0.09126726594566092,0.08334021405153909,0.676495218498998
s056,s029,8,0.056559734403543685,0.0026982878755009254,0.543963579436134
s056,s030,8,0.03267662363502389,0.1518190393342767,0.5680369629702737
s056,s031,8,0.03741943925342626,0.04708042632846873,0.5810095177829984
s056,s032,8,0.10011710124847444,0.09519869338121567,0.6825521383793475
s056,s033,8,0.05786269310507092,0.013419074492890391,0.3978775278062161
s056,s034,8,0.07348856606613033,0.01878671055205152,0.5881853438973453
s056,s035,8,0.029805603877966148,0.002465679675316385,0.49752182301280423
s056,s036,8,0.03175004495090713,0.2606166925147007,0.7306683197926754
s056,s037,8,0.07305471144763397,0.08757232403114415,0.6781031922758689
s056,s038,8,0.05504627223101743,0.03861155509401585,0.4741764249686446
s056,s039,8,0.058212150931835925,0.008734754448560311,0.4462545200478478
s056,s040,8,0.045635528311531594,0.0015997795316291764,0.4418631415048936
s056,s041,8,0.10761833938641067,0.08805179487834883,0.5638777051218014
s056,s042,8,0.05034266556321355,0.009327991564166803,0.6546783320738575
s056,s043,8,0.031204784984032296,0.22214621101175008,0.7015938557545808
s056,s044,8,0.030325553801473528,0.03822984603782227,0.7068449074899519
s056,s046,8,0.030260908905727718,0.003791726942086605,0.543851756280597
s056,s047,8,0.04681317995451992,0.009890465356190469,0.4625174508854088
s056,s048,8,0.05376127985468667,2.706015221673645e-05,0.703071215436499
s056,s049,8,0.03184434150500485,0.0379725483036143,0.5018446202691837
s056,s050,8,0.0502490988080409,0.0018912164887845053,0.47566423984138545
s056,s051,8,0.028080285746556983,0.020141429696396592,0.5650826536756441
s056,s052,8,0.04317949108283331,0.002521769956112768,0.2792126283392528
s056,s053,8,0.08395449578490628,0.01774110288031765,0.5091932793973452
s056,s054,8,0.0922235591687458,0.02283880373326245,0.6094665572768034
s056,s055,8,0.2777617678966757,0.24050366544504853,0.7520736086276067
s056,s057,8,0.26520823259159815,0.26509801476250766,0.6988009818868984
s057,s002,5,0.11003870545889877,0.04953824051187506,0.7378540944920161
s057,s003,5,0.10338573114067899,0.0351108253888651,0.7524518236989868
s057,s004,5,0.10890149782397893,0.019357157589421203,0.6953834902489736
s057,s005,5,0.05421363011359903,0.038206750869077974,0.6756938872768405
s057,s007,5,0.09914223361600809,0.01974260083704568,0.5738736477348322
s057,s008,5,0.09761593665838143,0.020298577445148153,0.6336991471278487
s057,s010,5,0.2818265893099089,5.258971072551138e-05,0.7257566296459022
s057,s011,5,0.16710980370001072,0.15075483284997837,0.7860697541161522
s057,s012,5,0.11490732762974323,0.15752319528667635,0.7853898847758931
s057,s013,5,0.3424322033434161,0.18105785051914797,0.8809343221837168
s057,s015,5,0.4432784619407394,0.022509895261838237,0.6543100022222297
s057,s016,5,0.04584491244299084,0.3067587048478429,0.8150367149613384
s057,s017,5,0.11004388823420094,0.05819660494608857,0.790614831233586
s057,s018,5,0.18864110413128227,0.14944379629202315,0.779806416415482
s057,s019,5,0.09025906923578632,0.0018655397144972297,0.6149511557087809
s057,s020,5,0.21970648236290036,0.0028767579978518495,0.7537585526123988
s057,s021,5,0.16174723053380055,0.025172724962220873,0.6717490061215405
s057,s022,5,0.08502363732801063,0.19846377609520707,0.7544305342490826
s057,s024,5,0.11726630149575755,0.01344535840521068,0.7325274399611582
s057,s025,5,0.09849972732803493,0.014200718885943295,0.615459097104555
s057,s026,5,0.12911440231772287,0.0075097980900491615,0.6171703170036076
s057,s027,5,0.08707289381422285,0.14634950842603772,0.5863316060885397
s057,s028,5,0.12248768364590401,0.06057263467495302,0.7939319320882064
s057,s029,5,0.14376210807775205,0.04028567763003538,0.7666678960880938
s057,s030,5,0.065326923081069,0.29428287636975853,0.7148507280434346
s057,s031,5,0.09136349949106477,0.02213551069588423,0.5764106342826082
s057,s032,5,0.25659507139110854,0.10500012894477014,0.8681752911918403
s057,s033,5,0.09459203561836198,0.004332221319192752,0.7172717583780872
s057,s034,5,0.08163576175482007,0.013123341974734744,0.6557373758944217
s057,s035,5,0.10030171354451596,0.007794050263016787,0.5113802735286926
s057,s036,5,0.10476051994745009,0.1624640164457297,0.6891530905735425
s057,s037,5,0.25742245862387525,0.07806708400902115,0.6202941242383078
s057,s038,5,0.1833023251325957,0.07269248445202169,0.635826700419262
s057,s039,5,0.10977190860372771,0.075534626689091,0.5817356804067169
s057,s040,5,0.11906322148762705,0.01718243321140698,0.5928459710885757
s057,s041,5,0.18582616653969253,0.01665432017474954,0.8344880085174678
s057,s042,5,0.1394020435751014,0.048933319234166,0.6575922501514586
s057,s043,5,0.08096119194756786,0.13115562307531697,0.7143315776317699
s057,s044,5,0.12127564517515084,0.01042899693604358,0.7078785275405513
s057,s046,5,0.09352544441756154,0.019784377355153607,0.6560106162346202
s057,s047,5,0.1657438043603444,0.01208560474154083,0.5724113885635522
s057,s048,5,0.1385935486383707,0.028141250389510923,0.6260978016419284
s057,s049,5,0.0625153129178313,0.17737119750842117,0.7367605311326086
s057,s050,5,0.16853153196916243,0.0825961321126349,0.6082998237213777
s057,s051,5,0.44509175174226867,0.029055270760411842,0.679192887176543
s057,s052,5,0.123663233429505,0.013256227862192558,0.5509203249443468
s057,s053,5,0.1794676757284037,0.35734737838911884,0.7804046167618645
s057,s054,5,0.07807260078255303,0.06911738305693006,0.7004007419580652
s057,s055,5,0.16430199805609075,0.24641585953034478,0.7651804167020475
s057,s056,5,0.16875419212320283,0.15319393392028816,0.7965453524915111
s057,s002,6,0.09070249012838255,0.005647440203964635,0.7750019334676083
s057,s003,6,0.14740602963172228,0.023156735936226216,0.7890696656801661
s057,s004,6,0.09303706046789037,0.008732844992055374,0.6364844048307982
s057,s005,6,0.0688037547070583,0.047087696625518066,0.678068855218819
s057,s007,6,0.10869210864179878,0.017130628559750623,0.6041793575289617
s057,s008,6,0.09938810836056981,0.02279064988803051,0.6826992358812455
s057,s010,6,0.28627871383697656,0.006146078453631972,0.6562624574253274
s057,s011,6,0.19574810824789687,0.03555008850058289,0.7961403223338579
s057,s012,6,0.14876462407666624,0.11525997282522403,0.7794594503554985
s057,s013,6,0.2252527871355761,0.18203997642565375,0.849043873144864
s057,s015,6,0.5687559990071982,0.005925037569497733,0.60363864452007
s057,s016,6,0.03949571361896305,0.136301979797906,0.6614071750623944
s057,s017,6,0.1496140347603619,0.028851490824877573,0.7784226146551112
s057,s018,6,0.19260619252906175,0.13996290662181368,0.7621835938925012
s057,s019,6,0.08528368435479648,0.014437437249854627,0.5865252096833591
s057,s020,6,0.16457952292751063,0.029977627507648485,0.7141603935401277
s057,s021,6,0.12467914379298567,0.05994985565625782,0.6616226358373716
s057,s022,6,0.0804257215658592,0.21655333958479223,0.7096013473317374
s057,s024,6,0.06796287389008324,0.0327269060824939,0.7294051422605996
s057,s025,6,0.1063166958111001,0.0004173249188672432,0.6758284238110345
s057,s026,6,0.22111785831934885,0.10268408958108349,0.6477970183501416
s057,s027,6,0.11835489116779983,0.00390022786301737,0.508040497213514
s057,s028,6,0.15348600200071566,0.025871128300292034,0.7010053122088371
s057,s029,6,0.2979324126075457,0.12647218084693287,0.7202119508149328
s057,s030,6,0.06965837340651045,0.2640596885193398,0.7389776748131673
s057,s031,6,0.055510790080255654,0.009561358096821602,0.6472501344960281
s057,s032,6,0.21207247988967157,0.12014255122189557,0.831456873292397
s057,s033,6,0.08458231924302266,0.014688632243651526,0.5874229270518039
s057,s034,6,0.07881427569876286,0.012371727944242282,0.5701802949208364
s057,s035,6,0.08509518041821637,0.005108411726707136,0.5252574422907508
s057,s036,6,0.12960756222435454,0.13962933993415688,0.6591903744997812
s057,s037,6,0.22894500798122125,0.17902448511774852,0.7383410666785742
s057,s038,6,0.10959804894507484,0.004647089054552987,0.6244118415566726
s057,s039,6,0.10615060619329987,0.025615102953753206,0.5275205372651858
s057,s040,6,0.10522097757102437,0.00269356276074856,0.4954591436231977
s057,s041,6,0.15640740928863422,0.002172091792050841,0.7495874180370066
s057,s042,6,0.1581660934374433,0.009015626844167079,0.6679385940846461
s057,s043,6,0.05542748458532246,0.19169063874083694,0.6660932774810729
s057,s044,6,0.07720426635911261,0.000963846106654164,0.7429572409103063
s057,s046,6,0.09989541812457861,0.005715707600197011,0.6686596573193084
s057,s047,6,0.12095997205227484,0.03983361543107823,0.5389420107190351
s057,s048,6,0.09290467067037227,0.0033313957295040514,0.678679625312811
s057,s049,6,0.042575758950559796,0.08061368361159729,0.6812364764232607
s057,s050,6,0.14952068177076666,3.6524043105734644e-05,0.609431308204497
s057,s051,6,0.17959497625918364,0.03914314476831408,0.6405306324482655
s057,s052,6,0.1487148818021713,0.003908897743080339,0.3801250646205117
s057,s053,6,0.22756723088332662,0.15712636951910608,0.7323003879499658
s057,s054,6,0.12226468705237235,0.0038293877086683675,0.6797212187909754
s057,s055,6,0.3665454399279529,0.27126248885960835,0.7457207589756807
s057,s056,6,0.17684183521131372,0.17029749941361513,0.7344015334267948
s057,s002,7,0.1016752597318431,5.159923136508031e-06,0.7427244191316835
s057,s003,7,0.10247356216813952,0.02140766267702469,0.7411482991985928
s057,s004,7,0.0915156934232467,0.008999772931164654,0.678978275541672
s057,s005,7,0.06104262670618992,0.07303830821537023,0.5953079612544733
s057,s007,7,0.10970929376882899,0.0006241577606674767,0.5828189450618918
s057,s008,7,0.11591402858666117,0.006450302973796189,0.6965626203707534
s057,s010,7,0.24485711424357992,0.003399638164023362,0.6314001240224562
s057,s011,7,0.2462199016029588,0.03582175829509552,0.7293597538407715
s057,s012,7,0.14373329888161127,0.08939422038168973,0.7443333494315917
s057,s013,7,0.24130023009159116,0.14645818425454907,0.7800112864652249
s057,s015,7,0.6140999005867633,0.0212164576962772,0.5797548089810984
s057,s016,7,0.04900381539109725,0.04373871788539179,0.5751838899175923
s057,s017,7,0.12583860857199178,0.035622774642845266,0.7425658489692754
s057,s018,7,0.1760126053368063,0.1747760561462742,0.7340139432095377
s057,s019,7,0.08940137394870473,0.024785560740560292,0.533833209315225
s057,s020,7,0.2259737401843093,0.05983458914241391,0.6284800113865597
s057,s021,7,0.14906958981123303,0.025506490187597434,0.6122138321363715
s057,s022,7,0.07659878455538931,0.1352853167674082,0.6626932458138874
s057,s024,7,0.07626509624141779,0.0027271735322530024,0.6899359032881804
s057,s025,7,0.0961050578243042,0.006325531402564923,0.625090190751335
s057,s026,7,0.12743239353911806,0.057913534066370384,0.5952238885477132
s057,s027,7,0.07784690019040551,0.02992730461770362,0.5197125402732642
s057,s028,7,0.18584955260669284,0.009504466978183468,0.6663580992028413
s057,s029,7,0.2127700563939375,0.13459340350709292,0.6854331083762667
s057,s030,7,0.059220823632269055,0.17120158013741957,0.642364520282668
s057,s031,7,0.07380045379128043,0.004527532438938001,0.6573344931914733
s057,s032,7,0.27882630144433157,0.09770060781515308,0.7863808313218195
s057,s033,7,0.09437171383282485,0.02374648014414163,0.48103129138380174
s057,s034,7,0.1423912530277763,0.010270549082541726,0.558865444478649
s057,s035,7,0.14340915428906512,0.0250422025633303,0.49868267884961925
s057,s036,7,0.0977993281257,0.12428036964854065,0.5907760587491555
s057,s037,7,0.16922075309488874,0.12612797481100313,0.6917810154795198
s057,s038,7,0.14348224676970095,0.010405560018255345,0.5692729896170943
s057,s039,7,0.0937654486537511,0.09249123559792924,0.5267201193851891
s057,s040,7,0.09848987789048233,0.00013275850848044416,0.5164197149812912
s057,s041,7,0.14490605692060018,5.8812196961022335e-06,0.671842547690078
s057,s042,7,0.09685144895391012,0.01602465712756819,0.6822250870066383
s057,s043,7,0.049079349094198976,0.19969119803472815,0.6148714618709666
s057,s044,7,0.06561703082922028,0.010018619952027165,0.6576576398984222
s057,s046,7,0.06690791105753312,0.0025143034438042046,0.5917371244062243
s057,s047,7,0.13127311075908066,0.012030654009944118,0.45684733414087186
s057,s048,7,0.22231655075806836,0.0017067356440853975,0.6170965091027804
s057,s049,7,0.05124690024569119,0.06925564323466987,0.5970948777615706
s057,s050,7,0.10224749397657652,0.002418150174438469,0.587990201816968
s057,s051,7,0.15238068895579457,0.061498786178111234,0.6966884425062794
s057,s052,7,0.12676330430484317,7.358436495932165e-05,0.36884597346143877
s057,s053,7,0.2805897568339179,0.09942301436253011,0.7039383164477518
s057,s054,7,0.1678622790911605,0.0006307391708144514,0.6695443878599835
s057,s055,7,0.31029805763657253,0.26204811641527986,0.6551715323812227
s057,s056,7,0.20667434879527138,0.07688838391541143,0.7271740214571013
s057,s002,8,0.05199599043466417,0.026112935874709288,0.6932146327584621
s057,s003,8,0.10600318184727853,0.0935187651315503,0.7000270088539482
s057,s004,8,0.03486249659296658,0.02706133868669308,0.6053733787193304
s057,s005,8,0.0293632462329294,0.01610471527781917,0.6726248115329774
s057,s007,8,0.0699292798584615,0.0008754487813900982,0.5867862510679899
s057,s008,8,0.13316397315465392,0.02617149232973935,0.6413645773182097
s057,s010,8,0.10756243631648305,0.012789646699644682,0.6823508671222681
s057,s011,8,0.1385274701797831,0.19408306332934105,0.807112988661176
s057,s012,8,0.09952413124318216,0.10710365103900485,0.7736156551932746
s057,s013,8,0.12394621031788812,0.1602800191830732,0.8420903864554736
s057,s015,8,0.7381841888290823,0.039004694909960065,0.6559656213286782
s057,s016,8,0.017648942749540115,0.3004248157127221,0.7563943168423277
s057,s017,8,0.07397487137360319,0.02762220537257249,0.7606642096144576
s057,s018,8,0.14340464385044394,0.21565096533466444,0.7504768783807055
s057,s019,8,0.061794256502087114,0.03077988599353049,0.5906948476755245
s057,s020,8,0.07981863958198868,0.0015106645113192455,0.7406929322135862
s057,s021,8,0.06215363684672187,0.06818430705141422,0.6556042852878082
s057,s022,8,0.026969869056920504,0.13439527018484076,0.6980029909848192
s057,s024,8,0.05293314028400629,0.002465880140571952,0.7069602885667612
s057,s025,8,0.05221812049298608,0.027333378613847163,0.649647586697184
s057,s026,8,0.09045109037495191,0.02877709415904944,0.6314936911062614
s057,s027,8,0.08459665944811016,0.08613927383115806,0.5362882439905938
s057,s028,8,0.04874009409220097,0.016470580435102928,0.716034417575834
s057,s029,8,0.16123627795525977,0.07089096492993407,0.6903102334088735
s057,s030,8,0.04827838224202837,0.09628831412610088,0.716379193306224
s057,s031,8,0.044928000795403766,0.08194876300709435,0.5951019092151871
s057,s032,8,0.13057596648195113,0.2009674938835464,0.8199040318858142
s057,s033,8,0.046500284073140746,0.03262637829928458,0.6229264260513769
s057,s034,8,0.05359511616366944,0.009534304587820418,0.5833460219066311
s057,s035,8,0.04957540621118551,0.002168704804333436,0.48323422158815516
s057,s036,8,0.03429950555354144,0.16664333700512007,0.6666908514572946
s057,s037,8,0.10526675378832774,0.014138363504169294,0.6135725076093865
s057,s038,8,0.07140411596386508,0.000490969138699531,0.5654735543212505
s057,s039,8,0.03312922887816389,0.038294276046582185,0.5122678946633079
s057,s040,8,0.06106171825840655,0.0018327800035923263,0.46175961284523453
s057,s041,8,0.0727803800376416,0.026007882062792486,0.7957034938543568
s057,s042,8,0.0973464162794217,0.010417175249495763,0.5674271868374007
s057,s043,8,0.04925655606200278,0.13692500045311648,0.6693482565883049
s057,s044,8,0.025379967542688,0.0048099608629303126,0.6962655711264438
s057,s046,8,0.02066479856579259,0.08031146669595622,0.6250021820095237
s057,s047,8,0.06678363003593286,0.04215811825549221,0.40506727486557664
s057,s048,8,0.06548788263271782,0.02059436292127391,0.5994841064825343
s057,s049,8,0.02851188611295174,0.12629958362893026,0.7653361222372712
s057,s050,8,0.045921236089316086,0.06306311189392697,0.6031607605524794
s057,s051,8,0.07272672181439446,0.07516647225820987,0.7121633733463543
s057,s052,8,0.07677779508952985,0.003652230411023935,0.4375991542286443
s057,s053,8,0.08458255969852055,0.16758214974681557,0.7419618496705978
s057,s054,8,0.10467633274481931,0.098413825223989,0.7113335017726213
s057,s055,8,0.21038085714107568,0.48496438448485263,0.7470090884344738
s057,s056,8,0.09491164524254166,0.20675099138724143,0.7497960972306603
