probe_subject,claimed_subject,session,llr,fidelity,bhattacharyya
s002,s003,5,0.1104247718750768,0.011156520092648383,0.6812548643540297
s002,s004,5,0.20393140233062632,0.169201387839425,0.7359325667676516
s002,s005,5,0.10166303331391431,0.0020508260121248987,0.6543887353862483
s002,s007,5,0.1760134044983649,0.0028477407709871713,0.6556608329418084
s002,s008,5,0.18041649617761366,0.06110290777774869,0.6194517944237512
s002,s010,5,0.21437144271989275,0.0500063651172572,0.689740183145108
s002,s011,5,0.12919904779930846,0.003926042451756073,0.5214938232036775
s002,s012,5,0.13048138291718125,0.013331094554261333,0.5897539261727249
s002,s013,5,0.22740197713085702,0.1360227569299734,0.772100770098114
s002,s015,5,0.16908528811671425,0.008363693875339244,0.6676384837911064
s002,s016,5,0.07397310982270681,0.08799841430814206,0.6447501111306445
s002,s017,5,0.24886915446068011,0.06279721691305622,0.7348129631155076
s002,s018,5,0.19566355479701047,0.009025045095711254,0.6100491866626954
s002,s019,5,0.18141108743911644,0.0007211854334556344,0.6522104055658496
s002,s020,5,0.2355060402762681,0.00034760231680210557,0.6616597200891375
s002,s021,5,0.08062405458712993,6.683622824125952e-05,0.5860702938001868
s002,s022,5,0.09947689657409303,0.026316453440525002,0.49229577883661885
s002,s024,5,0.12408429619874062,0.017016514125109895,0.6703448645460724
s002,s025,5,0.12751187792978189,0.00017630461292030203,0.570567694454699
s002,s026,5,0.10574479731267931,6.696555295025588e-05,0.6713164023742655
s002,s027,5,0.10350501785035629,0.0012228178863454191,0.7100009355634475
s002,s028,5,0.1486599981494466,0.22200666457064552,0.7740531042305374
s002,s029,5,0.1980161384158773,0.0030893010523042534,0.7954967006810981
s002,s030,5,0.0917861106904446,0.0034151461410506065,0.580837511953841
s002,s031,5,0.08670491153842476,5.186376287321067e-05,0.623803668714749
s002,s032,5,0.13165299088163168,0.11959137066709298,0.7111827922574144
s002,s033,5,0.09194296546024266,0.06303119173765998,0.7092225916021295
s002,s034,5,0.18364744081039058,0.045632881559062574,0.708609596237591
s002,s035,5,0.16794332511503812,0.15516538574071168,0.6292841099483437
s002,s036,5,0.11664339177218529,0.03552603883679544,0.38835387621010475
s002,s037,5,0.22636908484634083,0.040629593950091934,0.6179818985516207
s002,s038,5,0.10011644033889776,0.03517326385321552,0.6330576414133098
s002,s039,5,0.14039288636386743,0.13570625701239003,0.701311123128918
s002,s040,5,0.12257214208220733,0.11285749955350881,0.623438346500339
s002,s041,5,0.1522057606714928,0.015052042068706674,0.6421979677678807
s002,s042,5,0.12023508024970865,0.10753336806966601,0.7343694006281664
s002,s043,5,0.08796381079262221,0.018115813739217047,0.47585149669618065
s002,s044,5,0.13346293751415728,0.03390473524807592,0.6157013144523074
s002,s046,5,0.2270547669846687,0.024276463751886735,0.6602432619019599
s002,s047,5,0.15293824136261394,0.009479970016795954,0.8003187059766805
s002,s048,5,0.12311970648057323,0.000983969524088605,0.5832134868937722
s002,s049,5,0.17986861489510195,0.006138764002898581,0.49524835697988057
s002,s050,5,0.23566651311378722,0.08963297882493863,0.6818795565952727
s002,s051,5,0.16963703071086242,0.011324852109129778,0.6338257813893162
s002,s052,5,0.07336814257712972,0.06702707058035652,0.579377967270274
s002,s053,5,0.13576813105274765,0.040044477659389566,0.7021728688147328
s002,s054,5,0.1136552012239149,0.0054634195724552565,0.7009028025301998
s002,s055,5,0.2021461493959427,0.20436955020951308,0.6359120464619211
s002,s056,5,0.1684197598347915,0.03281029880149643,0.6885281965405584
s002,s057,5,0.13789954623934278,0.005879388191181325,0.6023524244072361
s002,s003,6,0.05859099952291646,0.010407610319551982,0.7389336787216261
s002,s004,6,0.18903605098932533,0.018993540706671915,0.6052629740315426
s002,s005,6,0.10788512757762242,0.0026826356109183225,0.6057046814708524
s002,s007,6,0.1620776977171101,0.001299506860113993,0.6680884204373009
s002,s008,6,0.20976870925788121,0.13066773514090102,0.6569281109421621
s002,s010,6,0.27642428532221336,0.041325773457879064,0.5650905787767693
s002,s011,6,0.1375942656786503,0.018361883333854453,0.6014987054049272
s002,s012,6,0.0766663495495679,0.046420313873448506,0.6490811678226701
s002,s013,6,0.2579887840849887,0.11593932178088019,0.6754355648437802
s002,s015,6,0.11909407859493569,0.004913813016182703,0.6721998598078194
s002,s016,6,0.073844677840234,0.08710603427779268,0.5412784875724742
s002,s017,6,0.27349282873061875,0.00103998438015303,0.734032989225402
s002,s018,6,0.08157207458258695,0.020424928866380008,0.6353090281258003
s002,s019,6,0.14187946268689985,0.006355192164103373,0.6298484440193429
s002,s020,6,0.14627043718660335,0.0036515281367150657,0.695749639004721
s002,s021,6,0.059474856635017656,0.024655952664321117,0.5726159580242425
s002,s022,6,0.08415432603102715,0.1456490321725725,0.5662065196256901
s002,s024,6,0.057670271232774815,0.002481699751184022,0.7931792588306043
s002,s025,6,0.1150547907877054,0.0013069263534425672,0.5603684899846935
s002,s026,6,0.08747210675486185,0.04131845683306762,0.5977501029799196
s002,s027,6,0.058523428703644804,0.005600079663026838,0.5210664820519261
s002,s028,6,0.23322255301538491,0.0034713664566125594,0.5582951171741344
s002,s029,6,0.1935016833685258,0.028316984841662337,0.6662746325179533
s002,s030,6,0.07910007883046273,0.04166768169686033,0.5125437203370732
s002,s031,6,0.07967429148812886,0.00035594576657901655,0.5565344291121278
s002,s032,6,0.06283375582361415,0.03873627595064344,0.6593313110806733
s002,s033,6,0.08494454906266892,0.0003197134574264912,0.4680572769197888
s002,s034,6,0.20186384148970296,0.12606144185653737,0.6415798728404893
s002,s035,6,0.11383726196285616,0.008974119099742866,0.6355294872344055
s002,s036,6,0.11264860912658003,0.15349527496674373,0.4820243080277401
s002,s037,6,0.20065463828686286,0.029452505110648383,0.5682446690708218
s002,s038,6,0.049313842237298504,0.04253030038810049,0.617858977116601
s002,s039,6,0.16941385900930434,0.019084131805829782,0.6096184947105937
s002,s040,6,0.06457049462393737,0.0007430696892955591,0.6114125150991416
s002,s041,6,0.08653839151979328,0.014850747168916293,0.47767829766809616
s002,s042,6,0.06567453078929332,0.004529798271401922,0.5228609834760277
s002,s043,6,0.1204577479749407,0.00034000651986025734,0.6738756305779307
s002,s044,6,0.09904232464911567,0.00012122501944286791,0.634963386492733
s002,s046,6,0.06292136190034915,0.0068058291882346295,0.5451176236448645
s002,s047,6,0.05496274649711857,0.005097709909853637,0.4961973446032759
s002,s048,6,0.13366192942833105,0.017266901200972847,0.7283841370542925
s002,s049,6,0.1025404858603575,0.010434661732052054,0.5513455460690964
s002,s050,6,0.17859757174509083,0.002468212196824574,0.6273733738060561
s002,s051,6,0.2373152526495332,0.05409840413036056,0.7095504838568428
s002,s052,6,0.07770205203304627,0.06412243615247515,0.49914684586629476
s002,s053,6,0.08828028678864906,0.000597645762274564,0.6135839875461648
s002,s054,6,0.1479573895163652,0.0009698893209094935,0.6774072794247084
s002,s055,6,0.19786657694813845,0.11640910575044591,0.7530508718679682
s002,s056,6,0.15321556928345814,0.054772166548489785,0.6821540953594651
s002,s057,6,0.10954980548591074,0.021563720694437596,0.6183866150041222
s002,s003,7,0.11438238471870933,0.016000937670904387,0.5589257270498104
s002,s004,7,0.14654976203062114,0.0649441509652899,0.5848520920003181
s002,s005,7,0.1259393330802215,0.003279872734383928,0.6106758729555274
s002,s007,7,0.19139136553891417,0.0003641113722730599,0.6339478830200989
s002,s008,7,0.2669126061996455,0.060550375430645495,0.6366691435021719
s002,s010,7,0.16128568992163894,0.0007052954409203778,0.645896867689951
s002,s011,7,0.1321110422365631,0.0003015168589993024,0.5334734183310482
s002,s012,7,0.11580589656053103,0.012870530569662551,0.6842602922636964
s002,s013,7,0.16891165452944493,0.0011853769011549078,0.5866068899120785
s002,s015,7,0.1650992391718093,0.009231611801870642,0.5060048169306091
s002,s016,7,0.10261802608158742,0.056896838529665206,0.5204849549170781
s002,s017,7,0.17206278025324193,0.0019131620147824744,0.6704692145142364
s002,s018,7,0.14868385668617742,0.020907270084878447,0.5751633168137501
s002,s019,7,0.09143657933030887,0.023440196724657726,0.6321628335200676
s002,s020,7,0.18505212666385892,0.03331723623805024,0.4801470018899228
s002,s021,7,0.0768502416111985,0.0441370356938039,0.5656617727588801
s002,s022,7,0.09934082178275215,0.01342215283915006,0.4431780474113538
s002,s024,7,0.11045079516469039,0.0014458438160806198,0.6562507417768272
s002,s025,7,0.22624869226193486,7.281054965240279e-09,0.6278109724378331
s002,s026,7,0.08066243841628028,0.0006891774661325465,0.6271464106387342
s002,s027,7,0.08015300467620154,0.014435975343789521,0.5137210147426988
s002,s028,7,0.15464832991609737,0.010231636138323268,0.6675936986110103
s002,s029,7,0.14914165324554524,0.06075245002812624,0.7046727600676502
s002,s030,7,0.09508494880126697,0.06755557052090495,0.6268809120851467
s002,s031,7,0.0608285512832949,0.009260192317046698,0.6712915927441172
s002,s032,7,0.10068349529377417,0.0034287802508516088,0.6451635077102983
s002,s033,7,0.10915053438381718,0.002464131898850787,0.5529550813870281
s002,s034,7,0.13431516679062985,2.196388829062696e-05,0.6406921724292096
s002,s035,7,0.20708914206987283,0.0004835584346226882,0.6236723673437914
s002,s036,7,0.12183044287218789,0.02591407139289502,0.33009369877150485
s002,s037,7,0.18391366315834004,0.14889646410889967,0.6297841756372211
s002,s038,7,0.12928815145163688,0.09726161741451855,0.7869725673124909
s002,s039,7,0.11455330343047104,0.020589439234783773,0.6823799102811764
s002,s040,7,0.10434351391207164,0.10965688191651433,0.7520427474134219
s002,s041,7,0.19107931760220706,0.012524077297882382,0.5622527191926627
s002,s042,7,0.08613573416962178,0.13100751634426597,0.6492662120107108
s002,s043,7,0.07670253629054286,0.029226950166529774,0.4649391935675491
s002,s044,7,0.06380974255859054,0.05619172528291485,0.7075673986917735
s002,s046,7,0.2905417654185155,0.0539008338081756,0.6500033538777233
s002,s047,7,0.08361652896122587,0.001771746490357695,0.5553507453741947
s002,s048,7,0.14930137315699435,0.0008817038108476458,0.6295989197149244
s002,s049,7,0.11601328253558109,0.007459524159381157,0.5354583951986178
s002,s050,7,0.17691065699471736,0.18702710748903129,0.8020013632052476
s002,s051,7,0.2942327897701485,0.06609159590619121,0.72311264244797
s002,s052,7,0.07019729919841909,0.04139875162078618,0.5385693470051248
s002,s053,7,0.092888233491325,0.04383306280058557,0.577377610724636
s002,s054,7,0.1892322172303777,0.006708367247132723,0.780427790285321
s002,s055,7,0.17825344304435375,0.0006365291312503134,0.5964668939820722
s002,s056,7,0.1895960483724838,0.12186599159310217,0.7677450377487794
s002,s057,7,0.17963020631583532,0.005451350521542588,0.593415470995367
s002,s003,8,0.29106589411981904,0.03456240896077729,0.7288134019277672
s002,s004,8,0.21018530152917594,0.00013788099376845812,0.7254896105255555
s002,s005,8,0.39246701978188636,0.007772765906307891,0.6145098520119419
s002,s007,8,0.09256404426884982,0.01794363873834662,0.6196014642727288
s002,s008,8,0.2042408659342083,0.08122538884745481,0.6804682029395251
s002,s010,8,0.06204380679231229,0.0013895513902123999,0.7032407032234156
s002,s011,8,0.2728847615156399,0.14428368751376822,0.7052014755146536
s002,s012,8,0.3534018952267665,0.12199744889021052,0.7324036400960366
s002,s013,8,0.08640428024078053,0.000606144459297324,0.7792471214791754
s002,s015,8,0.06527210535640714,0.016180626244745203,0.5674544606496177
s002,s016,8,0.08858955927066224,0.009704708871988196,0.6044840815336919
s002,s017,8,0.04556660205700765,0.06960758728874504,0.7870959469060224
s002,s018,8,0.26171454923505033,0.06454656899427456,0.7216867085875803
s002,s019,8,0.10549536956119532,0.03728208015407576,0.5501631129834088
s002,s020,8,0.14428172752716686,0.0029579865747987556,0.6653204796480823
s002,s021,8,0.06135509506952657,0.04271015269199173,0.637158305630895
s002,s022,8,0.07076413613295063,0.07538413883729359,0.7038155272975092
s002,s024,8,0.0379037654278372,0.04517254906016357,0.7900230163445128
s002,s025,8,0.07823135612138596,0.042143156938492604,0.628298560308216
s002,s026,8,0.06730891821636363,0.03562113293871344,0.6380553809021392
s002,s027,8,0.14993321625845502,0.0363874403426265,0.6535320428943313
s002,s028,8,0.06433540847280034,0.01775592943880107,0.7512899676271211
s002,s029,8,0.06890837322938159,0.03907545811336061,0.781920411461238
s002,s030,8,0.16196594807995032,0.0009329510846980821,0.6379169134265535
s002,s031,8,0.04669891939360141,0.07026074598598149,0.6363699527704872
s002,s032,8,0.07190980462983414,6.397023479115861e-05,0.8252082295022367
s002,s033,8,0.3155254596134367,2.8754545509181927e-05,0.6494074418865572
s002,s034,8,0.15348727503089896,0.06413907344656901,0.7208940598259999
s002,s035,8,0.12634374588755556,0.0421039098526512,0.616204234314076
s002,s036,8,0.04853703648901877,0.199854350481984,0.5742622074477715
s002,s037,8,0.158027006916709,0.06414038757415384,0.6065911531920681
s002,s038,8,0.08489742950690538,0.10293608270228731,0.6203035815828368
s002,s039,8,0.1830723505583911,0.0515232914693242,0.6574390783506469
s002,s040,8,0.14751429758511805,0.005906136355382276,0.7001718396562784
s002,s041,8,0.6059708821947445,0.18358297556693723,0.7492810541736517
s002,s042,8,0.1177441853770739,0.0056493283370661436,0.6560887953469089
s002,s043,8,0.07002942875988474,0.0602301926962236,0.6753547953092269
s002,s044,8,0.06295447666619255,0.020165389846399703,0.6975839502288728
s002,s046,8,0.20533542611385538,0.012402669379141352,0.645609863923531
s002,s047,8,0.0699547661920807,0.04705887224784377,0.5741356392317003
s002,s048,8,0.09716106998861858,0.11035319428203234,0.6361761098512753
s002,s049,8,0.14448623680545725,0.0030163461614251476,0.6325189536441225
s002,s050,8,0.08734863911204067,7.59211916234019e-06,0.6762462195549457
s002,s051,8,0.09826474588829123,0.014008628056345888,0.6381089258035934
s002,s052,8,0.08735791615558691,0.10488127255348438,0.536714620645602
s002,s053,8,0.11689946185696032,0.011672263878652804,0.7169457369747946
s002,s054,8,0.11393040396430588,0.001693470956388189,0.6888903133310176
s002,s055,8,0.23004092084151403,0.0756788170625525,0.714121629322594
s002,s056,8,0.17230614177758458,0.2840825875787874,0.8022215452972719
s002,s057,8,0.39402911780525546,0.014008797020035376,0.7543764303769739
s003,s002,5,0.13505122951323306,0.0015264156660808712,0.6323629078999998
s003,s004,5,0.08420310352311328,0.004626576743193909,0.6556454283241613
s003,s005,5,0.04463375677034159,0.015080287328654251,0.6279262717278772
s003,s007,5,0.15173958815602695,0.07002865634932182,0.6973521348507012
s003,s008,5,0.07961495447084445,0.02254946600611513,0.7111473172161558
s003,s010,5,0.0329677009428847,0.09699119847287356,0.5953091287999807
s003,s011,5,0.0782375786259971,0.2518283653252676,0.7936047092255583
s003,s012,5,0.18770696945486928,0.2631960432680129,0.8399319038304401
s003,s013,5,0.0425278053362627,0.032374813321078486,0.756844373999512
s003,s015,5,0.12051230332540375,0.007235688125702416,0.5585708089202363
s003,s016,5,0.02963323541046491,0.06454800909557089,0.5684849412340862
s003,s017,5,0.03139117168922561,0.062112616400863706,0.7233747246615425
s003,s018,5,0.052990529479911445,0.08210678021161245,0.7321081858409983
s003,s019,5,0.04484795665139336,0.021228616880194,0.6281842461463777
s003,s020,5,0.096115675296759,0.07143901659599729,0.7336747496706693
s003,s021,5,0.03493692106305623,0.005576880903475528,0.5048601820424811
s003,s022,5,0.02571345167368059,0.1315040749537056,0.8050461676538295
s003,s024,5,0.017136281249793873,0.04692505422135214,0.7217203092406014
s003,s025,5,0.03167030344920487,0.037727777555461056,0.6448458298161526
s003,s026,5,0.052910105019772335,0.0019138107063959324,0.6041842035034526
s003,s027,5,0.09864269966624656,0.00045051906287507193,0.5031007056700841
s003,s028,5,0.030146560880132657,0.07735546575038486,0.674620640831253
s003,s029,5,0.05367867197717734,0.015083763726590248,0.6822321398909069
s003,s030,5,0.10289769720005554,0.002709896193895828,0.6790096572075821
s003,s031,5,0.022568231928902605,0.007496280088633525,0.6198452092681511
s003,s032,5,0.06926394188757025,0.08199133729254303,0.7998927221147011
s003,s033,5,0.07043333565564945,0.029818566647103337,0.5072896140310051
s003,s034,5,0.08493950568600808,0.021962395557232464,0.6605624827948959
s003,s035,5,0.028131014301578914,0.0025619724668281426,0.49802606392530313
s003,s036,5,0.026981908433721963,0.28064242487754126,0.7086068317496746
s003,s037,5,0.13556379222967,0.005171482627388934,0.646710603315145
s003,s038,5,0.038995632705320686,0.017353112835628348,0.5576482732006367
s003,s039,5,0.021285384795905263,0.02820169985290378,0.4984315993385335
s003,s040,5,0.1442874079513027,0.09855681829603871,0.5553775496844859
s003,s041,5,0.13091187788875358,0.1199597282110625,0.6321093504416523
s003,s042,5,0.05530089824886533,0.001555217938616867,0.6317738673462509
s003,s043,5,0.0243840946982888,0.1176234499537885,0.7333670016947456
s003,s044,5,0.017243003948989297,0.16774404463236356,0.7284798706907457
s003,s046,5,0.044115628377996555,0.015492353873311543,0.606837748625632
s003,s047,5,0.04160258521217155,0.0887852608602646,0.5684604407527164
s003,s048,5,0.04787613632014428,0.00821889145896786,0.7220674869114276
s003,s049,5,0.053076310034940025,0.0461791025682579,0.5952539823348729
s003,s050,5,0.04391801972772077,0.0032215672051578354,0.5901704943670425
s003,s051,5,0.12000270579442174,0.016258438540558754,0.6311044998539757
s003,s052,5,0.03706898611476897,0.003981060854303129,0.38673754468241267
s003,s053,5,0.17354646256885065,0.030067758053457967,0.6027961991928829
s003,s054,5,0.03315885178349056,0.005314732604168888,0.6740494694970743
s003,s055,5,0.10195685093345137,0.13599048329725585,0.691154526306019
s003,s056,5,0.08114040036167654,0.014526930210558994,0.7487641493196073
s003,s057,5,0.0736628968514671,0.056693116618858695,0.7818183867272193
s003,s002,6,0.10318310105810764,0.007722185114933108,0.6549741230916721
s003,s004,6,0.0860284949534024,0.005594508571336696,0.5837887459494581
s003,s005,6,0.045917762759524104,0.018815121577621236,0.576091936169731
s003,s007,6,0.06123986462332517,0.029955860759130877,0.7540723315568082
s003,s008,6,0.1710030348191586,0.0027753870054923174,0.6486710967519626
s003,s010,6,0.04628409069469211,0.06051042701510457,0.6069762418234825
s003,s011,6,0.12644870121899376,0.03613663131966731,0.5200931465684353
s003,s012,6,0.17368818592461835,0.079507312572351,0.5882613948010932
s003,s013,6,0.05533915947792588,0.04917907577896535,0.6408694871334967
s003,s015,6,0.10096650173408568,0.000349190719686472,0.6234567523667652
s003,s016,6,0.01505900084416769,0.000503451197800593,0.43906272127902085
s003,s017,6,0.021144046772024878,0.016971771384733002,0.6569299667653702
s003,s018,6,0.05319634556873066,0.011495359898124405,0.5867935308010923
s003,s019,6,0.04322897875831906,0.025926429478684336,0.5962609200673729
s003,s020,6,0.04527028826368069,0.0009628636314038872,0.5813783203009918
s003,s021,6,0.04161556439386201,0.022226197725481248,0.5583869126109245
s003,s022,6,0.020191611324251946,0.00629197502299699,0.5345402227619935
s003,s024,6,0.022645785452959755,0.001233547624279511,0.6766148488426492
s003,s025,6,0.027639632480552973,0.000836259531990174,0.6021711792193599
s003,s026,6,0.037788381644113626,0.0014720158718813485,0.5772462367331295
s003,s027,6,0.11154866656324025,0.02587942092015773,0.5112269467631129
s003,s028,6,0.03378392553900238,0.001914647048654111,0.5462326610134045
s003,s029,6,0.042298796814973255,0.0004199511428435776,0.7134792871479054
s003,s030,6,0.05413162186049765,0.002857463954821461,0.4829833964694273
s003,s031,6,0.04380801918849891,0.001047292334407737,0.6015365656350913
s003,s032,6,0.04979995408291752,0.039545177459106726,0.6975911855803201
s003,s033,6,0.07290924560029564,0.002987331958676728,0.4053225147805203
s003,s034,6,0.05602020596001084,0.0006225256568935164,0.5471332875822511
s003,s035,6,0.01678721378967795,0.002409075858869469,0.5383232773287925
s003,s036,6,0.019980142946499822,0.060523876517754295,0.40573503584315707
s003,s037,6,0.10723065252050293,0.019592893018048885,0.6506236631627395
s003,s038,6,0.0350587885632024,0.016209849676686476,0.5288096212702798
s003,s039,6,0.024424152303098426,0.035362551641639386,0.5451417971239474
s003,s040,6,0.04426394404130292,0.010810445959667623,0.4420367638816264
s003,s041,6,0.10845407684670073,0.015630006227302966,0.48498355367193097
s003,s042,6,0.03257113068428673,0.06756940710900824,0.7009146811388622
s003,s043,6,0.025016389754245888,0.004424063192401949,0.5179201853250235
s003,s044,6,0.018373954036414657,0.04752726604726712,0.6389056295251104
s003,s046,6,0.04024751175985026,0.006373965716023962,0.6332461599644232
s003,s047,6,0.020952984323914306,0.022177288053151868,0.491752517386971
s003,s048,6,0.04046713255458101,0.012580326689960999,0.6741255997812557
s003,s049,6,0.03783799163959239,0.00352444788446371,0.5179619556111194
s003,s050,6,0.04464712498901379,0.00014818491145324913,0.5993253164583618
s003,s051,6,0.02966746775405528,0.005593633588452709,0.6297398097323039
s003,s052,6,0.031275532413127104,0.04206603242840811,0.3171788742471215
s003,s053,6,0.08792812766511256,0.0031459261111346894,0.5970704238017299
s003,s054,6,0.04241781075482286,0.0511973988585391,0.6536676307323477
s003,s055,6,0.09461829095625665,0.0737036717544403,0.5961627344145781
s003,s056,6,0.068338797652905,0.006232874670002793,0.586598540295063
s003,s057,6,0.03701101049662289,0.0031577951363757446,0.6380321034746497
s003,s002,7,0.10143287296612287,0.015032870023890001,0.6867016431514061
s003,s004,7,0.1106464990918976,0.0017627426915037905,0.6887307519703315
s003,s005,7,0.066672755894128,0.007329717655219436,0.7060973890246502
s003,s007,7,0.13439789594220938,0.21153943584494028,0.686464951467292
s003,s008,7,0.09839352541950953,0.03971690455034641,0.7753253216675134
s003,s010,7,0.05129132522581804,0.0224413815995211,0.5628674336154488
s003,s011,7,0.11225396261755548,0.12749009396066044,0.7444647680000888
s003,s012,7,0.3576992046949171,0.10794138145850357,0.7059768636518361
s003,s013,7,0.05885072677624346,0.00012954531881118314,0.8224281802109087
s003,s015,7,0.16573845705254223,0.09708875784464932,0.5561335730266008
s003,s016,7,0.030488459439332732,0.004183778094766631,0.5817786015194585
s003,s017,7,0.04589141463580163,0.006178824051430729,0.8327949574104081
s003,s018,7,0.09451547858360168,2.8189336960115553e-06,0.7028810414896087
s003,s019,7,0.06023102319114034,0.07319682517742244,0.5999031824698606
s003,s020,7,0.07203805588459454,0.09451057752398484,0.6588542255589375
s003,s021,7,0.05678940086282484,0.020479275448607778,0.5379238314607689
s003,s022,7,0.026979471791515403,0.03162282475208538,0.656770249100964
s003,s024,7,0.019281494530012672,0.04147256559017816,0.7175333277052551
s003,s025,7,0.04107199098412721,0.08561376307660681,0.6840454901427506
s003,s026,7,0.05689907202765399,0.014955585990853093,0.6874622684488018
s003,s027,7,0.2117889419221193,0.007887218273267247,0.6831959823365523
s003,s028,7,0.04334018710161057,0.020297403466539552,0.686510038678348
s003,s029,7,0.033201650149187696,0.03138039231889156,0.7492160366338688
s003,s030,7,0.14028577399024333,0.16794380205179527,0.797205107128535
s003,s031,7,0.024989151239916255,0.05565819796832022,0.7312541483508219
s003,s032,7,0.054141926356069556,0.016910324647983806,0.7250794190197092
s003,s033,7,0.15069520022588773,0.007438896812861703,0.5158834664207198
s003,s034,7,0.09015351977952109,0.0017188190260610378,0.7237699844746791
s003,s035,7,0.03131275577366287,0.00423367365473608,0.6601765302289002
s003,s036,7,0.031221618731606532,0.0937041222335983,0.5102137052926848
s003,s037,7,0.19693277020801583,0.001410318778726433,0.6626631801921072
s003,s038,7,0.04438645853197036,0.0035369682793202173,0.6617636539042021
s003,s039,7,0.029039311380511367,0.03866713569743359,0.5788571064185664
s003,s040,7,0.1981266700074508,0.07171575235058696,0.6196580624398138
s003,s041,7,0.21266645338570786,0.10062672445158367,0.650852219220656
s003,s042,7,0.06602620412064732,0.016919264518040242,0.7017464697656789
s003,s043,7,0.035654604726704675,0.061809569349536034,0.6487596969575571
s003,s044,7,0.017575103730272795,0.12225808163756292,0.7518192851183465
s003,s046,7,0.12404591066743322,0.01673594821519542,0.6540604827110347
s003,s047,7,0.056219176966093826,0.08400887534245383,0.6570010654066306
s003,s048,7,0.14375842659162708,0.08647103123482215,0.6270262353369837
s003,s049,7,0.06051087079158627,0.029326278384523546,0.5764788706928995
s003,s050,7,0.06115705079972509,0.01202636855247503,0.7084803501659851
s003,s051,7,0.12235165134105926,0.051804972998376414,0.6918459371570089
s003,s052,7,0.05868832498557911,0.00045499923551449195,0.42013256598291543
s003,s053,7,0.170567780752623,0.009258564635703025,0.5931401338031161
s003,s054,7,0.04616910311891607,0.08397013059495817,0.7119735164546046
s003,s055,7,0.11154571696243169,0.024228214385231824,0.7112258773255904
s003,s056,7,0.11637056388508492,0.0010570560886409871,0.7448866019429199
s003,s057,7,0.17061500568693266,0.0013545560189910113,0.7085606243754893
s003,s002,8,0.09359677808567983,0.00017373630953780995,0.7813135297407959
s003,s004,8,0.16798673732525626,0.0034413867025052886,0.6719835184498879
s003,s005,8,0.14007300495729597,3.599253820493824e-05,0.5968799744437687
s003,s007,8,0.11954482423460262,0.10275729691528161,0.6387126056096805
s003,s008,8,0.15689885097235395,0.017183988290006662,0.7123150971450304
s003,s010,8,0.06610736829923983,0.1609040670468265,0.698491834896496
s003,s011,8,0.1824340794872955,0.1306705386898236,0.6906369149266705
s003,s012,8,0.4228342313684061,0.15313024783125861,0.7232921735424211
s003,s013,8,0.09364471109954779,0.00030231030913545353,0.7905824762048574
s003,s015,8,0.19679842788930468,0.09490133985732987,0.6461049746317298
s003,s016,8,0.035076853679867605,0.016853422067849965,0.5847283473674877
s003,s017,8,0.059497345161576703,0.02355195982099623,0.8362346199804879
s003,s018,8,0.11621539389712887,0.005204115343849216,0.7362273601911843
s003,s019,8,0.07074055842001432,0.007587635533164056,0.5758521327673016
s003,s020,8,0.1937719485391869,0.04258423258063172,0.6575240138281321
s003,s021,8,0.08019710500375683,0.09254333981602449,0.6881686139962411
s003,s022,8,0.02569809203062727,0.04632635719534619,0.6221784911325051
s003,s024,8,0.029430771275895825,0.0487706836575774,0.803854424145781
s003,s025,8,0.050062281761672045,0.0939677661404586,0.6287372905126648
s003,s026,8,0.08158556639406228,0.0011906368153003603,0.6934951739795073
s003,s027,8,0.3565520027833176,0.019767254406703617,0.6311158909072865
s003,s028,8,0.051936218162699645,0.038033293956787374,0.7462157753425164
s003,s029,8,0.05370079234789805,0.04959329317877406,0.7375367458471874
s003,s030,8,0.20926003748139876,0.07854892913536202,0.7069965234372153
s003,s031,8,0.035295221592998784,0.034459440586715795,0.6781301623199946
s003,s032,8,0.10720440523299368,0.0016872976006058608,0.773856157747055
s003,s033,8,0.23813338355557223,0.09810090706883452,0.6321941578546917
s003,s034,8,0.1544503929605964,0.002101385971691966,0.6907485217323361
s003,s035,8,0.04002643918604224,0.02083377992510848,0.7485671381757972
s003,s036,8,0.0550731431682433,0.0944512881978357,0.5070536706301775
s003,s037,8,0.32212019412061843,0.030188533525277145,0.7280812674477014
s003,s038,8,0.058805451523325426,0.013778687870465203,0.7377248333366673
s003,s039,8,0.1544881221992819,0.08949023838797619,0.749011870778247
s003,s040,8,0.17742232392248858,0.19468001722836872,0.7576753419074987
s003,s041,8,0.19284117861711667,0.16927107219067447,0.6984210936793281
s003,s042,8,0.08009642406304754,0.0047216997357130775,0.6664714932710104
s003,s043,8,0.03458937958932478,0.0070597518031256445,0.6547705115312472
s003,s044,8,0.026091322086370695,0.06985611628825358,0.7415557243836397
s003,s046,8,0.17089865360577444,0.02186693720143724,0.6762860326885922
s003,s047,8,0.08005302595130066,0.14578621116816792,0.6724812789161534
s003,s048,8,0.0724797964473879,0.0967245708211162,0.599670001552067
s003,s049,8,0.09114763764971097,0.017241522654839785,0.5811971867949128
s003,s050,8,0.11237509755486404,0.05067415241880311,0.7450810200022325
s003,s051,8,0.057854557232970456,0.013073342515096776,0.6685786168135015
s003,s052,8,0.07965854133471355,8.2237242178307e-05,0.6077220667273161
s003,s053,8,0.1403917753722329,0.0017997667313760198,0.7461341320881647
s003,s054,8,0.05398667537489455,0.01698686108798816,0.7355958586185523
s003,s055,8,0.14110441593122533,0.03646980153369961,0.7377537098780587
s003,s056,8,0.10171583426520021,0.0009147955350567852,0.8239237592506639
s003,s057,8,0.18471366796747063,0.00038266299354792636,0.7312815612385285
s004,s002,5,0.02607667223335606,0.04967887399574596,0.6693429016555466
s004,s003,5,0.26726151953716026,0.2462136599175262,0.743170201144484
s004,s005,5,0.07412280177887562,0.005108216157927163,0.6637987738227942
s004,s007,5,0.026230583325867626,0.03713343077517593,0.6003437793842986
s004,s008,5,0.11679062271046815,0.06114531763756836,0.6699725319292364
s004,s010,5,0.02346183749256625,0.00022080477881130625,0.6394720825686769
s004,s011,5,0.0823542130797701,0.07108980690131468,0.6796665857011428
s004,s012,5,0.07028677715736481,0.09154530728898806,0.7239086379047656
s004,s013,5,0.06385283804038064,0.1977863340400962,0.7192009191805239
s004,s015,5,0.19961347088406742,8.564989818722614e-05,0.6758593322512431
s004,s016,5,0.038014042076236584,0.09669710072155588,0.6572471862110065
s004,s017,5,0.06570875548796,0.061595403181566304,0.6968992456049004
s004,s018,5,0.06804286866388672,0.09485713774572739,0.7653914445100596
s004,s019,5,0.02963370681280921,0.027409669014631346,0.7515181217092273
s004,s020,5,0.07459348904811365,0.11204480530888061,0.7834530073329653
s004,s021,5,0.03964174552592251,0.01381467991518848,0.5873495463201777
s004,s022,5,0.031248579729342068,0.26880628689792174,0.6660752191023812
s004,s024,5,0.018477881496705068,0.11587844760984284,0.6684657507600288
s004,s025,5,0.0351158498501711,0.05899825899642822,0.6087120148923344
s004,s026,5,0.03479221045611178,0.03937285229502368,0.5903015502080792
s004,s027,5,0.08642819922510357,0.020112702806160555,0.5801235873534418
s004,s028,5,0.07634313723421497,0.0034529926206626612,0.736840969342822
s004,s029,5,0.03378790228001689,0.0005609544288008123,0.7361641930235272
s004,s030,5,0.0471425655606114,0.01720607631587182,0.5721712271863307
s004,s031,5,0.03834663945382691,0.0017263260810255778,0.6312361047531251
s004,s032,5,0.0757778881136265,0.22751849343090144,0.747272773536358
s004,s033,5,0.10363229324242372,0.0008266256235723513,0.5361303011657402
s004,s034,5,0.07497794870971634,0.07989477672711079,0.7011418587877789
s004,s035,5,0.0364829545460854,0.08352116155568776,0.5966603556309629
s004,s036,5,0.04936074423567323,0.13750744430334522,0.6218093680563377
s004,s037,5,0.02720745756458922,0.00829352405377412,0.681249327897955
s004,s038,5,0.07286831235700253,0.013788835261747543,0.6200326038225846
s004,s039,5,0.1475036382182817,0.0721483146572007,0.6094357616591322
s004,s040,5,0.06114484160403803,0.05927272514946373,0.5889209791825311
s004,s041,5,0.08102580399567283,0.00035007701929262345,0.5762894479222178
s004,s042,5,0.023089114542696264,0.1004947346792972,0.7741220958741157
s004,s043,5,0.06347656297468357,0.10577765746507065,0.6508421246450694
s004,s044,5,0.02553560499388008,0.03994707249614989,0.6844438771272173
s004,s046,5,0.07903500963719268,0.0012451059805469763,0.599024048316979
s004,s047,5,0.02381599753920912,0.015907421309391757,0.6759042954920158
s004,s048,5,0.06071165775514779,0.00240910296427346,0.6691709346038283
s004,s049,5,0.11284919704514332,0.0029567703562248214,0.5827484623324554
s004,s050,5,0.08503010987448488,0.005279087016956789,0.6567182865955454
s004,s051,5,0.047455891051551395,0.005149300693265824,0.6201232214515199
s004,s052,5,0.046463438762103355,0.043117683662235375,0.5180446277089273
s004,s053,5,0.0741851165743032,0.01696743211250883,0.6471794237315496
s004,s054,5,0.0315728972913505,0.05296327694598977,0.703095525845286
s004,s055,5,0.11769096360138644,0.16335125719088495,0.6721915120995849
s004,s056,5,0.11508659504174366,0.0708620344650537,0.7135111597089174
s004,s057,5,0.03631255187787284,0.015674880200690213,0.7145452764403375
s004,s002,6,0.0871173404505612,0.028280852236889868,0.5731640409825358
s004,s003,6,0.22826240947170717,0.08803495277814458,0.7146807808722792
s004,s005,6,0.1130537084348938,0.0006388484926782731,0.6803517147361127
s004,s007,6,0.06251128703326679,0.10063971493531712,0.5579683031876781
s004,s008,6,0.21066998070058499,0.0016117810548178521,0.7061338961156046
s004,s010,6,0.04753514797579493,0.00032358355977778403,0.5274539393574594
s004,s011,6,0.16955216745894658,0.03580074355123852,0.6413998050344402
s004,s012,6,0.08514628356922621,0.08736525094397417,0.6651982252330438
s004,s013,6,0.1222624623956472,0.284244332219585,0.7414288849571848
s004,s015,6,0.09693927048555663,0.00011892637794363653,0.5652774651131556
s004,s016,6,0.04986678747671396,0.16391758417932117,0.5417067395679814
s004,s017,6,0.08522952651588843,0.06523976000877127,0.6630948154370911
s004,s018,6,0.06713723284159799,0.024158441630308166,0.6874710200004611
s004,s019,6,0.07706058931983747,0.0010973342585044216,0.6564508287843854
s004,s020,6,0.1346851749735223,0.12823998308189227,0.7406239776999791
s004,s021,6,0.07993856997798071,0.004539080157649772,0.5469486739596904
s004,s022,6,0.03805772991066913,0.2718913054275548,0.6615032660667816
s004,s024,6,0.050514767386446696,0.10874967482036568,0.6047289575953486
s004,s025,6,0.0683611425594288,0.0018014536826552238,0.5516423373781333
s004,s026,6,0.08982559383685193,0.03349371580802141,0.5574644587841387
s004,s027,6,0.15641316641372524,0.1399900330582,0.6876168530176092
s004,s028,6,0.10215613982468306,0.003265037922971571,0.665692731464383
s004,s029,6,0.06429238153720945,0.044533728309285765,0.70957019295511
s004,s030,6,0.08998879524994911,0.018727470121238796,0.6532988717442052
s004,s031,6,0.0456989388802547,0.0020132471425234047,0.6714341363287025
s004,s032,6,0.1042007365822395,0.2324333304991063,0.7000348724714216
s004,s033,6,0.11348759579585721,0.07682112424586132,0.38850725726801527
s004,s034,6,0.08318840352413898,0.003955326902084353,0.5649759451142886
s004,s035,6,0.0736359097493189,0.03097746952833488,0.539853018468286
s004,s036,6,0.06544988450405657,0.14413139879681305,0.5807295891858085
s004,s037,6,0.047164223677269225,0.0005089969576579843,0.687131063706055
s004,s038,6,0.06509074539946134,6.855060494500475e-05,0.4527617949819677
s004,s039,6,0.17836065974139423,0.10436099131370945,0.4844061254077002
s004,s040,6,0.06140922697619172,0.000528612947606536,0.4040734339327465
s004,s041,6,0.11530126869175489,0.0016004212738868636,0.5545670795677958
s004,s042,6,0.045769911160472146,0.1515191142130478,0.7429175494621854
s004,s043,6,0.06047312302514905,0.16048710590807758,0.6635587453492335
s004,s044,6,0.04559090234605509,0.11677649215009997,0.7209037581239168
s004,s046,6,0.15809538538454396,0.006489538347621232,0.6154870895972205
s004,s047,6,0.0346388637761536,0.030630806157612107,0.6015020347640291
s004,s048,6,0.045874704995043564,0.012615248305735268,0.6290774176379669
s004,s049,6,0.07591011643901711,0.00762788211525153,0.6069698791537748
s004,s050,6,0.05808047092616107,0.0340569795656397,0.5375466887319286
s004,s051,6,0.09216918442641761,6.936359948353835e-05,0.5193357496714412
s004,s052,6,0.0530002721460895,3.160082955656453e-05,0.3255498759957598
s004,s053,6,0.18453116265739408,0.0011131301975695217,0.4991105428106803
s004,s054,6,0.05638457910753842,0.014634318529456576,0.5353188194343144
s004,s055,6,0.16071609983741195,0.1035554326965372,0.624004063383661
s004,s056,6,0.15024615416084636,0.048943313667081656,0.5595713117222388
s004,s057,6,0.0695432628164059,0.025387350600044715,0.6988123431672459
s004,s002,7,0.25453620248730313,0.042433227528071986,0.6863830718440783
s004,s003,7,0.3152101521806609,0.19754524141542248,0.7088804277010682
s004,s005,7,0.3863504156390792,0.053263879278637634,0.6770489855467563
s004,s007,7,0.0851527774064921,0.02086310575108714,0.631292757817693
s004,s008,7,0.3600855205910904,0.038432376205183555,0.6416838217472491
s004,s010,7,0.08562831028731324,0.030356865685436725,0.5455792368474331
s004,s011,7,0.2885667162620496,0.07817769337783742,0.6303920988557565
s004,s012,7,0.2288000428717468,0.08587720657557339,0.7098573674421751
s004,s013,7,0.1537465146182772,0.17837591961667199,0.732331044628399
s004,s015,7,0.11958407826926702,0.026562360019033372,0.6421499791269181
s004,s016,7,0.10720776420560744,0.10667942336557831,0.6237998047328595
s004,s017,7,0.14672172326779462,0.03401130078339404,0.6618617931622688
s004,s018,7,0.10596258623594865,0.007463387350144319,0.6536760252311238
s004,s019,7,0.09880188574969115,0.019601869586518734,0.7231286240146508
s004,s020,7,0.18141963337435327,0.008202323577453322,0.728633940379718
s004,s021,7,0.09591829979061386,0.0012942756341507162,0.5959952231049856
s004,s022,7,0.10237795460463399,0.17564185504249508,0.601445275980634
s004,s024,7,0.08119638044939097,0.20672346135363223,0.6398655833180692
s004,s025,7,0.1307815446028661,0.008613476488586933,0.5702326399356307
s004,s026,7,0.13664187156846577,0.015344973786981827,0.59628333656523
s004,s027,7,0.26204384022130245,0.1417896185073804,0.7237951147910292
s004,s028,7,0.24403085936197416,0.021157487242372597,0.653415474810152
s004,s029,7,0.11668919563318136,0.04508762329900858,0.7074064102199823
s004,s030,7,0.13768867150505612,0.016215549514763325,0.6466658374130703
s004,s031,7,0.10612366560399855,0.03428949836160886,0.6788638475910579
s004,s032,7,0.13843201874525632,0.060773215308265675,0.7530113037921896
s004,s033,7,0.16232766991895053,0.07751871551640638,0.42585709302721075
s004,s034,7,0.15792265303675607,0.002631676732602847,0.654500100279419
s004,s035,7,0.08621704756314193,0.006797440871716191,0.5344881680340758
s004,s036,7,0.11213069400925088,0.14501317974284794,0.5149327432064507
s004,s037,7,0.1045115551914812,0.030819425501567514,0.6721367610610812
s004,s038,7,0.11475035141895497,0.002517679930269229,0.5205634489932861
s004,s039,7,0.3969760837784021,0.15181556140539879,0.5453401766636533
s004,s040,7,0.1195657622246957,0.010840375166993682,0.47613724551197817
s004,s041,7,0.23570169845699684,0.018889622152307838,0.5640262978816618
s004,s042,7,0.11344205286776946,0.0754866906644977,0.7094703422718004
s004,s043,7,0.11223204392585921,0.025908808191176493,0.6373374071546382
s004,s044,7,0.07183553519904909,0.07429403380449949,0.7263234620355268
s004,s046,7,0.24649624660636166,0.0014046086290156754,0.6973889459519725
s004,s047,7,0.07914157589495881,0.021771429562336728,0.5242853334543713
s004,s048,7,0.10717086437695046,0.004642480373950705,0.6973294880553627
s004,s049,7,0.16233689036255952,1.576185660056536e-05,0.6874959972704922
s004,s050,7,0.10491877670816187,0.009039058552624626,0.5914408525782703
s004,s051,7,0.10642276315087225,0.0065337336166387565,0.7076625431828513
s004,s052,7,0.14331205622542295,0.0014140330854208606,0.4259071454745087
s004,s053,7,0.26639767366949485,0.0011807590716407844,0.5658449774176055
s004,s054,7,0.10177171121801858,0.008730725447185728,0.6377722108749958
s004,s055,7,0.30660092546103407,0.06614633751424878,0.6887236544169946
s004,s056,7,0.20755987238449788,0.014695268541114718,0.6037785931961358
s004,s057,7,0.11106351349036554,0.00019935415542055452,0.7426526210233079
s004,s002,8,0.4234762573930818,0.003578314451638384,0.6732907979331538
s004,s003,8,0.18664440529908238,0.18660226674815988,0.6950635544109766
s004,s005,8,0.1831589678001784,0.00010168042834894566,0.6647601198472654
s004,s007,8,0.13685979021716282,0.003496582188720589,0.5636745774115842
s004,s008,8,0.18682948034697214,0.01037528144483428,0.699789765341621
s004,s010,8,0.09069301151109213,0.0016585632647995198,0.6841028394748264
s004,s011,8,0.22824830330480045,0.039681330007732454,0.6082441302392562
s004,s012,8,0.19207759199431815,0.02115471007685005,0.6556144607302563
s004,s013,8,0.1295837848534346,0.27377943726158227,0.7623904730447857
s004,s015,8,0.13311003429688772,0.03572146271277353,0.6209415813015969
s004,s016,8,0.14388264664596778,0.13003504220259196,0.577387721845672
s004,s017,8,0.12485079611435991,0.005763901505460183,0.7183103943242628
s004,s018,8,0.1493399801289482,0.04635601615147259,0.7420208757062887
s004,s019,8,0.0996432945840416,0.002335546271098617,0.6393901652157854
s004,s020,8,0.17155686964423725,0.003465443475271398,0.6610915969976322
s004,s021,8,0.094192930599892,0.00020279834274759871,0.6669865148394073
s004,s022,8,0.0704896084032909,0.10397411957193493,0.601561384172406
s004,s024,8,0.08218679869213585,0.03350358173684294,0.6387371531474009
s004,s025,8,0.13018849181545483,0.0070916021120475065,0.5975796670530308
s004,s026,8,0.11620498410448946,0.04600898796850677,0.5914129596043431
s004,s027,8,0.14243494804128554,0.02822846437579431,0.6536278577283124
s004,s028,8,0.1759321696348846,0.008396763066742518,0.7165042850119622
s004,s029,8,0.10697247909636906,0.02694757787563269,0.7645188083711367
s004,s030,8,0.09870844126181896,0.003430948887744063,0.5888029266478554
s004,s031,8,0.08334917568833515,0.024715802751344648,0.7191839696213511
s004,s032,8,0.12396620022233867,0.17306757825117527,0.741333247651711
s004,s033,8,0.1774282675172405,2.8576063437126675e-05,0.4893113698294548
s004,s034,8,0.12677878432024997,0.007535942602510245,0.5933565773227302
s004,s035,8,0.17480528462890452,0.07742672878047319,0.5578824584094894
s004,s036,8,0.06471862578582376,0.09714483831057504,0.5238618871946286
s004,s037,8,0.10274523748013566,0.05237148717090938,0.6288959897279228
s004,s038,8,0.12183479629992602,0.03330394449393389,0.5022872477489632
s004,s039,8,0.11716600964251805,0.023159734936257052,0.470422881219915
s004,s040,8,0.08475056438083972,0.007656270406088554,0.400640473488846
s004,s041,8,0.18037959500659229,3.567765546564444e-05,0.6632804304796541
s004,s042,8,0.10033426839935758,0.09387665295066122,0.7221061340922464
s004,s043,8,0.07338477716330803,0.09022918276573165,0.5726230023991866
s004,s044,8,0.09683090172359621,0.0411530731069358,0.6621782948877063
s004,s046,8,0.1816487342336353,0.00727221648805516,0.6616690767320397
s004,s047,8,0.07561834537036682,0.10268639166226805,0.5560200898981026
s004,s048,8,0.09718442315119079,0.006319794134718446,0.6566277910545848
s004,s049,8,0.14480755406371038,0.047991582355485986,0.6300080475552503
s004,s050,8,0.09337956862268137,1.0539162723534697e-05,0.6101878318270644
s004,s051,8,0.20874583669444638,0.009977953103738503,0.621943626326325
s004,s052,8,0.11995825690641992,0.001183864154983408,0.32818205427359337
s004,s053,8,0.19941281204873,0.015733938501962606,0.6176243176578317
s004,s054,8,0.11803296855477594,0.0022717407194199624,0.650410791658117
s004,s055,8,0.21619902041233494,0.12887645020514557,0.6536532309469822
s004,s056,8,0.13888707586906013,0.040294701573579485,0.6209014085215545
s004,s057,8,0.12011210101441291,0.03029298923783431,0.7649396354261054
s005,s002,5,0.15727833912547876,0.006195124406540635,0.666462653459863
s005,s003,5,0.0823640440624136,0.0263456873470341,0.748895171868963
s005,s004,5,0.07395648683684673,0.006713415610828678,0.4788321266869827
s005,s007,5,0.07342324062043895,0.0206902083974186,0.7176198824229849
s005,s008,5,0.12193595865032371,0.012742823339438727,0.7435980059820436
s005,s010,5,0.050402702808480644,0.0061524731296080425,0.4620731550188158
s005,s011,5,0.07291993319042486,0.00020322985262841232,0.6935326754848327
s005,s012,5,0.06801698838859353,0.03734112148871095,0.6315797571621571
s005,s013,5,0.03509226868447442,0.03726812368386017,0.6304459547141207
s005,s015,5,0.0377234535061351,0.12876389863927834,0.6432818110927144
s005,s016,5,0.11878039304050195,0.0024188631346175548,0.5284970184871306
s005,s017,5,0.08560472423254835,0.014113379803587258,0.8018595029621771
s005,s018,5,0.06480001289757281,9.319241005661517e-05,0.605613138251865
s005,s019,5,0.10359177768959324,0.10645722514633733,0.6912890386293935
s005,s020,5,0.036563445158501046,0.1825384681115687,0.6399035979863844
s005,s021,5,0.12030576937849945,0.14775765889418677,0.6619658884160324
s005,s022,5,0.05142111684099828,0.16339515292263668,0.5915294936133307
s005,s024,5,0.10541284754038088,0.026301431002063117,0.7215692099546476
s005,s025,5,0.07781666080823416,0.09880979011665074,0.7247702457426385
s005,s026,5,0.10003098482829666,0.0054829343027615355,0.6676147431792734
s005,s027,5,0.09196633823134108,1.0744514092010233e-08,0.510068654289735
s005,s028,5,0.09498706122909642,0.004937974774905108,0.5404863510797776
s005,s029,5,0.04334782034519749,0.038078584968517036,0.7045893675720891
s005,s030,5,0.1551459380358521,0.08843080055316449,0.6580913880960492
s005,s031,5,0.060425229403095415,0.0008139722714403492,0.6641023507600535
s005,s032,5,0.06718245999178268,0.0005979270469991174,0.6370506800607961
s005,s033,5,0.07955395827994521,0.003579623929949661,0.4109968585442548
s005,s034,5,0.028721428038514723,0.034501779544516324,0.6402536204357654
s005,s035,5,0.05748199931962239,0.014259025113851962,0.7668969592123651
s005,s036,5,0.07553572440460456,0.07632646473755372,0.5156626177052814
s005,s037,5,0.060826062163311226,0.20599884138349026,0.7000954660454048
s005,s038,5,0.06085679739530613,0.017892102144527657,0.7058112099122932
s005,s039,5,0.12057447673899702,0.1084452689519355,0.6459883483122166
s005,s040,5,0.06648107971457995,0.0911373458399271,0.5544224207013146
s005,s041,5,0.07266745060675021,0.2278325065413242,0.5770492480296213
s005,s042,5,0.06016886564436974,0.005244984724852976,0.536824845313228
s005,s043,5,0.08825858802083493,0.03903709378936002,0.7574141002665638
s005,s044,5,0.030990882205124748,0.056455599238811376,0.7991822207709215
s005,s046,5,0.07992991115639932,0.026143964911282774,0.6145686198816321
s005,s047,5,0.06041684893787757,0.03184588853824697,0.5343831057092627
s005,s048,5,0.038131968157328215,0.16043488903008432,0.6887618173530637
s005,s049,5,0.0977060463961256,0.10101588808909939,0.6725894026950455
s005,s050,5,0.09013039056325481,0.0009595650273797827,0.63528597426749
s005,s051,5,0.10416971233006651,0.007769694415414605,0.6553610844568719
s005,s052,5,0.08479254076959412,0.016847288153404395,0.5507385660554648
s005,s053,5,0.04988782372469915,0.05937336703381735,0.5367496938598965
s005,s054,5,0.09941108801631189,0.003725234755364585,0.7280445965280061
s005,s055,5,0.08536713959530302,0.000516850600400986,0.753948478879625
s005,s056,5,0.05534266440432042,0.0008332279281684211,0.5698872188836446
s005,s057,5,0.05285332218434006,0.051677746377451164,0.53633206378019
s005,s002,6,0.06121307602775852,0.014513236319447424,0.6267951470026659
s005,s003,6,0.02901834614405793,0.001149442594411654,0.6037118425397825
s005,s004,6,0.03536051705979682,0.0167427148918753,0.4917534014797066
s005,s007,6,0.024150609799782115,0.10771945640658236,0.6965538672822927
s005,s008,6,0.03046721333359996,0.0011251399171512513,0.6024000892644591
s005,s010,6,0.029027496754059818,0.008885437844508392,0.44100447022546263
s005,s011,6,0.02136960609981264,3.024842948455755e-07,0.4396798782423132
s005,s012,6,0.030549637537949193,0.0040907366490265775,0.5098402262314283
s005,s013,6,0.011361050465216634,0.005109996547292615,0.5244042441233621
s005,s015,6,0.00898235997460045,0.11548447815303862,0.678267208054837
s005,s016,6,0.02006038755850975,0.08518607578310629,0.5850263207629844
s005,s017,6,0.025450548494036506,0.06902422921609501,0.657871548856486
s005,s018,6,0.021774805964446798,0.00012523749272745573,0.4683193343919368
s005,s019,6,0.03935317998175502,0.1906794993064392,0.7954394271065756
s005,s020,6,0.012406952755546432,0.13431530284578655,0.5869503097464281
s005,s021,6,0.023921829399917494,0.03371925929646936,0.5797627601484682
s005,s022,6,0.06308341758291465,0.018303955672123833,0.33315949461026245
s005,s024,6,0.01281697855354784,0.11171448931468177,0.5857788347521086
s005,s025,6,0.029225414341694435,0.07469905375821613,0.6220773089830078
s005,s026,6,0.02930760399831457,0.04626188027504147,0.6045064048153902
s005,s027,6,0.01833983016844394,0.009802938548162915,0.5847330078397913
s005,s028,6,0.023581280986331877,0.00040840593018531113,0.4733803914240622
s005,s029,6,0.014571577870236435,0.08332739150013861,0.6319651290197688
s005,s030,6,0.028990266318153827,0.01700148870469615,0.5300462717795025
s005,s031,6,0.01693112050374528,0.009420080574017579,0.6214072695024069
s005,s032,6,0.018839950397368885,0.002135089198139248,0.5595740654939617
s005,s033,6,0.028583235981162285,0.039221170898860125,0.3650405834337751
s005,s034,6,0.016198380347085352,6.966905313064e-05,0.5555335861166845
s005,s035,6,0.01479311949229629,0.01444394109700767,0.5984034986711569
s005,s036,6,0.020034161439110302,0.005677841139948493,0.2951611275474365
s005,s037,6,0.020274930966766334,0.1731487401263165,0.5900372875413301
s005,s038,6,0.01668219149029986,0.011602204629959926,0.5858081559827024
s005,s039,6,0.07820939683205301,0.14942653942711442,0.5891268703669991
s005,s040,6,0.012183603488762006,0.039951676455495216,0.43143465643899553
s005,s041,6,0.02266052708812742,0.024175105180421395,0.41784685760723367
s005,s042,6,0.02902420946649645,0.013477677314640377,0.506830402715778
s005,s043,6,0.020773970897480228,0.025006759345820473,0.5183430377531341
s005,s044,6,0.01371970632610378,0.005951865094141959,0.6496400479658762
s005,s046,6,0.020716508468325526,0.00686029063501752,0.6812175446134388
s005,s047,6,0.019685161523332505,0.02469060521516907,0.48535876574023396
s005,s048,6,0.015440063899104415,0.09282495387282591,0.696546800655591
s005,s049,6,0.03572013759078562,0.0808497959494391,0.6274040208510439
s005,s050,6,0.024620164931460686,0.006795054795488817,0.5252906883955961
s005,s051,6,0.013772055822071479,0.13208571007814635,0.7402071088060411
s005,s052,6,0.02847908205768601,0.00015361796304884614,0.5147697713503225
s005,s053,6,0.0178968236308791,0.044887258326952326,0.4639673622702558
s005,s054,6,0.036740477922614145,0.034250898930369034,0.6547452389187723
s005,s055,6,0.033418415905727555,0.018511243101430475,0.6710084265898723
s005,s056,6,0.018244716978203596,0.008396868814874728,0.4172436956447622
s005,s057,6,0.008851428781436079,0.07546405687472614,0.4313144624825621
s005,s002,7,0.0997567112135733,0.002449424639880311,0.6515742291889817
s005,s003,7,0.0673653620436938,0.025065823002676405,0.551751058629522
s005,s004,7,0.06114242811096526,0.008960710692070743,0.34931769350242503
s005,s007,7,0.03455920630133646,0.1353680619251051,0.7275776811653487
s005,s008,7,0.07551229081731198,0.03931208948821223,0.5912348688456381
s005,s010,7,0.04828566532470751,0.008997922114575944,0.43801621530466506
s005,s011,7,0.04228010201247958,0.045089152480094714,0.42488460748842527
s005,s012,7,0.05153648240865939,0.017423170619572055,0.43754437424765197
s005,s013,7,0.01837675961169797,0.030003436048345235,0.5097747457051741
s005,s015,7,0.011258543182330384,0.20690658166473214,0.686122202091838
s005,s016,7,0.03883004172165136,0.058679298728981706,0.5559197405963339
s005,s017,7,0.05392645590953465,0.11527859380990901,0.7136539125304275
s005,s018,7,0.03846275246110148,0.008532348319757289,0.37827850043386424
s005,s019,7,0.06039190095661221,0.12845252049223785,0.6969977694668136
s005,s020,7,0.018336167270543623,0.01700750521565842,0.5022767687928434
s005,s021,7,0.05363917569988849,0.055315838951585476,0.6376855921253097
s005,s022,7,0.04831095141892012,0.0074241266737331175,0.2636189533491781
s005,s024,7,0.020478269731832446,0.10867931777538371,0.5940285268302452
s005,s025,7,0.03602867058999657,0.01821986144491006,0.5798188265706994
s005,s026,7,0.03750941092597523,0.19418679253162657,0.738086715737746
s005,s027,7,0.031105003256983947,0.004879672399685327,0.5058855969370134
s005,s028,7,0.04247467552119963,0.02431680922735384,0.41671469940720746
s005,s029,7,0.027902189396389245,0.05348322935909236,0.6190851291254157
s005,s030,7,0.04773497279980646,0.03457242026706781,0.5854580704866735
s005,s031,7,0.03919324607653739,0.000231650384240495,0.5748194153940488
s005,s032,7,0.04768318219341541,0.01746619903004886,0.5890303421270258
s005,s033,7,0.05944293721257189,0.059506265805350574,0.3825917857225764
s005,s034,7,0.03605912149041754,0.002803877851041876,0.47617740766901684
s005,s035,7,0.024971465257011598,0.001994728792988558,0.6255865028043712
s005,s036,7,0.030873853328682296,0.00037078661998243763,0.17399099693372402
s005,s037,7,0.03770718523652214,0.18353681064889416,0.6037340831216158
s005,s038,7,0.03523871599123172,0.00797807673622164,0.6540394614248728
s005,s039,7,0.13642595471332852,0.07132236896763976,0.6336062625544363
s005,s040,7,0.02314757555644094,0.015436096236448203,0.46213968556131024
s005,s041,7,0.043657960130560815,0.002329255481108159,0.4129822798887185
s005,s042,7,0.037665075864852335,8.151681862568435e-05,0.4144882324261459
s005,s043,7,0.03087826270677449,0.0007792334612606328,0.4748173511332667
s005,s044,7,0.02595182350849155,0.014556217357815477,0.6434130030306828
s005,s046,7,0.05385529206127107,0.0004986360268197539,0.6806273167306147
s005,s047,7,0.03247045260736137,0.11263654438667113,0.4476375575818895
s005,s048,7,0.029202236200174148,0.09591891981955626,0.6073682365778242
s005,s049,7,0.08154873263096053,0.11379971781517398,0.6045417768523488
s005,s050,7,0.02615998963737442,0.0027746470412555015,0.5831896012190708
s005,s051,7,0.03970114830541958,0.18760623864575193,0.727128825991542
s005,s052,7,0.041535011203861855,0.0009591842010869034,0.532648289759897
s005,s053,7,0.021923230291571286,0.09514544513336844,0.4913471343203626
s005,s054,7,0.07045849810685499,0.01687989843913168,0.6405107180206723
s005,s055,7,0.07223579325067525,0.023097444081456763,0.6215178886488231
s005,s056,7,0.038436854310542896,0.0022584408349316065,0.38687809550300933
s005,s057,7,0.017427339329614613,0.045877342486265196,0.40063886266269433
s005,s002,8,0.1730561079433326,0.044315279894213355,0.6538655152082897
s005,s003,8,0.036146457259918656,0.007194422871864004,0.6873617760310792
s005,s004,8,0.03871165018373222,0.06503371298079759,0.5385562191248144
s005,s007,8,0.0418694209263382,0.07689216933021625,0.7031411472577355
s005,s008,8,0.03382494210192843,0.002885021317342545,0.6340765620190509
s005,s010,8,0.04988111626922315,0.05235024318276539,0.6388986566759025
s005,s011,8,0.04031298660632396,0.03858295649055557,0.5743075794847943
s005,s012,8,0.04002575540088055,0.00437316636031922,0.5401530248473791
s005,s013,8,0.011665044587150137,0.1249208599984305,0.6797266979986317
s005,s015,8,0.010662022960058873,0.1313025896514626,0.6880450335699368
s005,s016,8,0.02114267168457381,0.01188757415781904,0.6595818584035849
s005,s017,8,0.04003436483609825,0.0179264954543525,0.7313997552399012
s005,s018,8,0.04401508191782272,0.0027248210446200695,0.5062321486897058
s005,s019,8,0.04272524985876445,0.22019293790050773,0.6970742868667377
s005,s020,8,0.023615578970106646,0.07196023120083264,0.5585950060151119
s005,s021,8,0.03833533142787188,0.031034925148007,0.6702069103449878
s005,s022,8,0.0245115604324068,0.08512453173929954,0.45934871802573624
s005,s024,8,0.026018190345366666,0.09015283956332683,0.6378478452498291
s005,s025,8,0.021992239213337962,0.0036032013897805424,0.5745329664574425
s005,s026,8,0.03250470146392941,0.10800440301669369,0.7446534859394452
s005,s027,8,0.025764222331292278,0.041970481049895834,0.4887559696118766
s005,s028,8,0.022982520361370648,0.10150523616148978,0.614590461835407
s005,s029,8,0.025383661356991223,0.1137563632424866,0.7692423930406183
s005,s030,8,0.023092049372026042,0.04187449193181114,0.6879943818780464
s005,s031,8,0.013963672105155315,0.006550117492236352,0.596651103862711
s005,s032,8,0.03005647585311335,0.0001301307653223139,0.6831605254149618
s005,s033,8,0.032621920334305256,0.07448562663902651,0.5415089183566257
s005,s034,8,0.02143770155881255,0.003911342026208431,0.5251265108026246
s005,s035,8,0.027914546273824743,0.0006541627421361594,0.6025138455888165
s005,s036,8,0.0257284823166871,0.015414365977624097,0.30391588585898643
s005,s037,8,0.012884575993424756,0.1139652121200144,0.6306897432417761
s005,s038,8,0.026153919963231926,0.005271027004920596,0.7224012313240916
s005,s039,8,0.10296051146563287,0.021502561302947393,0.6444704403650142
s005,s040,8,0.018843697496441974,0.01139192467094961,0.5855700875457389
s005,s041,8,0.026752398610952282,0.005499851333620097,0.5494554922248891
s005,s042,8,0.03306171545891306,0.00036506538435784127,0.5579897412232088
s005,s043,8,0.023433680072306673,0.038107903295308145,0.5818857952321533
s005,s044,8,0.011343404945037936,0.0249553595673128,0.7550781572804043
s005,s046,8,0.022766579795689457,5.999488680044817e-05,0.7235231762312233
s005,s047,8,0.016950362790770418,0.01785775203331506,0.559466821093563
s005,s048,8,0.015464256941318243,0.12424043427876512,0.6154998043803276
s005,s049,8,0.049311327623141096,0.08796730960925754,0.7078129088304529
s005,s050,8,0.048402578925468086,0.009540471797949975,0.7137971938471495
s005,s051,8,0.022699388416190146,0.10930978890917899,0.7098286458958103
s005,s052,8,0.029494727325332315,0.003917465735968232,0.5755173621146785
s005,s053,8,0.027173315572834252,0.03915127176475529,0.6059776977849053
s005,s054,8,0.04937818164104758,0.00045786589761237566,0.7304485688321855
s005,s055,8,0.06120437789558195,8.828598453316145e-07,0.6115135327032885
s005,s056,8,0.021763277739275465,0.018682973780409177,0.523079497836964
s005,s057,8,0.01761089917228549,0.033965311262203327,0.5648839353281765
s007,s002,5,0.3665347251253929,0.022364396954367222,0.6693153326525322
s007,s003,5,0.33766348994966355,0.14341799073684472,0.755323845692186
s007,s004,5,0.18378940329001825,0.019819827009427745,0.6153641507291748
s007,s005,5,0.05626777031057502,0.009961830842027142,0.613104197232843
s007,s008,5,0.5131048176459622,0.26505139755671814,0.7425627148292887
s007,s010,5,0.23078252747515426,0.01017901787695873,0.570023326169415
s007,s011,5,0.3908147890632705,0.05389411174274643,0.6491848748729152
s007,s012,5,0.26622144132611714,0.007155460788061577,0.6799821221230179
s007,s013,5,0.25330777439904817,0.0904634134176862,0.7114210371623487
s007,s015,5,0.3404141917603003,0.08203763444713577,0.612310475560099
s007,s016,5,0.17387301936938648,0.02783459102512669,0.42434598059919876
s007,s017,5,0.14062835222426875,0.01914259160588543,0.7307591487716055
s007,s018,5,0.10177368576263503,0.008865970136294456,0.6876117866166734
s007,s019,5,0.09654585675302711,0.00758146649358845,0.5692377721844291
s007,s020,5,0.18748803363931787,0.0027006492534813924,0.6183988231023385
s007,s021,5,0.1271714273860191,0.010713126873803429,0.6610980213199222
s007,s022,5,0.06465640092789873,0.07985580526619963,0.6509362710416932
s007,s024,5,0.092823402953493,0.056912428636749286,0.7511953736599781
s007,s025,5,0.08386024943521628,0.07936853531978232,0.7743959771281603
s007,s026,5,0.1825847064193888,0.0018756573648110691,0.6884422758808664
s007,s027,5,0.2929469283627503,0.00535614196036015,0.5794143620792401
s007,s028,5,0.31072246148788385,0.0011728809127413858,0.631169628692542
s007,s029,5,0.333349670467388,2.9474195220962202e-06,0.696416913338396
s007,s030,5,0.12377890772978684,0.013656632491756924,0.60799316877278
s007,s031,5,0.08193495900916598,0.025001607446606407,0.7210918047468585
s007,s032,5,0.14997795438903702,0.0631158493700065,0.687930542523183
s007,s033,5,0.12254118879834486,0.012602109399094499,0.5086088523140013
s007,s034,5,0.28130018543570046,0.13609675176918767,0.7085306781425769
s007,s035,5,0.07132324894088138,0.008486519464336994,0.6328517676249757
s007,s036,5,0.05023514491845514,0.06357526399127557,0.526252270843332
s007,s037,5,0.12807541658614152,0.0006274373139201929,0.7845032602454133
s007,s038,5,0.10594548731367286,0.013265991985912566,0.600263249605738
s007,s039,5,0.1598118671491351,0.009992904575044067,0.5528153052352948
s007,s040,5,0.0954480591186813,0.002604393822982384,0.4409165524424321
s007,s041,5,0.14170144344611754,0.0018978624244581422,0.6651414434275508
s007,s042,5,0.17528820376102142,0.010549638037466223,0.6382982646757628
s007,s043,5,0.07918378962917992,0.04944382766236212,0.6604913216282156
s007,s044,5,0.05684029056954939,0.052432830112337514,0.7587908701837167
s007,s046,5,0.14091472401966598,0.004283397473440235,0.6888319916775646
s007,s047,5,0.08986428818796882,0.05533847020792328,0.5351079364309379
s007,s048,5,0.2114656454978614,0.05040820803094999,0.7241719827387829
s007,s049,5,0.053526952662250306,0.13195359797031353,0.5628351940629878
s007,s050,5,0.15158896587891876,0.003990855470536398,0.6005095176192107
s007,s051,5,0.1697205241490576,0.013259750105820952,0.6444665596753998
s007,s052,5,0.12261172920340122,0.022678769156459763,0.35744014492843773
s007,s053,5,0.26432383605879306,0.037545468353943345,0.5691348303054662
s007,s054,5,0.2599221266645058,0.012661796466833408,0.7273385963658413
s007,s055,5,0.2969285323546025,0.0255867677709312,0.6684692372120532
s007,s056,5,0.3096001052943911,0.007866332826728597,0.6408076405551673
s007,s057,5,0.13056132514770435,0.0436022527805937,0.7023483166758915
s007,s002,6,0.4918381082720841,0.0010988095261585255,0.6475672817036364
s007,s003,6,0.24474642998127702,0.1189138904980776,0.7141386960403174
s007,s004,6,0.13211573728409406,0.0031268533484748447,0.46944337638324146
s007,s005,6,0.08030817893529754,0.010478738237353237,0.6980724486958206
s007,s008,6,0.2280053989323997,0.2730199944602518,0.7251620825009346
s007,s010,6,0.1680470749057596,0.0023116677637478747,0.5504835440846607
s007,s011,6,0.287707591205877,0.043183631178104684,0.6289756293426315
s007,s012,6,0.15441954565250418,0.0081740433577754,0.6080468362312929
s007,s013,6,0.13566201656366775,0.0495671116072251,0.6217854117214323
s007,s015,6,0.3853054052535442,0.0004241989924151145,0.6029641969530781
s007,s016,6,0.17018555082445433,0.09878619724507731,0.5211270650786658
s007,s017,6,0.14267084581248862,0.00012875279722635998,0.7555376187673915
s007,s018,6,0.10807417400644376,0.0025114214712424407,0.6617099198700499
s007,s019,6,0.1103450269775751,0.00010764445884837812,0.6502624201085185
s007,s020,6,0.12653878137865718,0.002844693365868178,0.5296838499183787
s007,s021,6,0.10079656082351675,0.0034600047453392305,0.62734199259684
s007,s022,6,0.07157354776177235,0.03924361586802259,0.5142140848633221
s007,s024,6,0.06714293825683704,0.08531584752620779,0.6633029258169842
s007,s025,6,0.06193282068445114,0.06768713274216112,0.8573409406939875
s007,s026,6,0.11974658076602694,0.05289146183998148,0.6150233111679172
s007,s027,6,0.22364307988343055,0.011019217344819913,0.6052433252298647
s007,s028,6,0.23337067338548803,0.0005895462516488111,0.5777161317810668
s007,s029,6,0.20875076909563087,0.0027199459698711197,0.6939310200703078
s007,s030,6,0.07190200351804123,0.00031520570696267817,0.5691438518739583
s007,s031,6,0.06883742972637182,0.10815894776421818,0.7351370511187522
s007,s032,6,0.11901101154900014,0.03772386298562404,0.6223058485120198
s007,s033,6,0.08997667341909939,0.019238995444270206,0.5033172020433436
s007,s034,6,0.1972322002038001,0.45710019372820104,0.7660405385529088
s007,s035,6,0.06310289619739791,0.03959372274017579,0.6279711806976902
s007,s036,6,0.04352909416682948,0.009527117156264918,0.43931544026372454
s007,s037,6,0.13618735668705748,0.0031604401348254542,0.6095693667785911
s007,s038,6,0.057386138243190866,0.009847405032404256,0.596579954948142
s007,s039,6,0.06734706052794072,0.0007099043941302327,0.5160466195402847
s007,s040,6,0.12221729403512561,0.00277331643685445,0.44697577253285814
s007,s041,6,0.1389834840913677,0.0006155919308644232,0.6778049568884615
s007,s042,6,0.11437828835655009,0.007690520643194364,0.5877409612071897
s007,s043,6,0.08712731353406604,0.008617400254557595,0.5338417504731303
s007,s044,6,0.06254851679101181,5.6247044315452456e-05,0.6677884941452534
s007,s046,6,0.083731592778099,0.014029806126247128,0.6975750762899364
s007,s047,6,0.07727669095092228,1.4715284702808614e-05,0.5014264923230326
s007,s048,6,0.07284180695192487,5.277657737534518e-05,0.6684731625178322
s007,s049,6,0.04193343345943685,0.03755806574334695,0.5988855040025963
s007,s050,6,0.09860628334902373,0.07465872407766519,0.5705103659562545
s007,s051,6,0.18799304923621793,0.02382772363725234,0.7288134886646566
s007,s052,6,0.11237859148050344,0.006154542155255621,0.4015548821504542
s007,s053,6,0.3399832028898847,0.00947851196763807,0.5501320697766743
s007,s054,6,0.12876210553873382,0.003663766069351836,0.7723159631296349
s007,s055,6,0.1947572747966683,0.15273019595344,0.7055592594357394
s007,s056,6,0.2595677053779764,0.015145350857420121,0.6012321474027003
s007,s057,6,0.1443888640798516,0.01664774705973775,0.5718586893267469
s007,s002,7,0.5122943369893376,0.030910459266299442,0.685081847295835
s007,s003,7,0.2443822980982827,0.07347057875026383,0.7012696221612355
s007,s004,7,0.20008946047481682,0.011557156686437406,0.7002136710475648
s007,s005,7,0.12175276005443215,0.042808698886405705,0.6838983245179093
s007,s008,7,0.24752067284097368,0.1096116841305319,0.6306008784590257
s007,s010,7,0.2784933714909761,0.009411592841979293,0.5955959204036433
s007,s011,7,0.28259865042402127,0.015212281721055276,0.6967146358009795
s007,s012,7,0.26304376115956135,0.019245002733677047,0.7716772499246394
s007,s013,7,0.36798971038496936,0.15250003245114857,0.7973070018097542
s007,s015,7,0.3878698908585263,0.16825734288909017,0.587869871296702
s007,s016,7,0.1953403217945954,0.07295589339222432,0.653161453429445
s007,s017,7,0.15401800878852026,0.0026414822059381473,0.7877433837707054
s007,s018,7,0.2846653107130722,0.0903135179164878,0.7017583185314917
s007,s019,7,0.1498507140165002,0.01979323303559671,0.6704379596209833
s007,s020,7,0.17058521762498216,0.030578813222639133,0.7994665967346332
s007,s021,7,0.15526432068256946,0.00018988331165230274,0.6212279709057629
s007,s022,7,0.09009940302656477,0.17899371305271808,0.6807534473784878
s007,s024,7,0.08749600816974697,0.0059240514662850545,0.6732750452955483
s007,s025,7,0.11036693908459909,0.014351434324969135,0.6998294572691257
s007,s026,7,0.21426222461815247,0.10882945564029257,0.6781782567244274
s007,s027,7,0.20083912986575803,0.017938686563830783,0.5764123629434673
s007,s028,7,0.3934212162946403,0.02659669174529236,0.7349020059414487
s007,s029,7,0.4862281424491144,0.011290367045439936,0.6730692455823785
s007,s030,7,0.0916304931838561,0.020573744784920654,0.6393682676048146
s007,s031,7,0.12349569391864704,0.03906852646325359,0.5951568772105866
s007,s032,7,0.22201521850623596,0.07364116028624232,0.7670506942618016
s007,s033,7,0.13961834673929072,0.05526614067231216,0.6301813840669516
s007,s034,7,0.25089640323173934,0.030579533542939522,0.6443017504692149
s007,s035,7,0.14675623620979755,0.04647831921811801,0.5465711337484997
s007,s036,7,0.05885539697330643,0.1563647331714018,0.6132464137877558
s007,s037,7,0.20106002785385393,0.0002704690562269544,0.6478072695759055
s007,s038,7,0.09186078890433422,0.0020219245138000824,0.578230501109473
s007,s039,7,0.16253389828494716,0.008205360116335644,0.5277851400592154
s007,s040,7,0.156350964647018,0.041842308507209734,0.4736973079898407
s007,s041,7,0.25723156047802254,0.000489848510807369,0.6978194710400925
s007,s042,7,0.22243625145952295,0.03884102996477244,0.7119796045436271
s007,s043,7,0.06354782236549136,0.09309270217990945,0.6386403098425552
s007,s044,7,0.19479751246294819,0.02455169938914349,0.7429872962956969
s007,s046,7,0.10623055102621212,0.05872747901967738,0.6799579612273928
s007,s047,7,0.11206205815856683,0.16989108599427802,0.5986704539017469
s007,s048,7,0.11561209744045622,0.08217176994048611,0.6848361246113326
s007,s049,7,0.08005455044381163,0.1327255029271544,0.6126698757700679
s007,s050,7,0.18370885893206804,0.021446094827373547,0.5894895779454292
s007,s051,7,0.2807407197252947,0.07848813929860458,0.7140218891153772
s007,s052,7,0.18641135702501307,0.00030471373148593386,0.41877565578406656
s007,s053,7,0.338168061607902,0.06260346068631299,0.6286649117133759
s007,s054,7,0.2944380189807615,0.019331677348165724,0.719696951048599
s007,s055,7,0.28336700689682326,0.03703499074720422,0.7013945279576528
s007,s056,7,0.2819792520711073,0.0023931136669828683,0.7246177454831385
s007,s057,7,0.22952854428213204,0.028702946188324037,0.7612375272354471
s007,s002,8,0.3473770261017587,0.001800999785291798,0.6848166399443233
s007,s003,8,0.3521972688231817,0.21746465072635868,0.7567303689064818
s007,s004,8,0.14081775509693262,0.0005222786760102498,0.6723671896439534
s007,s005,8,0.048421248613308744,0.05190704736361777,0.7309682163323111
s007,s008,8,0.43807156783771806,0.28965455708749643,0.724361287457877
s007,s010,8,0.2866613456282951,0.008221048826985329,0.6212020929135492
s007,s011,8,0.23083300708255433,0.09767952904969435,0.7253749558646787
s007,s012,8,0.15342555916839995,0.01985952513867103,0.7445177468714905
s007,s013,8,0.2813677198446056,0.11217334131038757,0.688649044158219
s007,s015,8,0.3776321968020002,0.05595525037995622,0.6204742856731952
s007,s016,8,0.145834806193451,0.06217948879264107,0.5075704527726475
s007,s017,8,0.15889383762782788,0.0013311664276971342,0.7328357228201914
s007,s018,8,0.13176772040012052,0.04463681662464603,0.7476260553555069
s007,s019,8,0.08501381218250405,0.04018259604925942,0.7179322823959415
s007,s020,8,0.18347384874263709,0.03718434529717929,0.7202490733726257
s007,s021,8,0.1099929092073682,0.03853501414626655,0.6754935301546566
s007,s022,8,0.06844418919560923,0.06424851631994251,0.7187906705347208
s007,s024,8,0.0731356106517543,1.4898822166774286e-05,0.7274649848407146
s007,s025,8,0.09122301048665897,0.03546810316630776,0.6956494047167653
s007,s026,8,0.10043721311405539,0.00045135880840069866,0.640522625174646
s007,s027,8,0.3280246534939946,0.020714787230958154,0.5372824613129888
s007,s028,8,0.3002329314312304,0.0034267349752469993,0.6363578023809237
s007,s029,8,0.39147495362733276,0.0711203702113032,0.7357150319463909
s007,s030,8,0.06787635893726521,0.03344434639768482,0.6645565337070634
s007,s031,8,0.15489623012685025,0.05233026827435873,0.7240812341253042
s007,s032,8,0.22712188621440033,0.035427474596565804,0.7842519054946826
s007,s033,8,0.0714876065488117,0.022156425299811894,0.4892948189926493
s007,s034,8,0.18785801445416406,0.08999728220903482,0.6353054643018573
s007,s035,8,0.09159890817876101,0.006112668570390508,0.6382464855724685
s007,s036,8,0.05031551716983248,0.23269944976124382,0.6299444363726205
s007,s037,8,0.17287556033616905,0.00011415858108547153,0.7065436067789453
s007,s038,8,0.06641517833434199,9.914919550069633e-05,0.5710845940617312
s007,s039,8,0.08423341196519087,0.06253652347078714,0.5198614759508389
s007,s040,8,0.1238147198738057,0.08144989589969856,0.4888979807517396
s007,s041,8,0.1438481919454858,0.008217161543926715,0.6414655758794772
s007,s042,8,0.1775166060692143,0.009133931298451463,0.6007052507040875
s007,s043,8,0.13296649743819536,0.04989783900780674,0.7469303738917527
s007,s044,8,0.04202103517272793,0.008280198618790277,0.8323548202792926
s007,s046,8,0.10601814562286546,0.10342249393042272,0.7332640875961938
s007,s047,8,0.0680688776022122,0.06167568021141856,0.5645611093720081
s007,s048,8,0.08695998431641239,0.16992591933334286,0.8071705514866896
s007,s049,8,0.05232380014696251,0.05344101587660889,0.7286260490330541
s007,s050,8,0.0937133332743439,0.013245249858645487,0.6583074621635157
s007,s051,8,0.18882797660372422,0.05926072678992926,0.6170218199388755
s007,s052,8,0.10786860942188452,0.004867975910136027,0.417461108989195
s007,s053,8,0.255620996581561,0.11162192876049198,0.5891905111770164
s007,s054,8,0.1986006465934731,0.01823219203889529,0.713467834740462
s007,s055,8,0.2875360283769982,0.03271907828589191,0.6883016576132807
s007,s056,8,0.20036935992065974,0.01035878067958433,0.6191620897271336
s007,s057,8,0.14182428356474563,0.017050049665275034,0.7265848501305332
s008,s002,5,0.08351008815540541,0.001110436131335906,0.671179706889937
s008,s003,5,0.12692201637539569,0.150832882595871,0.6890548227719584
s008,s004,5,0.09381735756073989,0.007031252882156965,0.5293685921618196
s008,s005,5,0.045762902655397175,0.02212031344760901,0.6867464788189644
s008,s007,5,0.08128843141107771,0.05306847781237239,0.556769906828763
s008,s010,5,0.07215771451139398,0.0008285333788613333,0.6652829811914945
s008,s011,5,0.08252695047809012,0.17499037586821659,0.7414812748829452
s008,s012,5,0.06987082471065457,0.017056112940510754,0.7198625708541005
s008,s013,5,0.12431053522986422,0.1161837153585265,0.6807231192584288
s008,s015,5,0.09183120266088911,0.027624738600239746,0.491078404110354
s008,s016,5,0.02316158837013214,0.10948361947065909,0.5126800965746064
s008,s017,5,0.09356383870473378,0.016735856200931796,0.7895774718324241
s008,s018,5,0.07684143267575265,0.048856648510010384,0.7710410369946504
s008,s019,5,0.07433124373527748,0.0780498579064717,0.5702575106847368
s008,s020,5,0.12188875863567845,0.030466785117683096,0.5719505192407789
s008,s021,5,0.05368692823720003,0.0034268723661589695,0.6464501984114656
s008,s022,5,0.03879936320700876,0.07912173020976349,0.6788278333504546
s008,s024,5,0.03638946911768217,0.014738912565049592,0.6500944292256248
s008,s025,5,0.03566350131156881,0.1775346300060188,0.8305501030337834
s008,s026,5,0.07430772497285215,0.019589703738609004,0.5681703742332351
s008,s027,5,0.09763154202362805,0.016294969227100563,0.5951114630028826
s008,s028,5,0.069069742189919,0.001052053447527868,0.6396863607100808
s008,s029,5,0.14829874027551035,0.007764424762001986,0.7397903530679212
s008,s030,5,0.037702506895819325,0.00021660749688853944,0.6665523670248233
s008,s031,5,0.040514520616975254,0.18461206555008297,0.8503228319972561
s008,s032,5,0.06824534275292167,0.07621437068212537,0.7388471694930738
s008,s033,5,0.03725731672238578,0.036701565653561107,0.5066425605232795
s008,s034,5,0.16081521038435417,0.2757945236686609,0.6758964857432272
s008,s035,5,0.0391248179850155,0.03881134840065232,0.6146506904105733
s008,s036,5,0.0611799405409219,0.10258028787669687,0.6272755749624124
s008,s037,5,0.03666380552022362,0.027791906895431977,0.716759579382693
s008,s038,5,0.06246639306293754,0.0008109102751986895,0.6011205789405851
s008,s039,5,0.07074193788016413,0.004841329714154107,0.4877177969697357
s008,s040,5,0.03083970439713689,0.0009061471580433072,0.5035443370403733
s008,s041,5,0.06302329839127642,0.0008823570649507136,0.7682297802625397
s008,s042,5,0.07055384169463388,0.014883118673488288,0.5828105181975313
s008,s043,5,0.05662292140992329,0.05250368671053136,0.6189367093259972
s008,s044,5,0.045082176685921946,0.014151047327025762,0.7224026574673256
s008,s046,5,0.07044886730851405,0.027080699118503717,0.6968002441826133
s008,s047,5,0.03245752320258289,0.0005012666731424893,0.47728383314152606
s008,s048,5,0.08638268690644386,0.08560950875031036,0.6661340995552829
s008,s049,5,0.0252895336657743,0.1175926261359206,0.6742434136253123
s008,s050,5,0.05173973753288423,0.08339266987602181,0.5668584854801175
s008,s051,5,0.0766620089678242,8.058283826101007e-05,0.6403157128817835
s008,s052,5,0.11638015563294846,1.4297951279966063e-05,0.31533791914494563
s008,s053,5,0.11703995921763949,0.030310585012799044,0.6197026188304426
s008,s054,5,0.18807832177410916,0.04247210942744987,0.6694404468829604
s008,s055,5,0.1313531006342159,0.22029296279066785,0.7554758132512198
s008,s056,5,0.09673989057258102,0.03915649421899653,0.6662650707391519
s008,s057,5,0.032446477938100085,0.039138615448500155,0.7414744893619687
s008,s002,6,0.0924761082361541,0.006556848010521107,0.5467979059486279
s008,s003,6,0.1538602432753132,0.23388560931051058,0.7573562687968681
s008,s004,6,0.10266014765920771,1.1467475557438666e-05,0.5722726091129743
s008,s005,6,0.02856761856044215,0.002285689181889473,0.5964646531370765
s008,s007,6,0.050692583542265954,0.024298617083682934,0.6050452713279784
s008,s010,6,0.085489707572853,0.04630513608254975,0.4755853998870964
s008,s011,6,0.15883998324082996,0.4717220920425029,0.8263088318766861
s008,s012,6,0.07717194653240997,0.17174936819903008,0.8300322396402154
s008,s013,6,0.10983568972804866,0.10691897239146646,0.7164810171066792
s008,s015,6,0.0627603423279601,0.00010806104322265063,0.5149619760268215
s008,s016,6,0.02586442303187891,0.09659997207590808,0.5488920651148362
s008,s017,6,0.07494181403037432,0.012561063802375835,0.7394290895834249
s008,s018,6,0.08054242197932723,0.3422189967429577,0.759320779987177
s008,s019,6,0.08821499382932309,0.001660893019304486,0.5737170779512553
s008,s020,6,0.12012022247508264,0.06595648057512583,0.7814012088467528
s008,s021,6,0.045727871432594006,0.00824210553150644,0.40804945417100336
s008,s022,6,0.036488947972495855,0.24660038808978071,0.8320390543108472
s008,s024,6,0.042246693073955115,0.05134931218450028,0.5935809753769047
s008,s025,6,0.03730549207911246,0.09815266090414405,0.5992898768959843
s008,s026,6,0.08468069424863946,0.020749815073677583,0.4910310780744412
s008,s027,6,0.12029623735730581,0.0038745395873313057,0.39771702715811336
s008,s028,6,0.07861199891263168,0.07747989879365774,0.6182930179521291
s008,s029,6,0.15403343870726982,0.05929690961438407,0.5868614165513749
s008,s030,6,0.04508538446895288,0.05556847231031488,0.5994873954009586
s008,s031,6,0.02268544963538434,0.09893217561105892,0.6422498205741013
s008,s032,6,0.06221926259845271,0.09143543465138695,0.6913586123776013
s008,s033,6,0.036669014113422806,0.008177486245959315,0.3868076647439211
s008,s034,6,0.10811893230284009,0.11879854776079944,0.5754360903711017
s008,s035,6,0.028557033249516688,0.001841154954072699,0.44438316589498383
s008,s036,6,0.043873369657178765,0.44221279672508534,0.8008591607663461
s008,s037,6,0.038826655974966075,0.005879759541572894,0.6925063322948225
s008,s038,6,0.05769194097147874,0.03587187264930915,0.5028587985837176
s008,s039,6,0.05444051870772033,0.00509617126139793,0.3888662923400222
s008,s040,6,0.04094029491220118,0.002554031686398583,0.43990563681002426
s008,s041,6,0.05532079341028694,0.06124943447125449,0.5796640488455922
s008,s042,6,0.08825383248999948,0.06994004579460626,0.5411860832819259
s008,s043,6,0.08532582510350029,0.15567671760768215,0.7149849966129873
s008,s044,6,0.025832742710003114,0.0674280163197465,0.6363302410911549
s008,s046,6,0.05080857998805174,0.001982317370027197,0.5036423599023594
s008,s047,6,0.02843345179199432,0.001097612529916981,0.4458015359738
s008,s048,6,0.060443152240508655,0.06744278195860819,0.681201482377994
s008,s049,6,0.03243226180158532,0.08400891944632252,0.5019101160712697
s008,s050,6,0.05558436164940805,0.014463897363899208,0.42992371085906234
s008,s051,6,0.0673794329240701,0.0038567906235586927,0.6062235555909179
s008,s052,6,0.06555028607614549,0.010857219949303746,0.2601164324291231
s008,s053,6,0.13211915906864802,0.016184582545052846,0.5807051528643494
s008,s054,6,0.13493745213931885,0.016545985295667236,0.5970850677411887
s008,s055,6,0.09628066270896131,0.1902481555463502,0.7450858186960688
s008,s056,6,0.18641171472906728,0.12450871839178965,0.6801322339352491
s008,s057,6,0.06289006476037813,0.24040034543617828,0.750172780079449
s008,s002,7,0.1273442688704916,0.009106675711575021,0.5927409214250288
s008,s003,7,0.22341189733249797,0.036607354579025454,0.682947806337703
s008,s004,7,0.12811367765007362,0.013525154782750022,0.5354067238496277
s008,s005,7,0.07750866957091433,0.0008834547772588164,0.7225573210560012
s008,s007,7,0.1620429339922924,0.11155644130117287,0.5898249274760095
s008,s010,7,0.17406532846185427,0.0003234569883020158,0.5660307616903107
s008,s011,7,0.13729119171252577,0.22622437831438974,0.7610181716921222
s008,s012,7,0.13396719976163374,0.06666658791954602,0.7045227979154327
s008,s013,7,0.20684464330195365,0.10720473335525435,0.6950033576221366
s008,s015,7,0.10503546292869519,0.009646914015334173,0.5270849486406374
s008,s016,7,0.07963020854692857,0.1281437943719826,0.5204080190474107
s008,s017,7,0.15975240782879294,0.014462315186292188,0.7852091890530462
s008,s018,7,0.09786594724638914,0.05332666254053877,0.7105036368081606
s008,s019,7,0.11362227405724135,0.005404730247044691,0.5993382592845529
s008,s020,7,0.14140242050674073,0.006139943761455107,0.6850616720321906
s008,s021,7,0.08748706161357224,0.007127927676672919,0.6120764532417233
s008,s022,7,0.04957358556240882,0.0918998581713657,0.7618279178721867
s008,s024,7,0.05074594760407458,0.03363918829046711,0.6287951393649344
s008,s025,7,0.07418303222096746,0.0748944377083756,0.7936797886665714
s008,s026,7,0.09988278916303021,0.00016070383110210456,0.5397315573359229
s008,s027,7,0.1500325952093812,0.005806007324913091,0.5391686366909163
s008,s028,7,0.10560905901118721,0.00212588081297331,0.6372219671225384
s008,s029,7,0.19744388448259823,0.003632118558082982,0.6944783814955822
s008,s030,7,0.046579537268581675,2.947587002448603e-05,0.6451842493602515
s008,s031,7,0.043108851525387695,0.21491722726067958,0.6814623134100759
s008,s032,7,0.15600502626512444,0.07376259739213886,0.7045371670784746
s008,s033,7,0.07584390686833326,0.027537059450389968,0.5378820014833503
s008,s034,7,0.25596710692219987,0.1629155532147393,0.6189316495087083
s008,s035,7,0.0934964675273423,0.0816643441435921,0.5919089027227181
s008,s036,7,0.04375823028200873,0.14381082145535667,0.6835712768632544
s008,s037,7,0.0689522266852041,0.04638730725611832,0.6405722747992866
s008,s038,7,0.08268243766640118,0.020811162593309722,0.5483701011506578
s008,s039,7,0.11992351986350457,0.0040786649348246735,0.406073557740666
s008,s040,7,0.1179514154353862,0.022571477888116743,0.42905161468074937
s008,s041,7,0.12402876656166785,0.0017436995929328881,0.750125401072514
s008,s042,7,0.1243127293774014,0.027182161335768007,0.5603652897444527
s008,s043,7,0.09737773394782649,0.13034154818656482,0.65174308546111
s008,s044,7,0.042390354399181145,0.13954729274244773,0.7490121245907154
s008,s046,7,0.05309621305174708,0.052463681578663116,0.6400400585361912
s008,s047,7,0.058028370090460815,0.04935072724763525,0.5797813892375916
s008,s048,7,0.15732536868791627,0.09441217588064249,0.7189255240953402
s008,s049,7,0.05112273784048057,0.11355471614935353,0.6307472035602745
s008,s050,7,0.09998237680464885,0.01916753026708306,0.5095862716276784
s008,s051,7,0.12625737270836856,0.000276708677407589,0.5944233000569578
s008,s052,7,0.17469053409972912,0.002166401408858885,0.2879978389448213
s008,s053,7,0.2633341682607035,0.026952998832831244,0.5546937543855345
s008,s054,7,0.21697726635457704,0.12012050358996887,0.6415250196846408
s008,s055,7,0.26856035381059684,0.2531173768867982,0.7322381513709869
s008,s056,7,0.2009384196518498,0.0349339276945904,0.5559390905815165
s008,s057,7,0.11742869340600919,0.07034961301140338,0.6969629161709298
s008,s002,8,0.052471710518960414,0.06234010081538368,0.6078653451718621
s008,s003,8,0.15757072133124053,0.10150618738500733,0.634718119682391
s008,s004,8,0.11249363213131638,0.00036673135833994146,0.4885323504706984
s008,s005,8,0.03656208135812911,0.0011475369538944233,0.6768181311205448
s008,s007,8,0.07006277977521114,0.02885109579544445,0.5422537587410524
s008,s010,8,0.07232044102739628,0.00018120772338903502,0.6555554958956303
s008,s011,8,0.10516365354647195,0.11950315837301102,0.7057413346416207
s008,s012,8,0.07487949935204956,0.003754800083273931,0.6236789967408023
s008,s013,8,0.12489713071595386,0.08898159284225195,0.6897669358036397
s008,s015,8,0.1321559686570209,0.05576811232803866,0.5181973304009652
s008,s016,8,0.016960137950696383,0.11193516994596531,0.5417129394259309
s008,s017,8,0.08442243554777204,0.08268631689751972,0.7269046200022404
s008,s018,8,0.0914313066176899,0.09003252664825138,0.6448964309230651
s008,s019,8,0.05020785903323389,0.00026609813182228165,0.5513998606134272
s008,s020,8,0.07334911928648069,0.004933397000911011,0.5701414230667663
s008,s021,8,0.04969292676469144,0.003209324380840655,0.6189672475158977
s008,s022,8,0.034557966289501835,0.01665362169320152,0.6240163612443634
s008,s024,8,0.041343724482012296,0.0008227688051894195,0.5569935590151706
s008,s025,8,0.04998745614262335,0.06381462089380836,0.7439771154012531
s008,s026,8,0.04180992893206458,1.972005751333783e-05,0.6065663528999361
s008,s027,8,0.07821792029168738,0.022453711959946,0.42865255453250983
s008,s028,8,0.08974460819305667,4.195492279790451e-05,0.5997251900311829
s008,s029,8,0.14870265410763706,0.0008678622386143185,0.7043850234420077
s008,s030,8,0.03408277701895463,0.0009366781126211396,0.6361782498777512
s008,s031,8,0.037138794537301255,0.15809767815247888,0.654641632181619
s008,s032,8,0.10350456916097775,0.13382926340433693,0.6762998603556339
s008,s033,8,0.029270985731545178,0.043969416518318004,0.5974675381680654
s008,s034,8,0.12353852798747564,0.09617213803549401,0.5335681700705012
s008,s035,8,0.050832692560838756,0.03743677559218514,0.4739246191382599
s008,s036,8,0.027460741620634773,0.06726071349840654,0.5444121719596198
s008,s037,8,0.043302419853217804,0.033095424559415366,0.6061783840596469
s008,s038,8,0.038286704069578556,0.002743671501225857,0.5358885597718016
s008,s039,8,0.06540974483663918,0.0013778138551199155,0.391649307223797
s008,s040,8,0.039151842590613044,0.0008626964632175646,0.38794478633854296
s008,s041,8,0.053605157148822066,0.020110462402245472,0.7125266036937044
s008,s042,8,0.034432265757413164,0.0006973595369741987,0.4748914539230078
s008,s043,8,0.09271266086183809,0.02475762478652287,0.539302804210837
s008,s044,8,0.019932420268127797,0.04899608346008625,0.6654499712936771
s008,s046,8,0.0898294857557921,0.03471464230626222,0.6872676665953155
s008,s047,8,0.026648992848695555,0.0218837726841937,0.5032347667281907
s008,s048,8,0.05299830543825388,0.01768139164651221,0.6955946358580418
s008,s049,8,0.024169217448941044,0.19823216503854876,0.6340355830724929
s008,s050,8,0.05405647455924672,0.036949258579821204,0.5678773143942132
s008,s051,8,0.10875517549846582,0.0114212353013479,0.6369422904160152
s008,s052,8,0.06842940758335507,0.010084717495183923,0.2963611339010906
s008,s053,8,0.11058380475361168,0.12556942284679526,0.662985678080453
s008,s054,8,0.09466076108838008,0.09777300343756049,0.6635442870098662
s008,s055,8,0.11978481385913096,0.13689861092872327,0.6283557507414076
s008,s056,8,0.1340972676167911,0.057772847845454646,0.5348532498236633
s008,s057,8,0.09903125880854911,0.10754928436618541,0.7337368167122353
s010,s002,5,0.17366674706157267,0.03212616195424484,0.7389284720928732
s010,s003,5,0.0811322271623739,0.004316762311712987,0.5179615442310762
s010,s004,5,0.08651280278795609,0.012047335663442807,0.5461330013069718
s010,s005,5,0.06617456744847297,0.05613105266679469,0.5970158326291376
s010,s007,5,0.14104936918827887,0.022143528912581232,0.5123833794477225
s010,s008,5,0.14491571545721074,0.12075211688089316,0.5863064431459327
s010,s011,5,0.06408391870490789,0.003405601219769691,0.5540907370835868
s010,s012,5,0.04578425421722475,0.007725125139829955,0.5327643246970928
s010,s013,5,0.25131536925030473,0.133183404093411,0.6792543453768274
s010,s015,5,0.12661339087571374,8.17749229065552e-05,0.6043573386807852
s010,s016,5,0.0774417433582442,0.10389765561303335,0.6220111780606705
s010,s017,5,0.15069918050226433,0.03497391813489108,0.7062523819926965
s010,s018,5,0.048121462739630555,0.01006101721404243,0.6556327273948676
s010,s019,5,0.1095564586458723,0.05823190875484387,0.5249590111061465
s010,s020,5,0.08410652209526323,0.00033541684797705994,0.43323767997951956
s010,s021,5,0.23832563180389496,0.15428933285506413,0.7334077118628227
s010,s022,5,0.0511458772647622,0.03903160354458374,0.4041780569550489
s010,s024,5,0.1773985984024354,0.04568214885449757,0.6600802519044874
s010,s025,5,0.14277523371549403,0.00879044904190818,0.6303742611814408
s010,s026,5,0.28714420718037637,0.0056793848476632755,0.6813031876368278
s010,s027,5,0.11294237447868509,0.04189351478048605,0.5433589654537557
s010,s028,5,0.17609897138284084,0.1768272269941819,0.6846862457146399
s010,s029,5,0.13378597713691429,0.0097805490453512,0.7524773967706117
s010,s030,5,0.04651256384686821,0.003064091242936151,0.5984066591856793
s010,s031,5,0.0550620170997637,0.03486277808296253,0.6129642734480076
s010,s032,5,0.1018848135804423,0.11626818657903577,0.7303043491891232
s010,s033,5,0.032627832192606634,0.20212858133163827,0.7724738392880909
s010,s034,5,0.06782999541066753,0.019309048202952105,0.5494023073251978
s010,s035,5,0.06049751004050621,0.011063083123575556,0.6227246837064276
s010,s036,5,0.1296966719973261,0.00010500494832432278,0.3356041063879527
s010,s037,5,0.11675526667758652,0.03484275172329671,0.5428364602056928
s010,s038,5,0.054572444768663575,0.04141776507603351,0.6571475463623435
s010,s039,5,0.07329951609148215,0.008722572513611946,0.6822694686822343
s010,s040,5,0.023372377427543747,0.040902986857104966,0.6375573873483688
s010,s041,5,0.07047612318116858,0.1497778382781447,0.7790192576786223
s010,s042,5,0.1173585857134877,0.0014323223638433643,0.5641169498414482
s010,s043,5,0.17649665090248848,0.002691241376604262,0.35624171903323304
s010,s044,5,0.09840284530009565,3.799076167948301e-06,0.5975221972943479
s010,s046,5,0.07094011729468297,0.03319416432013734,0.727829630769731
s010,s047,5,0.0649256133126224,0.028029938529953686,0.5726525751869171
s010,s048,5,0.0770070564448658,0.00016158834236751894,0.49100832889761703
s010,s049,5,0.050047114738162916,0.12854477375201528,0.6641041349837193
s010,s050,5,0.09686530560046176,0.00016780961397489124,0.7331405637037248
s010,s051,5,0.18003151567516787,0.10816627436988922,0.7069908642548929
s010,s052,5,0.06466805632348671,0.017752941179254876,0.5749651213813508
s010,s053,5,0.12438000941983056,0.02588551317918224,0.7971377284474929
s010,s054,5,0.20754161643416774,0.10144601717841413,0.7907797520374957
s010,s055,5,0.2518901973187715,0.13738315402256504,0.586789493127692
s010,s056,5,0.22330289482640425,0.058253918294976614,0.6390956280304703
s010,s057,5,0.20453987816579933,0.01056522580081539,0.709041712674847
s010,s002,6,0.08955667000920867,0.027532081290944012,0.7200141028019208
s010,s003,6,0.03202765103575043,0.0007700786588658379,0.5213870145959408
s010,s004,6,0.03957946018763865,0.03335637690732527,0.5714355672275055
s010,s005,6,0.035818807700821444,0.2080863914071761,0.6469154842017588
s010,s007,6,0.08418553671914604,0.03525156366646882,0.5903651559358151
s010,s008,6,0.03730262408206008,0.006303433501025758,0.6259339403376274
s010,s011,6,0.021509591504456586,0.041053027050130295,0.5112936727729507
s010,s012,6,0.02028937292651743,4.081993791643076e-05,0.5507332904659417
s010,s013,6,0.09898759841413896,0.13596174927595767,0.6937322023410609
s010,s015,6,0.03635935479586285,0.017423139912793494,0.6419471253901778
s010,s016,6,0.01605592881229957,0.02809063975479016,0.652444695990109
s010,s017,6,0.10473907743747152,0.05556692198476134,0.7421020504554735
s010,s018,6,0.017963393454843813,0.0011102215790312574,0.6376539811074031
s010,s019,6,0.04790972951354322,0.0756884833089056,0.5919051863785711
s010,s020,6,0.036203545594793364,0.030331749658113097,0.530564935199008
s010,s021,6,0.11093869737719855,0.08719400556665086,0.7251219680025462
s010,s022,6,0.027113731551807428,0.09046017493733047,0.3946719515879363
s010,s024,6,0.06846506737601193,0.006349131499591822,0.6426778610063002
s010,s025,6,0.05062461570462996,0.0025282186357297913,0.6666974625483425
s010,s026,6,0.11611126898831912,0.07489320795943656,0.6332211180688339
s010,s027,6,0.03590823616651685,0.005432405843235615,0.5501277866716228
s010,s028,6,0.0546793634879448,0.18108430452414143,0.718083878914579
s010,s029,6,0.05388879726812459,0.00019345884492784923,0.7617955681152423
s010,s030,6,0.014312611852431217,0.0055313020208131985,0.5459950009531764
s010,s031,6,0.018995871945993757,0.01734671849637703,0.5955874491135331
s010,s032,6,0.028420506978254434,0.03881423518921333,0.7035301238535617
s010,s033,6,0.009544130201569911,0.19350188484131145,0.7789824449287138
s010,s034,6,0.03067645559428452,0.008592349033724554,0.5553449113711395
s010,s035,6,0.03078673884154521,0.05071705166077305,0.6367538610475574
s010,s036,6,0.08863449993093164,0.0015056986643413985,0.33192421488736273
s010,s037,6,0.04715280361169965,0.008845067623932043,0.5503470138707526
s010,s038,6,0.027059536241241227,0.05899896281135755,0.694961293780936
s010,s039,6,0.07080695113248499,0.006606349235616807,0.6685138403289436
s010,s040,6,0.012197890400961376,0.06216124379413596,0.624129094061482
s010,s041,6,0.018341233743820577,0.052237108222964415,0.7175679662262752
s010,s042,6,0.053430819607962615,0.001829036300504235,0.5995300898282272
s010,s043,6,0.0346289603946035,0.027587939667486912,0.3736180094872629
s010,s044,6,0.0364197728382356,0.0024326131688241124,0.6060540743138203
s010,s046,6,0.02030881274305579,4.620704090427592e-05,0.7108612820914906
s010,s047,6,0.025476038372873253,0.0019113349120652844,0.6460635372850607
s010,s048,6,0.04399374659436835,0.00048512679585236595,0.5860580539335323
s010,s049,6,0.017301352971729415,0.11843509239838793,0.5969254289962357
s010,s050,6,0.03949125521850985,0.02987726939271043,0.7430365864513455
s010,s051,6,0.025942389884521806,0.039639627880053346,0.740050763377007
s010,s052,6,0.025600799192585424,0.0033990304554606175,0.5749212353446964
s010,s053,6,0.06533190412702228,0.01547537839790318,0.7554886743742389
s010,s054,6,0.10088771117089972,0.010491264580899986,0.8025024327144545
s010,s055,6,0.13690905735285158,0.10965611106375625,0.6254859662982842
s010,s056,6,0.04002282405647624,0.026403039005088287,0.6626288992635558
s010,s057,6,0.06263892163251854,0.05015111171528606,0.6371463041333223
s010,s002,7,0.09212986862102038,0.04732365238501429,0.7525663305254564
s010,s003,7,0.02652370433617078,0.007247032518456327,0.5552088011223971
s010,s004,7,0.022284217165119673,0.0019727687342104877,0.4909070654564794
s010,s005,7,0.015166455171151998,0.12478591004959319,0.6468500774221337
s010,s007,7,0.025663431598014003,0.10142786725467857,0.5594250837228331
s010,s008,7,0.05117999536598902,0.06315139059215107,0.587346999843358
s010,s011,7,0.029191411846771743,0.01778057583973869,0.6242910532104223
s010,s012,7,0.027836623050563156,0.0005194886180277153,0.5852145911461617
s010,s013,7,0.07554647025509965,0.13147562930103568,0.6990599941361654
s010,s015,7,0.0499812713979081,0.022116972147856392,0.5959003787921562
s010,s016,7,0.03374880532620796,0.10243001697823215,0.7014725031025447
s010,s017,7,0.0686207497872135,0.12664403903812202,0.7486774958646791
s010,s018,7,0.01649050186733499,0.01713966960642391,0.6630125098681625
s010,s019,7,0.037908100134978896,0.12969224575325813,0.5648459350740682
s010,s020,7,0.03218293017241149,0.004375999965493646,0.5081503291366346
s010,s021,7,0.1237460604778826,0.1432164873842768,0.7572143149104037
s010,s022,7,0.016160293062768803,0.05713980295096918,0.47576785260097104
s010,s024,7,0.039997134544831996,0.051787109654599046,0.7189779053381212
s010,s025,7,0.05099580545449205,0.04781835637629856,0.6970438714496536
s010,s026,7,0.09191263294553899,0.0427370568835384,0.6155748239049051
s010,s027,7,0.022605956289946407,0.030619620191229293,0.5426170470627895
s010,s028,7,0.13314179168320592,0.09269417140596771,0.7022941583359827
s010,s029,7,0.04764465720313607,0.053349058130290984,0.7526085506674469
s010,s030,7,0.02337235483127617,0.00202273644129161,0.588918166246266
s010,s031,7,0.015983687470214582,0.14512724329408924,0.6302261161572839
s010,s032,7,0.031456000722492314,0.16402842833756595,0.7399924467016461
s010,s033,7,0.01645363796279232,0.2262329555773903,0.8111151261551787
s010,s034,7,0.02459699756902967,0.041107830371666466,0.6220271879166838
s010,s035,7,0.01810706036362231,0.030315289085618233,0.6234402734324943
s010,s036,7,0.06096936441526586,0.012014816245965915,0.44108728444511064
s010,s037,7,0.05874758371386866,0.005529362131003917,0.531805321582101
s010,s038,7,0.02018205626718346,0.04137209975795826,0.6358061511089012
s010,s039,7,0.0477005944442987,0.0029098197246820766,0.6592925649042496
s010,s040,7,0.013083105192895496,0.0819381264859317,0.6112199356267809
s010,s041,7,0.03165556416908207,0.1428745203216223,0.8611594187613621
s010,s042,7,0.040493708318914516,0.002176770341874018,0.4686553565194897
s010,s043,7,0.023544441000409505,0.04354986576186601,0.4457811682534562
s010,s044,7,0.025663028294063313,0.0027093650227123928,0.6159835184556746
s010,s046,7,0.0551215970937129,0.0197632952358304,0.7284364815151382
s010,s047,7,0.025320835612677454,0.022053268774715667,0.5297718757237384
s010,s048,7,0.06275790952650846,0.013746235541218451,0.5530475305684729
s010,s049,7,0.01726355680826155,0.20909883043992308,0.7288628261188074
s010,s050,7,0.04236979239117172,0.002571981064317193,0.6555602628331249
s010,s051,7,0.03846024923212703,0.0608097088733975,0.6963577026476564
s010,s052,7,0.03293998315678259,7.039668555176811e-05,0.6212296531964832
s010,s053,7,0.028236874678372298,0.06431596005505169,0.8312926038172191
s010,s054,7,0.06717028113369226,0.11109025508472033,0.7825217478191085
s010,s055,7,0.10051620493961548,0.20763250341427683,0.7071373091398139
s010,s056,7,0.08424311757466461,0.1514400267361883,0.6797056832103966
s010,s057,7,0.046455666087466804,0.08370002959083139,0.673128322472799
s010,s002,8,0.48712089077102133,0.025197720901397925,0.6850362578030433
s010,s003,8,0.08927625809538607,0.004856627206830804,0.4981885068598138
s010,s004,8,0.14135096099260833,0.004313867038736883,0.5091806171256169
s010,s005,8,0.061154424043759495,0.11816004741570828,0.6612928088459664
s010,s007,8,0.17356902042367564,0.040798755758845485,0.5415712598583531
s010,s008,8,0.29035173906380735,0.04620207985397304,0.6245929250763624
s010,s011,8,0.07459036445190911,0.00017528142090517864,0.48029737469890005
s010,s012,8,0.04052537720322441,0.00020210717047158567,0.451587039753323
s010,s013,8,0.11992278059357783,0.0844539684207081,0.6416167647541408
s010,s015,8,0.08978733632283957,0.02235538298526736,0.619038007378669
s010,s016,8,0.09965668930229128,0.04943826083287075,0.5531831907645892
s010,s017,8,0.17536078478096712,0.07269900440506252,0.7286265129715743
s010,s018,8,0.03100760635292896,0.03035514787328146,0.6329908503911298
s010,s019,8,0.11276501111237265,0.05887432819642777,0.5451444638292602
s010,s020,8,0.08444806136699468,2.219313879456144e-06,0.44401793541605833
s010,s021,8,0.17373304075764073,0.05313087449210869,0.6916517996905462
s010,s022,8,0.03429893705428828,0.011390963038330619,0.3340756203468513
s010,s024,8,0.08159505304648551,0.006633988444014516,0.5882358652042206
s010,s025,8,0.13633598040311448,0.00101295516774807,0.6604622626238693
s010,s026,8,0.2008370671487991,0.02021761883401114,0.6829754443188631
s010,s027,8,0.11812630684930223,0.0019574153830973448,0.5997084765024652
s010,s028,8,0.19119417498138672,0.1330412733820152,0.6249619056909869
s010,s029,8,0.06985593796061938,8.681804393307946e-05,0.7648177571891519
s010,s030,8,0.03811736973316021,7.74837029192975e-05,0.5472143281435269
s010,s031,8,0.031590967241173044,0.14460485893400324,0.7039176116618119
s010,s032,8,0.08297511967842568,0.06641574571591369,0.6706608827457754
s010,s033,8,0.03751845196331761,0.11741358290623892,0.6187608911749063
s010,s034,8,0.0816481473865024,0.005996693775096474,0.5645763624506782
s010,s035,8,0.041473899757773436,0.005088573392020632,0.6243057301153678
s010,s036,8,0.09358876051668728,0.007379457873960475,0.27862693806203737
s010,s037,8,0.11206268355505626,0.0053260087577378275,0.5545525093137135
s010,s038,8,0.04816330309406111,0.02681442864064088,0.5650763696931783
s010,s039,8,0.0896914787630561,0.0012388611874317211,0.5851016523630328
s010,s040,8,0.041810900456442514,0.003432256794496972,0.4518241468794461
s010,s041,8,0.05685058283383052,0.11176388919241334,0.7049637447567383
s010,s042,8,0.11170987494710777,0.00030494404831531483,0.5839635649908859
s010,s043,8,0.08683469346004916,0.0058722571634531925,0.2945635917489426
s010,s044,8,0.07107397305303176,1.9962908470491877e-05,0.5559044934368421
s010,s046,8,0.061036590648446486,0.11515396153804265,0.7391217897311547
s010,s047,8,0.04308266287759058,0.00036396191320668805,0.4919331325469547
s010,s048,8,0.05339562072773116,0.0043541351966260395,0.5112533978619873
s010,s049,8,0.03759453307106037,0.07132126931060069,0.6312476990970687
s010,s050,8,0.11101846292050939,0.0013140810882455096,0.7023215537890106
s010,s051,8,0.1039687104583562,0.012466650194719696,0.7238837835161536
s010,s052,8,0.05856898300068815,0.0009639096974698208,0.41331257022637835
s010,s053,8,0.11133496033468294,0.051945637511578394,0.7515075693493909
s010,s054,8,0.19177762502849463,0.21465956724036211,0.7492493907426867
s010,s055,8,0.2790628524963324,0.07124763941433966,0.5582946029392287
s010,s056,8,0.2702835758937479,0.05704401545604039,0.5575425479617856
s010,s057,8,0.13561983726739357,0.03583345405572554,0.6294482291805581
s011,s002,5,0.053455576865015175,0.05191564142389986,0.629231647544233
s011,s003,5,0.15071394338766966,0.14755175468648343,0.8516121023030613
s011,s004,5,0.08402354341738398,0.003552486788503067,0.7060927725524394
s011,s005,5,0.031062484707533224,0.0034831405703592356,0.6852395582528513
s011,s007,5,0.10974138513224066,0.004069258607402339,0.5466927324512454
s011,s008,5,0.07290041671373841,0.09421073852049691,0.8079079345687279
s011,s010,5,0.03385464052244275,0.022499910404700323,0.5029793758523526
s011,s012,5,0.20671015733774417,0.32437996392225127,0.7838042922757805
s011,s013,5,0.01922863335651114,1.6560539770766666e-06,0.7750467543743306
s011,s015,5,0.04942294092465309,0.011963882132907553,0.5813333072825982
s011,s016,5,0.0168815967236035,0.12056966725060275,0.5446032785917914
s011,s017,5,0.03418189179371769,0.12088158457092783,0.7191709012851397
s011,s018,5,0.13471974005119872,0.2843455056334038,0.8103909082976609
s011,s019,5,0.038549189783030395,0.00575159433954474,0.599644477281491
s011,s020,5,0.09648751906272156,0.06338369653172825,0.7114492460042677
s011,s021,5,0.05035316627359403,0.03238894113611028,0.5450632624841192
s011,s022,5,0.034494930432765566,0.15394480537071256,0.7956162440036655
s011,s024,5,0.015146518613826331,0.08942615375888961,0.6910020235791027
s011,s025,5,0.020003148442613184,0.16773362089993968,0.686899995364368
s011,s026,5,0.033722133091429504,0.023453266635796662,0.5514764274516364
s011,s027,5,0.03247322736632673,0.08853046686905967,0.5468857958278377
s011,s028,5,0.023020046205477873,0.11300611077983112,0.6318994727130988
s011,s029,5,0.09419612764145607,0.0037664811769895644,0.7055822615194353
s011,s030,5,0.042871697774882235,0.013904171535558016,0.7583015768329177
s011,s031,5,0.01776995095005749,0.15878418902222502,0.7151868441722804
s011,s032,5,0.033665840268806396,0.08466567130213223,0.7323733899308078
s011,s033,5,0.10163077700492437,0.005853106285019545,0.3766458063521518
s011,s034,5,0.072755081107884,0.07260833053326671,0.6254202984445888
s011,s035,5,0.060024378228889425,0.02462930557385414,0.5728290051349417
s011,s036,5,0.012116362016914156,0.24006096140511626,0.7395982599818507
s011,s037,5,0.030672995468102687,0.0006860879301569208,0.7655479377992828
s011,s038,5,0.022921439968536936,0.014022014300363268,0.5737177715473187
s011,s039,5,0.036267418230587524,0.001285610171331119,0.46720008676910213
s011,s040,5,0.07830290233857125,0.016690521805139018,0.5009980076377624
s011,s041,5,0.08886536281268462,0.0916837774617625,0.6485498466075744
s011,s042,5,0.08401584504932218,0.07508410258608593,0.6464704273708195
s011,s043,5,0.032981248547280725,0.21791773499679684,0.7940432150600724
s011,s044,5,0.017206406583567996,0.08171414868392665,0.7911724621266873
s011,s046,5,0.03683008309344091,0.0009313035475678941,0.5784845527271207
s011,s047,5,0.03961215590369255,0.02202624204622268,0.5233767745961633
s011,s048,5,0.03541418936774967,0.003932701236234598,0.7217195351652665
s011,s049,5,0.04691742017285021,0.12408285615432428,0.6611409038110907
s011,s050,5,0.02085836430429398,0.050188315646928876,0.5809018669360355
s011,s051,5,0.08392726444908352,0.0032616517563150344,0.5445403370313662
s011,s052,5,0.08524809020955475,0.001095235073637505,0.32646829705193237
s011,s053,5,0.09608353970668858,0.013781324446835962,0.557079415372489
s011,s054,5,0.03815948566132925,0.06904973091427376,0.6314345580025649
s011,s055,5,0.06620220780767232,0.2298940582479446,0.755748324856659
s011,s056,5,0.35551067810973946,0.17786935296398024,0.6472487468497441
s011,s057,5,0.11802992886909004,0.1270451847734536,0.7906450798691762
s011,s002,6,0.05792818611691732,0.001674768346518671,0.545205631026177
s011,s003,6,0.09244067322648179,0.17081545478549656,0.7943938195733764
s011,s004,6,0.06703841041526479,0.0021581796339189387,0.6611911480858268
s011,s005,6,0.0352955799330839,0.006241320616044489,0.6297994769791669
s011,s007,6,0.1494503566806441,0.010336016953820646,0.486668700356524
s011,s008,6,0.14478688837146866,0.13024600855922483,0.7864799093844568
s011,s010,6,0.0388770351509926,0.016806884038434673,0.44602745905356794
s011,s012,6,0.16606877013156535,0.38417283907649086,0.8273215463895163
s011,s013,6,0.036915346373190314,0.024449835920158126,0.7346268259872931
s011,s015,6,0.03066104479223665,0.005917891034871909,0.4895667593437309
s011,s016,6,0.02943830553799346,0.09409460550575616,0.5487884258803679
s011,s017,6,0.03479297045230619,0.18659804981975106,0.6922014442425308
s011,s018,6,0.10490132965747935,0.31544344231095334,0.8420790952430128
s011,s019,6,0.02838664713952208,0.019030437800146852,0.5734036640785646
s011,s020,6,0.054212690404097555,0.038227442223664886,0.6930797302364169
s011,s021,6,0.0482135413443209,0.00010253475364208283,0.4246499505402125
s011,s022,6,0.031724324375140465,0.30032716851244945,0.8182019724066132
s011,s024,6,0.021921696689892498,0.10915056351443377,0.6204685270836998
s011,s025,6,0.019778017540026914,0.17396970611591037,0.619768823948278
s011,s026,6,0.04756700093791998,0.0036505581466677412,0.4858103470774317
s011,s027,6,0.04611354960699869,0.02752330355853198,0.4907268853262673
s011,s028,6,0.03616489251311664,0.1371513125318477,0.6346408502012539
s011,s029,6,0.06968860020418441,0.006123448914440249,0.6720134539760897
s011,s030,6,0.029443671757328337,0.029602702044804974,0.6925019713312138
s011,s031,6,0.03861091418736835,0.13980349993867883,0.7040526783165024
s011,s032,6,0.03648412603192142,0.06562165479115963,0.7153569585378563
s011,s033,6,0.08148764595291771,0.0008609052581725243,0.30470174930429705
s011,s034,6,0.04292292458467292,0.16640207731131373,0.6193600887448021
s011,s035,6,0.03065169256249527,0.0077800661149407665,0.45385295725304514
s011,s036,6,0.01366739258001063,0.35739893263307165,0.7888238894849812
s011,s037,6,0.033379384572139695,0.03389526232720547,0.6857192207251942
s011,s038,6,0.0224958278176955,0.006221297309543957,0.5181230387432976
s011,s039,6,0.03969233904336869,0.0014560482229028493,0.35422025498659626
s011,s040,6,0.06284534131456901,0.021299212417027747,0.44880843168130813
s011,s041,6,0.08237233900990643,0.11147205728280052,0.634771835749768
s011,s042,6,0.10657371642342421,0.08590132470630364,0.6477827254952084
s011,s043,6,0.020856168817751444,0.21584028928996543,0.7416832084413093
s011,s044,6,0.01688399437574959,0.04144263348829393,0.6753641054951173
s011,s046,6,0.025303976176514677,0.0005130002651393609,0.46926145694872845
s011,s047,6,0.028448379118114295,0.024266898784361744,0.42871173472239804
s011,s048,6,0.03874770213939989,0.02926389560348822,0.6401802849907838
s011,s049,6,0.02858936860899123,0.14304666129661653,0.5930356810256863
s011,s050,6,0.023281901435215163,0.07994997859492267,0.5417482532752386
s011,s051,6,0.05904596430752625,0.0026684906319120777,0.539948618656558
s011,s052,6,0.0621190811201815,0.007724548860557518,0.23537412745653757
s011,s053,6,0.045040750915376314,0.011995560756705052,0.48363397131451985
s011,s054,6,0.04278225136335354,0.004816723334377365,0.6228673081738726
s011,s055,6,0.08059983791518409,0.24251801368212736,0.7221167643705253
s011,s056,6,0.2874709698857909,0.2684242013903249,0.6900490749198802
s011,s057,6,0.09250838364205438,0.12536014778925275,0.796413290162496
s011,s002,7,0.11974443212301628,0.006337918825557913,0.6837311273630667
s011,s003,7,0.23291128778840955,0.05050379034885958,0.8394660013418522
s011,s004,7,0.15754730528185557,0.01794093626622747,0.6286303957129731
s011,s005,7,0.06664677030018286,0.02438531841293368,0.6398278013581943
s011,s007,7,0.24853107162545962,0.035532268217950226,0.6052118570461668
s011,s008,7,0.29054505756610305,0.041956976247360174,0.7956467550057543
s011,s010,7,0.1452650031387938,0.03555145490404696,0.5582233825787252
s011,s012,7,0.40999044093527925,0.3316492608423915,0.8355652880825357
s011,s013,7,0.10426325999871576,4.627313104546087e-05,0.7061264944981679
s011,s015,7,0.11926249763103491,0.000632554650821822,0.5292894125004036
s011,s016,7,0.04093615077901126,0.045117772057179636,0.5213794691533379
s011,s017,7,0.1061760576741024,0.09136151215287765,0.7315591717450857
s011,s018,7,0.2591723346973734,0.2378821275684925,0.8109449304627145
s011,s019,7,0.06184178679939447,0.019152170380310838,0.5901450821194951
s011,s020,7,0.23264376224713113,0.0684597849994391,0.6742444861605801
s011,s021,7,0.13729776861558685,0.004248724945734083,0.6139254066890066
s011,s022,7,0.03862413748586028,0.22598625189696417,0.8528473512535093
s011,s024,7,0.03091102906376423,0.10639779393121378,0.7558340616825859
s011,s025,7,0.04926591618441067,0.17429799731367107,0.7004364275423421
s011,s026,7,0.07457294912642963,0.004803098582094014,0.5336119360832061
s011,s027,7,0.10214224824858692,2.374789758121262e-07,0.5399429381356081
s011,s028,7,0.043569522510154016,0.13500700250404904,0.6366689311833833
s011,s029,7,0.15032158882755187,0.00015193661828970096,0.6835788846456542
s011,s030,7,0.07560050000421166,0.008810111874094,0.7015844139886315
s011,s031,7,0.05650707800036479,0.0997410274771994,0.7384941136864405
s011,s032,7,0.10692252848166874,0.0901943238219976,0.770773252122877
s011,s033,7,0.16223166626257451,0.02186539739461082,0.38329975668962135
s011,s034,7,0.22335522596738386,0.09680679941578715,0.7232469121631018
s011,s035,7,0.07815741992667967,0.04408937270842991,0.6087348944263355
s011,s036,7,0.043740568312402514,0.30695624320892917,0.7604472029245913
s011,s037,7,0.05800649782751694,0.0002769605675081694,0.7532410644477213
s011,s038,7,0.06169464134998311,0.036538429907663116,0.6309197078251204
s011,s039,7,0.17653694152923294,0.06803761127559609,0.5100640411901776
s011,s040,7,0.15840667381219253,0.00145845174336642,0.5530991611601174
s011,s041,7,0.2663445690720658,0.07975634811703275,0.7010210049424156
s011,s042,7,0.19445217530937492,0.05681565252023375,0.6086032992211599
s011,s043,7,0.08004163366437106,0.25754454365061324,0.855365408506571
s011,s044,7,0.022990688914092148,0.18375582286500733,0.8157666461223815
s011,s046,7,0.06587247927860232,0.0032603350991798254,0.6087670081680707
s011,s047,7,0.05852566003610424,0.01770153328253474,0.41971325114928376
s011,s048,7,0.296353256797294,0.018038985304861897,0.7035560442591919
s011,s049,7,0.08552077419865793,0.12288033186289908,0.7188288539246841
s011,s050,7,0.099616881818328,0.0037666523529744896,0.5778472226868058
s011,s051,7,0.20526188898569042,0.000930480942361313,0.5804305201224642
s011,s052,7,0.17156361019119382,0.002300569787167257,0.38477578327632905
s011,s053,7,0.1604713641401816,0.0039962324447294015,0.5906692043398164
s011,s054,7,0.14363138310600737,0.03649204466342435,0.6465219795188178
s011,s055,7,0.2564193721819281,0.2217725571621742,0.7814934383230343
s011,s056,7,0.5520680359641033,0.18619462782963261,0.7266847835522237
s011,s057,7,0.39659734891915505,0.07480868630515308,0.8167258658505484
s011,s002,8,0.10134388494874925,0.014659820969495545,0.7043342949453417
s011,s003,8,0.09785721233371056,0.1280718051509632,0.731219309083041
s011,s004,8,0.10908644672660063,0.0036798149390645405,0.6177288478088311
s011,s005,8,0.03281570005067923,0.030679539792977193,0.6300974639467323
s011,s007,8,0.2480476093651995,0.002332712565336948,0.6965628338109248
s011,s008,8,0.14503383347067234,0.0005106376973149564,0.6752255462327802
s011,s010,8,0.10779802565182672,0.061547895958758474,0.6625353251122409
s011,s012,8,0.18585210420826265,0.18291284963539792,0.6898666471952525
s011,s013,8,0.09138400227813846,0.019619626480206664,0.6899727125393804
s011,s015,8,0.03649854315720565,0.03583752285690078,0.6017578534614023
s011,s016,8,0.021964252360294246,2.178491348207799e-06,0.5829471526170091
s011,s017,8,0.04746274529346569,0.07680481333683939,0.7047705621510274
s011,s018,8,0.10897460881954546,0.03197194221003895,0.7160644542555044
s011,s019,8,0.03443835308853082,0.013540353334141332,0.6207403841613793
s011,s020,8,0.10928417970312176,0.005989478849232146,0.6291059902634897
s011,s021,8,0.05141712952470825,0.01959960961845653,0.5846040918242775
s011,s022,8,0.023777321384601143,0.06402892753666076,0.6149690319771217
s011,s024,8,0.01657769208910685,0.07484588083475248,0.7158932390599102
s011,s025,8,0.024422384594349106,0.026284683170887366,0.6506016501488723
s011,s026,8,0.059483440780665114,0.001360273559184582,0.5650964446640451
s011,s027,8,0.03910438789754155,0.015681428910277462,0.5549778445667455
s011,s028,8,0.07964343775241076,0.09259490454934459,0.6264887556241774
s011,s029,8,0.17054880473650713,0.0007974398070866613,0.7481143553628073
s011,s030,8,0.053063595677451565,0.11491866431280622,0.5375214834519542
s011,s031,8,0.041134904770435,0.01671652808512761,0.6466124245358263
s011,s032,8,0.03897183693410867,0.02371814504788156,0.7961842153544009
s011,s033,8,0.10440534053895571,0.007945934815357358,0.47004025458159676
s011,s034,8,0.12788231756910007,0.06023605334055359,0.6374626363545303
s011,s035,8,0.03946187978613487,0.02342642482416085,0.5333563205852418
s011,s036,8,0.031686772335820776,0.11369022851514103,0.5527156540168567
s011,s037,8,0.09824586919694965,0.028886995635572968,0.6517759744806597
s011,s038,8,0.0618175372651191,0.05379835874078688,0.5828219884455753
s011,s039,8,0.09667749213024443,0.005230269140810135,0.572056144398239
s011,s040,8,0.09860147068283714,0.0012823836647328666,0.5347822913371401
s011,s041,8,0.24263424811162604,0.09969105099011909,0.6097861868977327
s011,s042,8,0.08926576455756033,0.0005956554990413171,0.6653173175324644
s011,s043,8,0.016749964404208603,0.06606243912488896,0.5943188179148975
s011,s044,8,0.04085104016444191,0.048726861319193404,0.6692768057095229
s011,s046,8,0.08199687153751954,0.017322447051868053,0.6557858415657788
s011,s047,8,0.041903408165246965,0.003995693202057407,0.45013397220395984
s011,s048,8,0.22360967732062034,0.015885049004083603,0.7314966038083942
s011,s049,8,0.05262422840629631,0.0075329433124158105,0.6411943749868411
s011,s050,8,0.02819801715539575,0.009717571350412294,0.6179541752049477
s011,s051,8,0.0787031959007929,0.024164548811503657,0.7230888402261662
s011,s052,8,0.16846685563507935,0.02411082557479113,0.4055992141476471
s011,s053,8,0.15578266614025726,0.01778470747374643,0.6771940537687817
s011,s054,8,0.12415682052014719,0.011440654751754438,0.741035514621595
s011,s055,8,0.2594735686767762,0.24865685769099385,0.7371266595008962
s011,s056,8,0.27903229913087274,0.06582028593026981,0.6943867544118101
s011,s057,8,0.14422966544095595,0.050971943948801675,0.7392405130764339
s012,s002,5,0.07481442788660729,0.06709249937594794,0.6426722574424333
s012,s003,5,0.19795395581287903,0.1274824759630001,0.649954271650138
s012,s004,5,0.04259285134715611,0.0002808447650778986,0.5406404923430961
s012,s005,5,0.1086733699989823,0.0033825153174822987,0.5644558283567639
s012,s007,5,0.07015662238519596,0.0007267886720445127,0.4552058797856108
s012,s008,5,0.04652636251024199,0.028751584244525376,0.6514810913354856
s012,s010,5,0.02056898700720329,0.15935948038464776,0.5727306642703872
s012,s011,5,0.12333631251163407,0.4536738217652984,0.8284637530503725
s012,s013,5,0.03322802088972461,0.0037517033787203133,0.7466648765460436
s012,s015,5,0.01957110431826188,0.0108043577356792,0.4671910870905941
s012,s016,5,0.0162775526746822,0.020598278753301592,0.6856321997504766
s012,s017,5,0.010271932266650888,0.25010308314744384,0.7130132477981082
s012,s018,5,0.07099225677252742,0.14099161142763228,0.7771328238084119
s012,s019,5,0.02687299742260414,0.0006758278860979815,0.5369835095755418
s012,s020,5,0.04542900728205121,0.15567586055258162,0.721872866813918
s012,s021,5,0.017150744395080502,0.05958179183702227,0.5469868364733854
s012,s022,5,0.0115421015253839,0.30765994730476626,0.8071956718979326
s012,s024,5,0.007786370123535422,0.16570645642163268,0.6322558113815819
s012,s025,5,0.013613803726257735,0.05367088106656358,0.5919219799682574
s012,s026,5,0.02020416107607089,0.03888774051962856,0.426164954840653
s012,s027,5,0.031093311917851765,0.0005919819287555895,0.3899546205868142
s012,s028,5,0.028034782064026292,0.2699715976077467,0.7004575542917626
s012,s029,5,0.05065694757114573,0.002082385747884402,0.6251464697662206
s012,s030,5,0.05462020040244837,0.027608493683211496,0.6208214189086961
s012,s031,5,0.018398344396088208,0.010873679552238015,0.5949020356769067
s012,s032,5,0.01918497501946307,0.02832192383796153,0.800039255468473
s012,s033,5,0.07056434872155021,0.1736610831513733,0.5497137953974512
s012,s034,5,0.01859277928721465,0.01188220287813499,0.5460646602844187
s012,s035,5,0.015933629957673952,0.04171863869605538,0.3908289580703659
s012,s036,5,0.010877386268809729,0.49010728758966077,0.8460830749137576
s012,s037,5,0.13155110537100712,0.23382759173657083,0.6491061694197486
s012,s038,5,0.01601371542397048,0.06450022557720558,0.5393617559194072
s012,s039,5,0.046155130192337177,0.001534261762937226,0.4274960499381768
s012,s040,5,0.04809492936638134,0.07293254702943397,0.5181841836991533
s012,s041,5,0.18268762877472153,0.3452330543721295,0.7765748503341231
s012,s042,5,0.057938773133770875,0.01949506259502519,0.5023797215569368
s012,s043,5,0.01302763737915861,0.28212584665446777,0.7264546256355123
s012,s044,5,0.00907880248541026,0.15570990750941932,0.6542774265085289
s012,s046,5,0.17077823988433835,0.004813206197442028,0.5333121836352891
s012,s047,5,0.022029373514963608,0.002013999064797263,0.3698534484165291
s012,s048,5,0.016172018897926115,0.01296822061036456,0.6233521416965017
s012,s049,5,0.029255767953659976,0.02137153916303694,0.6815831515421181
s012,s050,5,0.017101493668632846,5.242978267233661e-05,0.4489815520020139
s012,s051,5,0.014514216760293306,0.0002498113444957472,0.5854256343135368
s012,s052,5,0.029168007963608827,0.0038725379010978705,0.38940324504725227
s012,s053,5,0.04916947672656104,0.0007569774932785755,0.6667263877787399
s012,s054,5,0.032295566154384565,0.005423142374039644,0.6059441335403952
s012,s055,5,0.05890709669293269,0.14245349076776348,0.8097362706618969
s012,s056,5,0.02906738567894767,0.13469326726681624,0.7548140338338107
s012,s057,5,0.07768036198610286,0.1402251028097863,0.8467983682553424
s012,s002,6,0.0323721026274243,0.0024129945364796787,0.659990944422138
s012,s003,6,0.1085777791937539,0.06193134000804273,0.628731127509338
s012,s004,6,0.0420577168977122,0.00023685902770797032,0.56176655823432
s012,s005,6,0.03882765865217961,0.004157951384000298,0.6641080832762906
s012,s007,6,0.04878248476010823,0.006158472190843552,0.5405156455289944
s012,s008,6,0.04016899065769135,0.024400612597479616,0.689732999767505
s012,s010,6,0.02902143049458975,0.12157064138916732,0.7109473027041646
s012,s011,6,0.08760472614838101,0.29673107320502223,0.7780119482139525
s012,s013,6,0.02387401413561224,0.004066005857656009,0.6770195277153144
s012,s015,6,0.016295092974398507,0.0006372441431469202,0.5213485328330095
s012,s016,6,0.008181685832545728,0.01029662812208175,0.6544033131563435
s012,s017,6,0.010708720489593654,0.17170729021458211,0.695174501935263
s012,s018,6,0.06191112094101074,0.05831742866909575,0.7910572427304604
s012,s019,6,0.01614206183725436,0.0008008874400333188,0.6499883096537353
s012,s020,6,0.04821559719121875,0.17369668868231009,0.6575684894294584
s012,s021,6,0.02685094861640201,0.009055407389102809,0.6333590872061835
s012,s022,6,0.008994651989781239,0.22095436908979432,0.7695164055144338
s012,s024,6,0.0067329758187100385,0.16994496200904657,0.6797011483573788
s012,s025,6,0.01238376198469892,0.05568250609977774,0.6636596845627165
s012,s026,6,0.019022627918059056,0.041304799960865904,0.4816094542922388
s012,s027,6,0.02712526744948318,0.007081005472178688,0.43265229570250685
s012,s028,6,0.018858178961561473,0.2334547157345495,0.7023305853932612
s012,s029,6,0.019042511731276062,0.002741987744092816,0.719063079903136
s012,s030,6,0.03261815695299352,0.009046111801757774,0.6564175526957052
s012,s031,6,0.008529091960165656,3.5143371143611225e-06,0.6312206307583698
s012,s032,6,0.020835091524998208,0.020320224158694253,0.8188318226543159
s012,s033,6,0.05142504804390293,0.15229418986219978,0.6100483038816129
s012,s034,6,0.028098107770774323,1.8148703643966336e-06,0.580269881955471
s012,s035,6,0.013003795518867373,0.04600356612212853,0.49979850627075145
s012,s036,6,0.011883188960016292,0.27127098014411444,0.7481626339967105
s012,s037,6,0.060553854169725814,0.08964614748532533,0.6061945215779521
s012,s038,6,0.013212733720460753,0.08485450266623969,0.6317756134195612
s012,s039,6,0.03618797111419339,0.010009488243132095,0.52421230321172
s012,s040,6,0.05341643300518425,0.17348443409312883,0.5982083414381177
s012,s041,6,0.09650198883739437,0.3155496731610716,0.7656682803040518
s012,s042,6,0.041813064779831155,0.006958471827972434,0.5436447593022886
s012,s043,6,0.00825489309753732,0.11408552919146947,0.6907206086309223
s012,s044,6,0.005385717006289594,0.2150120299442403,0.7519649452567622
s012,s046,6,0.04574473645990206,0.008160804654258372,0.6499687359901934
s012,s047,6,0.010303349198520858,4.120536116516175e-06,0.49113961705751075
s012,s048,6,0.02238535086091006,0.003257065685375986,0.704137001129589
s012,s049,6,0.021925183461386773,0.06471292486070016,0.7480695569026932
s012,s050,6,0.029621601595795733,0.000682772467722474,0.6017229605337036
s012,s051,6,0.02846371298973896,0.0003045977205664957,0.612117244650956
s012,s052,6,0.0297427996155523,0.0005849401609045786,0.44457215832082636
s012,s053,6,0.03889815001522906,0.018740009562553995,0.6577155812153467
s012,s054,6,0.02295513518635458,0.009266575054774445,0.6763028322015034
s012,s055,6,0.06028666478174068,0.017026557130230702,0.7522805918154839
s012,s056,6,0.03861912118427044,0.028181604644054194,0.725707276378288
s012,s057,6,0.0969867341230243,0.10123557414137888,0.7897616969168113
s012,s002,7,0.053608194921114266,0.003935134328934915,0.6990138873234694
s012,s003,7,0.14576643797005312,0.1275719986418898,0.6908123548379416
s012,s004,7,0.0780660348618974,0.006964873904856896,0.6293497777248319
s012,s005,7,0.0548970027661524,0.0006705299297001498,0.5958949873323268
s012,s007,7,0.06977403533708272,0.001449126673093077,0.5838301268102305
s012,s008,7,0.04940029379755468,0.11541882850184898,0.6957540362815999
s012,s010,7,0.01729267080914727,0.15747812278401907,0.6401301297280969
s012,s011,7,0.1294360233864695,0.3742102263196026,0.8117228055657078
s012,s013,7,0.024097707288021554,0.009199153369965346,0.7494412772478801
s012,s015,7,0.013426151819549556,0.010332563115967098,0.49230726011314996
s012,s016,7,0.007468500745122755,0.045223393422519666,0.6380875931073682
s012,s017,7,0.009539546118597707,0.22050473911546492,0.7319261410718897
s012,s018,7,0.07814211639980459,0.06950924935424069,0.7505259023475389
s012,s019,7,0.013142337945446272,0.004548020142557782,0.5861011533459735
s012,s020,7,0.047384990362505174,0.11249524271997116,0.6844401993614613
s012,s021,7,0.019858557379074906,0.0643627769385651,0.5404523028279551
s012,s022,7,0.009563102695429654,0.21487026682189472,0.763992905242563
s012,s024,7,0.006962948341919038,0.20888001575599707,0.6903803437590296
s012,s025,7,0.01032357216488583,0.06986060664964629,0.6380731821620301
s012,s026,7,0.016871926762193127,0.07473753769262664,0.47735218328726603
s012,s027,7,0.045659160068859256,0.011095654387651364,0.4391903300615819
s012,s028,7,0.028913600563348723,0.15582781754088998,0.7424365796208534
s012,s029,7,0.01378183852539222,0.00933588082320043,0.6760920987996515
s012,s030,7,0.020203020040669893,0.02929679479368239,0.6591780127012504
s012,s031,7,0.007218031923543283,0.05027228841129269,0.625503898417523
s012,s032,7,0.028981046767900042,0.04287368437914948,0.7837552861200954
s012,s033,7,0.0489032557933565,0.12729043727250655,0.5886572864316987
s012,s034,7,0.05530769012399949,0.020768729986818658,0.5972463088380626
s012,s035,7,0.01545888567449816,0.03232599081832599,0.5569559848186397
s012,s036,7,0.012164061706216853,0.22969692640176403,0.7437991100590121
s012,s037,7,0.04282431476200281,0.04464496311282003,0.6919193605385754
s012,s038,7,0.017055681570588198,0.021821802249903,0.687554576055251
s012,s039,7,0.021073132420836832,0.05118112274956786,0.5949561593564953
s012,s040,7,0.05328419536288079,0.2907860188219064,0.7159393524674101
s012,s041,7,0.09649016080079427,0.30360081982159964,0.7208698554652148
s012,s042,7,0.03668197796857239,0.012705026818838191,0.6108648523733468
s012,s043,7,0.012608127033941508,0.10927316785508526,0.7058849275764838
s012,s044,7,0.00673737800069798,0.11365832781156389,0.7670287118882254
s012,s046,7,0.036639711936827,0.0005271521252825778,0.5787599307582831
s012,s047,7,0.013134633760171883,0.006975354278911438,0.535007529916292
s012,s048,7,0.0268638281008005,0.008076114337419322,0.6854634930170024
s012,s049,7,0.01864210358575873,0.05344753811494718,0.6358833032237842
s012,s050,7,0.012549977621318976,0.07597182865500843,0.625233632658666
s012,s051,7,0.01718979469296145,0.000635042456533166,0.6552378998768682
s012,s052,7,0.02597407926646314,0.001685714953464779,0.4989946530871363
s012,s053,7,0.06156605515948602,0.060898450628576406,0.6843199819869022
s012,s054,7,0.01675257222610759,0.0046290286244027885,0.7071738182206672
s012,s055,7,0.08501267931767224,0.10489531861785059,0.8069433192079479
s012,s056,7,0.03462990774549257,0.025508658272792084,0.8064893163543091
s012,s057,7,0.08985471577361492,0.10209960819180304,0.7815935930621725
s012,s002,8,0.03688039733632682,0.015351690907267119,0.7227372953221416
s012,s003,8,0.1682947831375052,0.028970341019595072,0.7088672796868793
s012,s004,8,0.08855204073520896,0.03333320857509354,0.6112319219421943
s012,s005,8,0.029231895113578963,0.0036494612092110336,0.6601486401755117
s012,s007,8,0.05463102558601153,0.014391241851379261,0.5618177315960561
s012,s008,8,0.08166757856815249,0.00658413269589868,0.6411370114447852
s012,s010,8,0.026946121543288792,0.11202375940616317,0.7224647132875837
s012,s011,8,0.11848926952423412,0.1442785585377004,0.7326500748057418
s012,s013,8,0.03195814047545422,0.023656356477730314,0.7253601645585314
s012,s015,8,0.01582103462471361,0.01418811575833023,0.5881025352750511
s012,s016,8,0.007999428819888695,0.14055665599269,0.7331015022441978
s012,s017,8,0.009137416290025895,0.23121388342730875,0.7371017497739235
s012,s018,8,0.04430441266993377,0.011033481388803255,0.7483391932818594
s012,s019,8,0.02327863411227955,0.003794075885323096,0.6724766405204755
s012,s020,8,0.058453712585851955,0.12983543560379338,0.6719658090204153
s012,s021,8,0.027820122378831306,0.022777294481680404,0.5934917895825993
s012,s022,8,0.006734729769064969,0.196273838462169,0.6870260667850407
s012,s024,8,0.007724371807414002,0.1461165592334743,0.691605978928141
s012,s025,8,0.013242185043496066,8.377304127861188e-06,0.6648065227953348
s012,s026,8,0.02359114262797278,1.403078395791627e-07,0.5181001120024437
s012,s027,8,0.03487992972039465,0.01633310239848996,0.42065408792798514
s012,s028,8,0.01345116740799744,0.1155760684231346,0.7203829769517773
s012,s029,8,0.021471131666483904,0.02324297120412474,0.7952206673625636
s012,s030,8,0.01947590753992997,0.0465145833635841,0.5904439563469631
s012,s031,8,0.03338098227829248,0.000604642196726668,0.611027654895468
s012,s032,8,0.03578048174377284,0.01665500512222013,0.7443782285887818
s012,s033,8,0.058460415377690936,0.4122958532603095,0.6836731544361524
s012,s034,8,0.05665966021636732,0.01986038801390171,0.6697277379059545
s012,s035,8,0.016947452293131392,0.044898457993519054,0.5370218019422237
s012,s036,8,0.014695670710541663,0.19845464276344352,0.678893623763019
s012,s037,8,0.11105051069492837,0.04788463252997913,0.6249305569715493
s012,s038,8,0.025161824261554937,0.028875420802526603,0.719684726569075
s012,s039,8,0.04307558135546857,0.006671847667647091,0.6012450715713556
s012,s040,8,0.04991779054060523,0.16135047015257215,0.6938491332557514
s012,s041,8,0.10908892644774641,0.14060559452486873,0.6954434769643287
s012,s042,8,0.04008582656528717,0.02139881681177063,0.6089902670376787
s012,s043,8,0.013024724789324114,0.13279624765022882,0.6641078619442412
s012,s044,8,0.0065313486365484825,0.02706566636358491,0.6774602609847339
s012,s046,8,0.0517669525456605,0.021014197285445308,0.5845416892585314
s012,s047,8,0.012045020894613971,0.015012265695878246,0.6483713563044754
s012,s048,8,0.030015312410717854,0.008226973904534644,0.7137003423254825
s012,s049,8,0.023262469123260875,0.00012447548480632074,0.6225130635276847
s012,s050,8,0.014242683892090937,0.006186178011410773,0.633480960652045
s012,s051,8,0.025447972250123532,0.005998701271528932,0.7016245293895842
s012,s052,8,0.03128698522215911,0.013430590969984911,0.5921282768243084
s012,s053,8,0.0621696854450127,0.017027249529491924,0.7482010570852998
s012,s054,8,0.02877127850010847,0.0008841344875548859,0.7515615633555975
s012,s055,8,0.08600547778520361,0.041048749387084076,0.7666356622590244
s012,s056,8,0.04944848308639533,0.002018691818333821,0.7967868100575897
s012,s057,8,0.19192387426424248,0.06073407778270633,0.7512598364018193
s013,s002,5,0.0405887025114118,6.416470107297305e-07,0.6543896117239903
s013,s003,5,0.12698471893790692,0.12396554528532773,0.7253274341189154
s013,s004,5,0.05015644841309403,0.10095993228871529,0.607315885856725
s013,s005,5,0.01845470603545957,0.0755636247056129,0.579874605177474
s013,s007,5,0.0502617068433478,0.002157793925410013,0.5157852204444825
s013,s008,5,0.18514009025230582,0.17353370551915137,0.6904036216403749
s013,s010,5,0.09239469714017484,0.007367700572355514,0.5695693941407054
s013,s011,5,0.029503442807805168,0.014414294244835093,0.6489916348565348
s013,s012,5,0.03367811871348325,0.0006287944631761857,0.5522548092602088
s013,s015,5,0.23826725774617896,0.0640847844347828,0.5696911930944276
s013,s016,5,0.017058703832188826,0.08480536393524842,0.4946089648311819
s013,s017,5,0.08873133631961393,0.06590847319230994,0.7145042032744261
s013,s018,5,0.02961358867963808,0.0136666450480986,0.668048104148124
s013,s019,5,0.027524576908657172,0.019480329246737472,0.5011203861316134
s013,s020,5,0.038158901710603564,0.028822031680267337,0.546369763249952
s013,s021,5,0.03787714793254961,0.05386407372029102,0.6863554454025305
s013,s022,5,0.01376867455813771,0.12800970657816294,0.5366809836444271
s013,s024,5,0.04601161635356434,0.0012828339916583285,0.5826550029812911
s013,s025,5,0.023847202862441047,0.14097719641689063,0.7047658917018133
s013,s026,5,0.02843522827328718,0.00424963859636464,0.5246951021985815
s013,s027,5,0.06401912724284209,0.017184723698566745,0.6763925854028373
s013,s028,5,0.038723800779644164,0.0240370495929283,0.6709251587708854
s013,s029,5,0.03537975699656988,0.03937760494378737,0.6944027779039604
s013,s030,5,0.013407487791169959,0.03650038552065385,0.5925658354589249
s013,s031,5,0.021579164157497457,0.0019470265895429678,0.7197689941412515
s013,s032,5,0.07490454279423012,0.06368238588415086,0.6565234969327097
s013,s033,5,0.01939818359595828,0.001932465631048326,0.5012961920584011
s013,s034,5,0.0976493930499824,0.06930712986945492,0.6572230155344214
s013,s035,5,0.045860054041596356,0.005127306977930811,0.6392732871523804
s013,s036,5,0.035281747425077795,0.03289053386128281,0.48261777133152883
s013,s037,5,0.04889532754834941,0.0017754749283745363,0.7016701150607182
s013,s038,5,0.06829929493456766,0.011134680676034908,0.5132232113925795
s013,s039,5,0.03705094569877424,0.0018691586892238717,0.5215500794273334
s013,s040,5,0.01367464530053375,5.8388077055398836e-05,0.38457261072236004
s013,s041,5,0.03647472179323502,0.00010805673457989416,0.7031339285095969
s013,s042,5,0.02725449673362659,0.16396187743667273,0.6497702781586628
s013,s043,5,0.10484420828870322,0.00019062278125322698,0.5964269428846666
s013,s044,5,0.03007517960812854,6.950669105750645e-05,0.6736354287171267
s013,s046,5,0.020301776692870883,0.022355210553501523,0.6911234508762151
s013,s047,5,0.03353098161889337,0.04384683278769916,0.5540794940112339
s013,s048,5,0.028328449612870454,0.00556949736028619,0.5973900620109598
s013,s049,5,0.02530370054399344,0.11530890320638998,0.6206039183982435
s013,s050,5,0.07442160247935825,0.0028974707209693156,0.5235014949920108
s013,s051,5,0.019021585520518646,0.0001687696891757034,0.5571310480235313
s013,s052,5,0.03727710719981131,0.023449607461501338,0.3961803385732374
s013,s053,5,0.06034188708771415,0.05832437813520919,0.677542534968242
s013,s054,5,0.07586339828113679,7.547882897554011e-07,0.6362959741573618
s013,s055,5,0.11149390520040593,0.10215928706356275,0.6822705614478186
s013,s056,5,0.06970556049249667,0.039515314460735106,0.5486395513418676
s013,s057,5,0.07904847661922056,0.10976636931797579,0.6715729489693619
s013,s002,6,0.026771019981882836,0.024204863680371086,0.7066590497849407
s013,s003,6,0.1331707257043375,0.054047836446285934,0.6585934545361671
s013,s004,6,0.06952592139168208,0.30960947058394594,0.8186168889679164
s013,s005,6,0.017661373440286444,0.05114316309244141,0.4760473114408255
s013,s007,6,0.03941571917930773,0.01274257379780741,0.501982595692901
s013,s008,6,0.24558248475843858,0.018618149846002047,0.6259071747224457
s013,s010,6,0.11368169659970619,0.03514100064246947,0.6401057432096475
s013,s011,6,0.03697283190224183,0.014292583733084117,0.5260269115071503
s013,s012,6,0.047105660628970265,0.001323195973898232,0.5951952537705315
s013,s015,6,0.13761525766406071,0.04517907712544164,0.548354646347968
s013,s016,6,0.01883971245128564,0.0010499927494222077,0.4534002363260239
s013,s017,6,0.06540535884954193,0.006844683902187078,0.6129888861750814
s013,s018,6,0.03279899553259563,0.003757994084934445,0.5634158097610552
s013,s019,6,0.02414971522109868,0.016593036254984588,0.473547315813763
s013,s020,6,0.07920044860111468,0.10590650275725733,0.5259068469249754
s013,s021,6,0.07167861153615632,0.02597375858866984,0.563931532564285
s013,s022,6,0.020031138716335075,0.07809909983892258,0.5047702032009355
s013,s024,6,0.046210581397488924,0.0001634694771094417,0.6063109246562702
s013,s025,6,0.03202423852546034,0.0003946841770091136,0.45230475848967905
s013,s026,6,0.04412477837882981,0.0728406539944203,0.6435212779788475
s013,s027,6,0.15214606192701124,0.13612607209868618,0.6393348823025555
s013,s028,6,0.07599238549174506,0.08961260775867538,0.7576408782864186
s013,s029,6,0.05014483032850135,0.005747808888846731,0.6792033455008077
s013,s030,6,0.024563500134522468,0.0005825723867581456,0.6536252555878053
s013,s031,6,0.024827305792267072,0.013418625526926875,0.6352221715496761
s013,s032,6,0.07181548461508033,0.0676028657532953,0.7042616586290054
s013,s033,6,0.020309352030325495,0.002214512523513302,0.5114965763984177
s013,s034,6,0.10224982878609859,0.009488809189429402,0.556472850302214
s013,s035,6,0.029916695907754868,0.018245226229930352,0.5566832118428037
s013,s036,6,0.059778347442831496,0.034693246452838195,0.34129603706889355
s013,s037,6,0.06009234737523946,0.0370513178747596,0.7829891306620368
s013,s038,6,0.046221672491811056,0.007973483706146277,0.6063276536941934
s013,s039,6,0.03717691035283959,0.03803047149781857,0.6643608772101077
s013,s040,6,0.01746408778634785,0.04041627340599511,0.6117624867822898
s013,s041,6,0.039238846331707704,0.013145809778840997,0.5221182011951065
s013,s042,6,0.027636952596394943,0.3458841631379729,0.8097728352836517
s013,s043,6,0.06223683392775665,0.022043613467589148,0.4982803551638133
s013,s044,6,0.030581688275218163,0.01802652508503302,0.6625299590911259
s013,s046,6,0.014784783315442376,0.019668184014129564,0.6487016627922317
s013,s047,6,0.032234374094911214,0.023283622416418938,0.6855663719075379
s013,s048,6,0.026762251058069675,0.0021747543513133067,0.4892030943144274
s013,s049,6,0.029989225426248,0.028835146730946518,0.4370371448647757
s013,s050,6,0.10174256884028517,0.09867747756741065,0.6902859305587727
s013,s051,6,0.024847318672523953,0.0011094555866921886,0.4740871727091239
s013,s052,6,0.028540832332423452,0.08321572122480647,0.443435963457904
s013,s053,6,0.06874652138434878,8.603966340836616e-05,0.6311648062217197
s013,s054,6,0.07355176015965982,0.0953412960294818,0.5735052719103815
s013,s055,6,0.12765006558211126,0.019738687414482915,0.47961211471145015
s013,s056,6,0.08338301229888402,0.05864426401734598,0.6404242369803025
s013,s057,6,0.06484782520868067,0.00857054285108136,0.7240255899482068
s013,s002,7,0.054705632077315755,0.0064350720869087415,0.7090991896419598
s013,s003,7,0.17298608627872672,0.08586840202545207,0.7145128874512421
s013,s004,7,0.1862999807167016,0.2131088462219881,0.789180676087587
s013,s005,7,0.04329361379651695,0.09427479025303416,0.5766167509871737
s013,s007,7,0.09106428065380799,0.00902999742925434,0.5015578511087656
s013,s008,7,0.5293696743502093,0.08698598131338328,0.7006496753980515
s013,s010,7,0.20210814123826143,0.004052999051642715,0.6853547519370725
s013,s011,7,0.07745385228960926,0.0030631377730843427,0.6112613446246492
s013,s012,7,0.09159243874609867,0.004346499849587394,0.6112864129800069
s013,s015,7,0.19659796075530495,0.21148050117511052,0.6752404731135452
s013,s016,7,0.0355169390547552,0.041447861206298876,0.5406711860386838
s013,s017,7,0.10136179998510947,0.016893895814050593,0.7314740593454723
s013,s018,7,0.053064867199121575,0.0004626627712240395,0.7074752851113743
s013,s019,7,0.08361760926323067,0.03263293961149752,0.5261193354427306
s013,s020,7,0.1272396151363302,0.07477266035368073,0.6054961135956951
s013,s021,7,0.11947331459577536,0.003891650478277021,0.7166391682484539
s013,s022,7,0.035360682529260425,0.1693526914165761,0.5895598455271229
s013,s024,7,0.07011431239082379,0.005890778674961095,0.6656386312624626
s013,s025,7,0.07348574597731135,0.041796846451016195,0.5691797532888044
s013,s026,7,0.0954279949279057,0.0155442385881218,0.6282221840471336
s013,s027,7,0.12886098512485536,0.09902405004559447,0.7154275946351049
s013,s028,7,0.1646329675124451,0.08625826893547653,0.7871861977743524
s013,s029,7,0.08241296674287134,0.009583055015725045,0.7435582346787054
s013,s030,7,0.04070518678740494,0.008446186646985085,0.6529051480081844
s013,s031,7,0.0438908684521622,0.002862379247448716,0.713488415630157
s013,s032,7,0.13293354358287407,0.14644698226270106,0.7832076236126282
s013,s033,7,0.048307915618425235,0.000876825310567944,0.5593926466654501
s013,s034,7,0.2024039967687496,0.009597624404050455,0.6236581739353969
s013,s035,7,0.05170280963108557,0.010377921800794623,0.6662550859062233
s013,s036,7,0.0851986690160831,0.04764363872683268,0.462028900608405
s013,s037,7,0.11909937342754953,0.02039803355120821,0.745523194510864
s013,s038,7,0.07716617429297669,0.0010530126565643529,0.5746853404068256
s013,s039,7,0.07773529142688929,0.0012650881217429605,0.6106934768395995
s013,s040,7,0.04914288684917684,0.008851294981754658,0.5619707479625174
s013,s041,7,0.1025269962184646,0.010296331152103027,0.6974197098145458
s013,s042,7,0.0776334316633145,0.11074987958272764,0.7502899139626769
s013,s043,7,0.0835415545996732,0.016425986452055393,0.6207104520409635
s013,s044,7,0.03905756250031973,0.007421229541643975,0.736636681569464
s013,s046,7,0.05752325888049829,0.03679473050976474,0.7557094572731563
s013,s047,7,0.047300724004377986,0.07142804616092276,0.5981808051464468
s013,s048,7,0.07730180637703556,0.0016819075728978718,0.5918227465082465
s013,s049,7,0.03744661232619449,0.18290501124617053,0.6630640778072715
s013,s050,7,0.1192223555213509,0.0008007110793483149,0.6846746881508253
s013,s051,7,0.08723413344367222,0.028121710996798537,0.6008584003036769
s013,s052,7,0.06695392151002297,0.04250902993347887,0.4682032254098849
s013,s053,7,0.09738224780239935,0.026611898299870963,0.7128931998212219
s013,s054,7,0.15916041368760583,0.013098553243474068,0.6508147902989336
s013,s055,7,0.18769956697950296,0.062214974762559216,0.6216333006352611
s013,s056,7,0.14053852387015958,0.0386875570379471,0.611418151853684
s013,s057,7,0.12915393256726898,0.08269609223278564,0.8063650319853715
s013,s002,8,0.07195232776011354,3.2984319446430945e-05,0.6930240061893116
s013,s003,8,0.18667002982454958,0.04454087445920605,0.6296223509257216
s013,s004,8,0.4112301072363146,0.32908594425864396,0.7899459114979593
s013,s005,8,0.05048798121313159,0.0634894174659409,0.5950800509788495
s013,s007,8,0.09555898796700099,0.05733379151882877,0.5909387868934978
s013,s008,8,0.5887698927636854,0.185958066837569,0.6556541539420622
s013,s010,8,0.18544488504663392,0.11702172964124911,0.6641582216004405
s013,s011,8,0.0953088166728777,0.0030007019768774654,0.5908124136056556
s013,s012,8,0.07170670953975179,0.005136728717141704,0.6464086142855311
s013,s015,8,0.14534192964680293,0.007129316351233131,0.6759337710829338
s013,s016,8,0.05088918250830432,0.10258249179703077,0.5738007681149885
s013,s017,8,0.11052997113867018,0.0003959158717429837,0.7340699208961255
s013,s018,8,0.04384886619028417,0.0033456955146947825,0.6382884536125804
s013,s019,8,0.08896453640990198,0.04942959514463483,0.610349595862991
s013,s020,8,0.135908123586176,0.1115792689870981,0.6935187799767817
s013,s021,8,0.1070963105724356,0.0033310464672892527,0.6128543791033068
s013,s022,8,0.03557473250689294,0.13114270623600174,0.5177148617334386
s013,s024,8,0.047322065908218316,0.09370500064979222,0.6403032321197133
s013,s025,8,0.059006308749165216,0.016965871500359234,0.5448091770663616
s013,s026,8,0.09776863267984878,0.013313903047844598,0.5847300832520823
s013,s027,8,0.16659512145791036,0.03041200166712223,0.7272845139625019
s013,s028,8,0.19511152683753066,0.13645704120829902,0.7757126335321295
s013,s029,8,0.16048056604823052,0.014162854026336998,0.70988916973213
s013,s030,8,0.04077493340037061,0.001158300475670612,0.5889782802135157
s013,s031,8,0.10438075267783872,0.013009297304976217,0.6403729741016503
s013,s032,8,0.14284801019931426,0.10070061032265454,0.7612265017770602
s013,s033,8,0.04978998101046463,0.008375475193649583,0.6113896295109953
s013,s034,8,0.1389179745067969,0.028898299689348535,0.5520863115622583
s013,s035,8,0.07476775113556157,0.03138360463060929,0.606283523319472
s013,s036,8,0.05166410773665953,0.020877640494246362,0.443879698402819
s013,s037,8,0.13189796464337727,0.006099183599260894,0.6183496298476829
s013,s038,8,0.0969453988110708,0.001604876595144946,0.4799160573630531
s013,s039,8,0.16067205288672867,0.045930461075758995,0.5999291493900198
s013,s040,8,0.042722098892607266,0.01273219902235559,0.5221471093070543
s013,s041,8,0.10352984517895879,0.011227175707934888,0.6358220948880772
s013,s042,8,0.08901941070077383,0.11460637001813297,0.7344905962025641
s013,s043,8,0.07307500941713423,0.05119901575587353,0.43208626261609345
s013,s044,8,0.06520325922901865,0.005467773462402369,0.6162972958040915
s013,s046,8,0.06631810557100855,0.031587014248364964,0.6690453698230526
s013,s047,8,0.04704187604811215,0.00486367904354874,0.7315077163554017
s013,s048,8,0.14917459992693652,0.0010595031987807265,0.6051019852223092
s013,s049,8,0.03153435475566811,0.023942815845932185,0.4997294180400973
s013,s050,8,0.08434683731047861,0.016635440283147805,0.6534375985894113
s013,s051,8,0.07336276396939052,0.004823332705609806,0.6402813835264859
s013,s052,8,0.09375968786825352,0.005295998990504182,0.4075515458567092
s013,s053,8,0.1643093358304098,0.002659426583793165,0.6782237053527848
s013,s054,8,0.33740657574554567,0.0044739929596281465,0.6716677844443208
s013,s055,8,0.23589598362282477,0.08840846472676785,0.653007971001653
s013,s056,8,0.19188201725387827,0.04542508815244583,0.6131650249078616
s013,s057,8,0.10492725871408261,0.023845689729412856,0.7060673404349682
s015,s002,5,0.03199445862231347,0.0038889082031983895,0.7198960133483485
s015,s003,5,0.04032824822602669,0.060425769528257366,0.6665294052405668
s015,s004,5,0.033890638023713934,0.06505134831366981,0.6850972847256388
s015,s005,5,0.015825891260592785,0.12268157767629372,0.7396484821232652
s015,s007,5,0.04316971348690443,0.11555981704486833,0.5971267505886153
s015,s008,5,0.03917244121111629,0.17686206900404727,0.7189159340492938
s015,s010,5,0.06310793865187764,0.03566926281087185,0.7844691486485736
s015,s011,5,0.08132565396971024,0.029529680261875038,0.6515780637384211
s015,s012,5,0.03435766680985719,5.284314083827166e-05,0.6253920286101309
s015,s013,5,0.12407393372786386,0.22363745369402502,0.7936056868256097
s015,s016,5,0.01908714025450874,0.0965294420859644,0.6567843790194348
s015,s017,5,0.04402812264995614,0.025701152651209917,0.7716456169807182
s015,s018,5,0.04037692891688304,0.06206752332403519,0.7176151187373043
s015,s019,5,0.025352748419957803,0.1302199286343954,0.6383950111400678
s015,s020,5,0.05323125701675922,0.017142733103266132,0.6669292624888249
s015,s021,5,0.0632803399595599,0.000901555225708446,0.7944734896324115
s015,s022,5,0.032460137190094794,0.018991559571213297,0.6084945103080339
s015,s024,5,0.03298851920888482,0.005033286181320619,0.7148460442928805
s015,s025,5,0.026969650115570176,0.005911369904202461,0.6654971942052118
s015,s026,5,0.018147005881507566,7.169883229377285e-05,0.7487408620391853
s015,s027,5,0.034454771473782904,0.00011458313150546995,0.6708449355944066
s015,s028,5,0.04258541279821426,0.12215392460898547,0.7035399111846975
s015,s029,5,0.0808118527028951,0.026069070190176662,0.8040343770510209
s015,s030,5,0.01839790571065292,0.003127344584469076,0.6882625104532609
s015,s031,5,0.06434040171486985,0.0495502591048905,0.6583978091755449
s015,s032,5,0.07554768545245358,0.1963499829039107,0.8223852659349459
s015,s033,5,0.02872041711107749,0.12363580121668936,0.6867228313990587
s015,s034,5,0.03530018545746549,0.01582858960105537,0.5990524274697182
s015,s035,5,0.08042281038197212,0.03280065759813653,0.6241886497484372
s015,s036,5,0.03220413480337354,0.04459871171824228,0.4793406842033273
s015,s037,5,0.03024080999417962,0.0440725229515334,0.6312704947596399
s015,s038,5,0.08915206100762875,0.0015576880483672527,0.6061689133241414
s015,s039,5,0.02543859732028291,0.054192943991384496,0.596033518467631
s015,s040,5,0.041550048160381804,0.0016787290825279755,0.509935754039224
s015,s041,5,0.04582263834646864,0.07660013108289737,0.7944048446911586
s015,s042,5,0.033865028731543255,0.00872623063917124,0.6470724758493004
s015,s043,5,0.023158123572359662,0.04299309376122844,0.575789027238413
s015,s044,5,0.03966002860358526,0.02032894087800492,0.7271258690670215
s015,s046,5,0.019647462544956213,0.10482360809940368,0.7583226294405909
s015,s047,5,0.0317786430608134,0.024633131612058184,0.5774463968324001
s015,s048,5,0.06740730445546272,0.07430292529973932,0.5937211825494364
s015,s049,5,0.03005546896538411,0.12447637009848629,0.7820555842831933
s015,s050,5,0.047080186919691513,0.013897482966562916,0.6956809525795172
s015,s051,5,0.06580670174002083,0.11304573474906146,0.724820388240853
s015,s052,5,0.05315106921364077,3.971394758736927e-05,0.4732922730957969
s015,s053,5,0.05976695964315717,0.04839650387840402,0.7313618418939625
s015,s054,5,0.036023421256301195,0.015604117626177291,0.7329025178283131
s015,s055,5,0.09901934731879777,0.07360706743565018,0.6553517580887976
s015,s056,5,0.07595770786484991,0.01855547817880311,0.6039832130917548
s015,s057,5,0.05367796999777149,0.04811274527536655,0.8058485119928349
s015,s002,6,0.032931523670663564,0.0030050503663767514,0.7097516014461337
s015,s003,6,0.03687467397488539,0.06700288881498383,0.6465431855708396
s015,s004,6,0.08391465090737674,0.08093222315643868,0.6374413425704365
s015,s005,6,0.020521720633090358,0.06548216297795324,0.7126841408584101
s015,s007,6,0.0580985508996884,0.04644740335123678,0.6220782933362705
s015,s008,6,0.03154149246390077,0.08225977900946148,0.6911916363930901
s015,s010,6,0.10054231453826087,0.00011381703977103923,0.7699921304827472
s015,s011,6,0.0788312683991886,0.07469011494945285,0.6936987467415835
s015,s012,6,0.07840619160209357,0.012858899258239147,0.7127039705021235
s015,s013,6,0.16533665119850083,0.18865757344836484,0.7710914249527312
s015,s016,6,0.01616473612701702,0.11381502892634882,0.6657047265610763
s015,s017,6,0.06571594129957983,0.002323929612477166,0.7898391888450597
s015,s018,6,0.0970775207780117,0.0931750910484495,0.76334052576634
s015,s019,6,0.02610698319721504,0.029707173402245424,0.6809728619526195
s015,s020,6,0.07652677359192735,0.018960279059168646,0.7104588879584229
s015,s021,6,0.04816778353087485,0.038945638608971954,0.8140396245819924
s015,s022,6,0.02367521706708793,0.10740642086339054,0.6435524471188162
s015,s024,6,0.04722694256557782,0.00013107504792965322,0.6861717154013846
s015,s025,6,0.0345668669639119,0.022162634744320064,0.6604481140142904
s015,s026,6,0.0372562057149092,0.010576520763335609,0.6277557797447121
s015,s027,6,0.06394252551924344,0.03133269475735774,0.5650844522160273
s015,s028,6,0.03640470627532008,0.00411689678464146,0.7464087892080493
s015,s029,6,0.08299587104497858,0.013659753903514624,0.7793695139122757
s015,s030,6,0.027432939457635745,0.009888050241968434,0.5834143507748776
s015,s031,6,0.04050158598989003,0.05192494116277057,0.612995741361067
s015,s032,6,0.2414889961507529,0.16419668350935462,0.8203179854151804
s015,s033,6,0.041751551831143756,0.025625880899256475,0.6851994477324362
s015,s034,6,0.07133499163597525,0.025679739053561672,0.5801636017590477
s015,s035,6,0.05773384271149287,0.0017195090823161688,0.6383152418422399
s015,s036,6,0.03177674305741426,0.0960874547573301,0.5841705198195793
s015,s037,6,0.03631538955017343,1.537195667966773e-05,0.6109793221002164
s015,s038,6,0.09558367307200519,0.030391422350534797,0.6214790614646354
s015,s039,6,0.02268361872633654,0.13810811412176696,0.6253446522879654
s015,s040,6,0.036565561723871834,0.07584496452869095,0.530229436951323
s015,s041,6,0.032153861683945725,0.005983162043418344,0.7805679142108535
s015,s042,6,0.03773944158938712,0.0024331890340375346,0.616106932681183
s015,s043,6,0.03576330727684377,0.024313499359081756,0.6564717184509395
s015,s044,6,0.03305096267908003,0.027831683809072368,0.7249980738240442
s015,s046,6,0.03101506378230432,0.07249748225920155,0.6813567449484067
s015,s047,6,0.03274493662688772,0.17149492773954636,0.5969848137907954
s015,s048,6,0.0909741715358872,0.0783921015765251,0.6607198026624468
s015,s049,6,0.03379697166136182,0.23324795245161128,0.7378089686377322
s015,s050,6,0.0478035117139466,0.021292837022937588,0.6661235394504945
s015,s051,6,0.0723243014129691,0.11526932667681862,0.6892478581871241
s015,s052,6,0.0677271557574359,0.01406793244586347,0.5570714622381535
s015,s053,6,0.10066484770141426,0.09297260841792881,0.7710268870056464
s015,s054,6,0.0967082724533059,0.024816811116013457,0.7668366995068792
s015,s055,6,0.0974431612363044,0.05658824918843222,0.7184578053564321
s015,s056,6,0.08035195300074839,0.028738089008853135,0.6649526581967318
s015,s057,6,0.0662310590416701,0.08980248188822755,0.7154701070365325
s015,s002,7,0.07283174134464303,0.03771680894618366,0.7482451781879029
s015,s003,7,0.07760296536139336,0.12747476502719887,0.645589402027449
s015,s004,7,0.08889461103003853,0.0014005002595537683,0.590991955410443
s015,s005,7,0.04181274219709214,0.038384445372290125,0.6285302604330847
s015,s007,7,0.048787904575400734,0.013308300532125842,0.5658573251996962
s015,s008,7,0.0727749012150675,0.12440178730713987,0.6306005991597766
s015,s010,7,0.1243255882580984,0.003203907626337025,0.78766871336447
s015,s011,7,0.11350417125576602,0.077283911392932,0.6883361270182524
s015,s012,7,0.06706592422879806,0.009899133068488518,0.7089679625118083
s015,s013,7,0.40128884521939223,0.34577168800300145,0.8147670511617112
s015,s016,7,0.02731034200222903,0.2814991887336045,0.6739930696727444
s015,s017,7,0.08388079058512987,0.006574359482278765,0.7712366529216068
s015,s018,7,0.08855224131698466,0.018116746369112507,0.6943505242725251
s015,s019,7,0.053227546991722594,0.013479907875806026,0.5740191793113779
s015,s020,7,0.06577563550175952,0.0032139479682329066,0.6092394642667687
s015,s021,7,0.08449072859370399,0.008855852724904868,0.8065844499016469
s015,s022,7,0.048605366345329255,0.049302446520555314,0.5995848641271428
s015,s024,7,0.04952131018932119,0.0005225419050953311,0.7223870471372947
s015,s025,7,0.07000040924253191,0.02994154270375672,0.6069308002438746
s015,s026,7,0.043862003003755416,0.004055231089101056,0.6406435820203915
s015,s027,7,0.09072630560853698,0.003757073217576638,0.5338147753384755
s015,s028,7,0.08424205091780937,0.0022415394765426537,0.7986075954175338
s015,s029,7,0.23406743434574426,1.0738518638774437e-06,0.785068617928721
s015,s030,7,0.030556485209169985,0.0036413004423351833,0.6345014779973448
s015,s031,7,0.056069399943684706,0.06277955241787686,0.6032620362900881
s015,s032,7,0.1919362675633324,0.10284339046148323,0.8017973748403017
s015,s033,7,0.039459884416451575,0.010548021262230573,0.7642197221603635
s015,s034,7,0.08441284446388167,0.013742272546877552,0.5845716664421846
s015,s035,7,0.10801170718075921,0.004689373168751961,0.6715178398216837
s015,s036,7,0.046928426324606164,0.0894810158835241,0.5451682344644592
s015,s037,7,0.0840926381124251,0.004595791307963196,0.6308464121977968
s015,s038,7,0.15921573279785362,0.08315793024081362,0.6660781526920156
s015,s039,7,0.04266192228602357,0.15960940631440604,0.7184935487028209
s015,s040,7,0.08243834604867586,0.1460174909768324,0.6476151758276018
s015,s041,7,0.13172196529187152,0.004704022432118143,0.83310017011814
s015,s042,7,0.04826636783157638,0.007084395118051449,0.5656700733687574
s015,s043,7,0.047035518976357056,0.002239434877961399,0.6347496252967388
s015,s044,7,0.11445720497494685,0.0018097588893103078,0.7120581952247741
s015,s046,7,0.03144033995553025,0.2546816036921025,0.7005461165059953
s015,s047,7,0.06953884995312869,0.09472245732615525,0.6041158360358477
s015,s048,7,0.10782259717127046,0.06494081569041336,0.603477985918881
s015,s049,7,0.04156214582184674,0.2059427938695041,0.7300423930334684
s015,s050,7,0.046396927149667304,0.09459431976963123,0.7037521017895618
s015,s051,7,0.08532028135728588,0.03808274263787801,0.6589158153475455
s015,s052,7,0.1538756454201313,0.0511150848977165,0.66077582564096
s015,s053,7,0.25575673443159347,0.3542488257313406,0.8526392189282797
s015,s054,7,0.0421194405516461,0.05154036111735297,0.7512952524820594
s015,s055,7,0.16239846093245733,0.07338262386398167,0.7005010604105835
s015,s056,7,0.18324429194176073,0.037037029374413215,0.7103888716685464
s015,s057,7,0.14510895666314086,0.08387496074073206,0.7583402522667463
s015,s002,8,0.0235397504884954,0.003362054014357138,0.7132458143029247
s015,s003,8,0.08204193063353342,0.07016173440106124,0.690767700100183
s015,s004,8,0.03667355896483891,0.03474017133726863,0.6141447591477391
s015,s005,8,0.03334321809363952,0.05949225908786852,0.7202963078425056
s015,s007,8,0.08535931979433649,0.03200434587884988,0.6448728924476085
s015,s008,8,0.07480855482335431,0.046175668009674035,0.6964686552534111
s015,s010,8,0.1465359039458446,6.735812701018456e-05,0.752214218859148
s015,s011,8,0.1264957387730352,0.04743105719961574,0.6763540013570966
s015,s012,8,0.07136347015481423,0.013956273999781065,0.7193474382822859
s015,s013,8,0.23098607466792687,0.20682965551709773,0.7667753583851087
s015,s016,8,0.019472830110438037,0.057397020026706366,0.6836000880289357
s015,s017,8,0.1115205595968706,0.006316846108247259,0.7918549719787478
s015,s018,8,0.07849001296642,0.054939838206233015,0.742884452327452
s015,s019,8,0.04536687300608108,0.06159878377930001,0.7288974192907077
s015,s020,8,0.08288134115910825,0.022183922635936028,0.7416035002279142
s015,s021,8,0.06536829912357078,0.0733291326439544,0.7917110140121676
s015,s022,8,0.037536509689923434,0.08187507881355532,0.6086126329530702
s015,s024,8,0.040650629347780104,0.004702009448171842,0.698055389591845
s015,s025,8,0.05152234045965762,0.02876501897930846,0.6490959823744114
s015,s026,8,0.04802208905868673,0.019915658990269387,0.6014872685547633
s015,s027,8,0.07080320088914935,0.04438996239519613,0.5352669815134666
s015,s028,8,0.04399664558806926,0.0018745764177051677,0.7477979708587621
s015,s029,8,0.2296217128944689,0.01640860403240873,0.7592939214687348
s015,s030,8,0.021574018404639152,0.007675552002650701,0.5740418704799033
s015,s031,8,0.04078310797002693,0.0708463818949664,0.6276725657915189
s015,s032,8,0.15837817526899586,0.14795893046902006,0.805281986573139
s015,s033,8,0.04724240587719147,0.022415631990178236,0.6288726782317918
s015,s034,8,0.08192052463275089,0.013862967315056915,0.5518791803078638
s015,s035,8,0.09977731973835173,0.00430604393346183,0.6240541809477422
s015,s036,8,0.03396509940402476,0.10969236147881047,0.5660835983859306
s015,s037,8,0.04875734086839549,0.0026122131051631702,0.6765842951003803
s015,s038,8,0.08816654671816708,0.010201972710389534,0.6300459739064823
s015,s039,8,0.03274701558181988,0.0727047400884416,0.6257069068905844
s015,s040,8,0.05935033798140734,0.06669595763506539,0.5151925057257288
s015,s041,8,0.05698569951299237,0.0012029015323417823,0.706734341612863
s015,s042,8,0.044510883896775086,0.027454713972706324,0.6465231325847033
s015,s043,8,0.06743784663998847,0.0302464428214672,0.6288683423702537
s015,s044,8,0.041613995144425424,0.022750926819830847,0.7276335100463244
s015,s046,8,0.0439324907987014,0.06855434093290684,0.6896632111783677
s015,s047,8,0.03630859784983066,0.13579278365934588,0.5867816456194729
s015,s048,8,0.14850275362489984,0.10609925161748052,0.695245988371882
s015,s049,8,0.03796805052743576,0.22274354066291838,0.7053616542178683
s015,s050,8,0.06484862231375076,0.011771091671208095,0.6572220672442451
s015,s051,8,0.08220741376767376,0.1431373697854995,0.7054319044575417
s015,s052,8,0.10272115673183331,0.015291164331009383,0.51357060680435
s015,s053,8,0.16345395543586477,0.07489259399128961,0.7551256150394359
s015,s054,8,0.07153882865311305,0.011830542327767533,0.7703481265937387
s015,s055,8,0.18630207704140145,0.05877141551932371,0.7508548255894334
s015,s056,8,0.12410726814594471,0.0599203243074745,0.6485185978306572
s015,s057,8,0.14094942224183069,0.0976632139560529,0.7113591658885607
s016,s002,5,0.08158541672518868,7.457450648019283e-06,0.6971047843824362
s016,s003,5,0.03419041904178284,0.20123301001615337,0.6652286923500385
s016,s004,5,0.06514851124136363,0.006406027228216912,0.46082853633885873
s016,s005,5,0.11018656225191395,0.00034029537670672653,0.7636699277526661
s016,s007,5,0.061594370332334024,0.005106345204924078,0.621208755516206
s016,s008,5,0.04024201524772268,0.11945138493135425,0.5194376218132963
s016,s010,5,0.06130285206087791,0.016187821427640598,0.7344267783509476
s016,s011,5,0.04690371358105962,0.06150180964652974,0.627644424730935
s016,s012,5,0.03918796893737941,0.10148719560765243,0.6533542405570802
s016,s013,5,0.03083530786356442,0.11661237921542766,0.7195291670944303
s016,s015,5,0.060971632347948466,0.008993083995459028,0.6996343427954161
s016,s017,5,0.03388764236560684,0.016465597438956658,0.7221695134049815
s016,s018,5,0.05418414145864309,0.044249813040238804,0.6105134018931997
s016,s019,5,0.18616746998866882,0.010804154558018095,0.7481744692938113
s016,s020,5,0.06893429306503529,0.001689341593701626,0.695642131069393
s016,s021,5,0.0683749950413706,0.00922639617958405,0.7113159363468613
s016,s022,5,0.13762036041272754,0.14443046668467108,0.5722141206486122
s016,s024,5,0.06133119160369396,0.005449249475310419,0.7163221221389434
s016,s025,5,0.05351135128014918,0.005452647870273609,0.5842969151380307
s016,s026,5,0.07283091511501198,0.032179634484263996,0.6179168318052191
s016,s027,5,0.08834218009827509,0.013323433288080368,0.4512760692551066
s016,s028,5,0.027962183467843592,0.0015197859623528637,0.6942685653169065
s016,s029,5,0.03988767607726832,0.004278299071540944,0.7368236825448747
s016,s030,5,0.09657251959524697,0.04610600296424564,0.6197410065557937
s016,s031,5,0.04201571767369249,0.004541832769997699,0.46203191252659886
s016,s032,5,0.04868507523825121,0.1574626621239765,0.7607320707592187
s016,s033,5,0.18566270883608474,0.0014218798682961956,0.7547478143605216
s016,s034,5,0.04347459077139877,0.05804425273966767,0.6156262216363049
s016,s035,5,0.04089947656161661,0.03840855940546035,0.533860170305572
s016,s036,5,0.10358796753641293,0.07017115738423484,0.5304480643982386
s016,s037,5,0.042813049171979665,0.000241225933596412,0.5406708847199981
s016,s038,5,0.05682472788842986,0.1138037686281175,0.7507109861772135
s016,s039,5,0.0734155205705483,0.13971631392774572,0.654318573120961
s016,s040,5,0.07920162763194027,0.09414285521420124,0.6349528447729574
s016,s041,5,0.06934543363376383,0.009665445481029804,0.7296600518905638
s016,s042,5,0.11069382917000173,0.0006559977785127986,0.4852971859660522
s016,s043,5,0.07176120001239712,0.00017878224373310168,0.659654729123196
s016,s044,5,0.03862058195084234,0.016316789527031,0.694969873863446
s016,s046,5,0.15012540931962512,0.21749521746492476,0.6983376676172198
s016,s047,5,0.08272475127809716,0.0008652155039546417,0.5204590228561248
s016,s048,5,0.031595297677283814,9.486486616223607e-05,0.6492261274631091
s016,s049,5,0.12820401620478952,0.05087055484786214,0.8420205696201438
s016,s050,5,0.08738409760628754,0.11002964302779189,0.6091122821119982
s016,s051,5,0.03756731735554861,0.0005708416589901413,0.7253337898092164
s016,s052,5,0.07850201691926974,0.00849126808721913,0.7302873354332537
s016,s053,5,0.05553849861831718,0.20127736762727025,0.7606356241815169
s016,s054,5,0.07989954896640275,0.01581315987476382,0.7343698212760972
s016,s055,5,0.03498004309233636,0.18636835991308956,0.8051356151730125
s016,s056,5,0.06596284186495291,0.014721816329715883,0.6606737977959022
s016,s057,5,0.041611145356206435,0.061021198726081416,0.685015141074811
s016,s002,6,0.16560843294214328,0.027946596517631116,0.751154208944713
s016,s003,6,0.11118854344961124,0.08921360806976464,0.6087112668944744
s016,s004,6,0.12489059410595668,0.012718205886677134,0.5127896215573585
s016,s005,6,0.1825038388370571,0.002112973275063615,0.688310393996217
s016,s007,6,0.10536434040254504,0.004380817236020422,0.5362315761831021
s016,s008,6,0.10258331648088932,0.10133283403989421,0.4923322757724519
s016,s010,6,0.09005988745911042,0.018710108907777676,0.7591174827369462
s016,s011,6,0.05677737225692672,0.05427765018826545,0.6387678452300137
s016,s012,6,0.23939197189980455,0.04855844533162579,0.6389367656137255
s016,s013,6,0.07715535886429907,0.11721793683059886,0.7797680689853548
s016,s015,6,0.04409314494216119,0.04326239239715759,0.6598706772290616
s016,s017,6,0.07608436309780751,0.0060479445492102055,0.7243006109673018
s016,s018,6,0.07976989961616573,0.05535548364691536,0.5926008819955961
s016,s019,6,0.2199788481414488,0.020142377791002062,0.6272955800183331
s016,s020,6,0.13644829094936323,0.0002810498245023468,0.6007461974699302
s016,s021,6,0.1426771014532705,0.04934836811346995,0.6822121023128559
s016,s022,6,0.15256721936852258,0.0837051594150631,0.5241788157194849
s016,s024,6,0.055733634141896,0.00048617470719852405,0.6332999862419139
s016,s025,6,0.08819596960053766,0.01631390713957319,0.525840480380485
s016,s026,6,0.14329815756670916,0.0016204266332134733,0.6053443334072752
s016,s027,6,0.14159276842613633,0.0010387793966149445,0.4963612589795625
s016,s028,6,0.07076477708883047,0.0016717407058262344,0.7474878590539066
s016,s029,6,0.07934582574960938,0.0027887698347911403,0.747072541829882
s016,s030,6,0.21238490237124558,0.022567189069976946,0.6794109199436622
s016,s031,6,0.10179578227933216,0.0048276210453814545,0.4686972726371749
s016,s032,6,0.0696145798989155,0.24687345561483437,0.7958485652681874
s016,s033,6,0.2982812079302922,0.0009698127670467193,0.8154446896963646
s016,s034,6,0.06821721412610353,0.011903291200243898,0.5777136462074848
s016,s035,6,0.07250530412408755,0.0047305099745775705,0.4788263333609096
s016,s036,6,0.21155292607380127,0.039629028730301656,0.4629712357996355
s016,s037,6,0.21534830974361588,0.016576277830965203,0.5144009767764275
s016,s038,6,0.08949244110591083,0.08212599889916279,0.7322733215933644
s016,s039,6,0.23246260673318456,0.1280936635488072,0.6518339924454286
s016,s040,6,0.12809946241611536,0.12059843054500337,0.6736987643105362
s016,s041,6,0.18773215432207635,0.0782323986344593,0.7983046324512449
s016,s042,6,0.15225423676153166,0.0002446092393391029,0.5290595141558322
s016,s043,6,0.14631959650061718,0.005856695587918706,0.5150572939514569
s016,s044,6,0.11571834109260608,0.0014970217537575723,0.621123507356571
s016,s046,6,0.41580548784520266,0.3150977950299788,0.6760051902877606
s016,s047,6,0.13733815651568188,0.00958758493195143,0.559698731806308
s016,s048,6,0.051611124535270225,0.0008904706822751306,0.4916908374382918
s016,s049,6,0.2331369773392786,0.10861608840836641,0.7643548101218953
s016,s050,6,0.14571578097781904,0.0938709823338329,0.6357948582878437
s016,s051,6,0.08932044679991898,0.004500191965780873,0.712339186216051
s016,s052,6,0.13639260057644453,0.08348579737568505,0.7032073208468653
s016,s053,6,0.07141337732146022,0.21042831506449805,0.8115557421113896
s016,s054,6,0.18159095179714604,0.05275619681366906,0.7115354983041781
s016,s055,6,0.07810412154868436,0.14525766731599096,0.7107443209205853
s016,s056,6,0.09670707056877408,0.004700961074703146,0.6911614209137052
s016,s057,6,0.09832699129141978,0.08079691428684367,0.7304091681397483
s016,s002,7,0.22675549847470947,0.019786278610067532,0.69211749842006
s016,s003,7,0.26397888233816846,0.015245201386726479,0.5674641570278351
s016,s004,7,0.3182510441255827,0.004146639162764519,0.4905019607965088
s016,s005,7,0.26956364838196206,0.05487970867895761,0.8621275515632898
s016,s007,7,0.30510426773157917,0.03240767834295696,0.68304112175774
s016,s008,7,0.29826084234313366,0.004968483612066804,0.6447784672684527
s016,s010,7,0.29488069602172656,0.005940222194257533,0.7246098800181379
s016,s011,7,0.3679773393458266,0.001860804058689051,0.5192591601605608
s016,s012,7,0.209652212033814,0.023080269448900667,0.5286137897417156
s016,s013,7,0.23183087356190685,0.000690109848685645,0.6424676421016519
s016,s015,7,0.16542488806023808,0.0005670934211630717,0.6691880272747557
s016,s017,7,0.22808216167891165,0.05790589788164251,0.7747370454615061
s016,s018,7,0.1992668708768804,0.021475915105286868,0.5498339256644567
s016,s019,7,0.34609122763748196,0.06465198752789834,0.8032849165622539
s016,s020,7,0.3547459193008424,0.0408044389723931,0.619647238204891
s016,s021,7,0.18313907972686141,0.1377858658570077,0.7002536007952785
s016,s022,7,0.46367868900116604,9.056387670555994e-06,0.4061997037114799
s016,s024,7,0.32414392297511624,0.0010434386968260043,0.649134559037296
s016,s025,7,0.2758518576459613,0.11280483390068141,0.7544337816080954
s016,s026,7,0.5045113082310164,0.060575248669780986,0.7040420686587695
s016,s027,7,0.326789845876194,0.0005003138228310613,0.5886556267211343
s016,s028,7,0.19669544604729228,0.01197311495245295,0.5943096656159591
s016,s029,7,0.31644259903621763,5.9489141711519706e-08,0.7646444158219461
s016,s030,7,0.29491288604320304,0.00032289073840772043,0.6219603497895199
s016,s031,7,0.20713973338607822,0.03850835866459865,0.6611219475166672
s016,s032,7,0.2613064483222944,0.10677509363219966,0.669647572885911
s016,s033,7,0.25235944736418386,8.016134616492492e-06,0.7249021360840662
s016,s034,7,0.2594881331744835,0.0015384778209880817,0.603837389187617
s016,s035,7,0.21557340749705864,0.050830851075523376,0.6509768549475413
s016,s036,7,0.3330484739737997,0.0425605403029933,0.3582751144089788
s016,s037,7,0.2197498192776206,0.001751947580912356,0.5888936012327607
s016,s038,7,0.21444555657595846,0.08449766953499828,0.6715628468972311
s016,s039,7,0.31136459071044387,0.1360071455288895,0.6260126273917727
s016,s040,7,0.2592518530056487,0.02338711068626829,0.5299616664696769
s016,s041,7,0.44395756194333813,0.14721240494255552,0.6738225573052208
s016,s042,7,0.27114079585087186,0.0035555969520084585,0.5122399321444566
s016,s043,7,0.3180527946687632,0.046423512365490825,0.42878935743468183
s016,s044,7,0.22669743791526195,0.0038626678234918734,0.6610754394071421
s016,s046,7,0.3920623855904515,0.15465052776829913,0.807696902620487
s016,s047,7,0.2753694987063151,0.0972367394573954,0.677361846565787
s016,s048,7,0.28582474913692524,0.2182026543816504,0.7038776951360028
s016,s049,7,0.2844307901505916,0.013126229395250506,0.7049613391882061
s016,s050,7,0.35579780535676103,0.09375442361012937,0.6201980312863399
s016,s051,7,0.19277959585313242,0.0031528173508198246,0.7426473365124862
s016,s052,7,0.24457135425613766,0.004750273918784085,0.580137019441594
s016,s053,7,0.17702214570211483,0.11263249488686085,0.647692372737467
s016,s054,7,0.494437115685034,0.013815458281874346,0.7654008472379813
s016,s055,7,0.3128646178795454,3.1408294975476745e-05,0.7099219763495794
s016,s056,7,0.3960286963908345,0.0004400820857884237,0.5170942996754553
s016,s057,7,0.2007191288431418,0.021190822222136294,0.5449340692836229
s016,s002,8,0.3927642944500733,0.2629848839724368,0.8182461816550187
s016,s003,8,0.1987086111287764,0.0073324531348889065,0.5715833427327863
s016,s004,8,0.2479948377623985,0.02703201705452904,0.6582741060109937
s016,s005,8,0.34662598060577016,0.011961986230056,0.6908331385231962
s016,s007,8,0.22397312822365362,0.025153238170221158,0.6355489411064346
s016,s008,8,0.19437591627432732,3.0600568418377917e-05,0.5776410114182984
s016,s010,8,0.19338132151340037,6.128179116454347e-06,0.7525757561683951
s016,s011,8,0.16076108589242988,0.02829278196785131,0.5465863617170946
s016,s012,8,0.19963586598806413,0.046234340647958685,0.63473033001811
s016,s013,8,0.16130757174891683,0.010830621544531543,0.6727859819302021
s016,s015,8,0.1532330890528746,0.022707977558497298,0.5955287604996363
s016,s017,8,0.16073389143560277,0.010680173449324272,0.768871802745464
s016,s018,8,0.21538566629102568,0.047123502644997615,0.5649263401259796
s016,s019,8,0.3236245532719031,2.616190674371625e-07,0.67067113753238
s016,s020,8,0.24866977525280284,0.00869569112991189,0.6258000039666594
s016,s021,8,0.1704899939148305,0.12078164426212597,0.6873844613467421
s016,s022,8,0.40514854261017913,0.023678997527311053,0.5234793449171263
s016,s024,8,0.1670212736692893,0.003812840514577952,0.7235041355598766
s016,s025,8,0.14874942244417333,0.00863156232361564,0.6081665100104355
s016,s026,8,0.28126311952008287,0.0021223139831075648,0.7365075258931602
s016,s027,8,0.21968408023318653,0.05863180987169629,0.6010503859984669
s016,s028,8,0.115001832230141,0.0055451506458073395,0.6816738532947672
s016,s029,8,0.19467138636706136,0.004146012370414911,0.695089207697872
s016,s030,8,0.21627297873506304,0.011903062787015748,0.6476597343008991
s016,s031,8,0.3039778327874873,0.0038131054350417485,0.5915618657181907
s016,s032,8,0.1493921176788476,0.1689656017931301,0.7861581699251311
s016,s033,8,0.24880114578351786,0.008997527250994654,0.7444026647478499
s016,s034,8,0.19688337242824236,0.004172651205158557,0.616853255112557
s016,s035,8,0.21870819658053434,0.0019813807120119343,0.6260590935654978
s016,s036,8,0.26008409571229507,0.0002877683206842337,0.3933072777033954
s016,s037,8,0.3842154040471512,0.010734613893724309,0.5565013490274369
s016,s038,8,0.2274842032045338,0.002050802891716817,0.6446239623539936
s016,s039,8,0.22333383931609788,0.1286716022403823,0.654205394623627
s016,s040,8,0.19377173910528242,0.15805541947991797,0.6847066868147488
s016,s041,8,0.4571280193578651,0.05532970315629176,0.6790946708617469
s016,s042,8,0.25823018404036613,0.0009047700573283748,0.6049825909904201
s016,s043,8,0.2604254964007571,0.010050685830939888,0.4727746947160571
s016,s044,8,0.2730536858210688,0.009207474920989878,0.670803743109527
s016,s046,8,0.47283632300577494,0.04955544090903517,0.7576456462904938
s016,s047,8,0.1819838007389215,0.03366809179658853,0.69300427941922
s016,s048,8,0.1844397702487438,0.04659855583656374,0.6371748442254896
s016,s049,8,0.236419815395979,0.08488100329243514,0.6218793396951839
s016,s050,8,0.4111465937723578,0.10692477271766077,0.6844348843300323
s016,s051,8,0.20098211043209013,0.0123412500597472,0.713541205296805
s016,s052,8,0.2290915163744332,0.049095133071849185,0.5832954464877191
s016,s053,8,0.14823864380479265,0.25126563367244403,0.6970239471359839
s016,s054,8,0.4339826781609359,0.004092166837321326,0.6960464572781352
s016,s055,8,0.15734119635302551,0.01646158903339824,0.5675043800611975
s016,s056,8,0.23140205331825717,0.002098591323716475,0.6334426530320201
s016,s057,8,0.20512949482845672,0.10061115376306601,0.7218744928836801
s017,s002,5,0.07088892946669602,0.023431462168527453,0.7598911819419522
s017,s003,5,0.03349393146176383,0.15940838088320994,0.6196446109242102
s017,s004,5,0.036627379458012005,0.03521723028479921,0.5244083182128009
s017,s005,5,0.03963978144906361,0.02645788519018207,0.6854093744520805
s017,s007,5,0.10529815193362722,0.003435812360243725,0.6262664824897144
s017,s008,5,0.052669152660755086,0.010150359592250118,0.6547447283320399
s017,s010,5,0.10920068483510105,0.16933179326482356,0.6983469447244628
s017,s011,5,0.04150855652292933,0.14768365562823876,0.6771884493035198
s017,s012,5,0.013422304997375486,0.3460540258888857,0.6470133448874303
s017,s013,5,0.09341992792529105,0.0009423714966039335,0.7232760110732692
s017,s015,5,0.07150363662363975,0.020499590003684807,0.6672656523585372
s017,s016,5,0.06281970371488249,0.0018491298447391447,0.6344298135637865
s017,s018,5,0.027631596468890404,0.02520430745313366,0.634660247733662
s017,s019,5,0.06833490790489122,3.7336650278485265e-06,0.6220909300775885
s017,s020,5,0.05241787355568004,0.05182723846126154,0.6706867307509159
s017,s021,5,0.0371480528253018,0.019384497470387767,0.7089021560355564
s017,s022,5,0.06973717746527858,0.03157937735597184,0.5430328243971333
s017,s024,5,0.13123910281638973,0.3211287234792321,0.7597342049317078
s017,s025,5,0.055142764374755675,0.030106289327119996,0.6086395673182392
s017,s026,5,0.13109731334706096,0.07829333517272478,0.7109320113495954
s017,s027,5,0.040731203690290756,0.01622633297280084,0.490374945792997
s017,s028,5,0.13328708679088197,0.08724279212535357,0.6967466386685912
s017,s029,5,0.09727127184432846,0.0957428352122839,0.6979099380006382
s017,s030,5,0.044955364122754145,0.0013733089742140718,0.6313524549135935
s017,s031,5,0.039117335255306,0.051157267965146865,0.5769164009848612
s017,s032,5,0.04389315821878777,0.0008123949705376773,0.7507527832174204
s017,s033,5,0.017881451567195047,0.11443149173756018,0.6235092206487302
s017,s034,5,0.04415946610523282,5.4871186910310834e-05,0.5973564393844293
s017,s035,5,0.07567402462353273,5.752639999430172e-06,0.7005424121867139
s017,s036,5,0.08847285488868248,0.032815164299421135,0.45682471239769035
s017,s037,5,0.04565575057443258,0.0067678470739391,0.5854509538622877
s017,s038,5,0.0341259894031563,0.0007802809958757318,0.7109831077261263
s017,s039,5,0.052502907748525014,0.01131121586442716,0.6545357753937259
s017,s040,5,0.02030892461102833,0.05055299896735662,0.6894046936467593
s017,s041,5,0.026157829360344834,0.12827288772957088,0.6402553996806135
s017,s042,5,0.049469264735508875,0.016118616302574922,0.5486809174167279
s017,s043,5,0.04330416023981451,0.052195756455711055,0.5938363534597836
s017,s044,5,0.06642156106409917,0.027930804640713916,0.6847347489799506
s017,s046,5,0.053385444914132385,0.0006018610566257296,0.6345388707880087
s017,s047,5,0.030764970135819143,1.8818319277372493e-05,0.5413486474878355
s017,s048,5,0.027059570221928092,0.012603891381078253,0.601901079845794
s017,s049,5,0.029905749634699115,0.019768245679509633,0.6517693237735862
s017,s050,5,0.11413229107215762,0.0788343373916616,0.7420456282464976
s017,s051,5,0.12458623608316524,0.050738738240965725,0.683771104782763
s017,s052,5,0.04823054611546467,0.008293517578529648,0.5903251373898488
s017,s053,5,0.0963575854674111,0.014872983966809162,0.7077821885994825
s017,s054,5,0.045455057892842786,0.011098676313932344,0.7888123936681981
s017,s055,5,0.0768588871801649,0.04525834996345025,0.7060321182290588
s017,s056,5,0.045928341493889004,0.00038419551074656103,0.7470418063981237
s017,s057,5,0.06826887848640321,0.0012370361348819961,0.6294448950115445
s017,s002,6,0.21970905202498803,0.0017652477885042011,0.7472649754456347
s017,s003,6,0.035439537865212485,0.030238569307184503,0.6131058511902465
s017,s004,6,0.05051216867406489,0.011070809623642297,0.47066616814209095
s017,s005,6,0.036716472732498534,0.11976588028002336,0.6546498287866772
s017,s007,6,0.14493469823255506,0.005923874970870064,0.6534983508481634
s017,s008,6,0.03455150930204787,0.002086309270340568,0.6645355977610814
s017,s010,6,0.32174902531569227,0.07455345985751624,0.6163461246653952
s017,s011,6,0.046453316653499714,0.09635416293756954,0.5893133807174755
s017,s012,6,0.018334846959865328,0.17675194764804023,0.5602228115340336
s017,s013,6,0.09452099470595016,0.07343258409238028,0.6391786927770632
s017,s015,6,0.07696905318721166,0.03695512984723171,0.5934561180349488
s017,s016,6,0.05765970942703962,0.02770164940171347,0.41244455249060713
s017,s018,6,0.03380425087710883,0.020132133187231838,0.5481651057805693
s017,s019,6,0.0618499296964342,0.004670579337092434,0.5029415667545163
s017,s020,6,0.041991824420751105,0.02203670263775127,0.4255681466608533
s017,s021,6,0.05462884162070247,0.01243790260491155,0.790616475121277
s017,s022,6,0.06045124799687494,0.005142904754699713,0.4307363650788231
s017,s024,6,0.15309109416214517,0.2195110975745487,0.691011018978935
s017,s025,6,0.08200166180641187,0.0013749699053964468,0.6368301002610727
s017,s026,6,0.10808972905985706,0.14705879705082914,0.7407683099604466
s017,s027,6,0.05317333239013026,0.013656280335148156,0.5094735609554802
s017,s028,6,0.19424351916373858,0.0764794415536503,0.5651491639616182
s017,s029,6,0.11086386956411518,0.11374865870602112,0.6366250773488176
s017,s030,6,0.04887336875495209,0.13549479526586444,0.7326936109825359
s017,s031,6,0.09768211222391099,0.01531156396409835,0.6514775376733651
s017,s032,6,0.06509565950217899,0.009614513674228185,0.6944567109641597
s017,s033,6,0.023142477143710028,0.08918389788410774,0.49664362656539224
s017,s034,6,0.06160870184316783,0.00029067828435378124,0.46885077271739667
s017,s035,6,0.06364678658303052,0.007840550108864183,0.7292942294381829
s017,s036,6,0.07476609896786747,0.002894910197241034,0.28210564451737824
s017,s037,6,0.06479658978434641,0.022987505477702976,0.6974901318501485
s017,s038,6,0.046205626060866284,0.14355697938182166,0.6958171318827943
s017,s039,6,0.06224417855267907,0.04816468973557946,0.6689775838067239
s017,s040,6,0.026154544448406813,0.018728576471021222,0.549827224156958
s017,s041,6,0.02932775583554009,0.012710385457203661,0.6455079323114263
s017,s042,6,0.07869012827155397,0.015029719047973207,0.5017311371918893
s017,s043,6,0.05328028556204696,0.035353832613660846,0.5714696611978316
s017,s044,6,0.08453475558004211,0.31462471298686323,0.8032371823209941
s017,s046,6,0.027934932416295126,0.00012815957305119588,0.7422910363612706
s017,s047,6,0.06910375506251605,0.011137677257160857,0.46806452342728455
s017,s048,6,0.04244505276379882,0.08022142834759727,0.5477298515703563
s017,s049,6,0.04574399709736409,0.024261875825881435,0.6867781603485718
s017,s050,6,0.17578715370384781,0.01703490838815667,0.7442728560854475
s017,s051,6,0.13237509178380352,0.021053464135047894,0.6062127222762841
s017,s052,6,0.046848553466572206,0.008911503295938556,0.4945411504459662
s017,s053,6,0.10149980373927628,0.0666865612310966,0.6315933018215428
s017,s054,6,0.049169207821881826,6.696397774672662e-05,0.6911645505932377
s017,s055,6,0.09885003917156636,0.003451000999432269,0.5710593713322171
s017,s056,6,0.04456051076837984,0.00012200347506390089,0.5360430484813872
s017,s057,6,0.08902211904002884,0.045584273140780056,0.619647700361105
s017,s002,7,0.11831994464015645,0.00907690591136406,0.7541956350988388
s017,s003,7,0.05698295521521565,0.023467824969268317,0.6494164241900551
s017,s004,7,0.046333906057243524,1.3458604459052924e-05,0.6109504572180928
s017,s005,7,0.032588622330772074,0.09159538396863451,0.6783351422613344
s017,s007,7,0.1197968706698415,0.05650037040060628,0.6698122452972095
s017,s008,7,0.04315986326586245,0.0028354063422280336,0.6057005722894252
s017,s010,7,0.17228338499684817,0.027471094362516726,0.6295049038240818
s017,s011,7,0.09071125287220261,0.053275115437885594,0.5462350012827951
s017,s012,7,0.025094487672881485,0.1683420740996093,0.5100198713824178
s017,s013,7,0.19920156247552093,0.07475251122120426,0.7346986090617449
s017,s015,7,0.1544692221611604,0.20470105560619906,0.7309853907996747
s017,s016,7,0.0790242455907054,0.00936348524083941,0.5591940852118104
s017,s018,7,0.031173743152570363,0.018731410301759864,0.5221329483587982
s017,s019,7,0.06440676700162479,0.020518949774318295,0.5910138596692935
s017,s020,7,0.05191162818912184,0.0012648509387032556,0.5881318242204053
s017,s021,7,0.09187570744904404,0.01209035125277071,0.8113312820138673
s017,s022,7,0.09232861796680732,0.0002255438441555688,0.43506257580724955
s017,s024,7,0.2693190214194187,0.3305870400906789,0.7475052664209993
s017,s025,7,0.10402755131217309,0.00928909755049424,0.5976745094110086
s017,s026,7,0.4200744423322246,0.10152016124200919,0.806040983521784
s017,s027,7,0.08528911343132968,0.00011840062465571517,0.6237555221929102
s017,s028,7,0.24270427752622803,0.1740581521609957,0.6371265840175246
s017,s029,7,0.1758615392749312,0.062225535804533806,0.7286057008413472
s017,s030,7,0.08288597129790458,0.00981388330012497,0.6243597709978697
s017,s031,7,0.07409625943821964,0.0252405072535715,0.6039718414664306
s017,s032,7,0.07574656624906449,0.007818903554470446,0.7087314873323094
s017,s033,7,0.03227358397945996,0.04919312318567121,0.5418713451094591
s017,s034,7,0.050321311817118915,0.00793430732993462,0.5541476261671622
s017,s035,7,0.08551267163172072,8.187356183214368e-05,0.728056287876673
s017,s036,7,0.15632804184672214,0.007175395459272406,0.29291157012693453
s017,s037,7,0.1165902374056461,0.018620670859816515,0.6786856108450957
s017,s038,7,0.03719827360718601,0.06181191664730659,0.6304188867780762
s017,s039,7,0.07366470239106977,0.11885852156302822,0.7092732016908909
s017,s040,7,0.04463822817983585,0.0008109387586016082,0.5399275068549302
s017,s041,7,0.05302978481232502,0.0436542789906497,0.6224815410424194
s017,s042,7,0.11499901950227427,0.013758683298330032,0.5809121852676841
s017,s043,7,0.09388163487080012,0.04553186604604575,0.603047112525683
s017,s044,7,0.06971570220231889,0.03361829027878971,0.7418572733621609
s017,s046,7,0.043712073687622685,0.027118525452487243,0.7030540641023088
s017,s047,7,0.06299438474056117,0.05970170485589788,0.5039396131457404
s017,s048,7,0.024620500739767803,0.03369481948001038,0.5846180570778102
s017,s049,7,0.03639232868983186,0.11800638480139458,0.69851315924273
s017,s050,7,0.1531365612540153,0.0015871393335903227,0.7134609274926271
s017,s051,7,0.20742589645052353,0.15437088929253717,0.7094510792533298
s017,s052,7,0.05075739665641141,0.006293954160321489,0.5956978841698114
s017,s053,7,0.1259271358822662,0.048164397014197405,0.6994046441248671
s017,s054,7,0.06267319176874275,0.000316924207909377,0.7245706625063403
s017,s055,7,0.1262760734969998,0.0430818209298204,0.6398370389649028
s017,s056,7,0.06979910532923665,0.0003988780515415728,0.5644593113316497
s017,s057,7,0.14335021796123204,0.013792792145590463,0.6528690984673706
s017,s002,8,0.27687049500764876,0.0011252182269018368,0.8201782972446471
s017,s003,8,0.10109476029024592,0.0071396666878526015,0.5735352486310705
s017,s004,8,0.15888190494784493,0.0021011278836700637,0.6865022756534466
s017,s005,8,0.053049570805778275,0.09677828946937773,0.6769911278862153
s017,s007,8,0.24820054528953894,0.02212281564350002,0.553898130103244
s017,s008,8,0.1450591695125784,0.0011465893294913658,0.5832017200114098
s017,s010,8,0.15472310887023707,0.14944134928065822,0.804907085191094
s017,s011,8,0.11016405719443842,0.12693895952709447,0.5990907925436795
s017,s012,8,0.028257534205259616,0.2537257005291568,0.6084764195633142
s017,s013,8,0.30981566998389026,0.1767989744828813,0.747573775601136
s017,s015,8,0.1750210044419168,0.08340123142904418,0.6497421233114393
s017,s016,8,0.10400972214440733,0.03268863188252237,0.6510016218579154
s017,s018,8,0.06877764180250133,0.008737848651544913,0.6302623561972588
s017,s019,8,0.1387952798575843,0.011066022838137372,0.6015345189593815
s017,s020,8,0.1121280828554671,0.01947687074980305,0.5846598548457783
s017,s021,8,0.09116303553824291,0.02146781476948599,0.826764321555043
s017,s022,8,0.12062004428660619,0.009981376256806743,0.5237663686317076
s017,s024,8,0.30807332359452533,0.26717570718234934,0.7196817762772091
s017,s025,8,0.1782263282372658,0.005908991272612429,0.6221974509265983
s017,s026,8,0.47588479176930903,0.2366477012256959,0.7282065734835849
s017,s027,8,0.11873783551086632,0.01001006344247919,0.6697750420304914
s017,s028,8,0.43978552735973975,0.386868260257045,0.770576104423194
s017,s029,8,0.2471188450144353,0.02648455309215246,0.7351709274365426
s017,s030,8,0.06197750589844961,0.003975418845296494,0.6623806053789923
s017,s031,8,0.0701418475174645,2.531735742918748e-05,0.6349086701921494
s017,s032,8,0.1379855830986024,0.043707742291714584,0.8021679311068035
s017,s033,8,0.03937996324216314,0.2781317966710323,0.7854029546481811
s017,s034,8,0.08162202057555717,0.004724086409683423,0.6032147966652109
s017,s035,8,0.1417482923785184,0.0438893476364631,0.6952389412324329
s017,s036,8,0.15724694114335352,0.0314521635702878,0.40881154572133493
s017,s037,8,0.15012224971860605,0.005251792415714451,0.5968619730896968
s017,s038,8,0.07584447686288215,0.04201993113910929,0.635925454250326
s017,s039,8,0.06220398910430894,0.002552199410426344,0.709929618461792
s017,s040,8,0.046022344828147356,0.09196645980543591,0.6596281005353264
s017,s041,8,0.07837124610858377,0.1913954035121231,0.8454616279750972
s017,s042,8,0.11787850505864737,0.034731709573260085,0.5899793618137587
s017,s043,8,0.2274797521991699,0.016707813288162395,0.5269297024929168
s017,s044,8,0.19713361752952183,0.06174978074111601,0.7276728786092977
s017,s046,8,0.11179211557056631,0.04766233473441294,0.7793522328552069
s017,s047,8,0.08502087706476459,0.03642833517536012,0.6298908556700679
s017,s048,8,0.06335200917701005,0.014105573453632473,0.5615052463238512
s017,s049,8,0.056267961493102994,0.05028235197934554,0.7414081655963526
s017,s050,8,0.10961702140188419,0.004933910202476556,0.696588715347051
s017,s051,8,0.21419460162256182,0.10904282876156357,0.6740746621856225
s017,s052,8,0.07755558295673178,0.023783204422527987,0.6618697557685999
s017,s053,8,0.19183804940221305,0.04537054535849648,0.7916930852683539
s017,s054,8,0.058453151790722066,0.002064548400480006,0.7272105655370286
s017,s055,8,0.17936896775890798,0.0025850871656254025,0.6270999690644111
s017,s056,8,0.09974336103599672,0.0003929258367503281,0.6338311780497103
s017,s057,8,0.2380096449728572,0.027427452031735536,0.7408383902314672
s018,s002,5,0.08042586057860038,0.02067015950856793,0.7545585331022064
s018,s003,5,0.047027588714063144,0.006565433497956851,0.7639929311938709
s018,s004,5,0.06809284121277574,0.0062366892627784,0.5942291157708153
s018,s005,5,0.16995061502527925,0.006104965346639397,0.6975328667630218
s018,s007,5,0.10803639755332063,0.00023975912742493522,0.6246371706819906
s018,s008,5,0.05239268269209282,0.016666458857970256,0.7762954606294343
s018,s010,5,0.0671046182347805,0.011110387517154968,0.7252083585348746
s018,s011,5,0.08607770098278408,0.1579353214586096,0.7859203889542462
s018,s012,5,0.15576227792189076,0.1534046621802955,0.7914747975034301
s018,s013,5,0.06115692485627175,0.015430906382443155,0.8132733109860109
s018,s015,5,0.06749307694873358,0.001570039055247005,0.6778551885719464
s018,s016,5,0.022581686382083733,0.22575168685530836,0.6726829500225573
s018,s017,5,0.047173740371358436,0.05951652124082433,0.8375387156751707
s018,s019,5,0.028308381803481362,0.019791577351384333,0.6452560706498353
s018,s020,5,0.0848378220878937,0.016608763339663827,0.6990652130547196
s018,s021,5,0.05501793083670284,0.14446802154705726,0.7737869602020634
s018,s022,5,0.06597413982771252,0.20618665268219605,0.7225172799076621
s018,s024,5,0.026519740184049637,0.09846901347345133,0.763652952892075
s018,s025,5,0.025036319120387767,0.00012038790343280713,0.7566897858465661
s018,s026,5,0.0490638039487008,0.002279762413609189,0.5769840440022583
s018,s027,5,0.05224171684273968,0.013876404342395066,0.5575311949863475
s018,s028,5,0.03934062981294408,0.017040202593725573,0.7528799685220697
s018,s029,5,0.17153519125713937,0.04980052190042835,0.764705975487754
s018,s030,5,0.02387041279920847,0.03399100554642864,0.6695150566296315
s018,s031,5,0.06743983923774839,0.007290935724205375,0.7289980630619113
s018,s032,5,0.0848748929985934,0.17942808062411805,0.8156484319050619
s018,s033,5,0.06556250019641215,0.024342015276561036,0.6047253367554416
s018,s034,5,0.06618119335109933,0.023472949996603043,0.6217627477561709
s018,s035,5,0.04453533740403238,0.02771863591369533,0.6767130140410939
s018,s036,5,0.03640954107448994,0.18462305750356814,0.7037395420668315
s018,s037,5,0.055321020397404934,0.0003565273058059535,0.780784783699729
s018,s038,5,0.050036347747543224,0.018615564135554815,0.6822387685273986
s018,s039,5,0.04327509279796118,0.032614556084119624,0.6479794966362358
s018,s040,5,0.05295389484912665,0.016826507247890223,0.5739483007415704
s018,s041,5,0.05283096033535489,0.009430605738237926,0.8215481912817365
s018,s042,5,0.0794781865860097,0.06504801657529577,0.6307629189861779
s018,s043,5,0.049942110231157494,0.2550123311764173,0.762853945499838
s018,s044,5,0.02722137523652422,0.08998979864773607,0.8142417931493313
s018,s046,5,0.049474695093213464,7.032058847191531e-05,0.7469839065021511
s018,s047,5,0.06335018730218676,0.10465587332691387,0.5046345177708744
s018,s048,5,0.030122466359830458,0.004309036015540284,0.7251342962797951
s018,s049,5,0.04333894528297106,0.130964992081116,0.8046936035922693
s018,s050,5,0.0832771837793939,0.010112048531851136,0.6035382103722886
s018,s051,5,0.06387097082676049,0.08392847600046385,0.7132510521789864
s018,s052,5,0.07831126652040779,0.015188609010609554,0.5321129377099569
s018,s053,5,0.08771816612418588,0.07741138151789123,0.8033730050735144
s018,s054,5,0.04291594401655672,0.05115110952457941,0.7666823759414604
s018,s055,5,0.06210437558154803,0.12754262314450127,0.874037125999639
s018,s056,5,0.07953631166130543,0.11056243241809957,0.725164245171027
s018,s057,5,0.09386622730973376,0.194150421173213,0.7997370400124435
s018,s002,6,0.06831029660404231,0.0026065853224059316,0.6598112612992879
s018,s003,6,0.03572431592495731,0.030034157562505166,0.7555563054785122
s018,s004,6,0.022307308503698782,0.0016115876759880624,0.57478072983663
s018,s005,6,0.09981984478010263,0.03850504246028772,0.6591894565431854
s018,s007,6,0.08619764216854377,0.020742765988832925,0.5692215750292388
s018,s008,6,0.02521063097740391,0.009502011299105962,0.8041546088928299
s018,s010,6,0.029771371655702226,0.0005416461977745868,0.6402269895285786
s018,s011,6,0.0499093547281539,0.14861172444314705,0.7916162493260168
s018,s012,6,0.14321315879160296,0.14099854179995347,0.7879926362711631
s018,s013,6,0.033292479269326304,0.006184705680806809,0.7580692206516262
s018,s015,6,0.04342103025763797,0.00441998157096427,0.6375454436712374
s018,s016,6,0.01533669111164413,0.11729709495825916,0.5763683968644389
s018,s017,6,0.01264623369643864,0.1481626087362596,0.7797289487221579
s018,s019,6,0.01608583159445957,0.005038734852261494,0.6074846216888046
s018,s020,6,0.04760781336527112,0.011451488536913062,0.6129132808331852
s018,s021,6,0.023013139247216163,0.04160271544994287,0.6368293723113051
s018,s022,6,0.015310983360127376,0.15992150134878338,0.6954395463781532
s018,s024,6,0.022371730921969302,0.016009133184832887,0.7145757609754596
s018,s025,6,0.020695081201285305,0.002314840096557985,0.7924587092633945
s018,s026,6,0.018202904178918518,0.008216057205886636,0.5241444374206383
s018,s027,6,0.025900043254258178,0.0024669800376320634,0.5523324150272412
s018,s028,6,0.013168850989707291,0.0255810827261497,0.6559728129268985
s018,s029,6,0.06811229681975904,0.058739611956696365,0.7691431956677288
s018,s030,6,0.02726257568647902,1.7072456628074523e-06,0.6959211337148269
s018,s031,6,0.03469761560320279,0.0007526118295976264,0.7318077733371848
s018,s032,6,0.05967424312202227,0.11350045962245574,0.7494708944649062
s018,s033,6,0.025251976616813422,0.015336686922296873,0.5510689035483811
s018,s034,6,0.0374458082023056,0.025471817888401378,0.6389213376557052
s018,s035,6,0.03839667417706385,0.0007406537182955428,0.6036695333231421
s018,s036,6,0.01768942376301591,0.20219854384936106,0.6720029413524087
s018,s037,6,0.05498545961026905,0.005091825769165492,0.674383041085262
s018,s038,6,0.03895027032258255,0.0008701457241391114,0.6173740138079297
s018,s039,6,0.020747650895961284,0.0013100193813151489,0.531515077259255
s018,s040,6,0.03951818663020028,0.007785686786695955,0.511363359993534
s018,s041,6,0.040429414488503755,0.010888421490551527,0.7919739158823016
s018,s042,6,0.047509566183378114,0.034519418664990316,0.6150112009585685
s018,s043,6,0.012519770048447905,0.14117585571508587,0.6679423782922546
s018,s044,6,0.015969901160337665,0.11735424916203178,0.7224296468017386
s018,s046,6,0.01512156439324234,0.0045966226208388195,0.6355408709816383
s018,s047,6,0.037407417333282934,0.05318646441517235,0.5339802744979162
s018,s048,6,0.011976718444726005,0.0002683857128261865,0.6451713236109483
s018,s049,6,0.029584321639884777,0.08811198245279746,0.6926414370005254
s018,s050,6,0.024094822862051876,0.07318592487333948,0.6537490139177703
s018,s051,6,0.024291305157360863,0.09741873439267476,0.6485452014319754
s018,s052,6,0.027383949484988505,0.0036773585347373823,0.3966253567822544
s018,s053,6,0.0640856798117557,0.08752549929345868,0.6425290204251117
s018,s054,6,0.029969462929822603,0.006567926972828302,0.7826553686121939
s018,s055,6,0.027271706480226875,0.09661541854948644,0.7859961467487144
s018,s056,6,0.028990021949794133,0.07374505307901627,0.6898502596898387
s018,s057,6,0.03792751463340999,0.1440842399917596,0.7378779453500162
s018,s002,7,0.12236512448438773,0.046749195394581174,0.5939525893124856
s018,s003,7,0.09908124370801488,0.08164144769579446,0.6909085679769872
s018,s004,7,0.06621020979606404,0.011829689437555763,0.564670082326469
s018,s005,7,0.12473500485156103,0.005345132420436991,0.5500482081589152
s018,s007,7,0.19866077935550558,0.02248972280667069,0.44712076519662763
s018,s008,7,0.05138743496720457,0.012173415811013562,0.7403059836063977
s018,s010,7,0.05133710425901255,0.00012887766450885458,0.6211916105151544
s018,s011,7,0.09858653007244882,0.17491715855961704,0.8137108254305299
s018,s012,7,0.16519714744163383,0.24580907839375143,0.8101225465741342
s018,s013,7,0.08516385272992084,0.039488517308020034,0.7392676776779266
s018,s015,7,0.07056100148167456,0.0044132178639013754,0.5766921331585622
s018,s016,7,0.04157012392380955,0.09151992557772706,0.6089668089676558
s018,s017,7,0.0436182212307226,0.13081721415952513,0.7411212825434087
s018,s019,7,0.043254931197469676,0.07558619928728062,0.5420187821628437
s018,s020,7,0.09507055239096862,0.06816383175548833,0.6483683593691532
s018,s021,7,0.06289929527333998,0.007471331715769782,0.5564858371436129
s018,s022,7,0.035013512246478314,0.31719143945184675,0.7283400301278646
s018,s024,7,0.03063427668204843,0.031913873143126735,0.6556540588090634
s018,s025,7,0.06282670281199931,0.003088358075293547,0.7122896682272125
s018,s026,7,0.052701197492985165,0.0019355977055445,0.40282277457501053
s018,s027,7,0.05246994524926578,0.001976626580716847,0.47003019537317103
s018,s028,7,0.03452229957412509,0.009145048630351232,0.7135862191124067
s018,s029,7,0.11677326310032027,0.21397540126513076,0.6623573206609702
s018,s030,7,0.04918138061987698,0.06150542266821579,0.576853383590116
s018,s031,7,0.09216044725390359,0.006486040157454817,0.6449549318507062
s018,s032,7,0.12648417603952553,0.13048205153734863,0.7135711823021499
s018,s033,7,0.07620199860125272,0.04369172359398469,0.5545526715906776
s018,s034,7,0.06351795076801965,0.07011392395787042,0.6482683845742376
s018,s035,7,0.05871356469775516,0.0015718764526920078,0.5410423360626162
s018,s036,7,0.054108434649909935,0.3188956913937112,0.7737581151290951
s018,s037,7,0.14785766354712296,0.09214867799091007,0.57018235930517
s018,s038,7,0.07033321382716866,0.019408335989943813,0.563338102874158
s018,s039,7,0.04539899142006383,0.00016332343039636744,0.47455507012457915
s018,s040,7,0.07556294073071808,0.0018053308987138654,0.526784926744149
s018,s041,7,0.13134542559845228,0.0010076761435591243,0.7694131268105698
s018,s042,7,0.09148975314483034,0.04120208461130815,0.6118619908132493
s018,s043,7,0.044401561059742085,0.20692166934428927,0.6501212555524176
s018,s044,7,0.05609846771937591,0.02732778054131845,0.6087911969381533
s018,s046,7,0.06219848562600586,0.001427245586555545,0.5024286310410998
s018,s047,7,0.06149773950302678,0.057946460963022785,0.49359843068554793
s018,s048,7,0.026654616039658643,1.6717253842675857e-06,0.5899839221495496
s018,s049,7,0.05974723605707658,0.10912400051941443,0.5809486612057487
s018,s050,7,0.08718351535965439,0.047176369627579685,0.5683421847661742
s018,s051,7,0.06200685695997312,0.09355780305236494,0.5927732112570687
s018,s052,7,0.06334528980125846,0.013885822102272238,0.38872540407165
s018,s053,7,0.11196188813808536,0.04442594541750364,0.6713446008131053
s018,s054,7,0.031675317802994936,0.014219909008781353,0.7345407412563433
s018,s055,7,0.062030839461976094,0.12664458100899256,0.7574526175315571
s018,s056,7,0.060772341164045965,0.17046687242312883,0.792843710903368
s018,s057,7,0.05340603095894313,0.12809820566752983,0.7373657999568238
s018,s002,8,0.1281700444496467,0.008140364548186724,0.7294340228359143
s018,s003,8,0.24676827864347714,0.05205988915010053,0.7384529051943753
s018,s004,8,0.07369592674771948,0.004585371926406552,0.5855378031379351
s018,s005,8,0.0977822002858717,0.001127822130076395,0.6601069106822696
s018,s007,8,0.3368530751198412,0.08615403825736634,0.5651959267562521
s018,s008,8,0.1098089739811893,0.006041025603737121,0.7877845570419869
s018,s010,8,0.12194578076511432,0.0016469355650670248,0.6374023747221661
s018,s011,8,0.2330707597449343,0.119341335455499,0.8341377340920164
s018,s012,8,0.3387388109670683,0.14005876354608646,0.844379916417286
s018,s013,8,0.20780802375536936,0.016047004126090003,0.7594061774883256
s018,s015,8,0.23387960969811344,0.008898457829612483,0.5876890228367968
s018,s016,8,0.07026463442824267,0.04407934121645644,0.6216637847938375
s018,s017,8,0.07268347385149948,0.07675712200350658,0.786099464172887
s018,s019,8,0.058080028420089434,0.05451191229734465,0.6118141142804412
s018,s020,8,0.18130944821652298,0.06105028954667607,0.6369860367510005
s018,s021,8,0.13094978527774348,0.08497839342225558,0.6549283811404212
s018,s022,8,0.05768718185946738,0.19661141098808516,0.7222223181416337
s018,s024,8,0.06683330248074955,0.004241690607629169,0.7417468859940055
s018,s025,8,0.06829683920671324,0.00291994987056761,0.8005311779687428
s018,s026,8,0.11757594367441768,0.002885463817208698,0.5768424569479004
s018,s027,8,0.075628777681918,0.0007975850202789305,0.5705770436163279
s018,s028,8,0.08383438848312669,0.014317018477427118,0.6862861747636706
s018,s029,8,0.22882872625457304,0.10832911817289836,0.7302517880826643
s018,s030,8,0.09200437558179789,0.006381301838532808,0.7305945070500824
s018,s031,8,0.12366273503743012,0.0017890032629155805,0.7330330934085726
s018,s032,8,0.24825221414319906,0.16641451326718287,0.7804141408608543
s018,s033,8,0.16328145196272276,0.03640445056349417,0.6016777352972704
s018,s034,8,0.18882052738166616,0.042909035194489756,0.7083470412635264
s018,s035,8,0.10159023091332592,0.0031991850066005354,0.6297518293143199
s018,s036,8,0.07360709822452645,0.27707908867294423,0.720196835746308
s018,s037,8,0.2467241353576361,0.018546382026633185,0.7438851355673277
s018,s038,8,0.08063809347838342,0.02636397915294757,0.6987378517438574
s018,s039,8,0.10312174642868226,0.000978435531412842,0.625942903868524
s018,s040,8,0.14636473193702818,0.02184080190989243,0.6083888489651749
s018,s041,8,0.1752649177981042,0.018807474403780833,0.8247862966836186
s018,s042,8,0.14016222284426266,0.0581882510636941,0.5934378030839049
s018,s043,8,0.058399961737477746,0.2061467425282869,0.7037168751210467
s018,s044,8,0.066171111967133,0.12802004487953722,0.7511181978246506
s018,s046,8,0.10528855820358496,0.00021450203667394192,0.6618555460598841
s018,s047,8,0.1049375555352268,0.047166101886592524,0.5482572542634395
s018,s048,8,0.06031078769367038,0.00254318351889992,0.6558202583912869
s018,s049,8,0.1505137277767293,0.1659685850544595,0.6953397408636154
s018,s050,8,0.40827265590027595,0.05023340544379411,0.6132150886082489
s018,s051,8,0.15666266768283008,0.14511829476239044,0.6871486736840355
s018,s052,8,0.1366414921910918,0.002498583118836442,0.49954993022433153
s018,s053,8,0.24585646034539152,0.07579857554122157,0.6981021192389226
s018,s054,8,0.10208525496255422,0.005741233687842461,0.7793637512001582
s018,s055,8,0.1177486928584967,0.05596406632408848,0.8390725670499486
s018,s056,8,0.17118684646921156,0.0913401581233005,0.7651580198545304
s018,s057,8,0.13993240239912494,0.1649416419741114,0.7911085479615303
s019,s002,5,0.04253737442435898,0.015858976544959158,0.5660781634584425
s019,s003,5,0.03708874643051976,0.008953078991205295,0.6083309009270746
s019,s004,5,0.0684162075618955,0.03311310969550566,0.5761856782008183
s019,s005,5,0.050573894110676414,0.43778677636229735,0.8437431564948261
s019,s007,5,0.026384330311542095,0.040986774502622565,0.7001214394563064
s019,s008,5,0.0653445800683875,0.000287816341141787,0.5577381306914874
s019,s010,5,0.051481296407038614,0.07960739732342628,0.5657704884290995
s019,s011,5,0.026416563387221686,0.003816554980764214,0.4545785280753472
s019,s012,5,0.022386189571891278,0.0031421999515191743,0.4712768527399974
s019,s013,5,0.028494337732013885,0.02374075562790868,0.5325258914161992
s019,s015,5,0.023751369795357746,0.18632673215839202,0.7254571514295414
s019,s016,5,0.03872960969508743,0.018236639644878826,0.6395731084211629
s019,s017,5,0.04414147390679456,0.0033658580171730666,0.6488146874129148
s019,s018,5,0.01729199711777507,0.0003991228711822674,0.5114109055464335
s019,s020,5,0.02440894893888034,0.21883349573329014,0.7922299053384877
s019,s021,5,0.059340537499217805,0.06186380023324773,0.5919853958845539
s019,s022,5,0.06940749421823336,0.05768433903975018,0.44663705748039173
s019,s024,5,0.04951621292306918,0.0003337774440311636,0.5791161193152743
s019,s025,5,0.07082432488299052,0.04521281585783912,0.582059043535935
s019,s026,5,0.03695761707094258,0.02363564532840618,0.5546415650647845
s019,s027,5,0.07178003372547088,0.018865905180375644,0.5110484804164402
s019,s028,5,0.06216754764785587,0.008436302501374114,0.5219685189103963
s019,s029,5,0.05258925645051807,0.09540951776938082,0.6581304842044434
s019,s030,5,0.021535373890778718,0.014287115957732608,0.4543007192683476
s019,s031,5,0.024872587368534885,0.01568222852779521,0.5364240110452676
s019,s032,5,0.0840458532185277,0.0031746226644460743,0.5664466156725794
s019,s033,5,0.025795573663999323,0.0007460040531831445,0.48419785494912054
s019,s034,5,0.0342800664795021,2.4749230493499346e-06,0.5326205651846756
s019,s035,5,0.030464255050288637,0.032285512652281176,0.5842130825795266
s019,s036,5,0.039030887512197535,0.013157109450733841,0.3826133841131715
s019,s037,5,0.03969759238483972,0.04802125303107169,0.4928007197552296
s019,s038,5,0.028613318150258048,0.0028576648335105655,0.5192440838741994
s019,s039,5,0.05229357229143129,0.0620914797866394,0.46831388756210235
s019,s040,5,0.031876919865928825,0.03459630641647777,0.38070103524376797
s019,s041,5,0.03304502534129195,0.00021232880543444637,0.39708420706838593
s019,s042,5,0.06165061693441275,0.017932579887698995,0.5457025309889002
s019,s043,5,0.08758966931088236,0.052039364649941626,0.5158329706271192
s019,s044,5,0.024680741596082644,0.009798454727108434,0.675646656033868
s019,s046,5,0.02477026856890408,0.00464549155342574,0.690062889356407
s019,s047,5,0.040921468180907965,0.0032222668331552433,0.6187611745633946
s019,s048,5,0.020643737358641338,0.10324996161439155,0.7908886991513197
s019,s049,5,0.06508310711743896,0.050485636965416594,0.6546636776858453
s019,s050,5,0.020630008339754032,0.005308243382721219,0.5447108163880426
s019,s051,5,0.04236078462093337,0.1289983016547743,0.6686544006604869
s019,s052,5,0.03956375779899431,0.002208901901777304,0.4509687954790326
s019,s053,5,0.03546273906356833,0.037512150126554164,0.49952450478186805
s019,s054,5,0.12966566135303823,0.0001320753058702302,0.6518106787810383
s019,s055,5,0.04724484864556672,0.003655980358000411,0.6410107342546861
s019,s056,5,0.029057980979372004,0.008259150893936796,0.3966030464177604
s019,s057,5,0.025240481679029307,0.002700462572053093,0.4331420053436247
s019,s002,6,0.1307484999818863,0.006998210805970014,0.6460968146304656
s019,s003,6,0.02774496199400949,0.02401410390134344,0.7052069954900216
s019,s004,6,0.04938068624432735,0.004384477174622877,0.6519306842119527
s019,s005,6,0.058690483026796685,0.1660068151852256,0.8650573466534367
s019,s007,6,0.047392924433101814,0.013269991954951307,0.7434956452558379
s019,s008,6,0.08965718213906092,0.004538636688310482,0.7190396096517883
s019,s010,6,0.02980571390666636,0.12119249186603176,0.6467157579995741
s019,s011,6,0.02763884828888584,0.04973918082306097,0.6152365871528326
s019,s012,6,0.018224592071122075,0.037379015578026524,0.6417453456419767
s019,s013,6,0.03261273912426282,0.0018627018064081686,0.6025666660344174
s019,s015,6,0.04183539219887751,0.036167578241172095,0.6944870313389252
s019,s016,6,0.07674515193328729,0.007988099369927127,0.6737518949187045
s019,s017,6,0.06330603275703957,0.005249539863515816,0.7434665192676991
s019,s018,6,0.013859163381579302,0.09234955177906577,0.6303359664092215
s019,s020,6,0.026524403343559932,0.16417237793359138,0.815003160719406
s019,s021,6,0.02225161339015047,8.719629399887551e-05,0.6096626957884433
s019,s022,6,0.03894680443605592,0.050902135884660825,0.6296549905046331
s019,s024,6,0.08325821167148198,0.04682801258843741,0.6738941551281145
s019,s025,6,0.06136085708756294,0.08189525617698075,0.6685564030347597
s019,s026,6,0.07726730410882894,0.008302776752252224,0.6216719465870457
s019,s027,6,0.08401512058477272,0.009578064690968537,0.5668183490270899
s019,s028,6,0.14073062818093687,0.035416419273819603,0.6334026640661057
s019,s029,6,0.03466614472950978,0.14086221027497137,0.7133168358999683
s019,s030,6,0.02974212928913015,0.004724362161462521,0.5971766802216463
s019,s031,6,0.02733092417489525,0.08832819746009328,0.6227364800543593
s019,s032,6,0.06750223754160539,0.02658139818590924,0.687588806343081
s019,s033,6,0.019353689727671,0.01755870547757851,0.55501605463603
s019,s034,6,0.03394222728830443,0.014161228270315013,0.6664231355760547
s019,s035,6,0.03538769634773348,0.008964755931595032,0.6158379073016189
s019,s036,6,0.038187750105857225,0.05477032361809328,0.5050846883712709
s019,s037,6,0.02929386652862072,0.01441022303119661,0.5257450365634515
s019,s038,6,0.044514279380706186,0.09501917166934769,0.622496408080923
s019,s039,6,0.027899410690513878,0.00019824350752388654,0.5071633217392535
s019,s040,6,0.020336931718130075,0.0005289246270806076,0.5673549198793203
s019,s041,6,0.023521200431732153,0.0007196572704681658,0.5256651847499647
s019,s042,6,0.04825591705273789,0.00010713969147797073,0.6166261966556577
s019,s043,6,0.10395831521168379,0.09406309503948683,0.6181151005649896
s019,s044,6,0.02688130077173236,0.0014574473386772153,0.7459444650671001
s019,s046,6,0.018140392306795507,0.04396097077929815,0.725308516083421
s019,s047,6,0.039747573571705816,0.09727088752172912,0.680932633441464
s019,s048,6,0.02934203899205931,0.041389331326696484,0.8040539026983745
s019,s049,6,0.03389635514007821,0.058573308727299565,0.6830802248209913
s019,s050,6,0.03179144767021826,0.0003220359640712541,0.6231832357632677
s019,s051,6,0.03429033748172551,0.1261362458437026,0.7260216378396045
s019,s052,6,0.027674150421663032,0.01772335403450697,0.49832475587541397
s019,s053,6,0.05240906330810797,0.00429262863432812,0.5263611089752742
s019,s054,6,0.044991694304533446,0.06383773856775374,0.7230325739457518
s019,s055,6,0.05468929492937601,0.007727217635660125,0.6634901261249719
s019,s056,6,0.04074751890300228,0.10834202639025335,0.571461718896674
s019,s057,6,0.024036968900856062,0.006436103185105299,0.5798536481958201
s019,s002,7,0.09126288832889243,0.030889679474496636,0.6025034558095725
s019,s003,7,0.1153157921615398,3.0752744285258185e-07,0.6720907413451495
s019,s004,7,0.08852897925901762,0.0012548751237686723,0.6139494411188816
s019,s005,7,0.09250524174018002,0.17116843527616074,0.8518842908426796
s019,s007,7,0.07327454439470125,0.009267797487597377,0.7588805014193934
s019,s008,7,0.1412402999347118,0.0010919083705717468,0.6242457468949816
s019,s010,7,0.1020054692454629,0.05760195072595783,0.5512573168048439
s019,s011,7,0.03930082053837237,0.015020940465698037,0.5040784800788125
s019,s012,7,0.03258869531915326,0.0776370685725428,0.5578868549958084
s019,s013,7,0.10227481070085791,0.06224432820018652,0.5257340040916998
s019,s015,7,0.05662417527126394,0.027621954732684882,0.5694864811790845
s019,s016,7,0.07737028123102782,0.02827864482492491,0.5767920549210261
s019,s017,7,0.08673728243850896,0.015455147613943664,0.6304119459604567
s019,s018,7,0.028633460672072463,0.0035091059200640083,0.4846404048485165
s019,s020,7,0.039191938967061364,0.1644737819398759,0.698519695119255
s019,s021,7,0.0490681875581825,0.015710343502403367,0.49704614123994345
s019,s022,7,0.10142159945561056,0.0004277155747247757,0.5050415390609901
s019,s024,7,0.11654472389236731,3.489710766502541e-05,0.5391921531697024
s019,s025,7,0.11617171909928714,0.024447350561635245,0.6226029046508881
s019,s026,7,0.09661736476704212,0.012346456015375581,0.623755846912485
s019,s027,7,0.4192970092696125,0.05030741948375633,0.6070056390623547
s019,s028,7,0.13938212479908133,0.010632063537151501,0.5580097299580649
s019,s029,7,0.2572579738236114,0.035922097160692106,0.6631984746317375
s019,s030,7,0.067675350477418,0.024989085633348396,0.5449192665557516
s019,s031,7,0.07498381756057361,0.06074201347063154,0.6845770979095441
s019,s032,7,0.13442042155294653,0.001654303289211227,0.6178738773152433
s019,s033,7,0.03131219269176081,0.0016697095373027146,0.43699647621217386
s019,s034,7,0.14381507439250915,0.0031727698975246147,0.6455606869650247
s019,s035,7,0.075459466746048,0.03935603608516212,0.513455135265308
s019,s036,7,0.08115519233531356,0.011574365206303009,0.3740022232426675
s019,s037,7,0.04589442261682806,0.03187280851887194,0.5203600549623669
s019,s038,7,0.07030154352177792,0.050434174984994876,0.5007638507856941
s019,s039,7,0.07527030008737651,0.011948801434777527,0.41880084867804696
s019,s040,7,0.04067845794445528,0.025523086893546282,0.39116034887318746
s019,s041,7,0.09073926970181335,0.03553068947617978,0.454477527504444
s019,s042,7,0.09629806708783939,0.0005556044104127878,0.6022664423189914
s019,s043,7,0.10536861318119954,0.057292114971335656,0.47212925509405423
s019,s044,7,0.08607429414524596,0.000727811491989221,0.6942828719592515
s019,s046,7,0.06502589350315748,0.010894336452522439,0.7171781159201263
s019,s047,7,0.07367150362904155,0.03700450541816745,0.6086217756560726
s019,s048,7,0.05475689674604845,0.08648915677734997,0.7633377769464482
s019,s049,7,0.0728127641259598,0.018654547972614163,0.6122418286097236
s019,s050,7,0.03657798008818902,0.004159303210989098,0.5489570710094712
s019,s051,7,0.03738530332569595,0.04596853178214823,0.6722021990059196
s019,s052,7,0.07200883655629133,0.029728057238938555,0.3240085060814468
s019,s053,7,0.07807473230099254,0.000370495353084012,0.44932835891231493
s019,s054,7,0.11852559021637474,0.04307231554894268,0.6032192060633189
s019,s055,7,0.08720329242251908,0.00039336249387927604,0.5901137941194611
s019,s056,7,0.07425350609430624,0.020536107315812086,0.4379664237901724
s019,s057,7,0.048070844062406595,0.0034164083514092074,0.5352226883278531
s019,s002,8,0.2050872552527331,7.872648008036261e-05,0.594377670250743
s019,s003,8,0.07186735667341672,0.08042789975939925,0.6740839233254545
s019,s004,8,0.2496212504924614,0.009443461925353086,0.586777773449437
s019,s005,8,0.11764692711931912,0.19248161362339966,0.7893238902346106
s019,s007,8,0.052663953760274926,0.003215983462360222,0.6578821070408213
s019,s008,8,0.14945027246547132,0.0629405449329601,0.6688811610353037
s019,s010,8,0.1488938331355888,0.06831937702295168,0.6044973686542958
s019,s011,8,0.038842157186384056,0.10761705030682499,0.7266390238780117
s019,s012,8,0.03028248100698042,0.19913335136581353,0.7479493397775804
s019,s013,8,0.10567558285678072,0.007177766566500097,0.657489497770371
s019,s015,8,0.05013702745030209,0.029326244179958754,0.5857893436479942
s019,s016,8,0.15390621201443502,0.0909964794913868,0.6273157117147323
s019,s017,8,0.15561511909737336,0.030567097291320598,0.7289584107932758
s019,s018,8,0.0328354569493834,0.06715635494864947,0.6252255161612399
s019,s020,8,0.04745841437418722,0.25575360881095305,0.8170409049293814
s019,s021,8,0.07781849466600971,0.0014302065054664298,0.5748661277615077
s019,s022,8,0.08303327279959843,0.1606301684977793,0.7254636177629756
s019,s024,8,0.10629653699824797,0.09655636558710695,0.6402115256101996
s019,s025,8,0.12011384043416007,0.03670536342722074,0.6371890444048662
s019,s026,8,0.09004318795264211,0.0005500429376174814,0.5798087791742436
s019,s027,8,0.14080718613325197,0.001357515586678369,0.4504692452829245
s019,s028,8,0.1979853353865337,0.030593452745148235,0.626228546934601
s019,s029,8,0.24484641818590255,0.010784039450842053,0.6312398126633624
s019,s030,8,0.04561409453474157,0.0005215070193431003,0.6075625450853229
s019,s031,8,0.04442907293788511,0.09472489054203781,0.6333020956548355
s019,s032,8,0.11045048886699849,0.10396503335917835,0.7087217266847592
s019,s033,8,0.04350677303581849,0.005720619973730528,0.565097087671148
s019,s034,8,0.07590994299835152,0.0163497191812097,0.6018470302400123
s019,s035,8,0.11775232793636828,0.025370911344480516,0.5349382419569713
s019,s036,8,0.07102188529949482,0.1270531494569609,0.6801195839269272
s019,s037,8,0.0887600899256851,0.007684550560720121,0.5437851332001027
s019,s038,8,0.06264552283439032,0.01542534100986408,0.5015218196343016
s019,s039,8,0.10357101012004333,0.007749606220369295,0.42046961505084623
s019,s040,8,0.039262787324257385,0.06437946464097125,0.47074789947153545
s019,s041,8,0.09085662462281974,0.006833725805845335,0.5878715200975005
s019,s042,8,0.061750056337987254,0.005526769473153083,0.4665579070251469
s019,s043,8,0.16983555993396687,0.23213774720445152,0.6868222876720543
s019,s044,8,0.07741666338921556,0.020886809647230012,0.7282174287782144
s019,s046,8,0.14433693686244511,1.3483435347962165e-06,0.6627689711756957
s019,s047,8,0.053419202061291506,0.02444044840207757,0.5896000405535028
s019,s048,8,0.07766730589367009,0.03524718794710949,0.7918781157007216
s019,s049,8,0.10168065753618823,0.08121907829406287,0.6624461114385529
s019,s050,8,0.07725627688148279,0.01977440277606542,0.5119677646171632
s019,s051,8,0.14937574614956314,0.022258303078080608,0.6377078725371974
s019,s052,8,0.12783645601073879,0.035435376176586375,0.40031675595989274
s019,s053,8,0.0736157166287175,0.07027408676536667,0.5467920282246435
s019,s054,8,0.09832589311490127,0.15706060521709778,0.6171342349595512
s019,s055,8,0.12483413660215006,0.11146853632584418,0.6873612510031846
s019,s056,8,0.11043091305116166,0.02133920273377318,0.5795888108006866
s019,s057,8,0.0626801029394521,0.09751158076404236,0.6625155393865716
s020,s002,5,0.029003744478768672,0.0030376186233267415,0.6381426090490759
s020,s003,5,0.20260540661612958,0.037371511619397356,0.7168569825328203
s020,s004,5,0.14968611055358635,0.0010231007779961507,0.5734368584944868
s020,s005,5,0.028393816323177112,0.31995252641942024,0.7830964282701227
s020,s007,5,0.08948812400280419,0.003842873068834912,0.7463530769728477
s020,s008,5,0.14999201827400904,0.05279507759814605,0.8263992235334502
s020,s010,5,0.08276231632752441,0.0017673876686282518,0.540817773622046
s020,s011,5,0.328606274072528,0.11389243173258695,0.6827861652473934
s020,s012,5,0.12210620806903393,0.10860250571556214,0.7359959178930583
s020,s013,5,0.20370034419002467,0.010890166649243927,0.6432841356374107
s020,s015,5,0.15750015148123298,0.022732701423404784,0.6518122713220236
s020,s016,5,0.028613658320950506,0.001144362874430686,0.6056430704349401
s020,s017,5,0.11326832905106761,0.0001564153539572775,0.7827167271874241
s020,s018,5,0.19738378662618736,0.046587487115068424,0.6990859916798317
s020,s019,5,0.05468466284792974,0.19608015143532254,0.7707601708584736
s020,s021,5,0.09229071056823797,0.038498347184482994,0.5416898616262806
s020,s022,5,0.044507618160446516,0.16756065252345106,0.6815692171342218
s020,s024,5,0.05058573290993115,0.002230671057033978,0.7019260229251898
s020,s025,5,0.05325138695755436,0.16296900881506365,0.7027851550800013
s020,s026,5,0.07697103379007388,0.00133004727413892,0.6272728796220514
s020,s027,5,0.10901621404456666,0.03674581429891179,0.5328049899813218
s020,s028,5,0.060358237231222765,0.05178346246451638,0.6043524424059803
s020,s029,5,0.10167447936951003,0.029781085575853006,0.7093217129216821
s020,s030,5,0.04005051429669415,0.06771904999341216,0.5739973918314644
s020,s031,5,0.03393564662321714,0.04566706778184101,0.7131745061453204
s020,s032,5,0.21272364687488915,0.019584729592929888,0.7322636456745419
s020,s033,5,0.05814883218199966,0.0025338751224409386,0.4382813724047442
s020,s034,5,0.299961326167923,0.06773130878828398,0.6417821780811137
s020,s035,5,0.058344725362822016,0.009269046884672063,0.621103125458218
s020,s036,5,0.05331775151435122,0.1484677118289166,0.6727224116904331
s020,s037,5,0.16846607714981665,0.1701095209433939,0.6994906785100915
s020,s038,5,0.07363971943061226,0.011608159517151972,0.5806944795622486
s020,s039,5,0.061987988497896426,0.07003779122790535,0.5244378122761937
s020,s040,5,0.09959921559110549,0.05677831777559893,0.47457530195998987
s020,s041,5,0.07890266591610128,0.10456615012909325,0.5436783319047753
s020,s042,5,0.12141526769052219,0.005021102238690043,0.5710600686613235
s020,s043,5,0.052123231909354424,0.09837514883284214,0.6889677687793034
s020,s044,5,0.04838373687135668,1.0060796243219015e-06,0.7003324900035603
s020,s046,5,0.05510355079362226,0.023058472952942114,0.6438153205516861
s020,s047,5,0.03824825653793038,0.0004551966005095109,0.568958788141189
s020,s048,5,0.08622234716741971,0.1053719915174843,0.801314268369046
s020,s049,5,0.04239803366453306,0.07284668207712897,0.6205321201117192
s020,s050,5,0.07807745132272122,0.0049631094685909476,0.5489487240820375
s020,s051,5,0.061617070730337835,0.004460012786728213,0.704477119762393
s020,s052,5,0.09169139840709498,0.0013179568178834024,0.39984114030147405
s020,s053,5,0.12820172664536592,0.026146177639732815,0.5644980974889663
s020,s054,5,0.11275423298571799,0.006362424674440373,0.6858489881229017
s020,s055,5,0.1278181776652262,0.028807347363683764,0.8103232233509081
s020,s056,5,0.31264900755304337,0.03471388844519948,0.5979872851053606
s020,s057,5,0.11355825293618609,0.10233264757004519,0.6513522391653258
s020,s002,6,0.020998678602615218,0.020655385464630853,0.5723780677305726
s020,s003,6,0.06801396088633155,0.20466707122390002,0.746686507643386
s020,s004,6,0.07761430789009614,0.1392454585033085,0.6303946467632323
s020,s005,6,0.02486144181086732,0.12540919851063023,0.5673542117820548
s020,s007,6,0.13052037883336481,0.036335167905581944,0.5798071874463614
s020,s008,6,0.048009563893402496,0.06881211804574328,0.636309127450829
s020,s010,6,0.047123996091471734,2.8816169361141813e-05,0.4796700943598884
s020,s011,6,0.10270811482584064,0.23972669689965614,0.805023976736604
s020,s012,6,0.08557598839799412,0.3151145820756166,0.8176227347295302
s020,s013,6,0.06795506453935123,0.07929197368798878,0.7322268225959621
s020,s015,6,0.0353636815733529,0.012974339250137435,0.5093297413827473
s020,s016,6,0.01599542891988806,0.11058834219785263,0.5689260348316864
s020,s017,6,0.020950025046388213,0.09687058260012962,0.7224851189334929
s020,s018,6,0.10547068383200627,0.08791276703176218,0.7140883420524655
s020,s019,6,0.04399427422654199,0.09598106795874109,0.6070797037818049
s020,s021,6,0.03663779343697808,0.021662319474133006,0.43371541055211404
s020,s022,6,0.01796302855266773,0.41485231134649075,0.8103353855805898
s020,s024,6,0.02588140794902486,0.04598354945759732,0.6179382030297828
s020,s025,6,0.025917311566303634,0.07105026571610958,0.6287965495405987
s020,s026,6,0.0652764964498413,0.005444682135940567,0.4669697527617841
s020,s027,6,0.05017745099979474,0.02646456198584763,0.46148030830768383
s020,s028,6,0.015212803446869995,0.012369638471834577,0.6863623462013022
s020,s029,6,0.020487031693913485,3.232934190518099e-05,0.5615431869954337
s020,s030,6,0.03900776689114426,0.01709928533262939,0.581668676760174
s020,s031,6,0.013178595595679198,0.02194012321443614,0.5388640396276059
s020,s032,6,0.12976664970696572,0.15338239403103063,0.7025512768363337
s020,s033,6,0.041571318309785804,0.021864998356945275,0.46567348093596067
s020,s034,6,0.05959093498758153,0.05364284895202937,0.6348145093513117
s020,s035,6,0.03272640342247122,0.012806991858218698,0.4808371990396134
s020,s036,6,0.05144294541263171,0.2351988589102837,0.7919400370942361
s020,s037,6,0.17402559297363013,0.047959812313038565,0.6684665446775762
s020,s038,6,0.0314994146605298,0.004714680556280688,0.5036556783694139
s020,s039,6,0.027721573863288444,0.020655382264856605,0.4172048650488084
s020,s040,6,0.06827643121825902,0.07022561983714287,0.46247592048006836
s020,s041,6,0.06799423064973076,0.09902585080935021,0.5677066715559813
s020,s042,6,0.07094040604081775,8.284805957875883e-05,0.6618232394690109
s020,s043,6,0.018688652444906095,0.2015029976277387,0.7216719318122534
s020,s044,6,0.02086410421127899,0.06453877153245406,0.6656348394197912
s020,s046,6,0.05974765228548943,0.013278286628909366,0.5225729862502149
s020,s047,6,0.046537519279935304,0.024298956545037168,0.5794523505049484
s020,s048,6,0.031304162552171166,0.004277329745742844,0.6865167091186664
s020,s049,6,0.037195577158194736,0.105894220540053,0.4660323371929148
s020,s050,6,0.03895081194825747,0.004096962582014205,0.4481756799079187
s020,s051,6,0.034000254214816714,0.015522687876861544,0.4575110364087069
s020,s052,6,0.04063029624318116,0.0001283394863101198,0.30255085005243054
s020,s053,6,0.05840941417398046,0.021670133705741917,0.5380805919615572
s020,s054,6,0.13096127552310616,0.009622560982740329,0.5508644690595972
s020,s055,6,0.06524319431491638,0.055909929377582594,0.7478581417151768
s020,s056,6,0.07017668435335916,0.03435296741684739,0.7302220592450217
s020,s057,6,0.06530736964024665,0.058294270355291146,0.6760245879129713
s020,s002,7,0.1670103655060681,0.02051074457177355,0.5951329950036143
s020,s003,7,0.1646593960691351,0.06692270703378028,0.769438539912838
s020,s004,7,0.14609018441536703,0.027826195577298502,0.5836640004515826
s020,s005,7,0.07613648652279868,0.20850577084856856,0.7473833464339662
s020,s007,7,0.4915701368677386,0.010726693794729793,0.7448018916644976
s020,s008,7,0.27072146054520263,0.019064606114250936,0.7090955738568789
s020,s010,7,0.1586376964225425,0.004927229749285902,0.5792486590726122
s020,s011,7,0.5084298631322615,0.12715192705843092,0.7390846091898511
s020,s012,7,0.1820108051195809,0.09269162425049134,0.7469543268163988
s020,s013,7,0.222004470423365,0.09387821277279465,0.6532702877533711
s020,s015,7,0.0955949734040546,0.020318123576412186,0.7066552371111133
s020,s016,7,0.05894157775416089,0.0021185144496911504,0.6601344799197774
s020,s017,7,0.09749831912093201,0.032562200968912734,0.7771065547894385
s020,s018,7,0.1863856746865435,0.1695830959403211,0.7130532857432562
s020,s019,7,0.0871814652895452,0.26205568224573433,0.7525269554269666
s020,s021,7,0.1334944871900371,0.024271818155845237,0.5596083067040942
s020,s022,7,0.06524734787455999,0.31774014064513023,0.7460842946037225
s020,s024,7,0.10029869980996776,0.012135934980638138,0.7125587292641093
s020,s025,7,0.09664997284364293,0.17357971630343058,0.65195532101424
s020,s026,7,0.25677184085937654,0.01894390907068071,0.6139635206424712
s020,s027,7,0.1382808385883838,0.019551747234751688,0.3942213889204777
s020,s028,7,0.16237424292124472,0.00754479207688596,0.5823812810030217
s020,s029,7,0.2540271167804834,0.08286889582514867,0.6611736422071609
s020,s030,7,0.11424225710668745,0.04406187790089138,0.5463240781307535
s020,s031,7,0.0759025972092535,0.005226937764295684,0.5542849156063793
s020,s032,7,0.09270666405610521,0.022086422294400634,0.7423447495836198
s020,s033,7,0.09465322219430874,0.008280858777325935,0.45551753570196307
s020,s034,7,0.10717683742124383,0.006189888120824634,0.6089730701310385
s020,s035,7,0.09058455615957084,0.0068004380977309984,0.5156877227039571
s020,s036,7,0.14364081056545117,0.2288828856897384,0.6756441998598248
s020,s037,7,0.12666668882022952,0.08855257526825505,0.5700127827978995
s020,s038,7,0.09562356738115217,0.03453756892441298,0.5779392254491013
s020,s039,7,0.11289470105608235,0.009337360169702127,0.450895914246716
s020,s040,7,0.11105536112216313,0.014871204137642998,0.49307713021224725
s020,s041,7,0.13438816968209488,0.07130890750080975,0.5396471058532145
s020,s042,7,0.24673377984118366,0.009774091004319764,0.5309396971381258
s020,s043,7,0.057946454714763826,0.188650390346388,0.7439349440726389
s020,s044,7,0.07813169149169782,0.003158596208529417,0.675542102292869
s020,s046,7,0.1129965987701982,0.060253905900523576,0.5665211717556001
s020,s047,7,0.12846972052154862,0.00014220507939671307,0.49389484391972344
s020,s048,7,0.12146533209685485,0.04268529130366567,0.7928017844081071
s020,s049,7,0.06487238298714647,0.08649790835755714,0.617133087250766
s020,s050,7,0.08187133437251908,7.467094089578427e-05,0.5584681649855145
s020,s051,7,0.13364057441389465,0.10978367753834777,0.7378495332881041
s020,s052,7,0.1259810118562181,0.014028108371128974,0.42772254396047427
s020,s053,7,0.16250784354644437,0.001189649731811502,0.5672481600951336
s020,s054,7,0.3164066504584034,0.015327156905880367,0.7233548670552495
s020,s055,7,0.15639895496860423,0.043173461879956916,0.7471106804360252
s020,s056,7,0.2086158123244914,0.06257486458830486,0.634975275768112
s020,s057,7,0.2063785321740504,0.09302092280951438,0.6937909615863321
s020,s002,8,0.04728503984120982,0.015521252225188367,0.6030007792176614
s020,s003,8,0.1496879876714902,0.07966008638315197,0.7690270694730841
s020,s004,8,0.05133008909058645,0.14821037323718617,0.6934189313862801
s020,s005,8,0.02985277849514127,0.19449650578311556,0.7250585003041565
s020,s007,8,0.09484178925611,0.05380743899819622,0.6715755434603112
s020,s008,8,0.08971240536421632,0.0074495140486475755,0.7479946866646013
s020,s010,8,0.0859210540099841,0.0007247047388597539,0.5564703959202764
s020,s011,8,0.18373070683716952,0.10539398986519143,0.7570132690346959
s020,s012,8,0.26739500966716395,0.22376312610139584,0.8033910982665964
s020,s013,8,0.07914444456483008,0.08011603576235936,0.7774852839892833
s020,s015,8,0.035009887768173466,0.021079595013391073,0.6064297245395794
s020,s016,8,0.02980876444019217,0.007467834166653106,0.6810655235967297
s020,s017,8,0.025498066567381815,0.027165995129511015,0.7665701283814216
s020,s018,8,0.07590581456942472,0.009613232632146591,0.7007900778226261
s020,s019,8,0.05841866196447767,0.1894211193673179,0.7388070009623235
s020,s021,8,0.07084358322730668,0.03779379044668648,0.4760883792300788
s020,s022,8,0.03519106494477705,0.2637566265700862,0.7593844929784633
s020,s024,8,0.034934798110351224,0.03824925407128551,0.6401243815704953
s020,s025,8,0.03882939400599945,0.06466215965665979,0.6665921670018286
s020,s026,8,0.11865266336866369,0.039158301198369785,0.5669066893192878
s020,s027,8,0.10806464196301273,0.06432193116020679,0.5483634594576917
s020,s028,8,0.017019179696110675,0.008698836461726997,0.7075664986805767
s020,s029,8,0.02606441212969665,0.0002129057841681962,0.6713690171209467
s020,s030,8,0.06119057053332753,0.007299736919971488,0.6496827806834647
s020,s031,8,0.0667129655066429,0.022646611315020108,0.6337159240805921
s020,s032,8,0.06194918457322087,0.02925307644491376,0.7403378706523821
s020,s033,8,0.06649710545299126,0.01763980551918825,0.4970342608276957
s020,s034,8,0.08325417699342709,0.0015852270763478176,0.6036913646924318
s020,s035,8,0.0270254718800324,0.0055730818481733195,0.48029847362002515
s020,s036,8,0.06321667208506256,0.18370240827255482,0.704955329361831
s020,s037,8,0.4373362767700546,0.09215374414265638,0.7046619121200137
s020,s038,8,0.03921327505106033,0.013468914483953223,0.559427545737886
s020,s039,8,0.038709180554592285,0.0029712477742188962,0.44732403211270333
s020,s040,8,0.07271904244870288,0.0029330257024352507,0.48872363232283955
s020,s041,8,0.18038940905779488,0.07736644530284227,0.5605899650233545
s020,s042,8,0.08442799098145917,0.009388879852842123,0.725217525319593
s020,s043,8,0.0350023345293578,0.30945397904237154,0.6719860571679943
s020,s044,8,0.028233688750070846,0.09265908700853075,0.7276015192354224
s020,s046,8,0.12342457455502383,0.003652883091349502,0.6185983712012528
s020,s047,8,0.0649563077969258,0.020543131493387226,0.6235637647762778
s020,s048,8,0.03580084601516281,0.060625389180250656,0.7598497737809831
s020,s049,8,0.05264517783509035,0.05273066143156591,0.5590834567437071
s020,s050,8,0.10848647585828147,0.03401942860214761,0.5088077188741872
s020,s051,8,0.043428869697463617,0.01583918446421832,0.6525064021382431
s020,s052,8,0.04651366018517035,0.0007032378125200715,0.2999237447119838
s020,s053,8,0.05555713433769462,0.00451909972897085,0.5600146866028111
s020,s054,8,0.11102763815485112,0.01913439618665241,0.6100263947724737
s020,s055,8,0.0629848650309415,0.04617144514396485,0.7793420722488267
s020,s056,8,0.07168266340007666,0.05955535122921584,0.6984612497829598
s020,s057,8,0.2725073639866831,0.06704345521618343,0.7336706440773137
s021,s002,5,0.11355204411329267,0.3500989577276701,0.7685398057504874
s021,s003,5,0.09390793097327858,0.00024373804605704012,0.5042555473021152
s021,s004,5,0.08324510250897335,0.011013292238713729,0.4903274400072363
s021,s005,5,0.08079724352342182,0.011973290955398374,0.5909882900905333
s021,s007,5,0.11284664353616186,0.01940442287438318,0.5476819420608443
s021,s008,5,0.11500512146272124,0.004553052344844911,0.5510261140284424
s021,s010,5,0.19002470085482623,0.17875029152995864,0.6716453725364414
s021,s011,5,0.20852477325382454,0.001971731501293917,0.3933205710685157
s021,s012,5,0.10656482463646948,0.0054031648362671105,0.44061435372757674
s021,s013,5,0.12427049139726973,0.05276459426320008,0.6253164373645381
s021,s015,5,0.09977710103423551,0.0012495571492386571,0.687823537639199
s021,s016,5,0.08388784645065012,0.051785135857224586,0.4858059689572228
s021,s017,5,0.09508587716529791,0.0029184373743875412,0.6773145299788356
s021,s018,5,0.07390989416348111,0.030932551578605805,0.4855971725883085
s021,s019,5,0.07756544167258572,0.0008115276582960699,0.49899888277497184
s021,s020,5,0.076334329258472,0.00047133887782002237,0.48344343096034686
s021,s022,5,0.07202416048515832,0.013969771076849114,0.3377879453182116
s021,s024,5,0.10872002650402804,0.018469416239542125,0.6927721778091106
s021,s025,5,0.09573935965816449,0.006952035421106779,0.5016752986399231
s021,s026,5,0.18468849925292433,0.09469127192778033,0.7182030635555271
s021,s027,5,0.08329602585117792,0.031445506975068704,0.5715071506930077
s021,s028,5,0.15013795137839328,0.016001599999626564,0.5947016903984447
s021,s029,5,0.10167696007332364,0.0019506001064169723,0.61627635556016
s021,s030,5,0.14148848020697777,0.00011767544237652361,0.4896467620557815
s021,s031,5,0.07874198559662245,0.008251812660405228,0.5896041547885295
s021,s032,5,0.22070818982588394,0.08458236175836545,0.6435957789952242
s021,s033,5,0.08474080460876303,0.10598485658737142,0.5626277219007139
s021,s034,5,0.08393081966269209,0.06636509562344069,0.48698027635997837
s021,s035,5,0.08210294543719887,0.02165963022299034,0.6702083085198504
s021,s036,5,0.11650525856492705,0.0007789310293861334,0.22761465725319102
s021,s037,5,0.08605540490729295,0.027461177550153773,0.5470837075062812
s021,s038,5,0.0939313192114905,0.00018024736043729053,0.5644990868509485
s021,s039,5,0.11019750490595688,0.0028707424405065123,0.6524618298747674
s021,s040,5,0.11214898977419378,0.022973099966164204,0.4760873978925742
s021,s041,5,0.15760981836849627,0.07625259997525308,0.6163924424062933
s021,s042,5,0.11770025403914383,0.010245697116326544,0.43401651821818965
s021,s043,5,0.07359396637576313,0.04982640649947284,0.4753093378004842
s021,s044,5,0.0910520061204219,0.005000570129860232,0.61881005255371
s021,s046,5,0.15081037338703207,0.002704723137462927,0.6779525990278872
s021,s047,5,0.13556000689312442,0.011333022882534013,0.38580010185551056
s021,s048,5,0.09587658351835336,0.009041543222105453,0.5380490893502055
s021,s049,5,0.07642784421268416,0.046730824039451675,0.6454126593032666
s021,s050,5,0.08380940074061786,0.00239999397131655,0.6103073914177112
s021,s051,5,0.09846947432507672,0.040575065942574526,0.6616271607058795
s021,s052,5,0.10053492327539226,0.04967300270670055,0.5277574979739045
s021,s053,5,0.1254529314264985,0.08941925586250427,0.71860560094137
s021,s054,5,0.14444487089637623,0.06978243678314347,0.6117970843148431
s021,s055,5,0.12059582658498331,0.021049689932783784,0.5553090454401479
s021,s056,5,0.14697352592513271,0.01769528600237462,0.5266469130720264
s021,s057,5,0.10740273156582347,0.10980493288117091,0.5933207124586771
s021,s002,6,0.21955192839079238,0.08476454374828214,0.6705261615836109
s021,s003,6,0.13941187256352783,0.03481911523300772,0.6036873530848039
s021,s004,6,0.2543124802251831,0.0022095899422794273,0.6851325871960178
s021,s005,6,0.23360579828645558,3.9066623750085574e-05,0.6430860080781408
s021,s007,6,0.11385065546655089,0.006632521362262241,0.5676768042766925
s021,s008,6,0.2617928864163797,0.0018862068741001524,0.6583233108760485
s021,s010,6,0.32595745621112976,0.103177271923972,0.7399403906860218
s021,s011,6,0.2742022333784942,0.015036911288169521,0.5860876953942048
s021,s012,6,0.1846784916803141,0.044115163263612124,0.6199692144419816
s021,s013,6,0.14489450961660325,0.027906716551998324,0.7515369208040513
s021,s015,6,0.1573113867114566,0.0005153706820187031,0.57713773070015
s021,s016,6,0.1505952772832247,0.09707840968447931,0.5914759126055814
s021,s017,6,0.1682735828661456,0.05135031978737896,0.7256299704702739
s021,s018,6,0.34541032003980643,0.13382179959454044,0.6340489329655026
s021,s019,6,0.12552000802385668,0.06872117248178276,0.5639352646931497
s021,s020,6,0.2642184913093404,8.881419952346306e-08,0.6347545278091304
s021,s022,6,0.12704927617254247,0.081658505172976,0.5751401198126318
s021,s024,6,0.10206005651839717,0.07873975039989668,0.6472888139429037
s021,s025,6,0.12632000471083354,0.003903292110536129,0.6287467467637555
s021,s026,6,0.23718040619095782,0.010148314032502964,0.6471103837514297
s021,s027,6,0.15328763319962285,0.040765581195225276,0.5987356131530547
s021,s028,6,0.17788146063579233,0.03635025218827302,0.6666233112708733
s021,s029,6,0.17761388119417723,0.13695556878950488,0.747830336668351
s021,s030,6,0.2182947736820407,0.019192607670771047,0.6207254235736203
s021,s031,6,0.1627906021885991,0.0033079575588161126,0.6421881817653879
s021,s032,6,0.5409802357576362,0.1267673512984157,0.7580601588390556
s021,s033,6,0.17259400366542174,0.06907020706268621,0.6473540313542208
s021,s034,6,0.2185906467018525,0.004145855458639212,0.5002611413031794
s021,s035,6,0.1324588799373084,0.042477300587073503,0.5089845584837445
s021,s036,6,0.26687969387419447,0.027772413260028418,0.4620864263001247
s021,s037,6,0.2886416763662035,0.006239543582945505,0.6342384071253637
s021,s038,6,0.1699869479295248,0.0006721464197464127,0.5313497859274675
s021,s039,6,0.28711257678628055,4.7647955544186236e-05,0.5278413615062194
s021,s040,6,0.15358222113481668,0.010695802799885183,0.49968375785151453
s021,s041,6,0.22490763524906615,0.025541600366884812,0.6931329745103876
s021,s042,6,0.15956598905932498,0.010511281917194951,0.635063607013074
s021,s043,6,0.13666767633162552,0.010160230329632898,0.48800447755253995
s021,s044,6,0.22614543434857182,0.004580158517696113,0.6642921227612315
s021,s046,6,0.3495695890440808,0.0011272132876235285,0.6951675975034498
s021,s047,6,0.15483504037314771,0.16968344001382518,0.5978058414346773
s021,s048,6,0.08951792863284275,0.0011448941704653537,0.6341331545445973
s021,s049,6,0.2220541623151513,0.14031296413229738,0.600359520496575
s021,s050,6,0.09469623796452428,0.12090582931170703,0.5834285403433851
s021,s051,6,0.36118429144079134,0.15021002765592373,0.6748297214604532
s021,s052,6,0.15388304806697997,0.011137605076995495,0.3592057537660199
s021,s053,6,0.18620503289686485,0.18003252365132036,0.6988270904390631
s021,s054,6,0.20282645553434908,0.04143328654473106,0.5904089432137785
s021,s055,6,0.1795512375219442,0.03245475986638291,0.6075011574131886
s021,s056,6,0.2510631660748553,0.10718212469742328,0.6275979551301442
s021,s057,6,0.21107775128742828,0.11860466426493328,0.7918674020782968
s021,s002,7,0.13765062058585606,0.02344087191245256,0.7290221380747757
s021,s003,7,0.18666558535087083,0.004889035862732657,0.5384417565342469
s021,s004,7,0.1054250807235771,0.004859146765265596,0.5820685239045277
s021,s005,7,0.10626134901614194,0.001079635830408064,0.6924637860832483
s021,s007,7,0.1204494560377629,0.0009544788473087568,0.6386454713341879
s021,s008,7,0.07776236281834296,0.030558028055728173,0.6280802889914177
s021,s010,7,0.2606426591665034,0.15296733606999538,0.8655232015567377
s021,s011,7,0.11713556332336067,0.002024531015986014,0.44325701613332535
s021,s012,7,0.10827398408562738,0.0017625654516018115,0.5318279358180165
s021,s013,7,0.13713566168508343,0.03113055658130943,0.6645074691068087
s021,s015,7,0.1555190901369125,0.007291931994667061,0.7414763630561375
s021,s016,7,0.09402592091912275,0.10935841954097515,0.6787086673039537
s021,s017,7,0.10644563786369345,0.019679289467056257,0.71286903813624
s021,s018,7,0.12413180438847621,0.16173551939863848,0.5674596561941362
s021,s019,7,0.08860336722527139,0.005726115492785531,0.6926698651120414
s021,s020,7,0.08474078731856942,0.009002508063063203,0.588834179569567
s021,s022,7,0.08590545852598175,0.05837166963779056,0.44796675624631155
s021,s024,7,0.09064703552704635,0.010931363357566233,0.6837819316092822
s021,s025,7,0.15706623632461053,0.0036515082442756964,0.6134909169759625
s021,s026,7,0.14712317053460494,0.0042088212534007255,0.632443093119576
s021,s027,7,0.0965965710627823,0.03279160550476608,0.5218088413998085
s021,s028,7,0.19453578821087403,0.004563062214162871,0.7362717313174404
s021,s029,7,0.16100372055582313,0.08514143219205038,0.7739571023471807
s021,s030,7,0.12275514823956224,0.02851160104202444,0.4862934719884633
s021,s031,7,0.07671863167914861,0.008235815363034945,0.5909099003183226
s021,s032,7,0.17835683471974006,0.11188554440623656,0.6915415473426707
s021,s033,7,0.0888589904839158,0.11448751062380584,0.7831321256427908
s021,s034,7,0.0913797483644621,0.0030109752080555003,0.5379701428884226
s021,s035,7,0.17954671673086836,0.06005437320539409,0.6760991807333102
s021,s036,7,0.21073672512654953,3.990655345018351e-05,0.34557374585717227
s021,s037,7,0.12450630500099895,0.0075326600474893346,0.6048234644125603
s021,s038,7,0.1158607152244529,0.006683622489994134,0.705033513389438
s021,s039,7,0.11939989149568374,0.032067025726101935,0.7140881727757815
s021,s040,7,0.10055958543525735,0.18143578321737402,0.6068302281259035
s021,s041,7,0.22172288843071564,0.08006895159241517,0.6947344386639729
s021,s042,7,0.13087405287117235,3.187424238427736e-06,0.5926347846638301
s021,s043,7,0.09717714865203364,0.02057885752027452,0.4953275793549147
s021,s044,7,0.16733610545432806,0.001628369982474778,0.6837348605801762
s021,s046,7,0.3697025658431938,0.027821805018342933,0.7889064472528518
s021,s047,7,0.16162717786828026,0.19348170906733,0.6169960614629274
s021,s048,7,0.09737656610982595,0.1313515877356347,0.6679199532041373
s021,s049,7,0.12587064103446038,0.03852872739266281,0.7082902019001114
s021,s050,7,0.09951642346690505,0.005787747623440189,0.6919171172572791
s021,s051,7,0.13755863346429684,0.07455334181855723,0.7241419289189762
s021,s052,7,0.09654292890264823,0.0009999262686355079,0.6695700818443661
s021,s053,7,0.09940439336572374,0.012453331560414324,0.7834026584825124
s021,s054,7,0.0782998430070442,1.3802796169895641e-05,0.7764651011388247
s021,s055,7,0.16796709982110983,0.1130765432395756,0.6183016205083669
s021,s056,7,0.17808029449191926,0.09048124142497352,0.5718129383241763
s021,s057,7,0.1268011195439323,0.05472523169371142,0.6147372251862903
s021,s002,8,0.11764650889145345,0.026308603281484703,0.6702871500874866
s021,s003,8,0.2246981225454719,0.0016232895141528036,0.5564598754637403
s021,s004,8,0.12899193544558687,0.06201578097716288,0.6387452340393648
s021,s005,8,0.14449259689606528,0.0009054171976440161,0.5907393179569631
s021,s007,8,0.17172949307597637,0.0002866506442343253,0.5184071851192689
s021,s008,8,0.15876697090748995,0.0013398126807897723,0.48445760506174196
s021,s010,8,0.3112886745624092,0.06609532226944828,0.6575366807505534
s021,s011,8,0.09849389975168771,0.026159927105106926,0.4815514205449479
s021,s012,8,0.1370657770180791,0.007489985257180887,0.48362588310661014
s021,s013,8,0.1396377597872153,4.3145607334681466e-06,0.6890928629370114
s021,s015,8,0.09911694038413915,0.0010747788665625172,0.5541672262648268
s021,s016,8,0.1329268609965945,0.03538564369768283,0.47914676696473524
s021,s017,8,0.30049227592122724,0.00034736848020302705,0.65367160665048
s021,s018,8,0.12569924472959088,0.03809351193488038,0.47710582913456884
s021,s019,8,0.13637476706223975,0.0015369533807037907,0.546075031692296
s021,s020,8,0.11707317630188159,0.0009426332250776231,0.49453379781721746
s021,s022,8,0.09229386978680464,0.009174662567137538,0.36674961968577363
s021,s024,8,0.11562656120710942,2.6218368668104937e-05,0.5531546753927776
s021,s025,8,0.13174011542542335,0.03164423014231576,0.6311517148897396
s021,s026,8,0.18122154775868443,0.028076129616189698,0.6718258205896834
s021,s027,8,0.12893089593442134,0.023857020365306406,0.6131685831641458
s021,s028,8,0.18290009185342818,0.010031478261935428,0.6053027928821707
s021,s029,8,0.1432484360709268,0.05564808038691199,0.6679172314569112
s021,s030,8,0.13239513740244716,4.768558726894957e-05,0.562335054702649
s021,s031,8,0.09931727833160214,0.010869580671240393,0.6237323982543214
s021,s032,8,0.27647924852033906,0.04426007526196222,0.6648455867278799
s021,s033,8,0.05285542355299215,0.07115603401247445,0.639598916640451
s021,s034,8,0.11969601819653758,0.02672435309759777,0.564122628746526
s021,s035,8,0.11193124492251016,0.007473752549144055,0.5162862495500656
s021,s036,8,0.2796778546900433,0.0067818124900732935,0.25813715384026764
s021,s037,8,0.3589627934558388,0.030853352274060736,0.5519961217520725
s021,s038,8,0.1035747085631512,0.014891006931167641,0.45733498658523836
s021,s039,8,0.14331803434527932,0.058470571662171594,0.5199973512324766
s021,s040,8,0.0706017802263051,0.009476932705122133,0.4118344664581455
s021,s041,8,0.11659947057434175,0.09255286588060217,0.5890756281696654
s021,s042,8,0.18976364991464115,0.006731869521858665,0.6282674403313346
s021,s043,8,0.1519579400112323,0.0002713034225740378,0.34552201769435076
s021,s044,8,0.0766994191830723,0.0003401880325386506,0.552950421695543
s021,s046,8,0.17903973665876374,0.0002751390156631887,0.700905908379913
s021,s047,8,0.1881905003795674,0.15090042801978398,0.6309733509727278
s021,s048,8,0.07329678889877762,0.03835995713441089,0.5174233230958826
s021,s049,8,0.09007290746992623,0.0056215432627879595,0.4859948863494648
s021,s050,8,0.232372691839417,0.056596561146768025,0.6120045243852438
s021,s051,8,0.15209206175419646,0.019546627985076503,0.5411681080177174
s021,s052,8,0.07381466885224107,0.00038535517133151645,0.3657479602011316
s021,s053,8,0.1388999695559933,0.11116817409029661,0.614457496942811
s021,s054,8,0.12803327519761717,0.013505035413105309,0.579072891986651
s021,s055,8,0.2593303981759374,0.014293396544685817,0.4450664835266039
s021,s056,8,0.12782062111217676,4.688660301703257e-07,0.5240808829119522
s021,s057,8,0.19657423875978933,0.10133509869759642,0.6195004573937054
s022,s002,5,0.024816744088102523,0.015738587758719873,0.529076722505391
s022,s003,5,0.036027032407417156,0.21634856956665002,0.7493612878970767
s022,s004,5,0.04005657023194362,0.14491222544424845,0.5735719515591099
s022,s005,5,0.10605407691408042,0.016526257896713473,0.6868587627685516
s022,s007,5,0.06573208937342011,0.0018912142588217637,0.6364488031444105
s022,s008,5,0.03470403841518493,0.15200142658467627,0.6277093506267346
s022,s010,5,0.1062342033968489,0.0017574202123998523,0.5843384732649651
s022,s011,5,0.028133122854556,0.13859097887844882,0.8424215113457016
s022,s012,5,0.028960173349652316,0.39422210690723003,0.8456917242146066
s022,s013,5,0.096519695738771,0.12319821556110497,0.7682830512751212
s022,s015,5,0.05030335784120986,0.020297210386047877,0.5677881006785723
s022,s016,5,0.21281025752019858,0.38291436948801816,0.7363173668340884
s022,s017,5,0.09955947966367712,0.07415894197548507,0.7239018476299659
s022,s018,5,0.05320262587717136,0.18177878545410242,0.7235110972263822
s022,s019,5,0.2453078925623844,0.01521371218875617,0.6891758162713744
s022,s020,5,0.033546128874164825,0.10301698046797692,0.8229724360984434
s022,s021,5,0.1387493202940835,0.017695456007300724,0.5438348290039432
s022,s024,5,0.12445012655956077,0.10628012769795911,0.6532725935312801
s022,s025,5,0.17628856538225005,0.0028590825445964133,0.6843384847643468
s022,s026,5,0.15709157465162873,0.04485366302223238,0.5242232628553997
s022,s027,5,0.05531122533381182,0.015731024326097666,0.4132872053135327
s022,s028,5,0.08997497338848887,0.002823837612123287,0.7095402733191751
s022,s029,5,0.14949135445761733,0.004192583515190036,0.6800370537464412
s022,s030,5,0.0962400257795056,0.014645135009266796,0.6284472629069706
s022,s031,5,0.09892332613263226,0.004114831534084966,0.5282170281663846
s022,s032,5,0.06332436023124942,0.22697210591215639,0.7614157451310526
s022,s033,5,0.07631640488307677,7.823886837760992e-06,0.5651564320794907
s022,s034,5,0.04073589762691618,0.11082026876986249,0.6160792167350051
s022,s035,5,0.18795733850458188,0.002650617037158515,0.4263582481178185
s022,s036,5,0.1377966852435857,0.22564364985349078,0.791234489167592
s022,s037,5,0.046608175350734395,0.05083050499651248,0.5751456940361592
s022,s038,5,0.12720961861641272,0.00023518292156448348,0.5290889041715285
s022,s039,5,0.10683815791235012,0.0010679404749964253,0.42765052449967983
s022,s040,5,0.20324585860679442,0.005687444134234227,0.4418735122433771
s022,s041,5,0.06982584850323689,0.02034097925930513,0.6893720781924266
s022,s042,5,0.1014300542780801,0.0033777191091480044,0.5723451719562319
s022,s043,5,0.19389976084025287,0.18124513862225142,0.7853956551802523
s022,s044,5,0.11727471824155297,0.0429586787841947,0.7321702595684957
s022,s046,5,0.09813229424016907,0.01952009389057765,0.5517622016263387
s022,s047,5,0.12045132981585592,0.007834906317688408,0.4737910788440883
s022,s048,5,0.036545038284051916,7.839138069954144e-06,0.7146171097718288
s022,s049,5,0.17302002964727753,0.20562387254501463,0.7123758842621992
s022,s050,5,0.06183225403418884,0.013486963141892926,0.5553174734464812
s022,s051,5,0.0647328053708891,0.00937840733336393,0.6215184643794174
s022,s052,5,0.13061264348187457,0.032738493093121074,0.39841695499718144
s022,s053,5,0.06453636711497947,0.03608408062240479,0.6116437781863223
s022,s054,5,0.09700531754727613,1.684236790966615e-06,0.6823566295920355
s022,s055,5,0.048482463069432574,0.2176559585736274,0.7806134072448806
s022,s056,5,0.03252480300348836,0.08961517033273014,0.7146980442249514
s022,s057,5,0.03846053327937672,0.15045111293744326,0.7571689945604048
s022,s002,6,0.025186293581072976,0.00015508225184639944,0.6089802625094305
s022,s003,6,0.0409467414952006,0.18345735067400612,0.7905676632579556
s022,s004,6,0.03398986372808744,0.1170652240844772,0.6565176077184669
s022,s005,6,0.08980276699627383,0.022055881042584644,0.6672498806631423
s022,s007,6,0.0769517639276478,0.008561839841807611,0.5875274641689411
s022,s008,6,0.020942564900788448,0.09823387376663331,0.6846431136077148
s022,s010,6,0.08537346754062645,0.0009581084554337509,0.5484882169861881
s022,s011,6,0.028914080673831354,0.1987350702606392,0.8593963836070504
s022,s012,6,0.023769006860725632,0.3015815121801533,0.8666131695065133
s022,s013,6,0.05966683140679553,0.1468220984572663,0.7604325081397479
s022,s015,6,0.03333793836817406,0.009294259535682225,0.5169151029588008
s022,s016,6,0.1527746945747054,0.2849245100761643,0.677756759602623
s022,s017,6,0.16727059564694816,0.04713969521220991,0.7443477198590747
s022,s018,6,0.030422771659131067,0.2340702235912571,0.7987056638975629
s022,s019,6,0.179034931783141,0.003218855116350939,0.6628351268466561
s022,s020,6,0.05327542026444448,0.2125576589778914,0.8281280742296554
s022,s021,6,0.09883464956677615,0.02584266532110234,0.49922192738146426
s022,s024,6,0.17361847197743863,0.03528368955382855,0.6650883187758172
s022,s025,6,0.10666598881075103,0.010270256741425673,0.6948825144742177
s022,s026,6,0.0757887176575182,0.000794186933015061,0.468175172236148
s022,s027,6,0.03662212908206126,0.04922966845815934,0.5048160414795683
s022,s028,6,0.08948272646526306,0.013097493953911205,0.6775438235756472
s022,s029,6,0.10132427666530999,0.0035901054113403126,0.6361343255862972
s022,s030,6,0.06886002098774702,0.04353362985593204,0.6265138869286883
s022,s031,6,0.12070257782937828,7.29327952765203e-05,0.6131086867437262
s022,s032,6,0.06721513203178725,0.22630722674821865,0.7754716063941789
s022,s033,6,0.05654376132731462,0.011469471277649758,0.523151570128258
s022,s034,6,0.04620503364166902,0.07755125228304516,0.7078472283285449
s022,s035,6,0.2091273599040573,0.001822502102322093,0.44100070071029657
s022,s036,6,0.1773505447260961,0.35330848526844233,0.85944262762484
s022,s037,6,0.082303166079055,0.056324529226419486,0.566276432591071
s022,s038,6,0.08877548271875726,0.0004605441167455737,0.49267712136354824
s022,s039,6,0.09827744077471473,0.0019521384978136958,0.36449823185819835
s022,s040,6,0.168005423990046,0.0004895259553438821,0.4460019004794516
s022,s041,6,0.03574244101271941,0.025114422807472014,0.712637684328703
s022,s042,6,0.0875922854947412,0.0039764020622330065,0.5795823538625359
s022,s043,6,0.3246555975190574,0.34295108103290595,0.8033530398669001
s022,s044,6,0.07377312825773712,0.08701657714848957,0.6891265403426521
s022,s046,6,0.10554505491871027,0.013303201784325055,0.5573346767577416
s022,s047,6,0.06974916881911856,1.2119857134817663e-05,0.488129283663465
s022,s048,6,0.027686356191000152,0.00012174149505306224,0.7406737905350275
s022,s049,6,0.09902622031231471,0.11826155119551138,0.656207906448461
s022,s050,6,0.0632120568902306,0.0019711121243938053,0.4610260046224278
s022,s051,6,0.2394039136449064,0.013377057911671429,0.5825408766826473
s022,s052,6,0.09933105871369148,0.037949756042496556,0.3440585552035321
s022,s053,6,0.042760487475473626,0.046767682535460216,0.5807407989930367
s022,s054,6,0.06458372487277386,0.001430564391830714,0.6260296272006962
s022,s055,6,0.050018353982926346,0.18728131417921154,0.8005643865586601
s022,s056,6,0.03254057510579823,0.1126643874786184,0.730051572110226
s022,s057,6,0.04387066515653944,0.19530297848706255,0.7911908563646656
s022,s002,7,0.07619957449169523,0.016721825138831244,0.5902556150011566
s022,s003,7,0.060475948368810165,0.0656766406395611,0.8318357026060967
s022,s004,7,0.03828463883483911,0.0926633825067108,0.5807227353831116
s022,s005,7,0.18919823662922558,0.022342314252940074,0.5295173786937539
s022,s007,7,0.09753757226248563,0.042266629277501126,0.5377544240450546
s022,s008,7,0.03128019338457575,0.023756730882106943,0.6818331828055852
s022,s010,7,0.1379984132489796,0.024842772734576874,0.46068639614978396
s022,s011,7,0.03495115179404548,0.14821758513252556,0.8747018508494679
s022,s012,7,0.024664641256321618,0.31107290497903745,0.8412371979404961
s022,s013,7,0.09441789459658749,0.07519538589057048,0.7322930291091602
s022,s015,7,0.04592060251477821,0.010871419081918748,0.4037640334130446
s022,s016,7,0.08064287950339641,0.04035588574481096,0.5123961277146735
s022,s017,7,0.233637787510932,0.050178848489567995,0.6876306763165645
s022,s018,7,0.03770178741810726,0.22000670673431005,0.7832824317391007
s022,s019,7,0.18549157685082707,0.010078465880128912,0.4671168945041037
s022,s020,7,0.042528626243295134,0.19861040958412096,0.6626013332390644
s022,s021,7,0.03827209740795691,0.0003247023963649618,0.41125929263745264
s022,s024,7,0.20674347366462797,0.06307879668539866,0.6858663503456168
s022,s025,7,0.0827567902305107,0.01194827634007886,0.628507833469316
s022,s026,7,0.0787929123798037,0.04548802145770388,0.4992095935265688
s022,s027,7,0.05752005142982695,0.07592792135244311,0.42941942647588366
s022,s028,7,0.11885867836739378,0.015884901526526364,0.6450451515525126
s022,s029,7,0.16427836235771,0.03270987191706352,0.5720781158168351
s022,s030,7,0.06470589779201724,0.059577357377029155,0.6849635172239548
s022,s031,7,0.11868218561485044,0.0369924852582654,0.6029380231982147
s022,s032,7,0.06653645480739698,0.04992654815490439,0.7078648155548124
s022,s033,7,0.05474006550826817,1.5502238069778943e-05,0.4217328899114621
s022,s034,7,0.03853651585569849,0.11670690219231482,0.7326879615157412
s022,s035,7,0.22541025032521558,0.0130077324355344,0.47546497170953084
s022,s036,7,0.1396960851824151,0.3717128906905505,0.7876033606908642
s022,s037,7,0.03425049726974834,0.13382191028714033,0.6246772512318461
s022,s038,7,0.12277621846855573,0.017882904263506083,0.5928517321822421
s022,s039,7,0.1709234498386984,0.031221992095473394,0.4086609024536229
s022,s040,7,0.044916029059517235,0.0011776159944961145,0.5263290421151139
s022,s041,7,0.06732618839357497,0.0746997931141936,0.6772456584815161
s022,s042,7,0.13988070797325086,0.04022280280971361,0.5770776607747142
s022,s043,7,0.24643554507308502,0.47674452038308807,0.8075894844285212
s022,s044,7,0.09355560096481352,0.11675293149235273,0.6957065046813586
s022,s046,7,0.24715753682894673,0.0010301819265167475,0.44404629593796663
s022,s047,7,0.09632186146453359,0.028795057135527165,0.4256942928014979
s022,s048,7,0.028195053516118517,0.06668017684418875,0.5792455736859865
s022,s049,7,0.05538152743723281,0.030348439039079265,0.5236289320382405
s022,s050,7,0.08215333660246894,0.0001905486033999257,0.5347430527663101
s022,s051,7,0.09965828232768273,0.019648427136726678,0.46795404663035495
s022,s052,7,0.17898494240402366,0.03781600561575935,0.3131057302458877
s022,s053,7,0.06403247428698912,0.002271602048931674,0.5124815253137018
s022,s054,7,0.11268419685538608,0.0001087642197914113,0.6147115199865633
s022,s055,7,0.07714505381266534,0.1578261510654572,0.7096746682710383
s022,s056,7,0.03669987209939973,0.13525847217014214,0.8101877710669555
s022,s057,7,0.03703719850641097,0.20497419978849624,0.754716427601143
s022,s002,8,0.05889708006332549,0.0075291425926249135,0.49281296305197325
s022,s003,8,0.06312886554532474,0.15066185017953992,0.7544649634792459
s022,s004,8,0.07378319833504439,0.05967711681690029,0.4908164504379709
s022,s005,8,0.22977036016207392,0.061535558468028544,0.4910241684804549
s022,s007,8,0.14539757158297617,0.05675428057913655,0.5027261017419767
s022,s008,8,0.03564713192811222,0.06516276663793616,0.6499689449311884
s022,s010,8,0.0816085578982383,0.003188944166931273,0.37135262740008684
s022,s011,8,0.035411627586057697,0.2691800136389434,0.8507525123906984
s022,s012,8,0.03100170707507672,0.36624427955278827,0.8368631236992387
s022,s013,8,0.0872521924208407,0.09970659047059731,0.6664052732221155
s022,s015,8,0.06325716329319182,0.02196719612715147,0.38908848216037595
s022,s016,8,0.12544469501831837,0.08569456941952014,0.5181172748509133
s022,s017,8,0.29684654606803546,0.046425039690630075,0.665887930011592
s022,s018,8,0.04984527673536085,0.23404773958454828,0.7420790221895679
s022,s019,8,0.24669269894975626,0.060425647772420786,0.44465232610883637
s022,s020,8,0.05244771637805754,0.22060676612535499,0.689448142916876
s022,s021,8,0.04674563042361574,0.00043451551787836634,0.3596241980708699
s022,s024,8,0.17921944018076508,0.033889792367419104,0.6294736409944844
s022,s025,8,0.131116589642866,0.06670255275326449,0.5512982712007756
s022,s026,8,0.17685683262726265,8.289131730182033e-05,0.40308509752793126
s022,s027,8,0.06967740987302823,0.024925059640452024,0.3145843114125341
s022,s028,8,0.13449442342587586,0.0357056068069258,0.5539127269206032
s022,s029,8,0.18119562619704793,0.054048393746732815,0.515009574111502
s022,s030,8,0.07438204975425068,0.07061130820833131,0.5553705828961816
s022,s031,8,0.12171524255626333,0.03453541934044122,0.5074240768369074
s022,s032,8,0.09966126524099596,0.07100347100783723,0.6743955307417101
s022,s033,8,0.06595945009340536,8.37541384625858e-06,0.35812271002311646
s022,s034,8,0.052210196418331196,0.15193169580552407,0.6311173090791574
s022,s035,8,0.27932683521612656,0.0001550244727145239,0.3554917575955786
s022,s036,8,0.22852171384504383,0.5152481661125037,0.8493773715165798
s022,s037,8,0.05114684803330959,0.1376459563708795,0.5303077885830859
s022,s038,8,0.1464687297589704,0.02709034740611977,0.4595707717960974
s022,s039,8,0.10063501854307641,0.00562133576374775,0.3057224032011877
s022,s040,8,0.07421646550517465,0.00022067786919031013,0.4426102865619177
s022,s041,8,0.07582948970917398,0.09684680773034075,0.6184455722327017
s022,s042,8,0.12264608396075102,0.03871279963061217,0.4235569651449253
s022,s043,8,0.2832761096661565,0.47311380113313833,0.8074877051804011
s022,s044,8,0.12109109294716956,0.08217862368979374,0.5834697526719821
s022,s046,8,0.19745042573378346,0.011020078925644222,0.35348516791276746
s022,s047,8,0.13639676491551844,0.003265665720305824,0.28938423301924265
s022,s048,8,0.03437041814689952,0.08236993076983293,0.60565710906006
s022,s049,8,0.09560846003279322,0.08389452726538423,0.5055456702898651
s022,s050,8,0.07612638123147848,0.009882546201394046,0.3732186672126547
s022,s051,8,0.10452565417668096,0.04329859925390881,0.48398275193332513
s022,s052,8,0.13891729913746254,0.006886727310099567,0.260991369685579
s022,s053,8,0.0878655530937814,0.031817515890978025,0.48137028559937056
s022,s054,8,0.07938386988513207,0.024327678630609282,0.5325979498013205
s022,s055,8,0.11504495644189335,0.25886286839862094,0.7244541546810921
s022,s056,8,0.03522461669556037,0.2018405800237751,0.7235224384922679
s022,s057,8,0.05906455285077027,0.2589150767122043,0.7329743234324283
s024,s002,5,0.1780891515378896,0.13772493101938935,0.6908997204605394
s024,s003,5,0.04648018461376247,0.027883112487492007,0.774908705935394
s024,s004,5,0.11007300442632907,0.06368148060519502,0.5297580672472565
s024,s005,5,0.09276263390444903,0.0009283612300865061,0.6104994883860104
s024,s007,5,0.1470854041331249,0.00652892925565401,0.7735918166031496
s024,s008,5,0.09364355475428421,0.018360856393664554,0.6421925929480393
s024,s010,5,0.17167229097316478,0.02156705918000609,0.5637498116384249
s024,s011,5,0.06833364766336888,0.02810336202063396,0.5491277210073829
s024,s012,5,0.04795240979954497,0.05740139208163608,0.5702171069839445
s024,s013,5,0.14025367446846063,0.004336984158925019,0.7086297108902497
s024,s015,5,0.13132412645548572,9.067343005860839e-08,0.7119436985295048
s024,s016,5,0.14063442164852624,0.004900849973037091,0.4936015568511872
s024,s017,5,0.15815685032639906,0.009891634585846179,0.7855360268426467
s024,s018,5,0.09329898948154115,0.027791965040542734,0.6442294175228304
s024,s019,5,0.13067497094220487,0.04379023856509694,0.5712409722786506
s024,s020,5,0.062225368269476104,0.10895859723696477,0.5735067359760073
s024,s021,5,0.17209978565659959,0.00014643471846823695,0.7271183334525883
s024,s022,5,0.24853529475752043,0.04793214186337656,0.5248042710317345
s024,s025,5,0.18379257682504568,0.0188998120929794,0.6651148278180585
s024,s026,5,0.14182935821815432,0.008010942347427701,0.6329345284993051
s024,s027,5,0.19801502149775127,0.0284292803446337,0.5591083036735446
s024,s028,5,0.3592447399766939,0.043340585230694756,0.6114750006406431
s024,s029,5,0.22372964026235184,0.026000421572810177,0.6878874018084635
s024,s030,5,0.0870830255589297,0.012902157707637892,0.520504414730455
s024,s031,5,0.08989145408573763,0.044947953124571956,0.5668050970655852
s024,s032,5,0.06995881131552856,0.024655285777137055,0.6763660229634918
s024,s033,5,0.07248090268303586,0.02183202699621718,0.4517440756343313
s024,s034,5,0.08126290442769718,0.0032489621553358434,0.6300420156248483
s024,s035,5,0.12065052081538871,0.09006185130993913,0.7340309105117209
s024,s036,5,0.17556619754469768,0.027308140868587724,0.4035022124084859
s024,s037,5,0.08924524625055386,0.0276360462003842,0.6396541831291749
s024,s038,5,0.07696886607619656,0.0412617292133534,0.6189033029022771
s024,s039,5,0.049108382751064356,0.12346911258708543,0.6437364885439615
s024,s040,5,0.1026324291510304,0.005235576823403375,0.47012618969451525
s024,s041,5,0.06717172604117011,0.003949781951231361,0.5951594407031852
s024,s042,5,0.13322995627150883,0.0011392608041451335,0.6801092072814582
s024,s043,5,0.09206703608892731,0.19232439761019296,0.6398111011454204
s024,s044,5,0.24503394122887368,0.14065728190742846,0.7203348190628523
s024,s046,5,0.05349602970345992,0.08579409427780944,0.690418578602131
s024,s047,5,0.1409109347819824,0.013597459965645521,0.48310847203720303
s024,s048,5,0.05590139236175939,0.010356998140931224,0.65472237642471
s024,s049,5,0.08781702683516178,0.003926652864018892,0.5989344591613415
s024,s050,5,0.13700566628808772,0.002319819243204946,0.6215632608811862
s024,s051,5,0.17705395133194793,0.006146112776883369,0.6723408805291233
s024,s052,5,0.08697842174745753,0.01719830713032307,0.4620631610668153
s024,s053,5,0.13261407863693322,0.013524985221692397,0.624815556385686
s024,s054,5,0.05176412296144663,0.00022844581184034557,0.7269201291923387
s024,s055,5,0.10430976165554375,0.007895312143633234,0.6968987273360915
s024,s056,5,0.0747409906172173,9.532013688387834e-05,0.609112476420203
s024,s057,5,0.12148212928989678,0.006572148422549208,0.6097910783384527
s024,s002,6,0.10486299271447377,0.031833252586468165,0.7103678518366009
s024,s003,6,0.011645198685708232,0.04756537611579433,0.691970371939051
s024,s004,6,0.010776472026464569,0.017249195044515078,0.5920268764368352
s024,s005,6,0.022990198321763602,0.0005502679552468419,0.6193789398170231
s024,s007,6,0.05134361897179064,0.0032853818584543107,0.6747875998866592
s024,s008,6,0.008157282626684671,0.08323156828779116,0.7066477358893236
s024,s010,6,0.04123458035118104,0.00017769679311949592,0.5797761970617028
s024,s011,6,0.011559103034770616,0.0489604501193926,0.620026993761084
s024,s012,6,0.006651451302876545,0.09876885578803575,0.6920205824163012
s024,s013,6,0.03100577362102155,0.0046159737099462795,0.6681379712640096
s024,s015,6,0.02441628002484387,0.019638024632223285,0.5746599787975374
s024,s016,6,0.032991378572778854,0.03871379989857505,0.4377710339631892
s024,s017,6,0.057161931189704654,0.13957996018916796,0.7440190479315112
s024,s018,6,0.016656165306240908,0.013873266408732423,0.6687627164994172
s024,s019,6,0.03117601998783302,0.05041433447328288,0.5958045393660152
s024,s020,6,0.015488777800742365,0.03372833844708458,0.5996984951684488
s024,s021,6,0.014749138355607578,0.006475669596292344,0.6880388001992805
s024,s022,6,0.05475962301067404,0.06438174628523778,0.5669432105860266
s024,s025,6,0.0262778630845507,0.007603770561689387,0.7421834797429927
s024,s026,6,0.07135157126492694,0.007213369964488095,0.6439299300771849
s024,s027,6,0.022772591837482477,0.00138874117696462,0.5882838322628092
s024,s028,6,0.04891705584604487,0.013454275864773317,0.6411740566669788
s024,s029,6,0.048090802184129824,0.01001944214175732,0.6764421505570809
s024,s030,6,0.017502735160599074,0.04282452788424153,0.6144109299660152
s024,s031,6,0.01714878334385018,0.05550366023648688,0.671527916747184
s024,s032,6,0.018269538711410516,0.0023782779370705347,0.6859248336694663
s024,s033,6,0.011543613364864792,0.008475940166220025,0.45973911148423474
s024,s034,6,0.01896714718275538,0.042998273704912535,0.6671928719076184
s024,s035,6,0.017762811215091955,0.04980361007071299,0.752100505799399
s024,s036,6,0.03981928219137104,0.046472584876230176,0.4747557253533923
s024,s037,6,0.01445036556951384,0.04666054936561491,0.7297668058453846
s024,s038,6,0.02292726250176942,0.00010458996808347853,0.6912085637632253
s024,s039,6,0.010938344143012355,0.0480841261756522,0.6899659432242977
s024,s040,6,0.021963193740319232,0.019861673933077376,0.5956710898786418
s024,s041,6,0.007450019174347472,0.029978651797039707,0.5888109050939141
s024,s042,6,0.020597547820114668,0.03750646525343152,0.6471563723655162
s024,s043,6,0.020186644264789368,0.14584994781405247,0.6913536721559018
s024,s044,6,0.06494349428227966,0.023193293250536255,0.8063268338107376
s024,s046,6,0.02780755188047626,0.010426125515048524,0.6673553656763402
s024,s047,6,0.025488872307546283,8.06132480208912e-08,0.5041936338891524
s024,s048,6,0.010624646989162309,0.026139774258194155,0.7491342438830019
s024,s049,6,0.020191973586474687,0.02031272816784215,0.6124705903634458
s024,s050,6,0.01749475684979319,0.024149710599476237,0.723987822514273
s024,s051,6,0.017830576153951914,0.01591745010807259,0.6506022460515918
s024,s052,6,0.01549663368129873,0.01716748103388969,0.46439976705638203
s024,s053,6,0.025104440946650607,0.006667591897208318,0.5727415573806258
s024,s054,6,0.013708612851273996,0.0030745510179560017,0.7534761539792433
s024,s055,6,0.01895126769297509,0.07994593081090044,0.7370178103111512
s024,s056,6,0.010506804656311744,0.0010002907217362984,0.717802860397044
s024,s057,6,0.020853384289925222,2.9226781518863467e-06,0.6250441673297026
s024,s002,7,0.16353739398580677,0.062120397321224374,0.7019597582574135
s024,s003,7,0.022857846021669265,0.039835558496435164,0.6126854031346302
s024,s004,7,0.04982164386143217,0.046654483179634644,0.4863398079089206
s024,s005,7,0.047452450157796304,0.002668562262760543,0.5707725377397006
s024,s007,7,0.08514739679843276,0.0039622209440769935,0.6763008170997198
s024,s008,7,0.02665574807499109,0.018345989433168747,0.6317953285911098
s024,s010,7,0.06884956167610172,0.00017059575210577973,0.5340471999652451
s024,s011,7,0.03495718172760556,0.018482925051050494,0.532925508391881
s024,s012,7,0.02108813816548681,0.12158556743473677,0.5747047652959387
s024,s013,7,0.07388442624490187,0.016898488271248582,0.5795427967741977
s024,s015,7,0.0644883864335379,0.02602743451268269,0.5708823183558921
s024,s016,7,0.11072450974570121,0.007379349432052638,0.3269705151085173
s024,s017,7,0.1097543642865551,0.03347672399114129,0.739687723780684
s024,s018,7,0.02817050135368698,0.013293974713216241,0.5886278144850804
s024,s019,7,0.07664187930197215,0.045771354823456206,0.5355752416537303
s024,s020,7,0.031152703070434353,0.04123472025155526,0.4983276814592896
s024,s021,7,0.0289858448537993,0.012217302456413857,0.7015880962557791
s024,s022,7,0.08598898931340364,0.02179243318020277,0.4589831602018192
s024,s025,7,0.05960834619641355,0.00622562943603637,0.75652935740879
s024,s026,7,0.21087689738133125,0.04111403154057262,0.6137766497575055
s024,s027,7,0.06276062209399144,0.00010215006090103896,0.5788377927697749
s024,s028,7,0.169969842951614,0.07431913429577724,0.5188530935051435
s024,s029,7,0.12199515535176314,0.06447528518423075,0.5773845477912463
s024,s030,7,0.059502892380800025,0.023762990165940034,0.5491626431673562
s024,s031,7,0.04774972694613005,0.06998474221538549,0.6337207069220177
s024,s032,7,0.04828354487381577,0.002623684037932951,0.6006584120123861
s024,s033,7,0.03571686440352646,0.008463047272057125,0.4881254731883097
s024,s034,7,0.04783468072342068,0.026348016635771132,0.631817825716622
s024,s035,7,0.08137353052125397,0.09113357669792159,0.7855091149782524
s024,s036,7,0.08417983134240739,0.00044594374406300183,0.3803462685750602
s024,s037,7,0.049714551383016746,0.04134049930469262,0.6117156969293737
s024,s038,7,0.052013745428783106,0.008766567663069316,0.5794072851563341
s024,s039,7,0.03783933515352972,0.09344017504565351,0.6612703498613731
s024,s040,7,0.032721408049546756,0.003054808483695029,0.494416078091321
s024,s041,7,0.02452033926745238,0.06926503816953428,0.5792497650386984
s024,s042,7,0.049511469536031395,3.2613662897505816e-05,0.5233867244697094
s024,s043,7,0.038427897693255775,0.08346647417952598,0.5921990173488035
s024,s044,7,0.07514373497577284,0.08718475588338125,0.7175516734833994
s024,s046,7,0.020457678023783014,0.10169092966924043,0.6822018936498517
s024,s047,7,0.05631908285310521,0.0002793652103009508,0.5426334698521902
s024,s048,7,0.021536907308638647,0.0006809685260192187,0.579768701981577
s024,s049,7,0.06196010150709376,7.368289436561925e-05,0.5104121213099426
s024,s050,7,0.059529478872810376,0.005646824565642244,0.5686344705058222
s024,s051,7,0.1037452357338109,0.008189463234149458,0.5536323214790015
s024,s052,7,0.03231639278551829,0.04056474950824121,0.48109049747297955
s024,s053,7,0.061643654268144055,0.016166111697350022,0.5236130504935395
s024,s054,7,0.02550863642913444,0.00567172663984187,0.6597141102432985
s024,s055,7,0.05420510069018409,0.015173170516283925,0.6311529985572356
s024,s056,7,0.03390506092293484,0.010165162466245258,0.5880967135040676
s024,s057,7,0.054314167874264865,0.0024650397126656995,0.4752229471123854
s024,s002,8,0.06740268883304554,0.0020135181604240206,0.7518066740208783
s024,s003,8,0.012443318406047496,0.022476734336345745,0.6582849017676526
s024,s004,8,0.026811899302968806,0.012990161626999203,0.4318199440575208
s024,s005,8,0.034228660010721695,0.001633040393366146,0.6027617607854769
s024,s007,8,0.038375958077218525,0.03463806958799287,0.6269927139347291
s024,s008,8,0.01861490023534139,0.004360674050865345,0.5944794216897158
s024,s010,8,0.038251620792355764,0.029327632616603493,0.6760541670899237
s024,s011,8,0.01503284712019137,0.0422279463996983,0.5517581383816162
s024,s012,8,0.011239053442111716,0.08860384779155574,0.519650224451458
s024,s013,8,0.03396905294858657,0.034153832126426885,0.6744784129920725
s024,s015,8,0.022506602937320774,0.03342398041309298,0.7622944447448629
s024,s016,8,0.04021529700098967,0.03402791867318055,0.5269194315424627
s024,s017,8,0.08297019376789244,0.13698733322105852,0.7646217123326317
s024,s018,8,0.013753026696659208,0.008730261712927559,0.6193238418306907
s024,s019,8,0.046714416456739814,0.02532686653693493,0.5559878593327513
s024,s020,8,0.013719008726612327,0.06360450505535835,0.5549788292014326
s024,s021,8,0.015479974189319219,0.00040338974299466794,0.8921211013655371
s024,s022,8,0.0400573468503326,0.01602046792136502,0.45866403691732033
s024,s025,8,0.03823480774175054,0.03393551910408565,0.7102480089339321
s024,s026,8,0.09770358745617524,0.03823836399081341,0.660217530585088
s024,s027,8,0.023890208314096325,4.829547721026148e-05,0.5548260264127627
s024,s028,8,0.07982585264455239,0.203261021055536,0.6038899814195982
s024,s029,8,0.04411402024261678,0.029076007114128975,0.6356275220191394
s024,s030,8,0.033622569606955865,0.00329976705270455,0.4690214528810148
s024,s031,8,0.024277576881739395,0.07956828433827143,0.577653112797561
s024,s032,8,0.016812062118742845,0.004974806736400879,0.6590929883089219
s024,s033,8,0.01413400267688421,0.049604156412212615,0.6053613027523481
s024,s034,8,0.021978325623927625,0.0026372853545346413,0.6279221253858682
s024,s035,8,0.033092002003611794,0.12104549758533516,0.8069352046671615
s024,s036,8,0.06830426556985997,0.015122732618052123,0.40160355254171687
s024,s037,8,0.019375434636061437,0.02580816538143093,0.6073721463615361
s024,s038,8,0.03218490668055241,0.07344575021439742,0.6337416603208245
s024,s039,8,0.02364887036204237,0.11383630651345027,0.726666974376737
s024,s040,8,0.013948913083217048,0.0024031378969164388,0.5031985954076769
s024,s041,8,0.008576390666899598,0.164100006675066,0.7228963551413795
s024,s042,8,0.028851320935104285,0.00044649802782689555,0.4958109923298618
s024,s043,8,0.03168445892768804,0.12656694144288227,0.6406479215771519
s024,s044,8,0.05469982284815367,0.08152090324061244,0.702617680573515
s024,s046,8,0.010257354840381825,0.20538690381474387,0.6927752412573442
s024,s047,8,0.03759971107237339,1.1559101339884085e-05,0.442632982493596
s024,s048,8,0.009804704998532405,0.0011270059510495292,0.5781911688460988
s024,s049,8,0.026268261352615663,0.09121206728553356,0.7124683161484476
s024,s050,8,0.03796703843758117,0.016616988820364158,0.5841158331862829
s024,s051,8,0.024156479271758204,0.04449790691526258,0.7115820124838906
s024,s052,8,0.024078452783154822,0.042021436739427806,0.6331102362817034
s024,s053,8,0.03888398796611639,0.11757355656195446,0.7746484386146585
s024,s054,8,0.016495413831089916,0.004685888788223927,0.7380607250303759
s024,s055,8,0.03175895867055937,0.02138732213500086,0.7144413671862345
s024,s056,8,0.011511984020181339,0.00417789791448557,0.579619600002223
s024,s057,8,0.021642849780286723,9.018449950359746e-05,0.5940171455678965
s025,s002,5,0.21952102955945996,0.051023283870753965,0.7085488226231541
s025,s003,5,0.040808183212172805,0.016695805028348196,0.7287398547586221
s025,s004,5,0.029048283729041422,0.11296095526161386,0.6891162039967639
s025,s005,5,0.05357797404276641,0.07483377595842998,0.7665579445920568
s025,s007,5,0.04770545025335522,0.04893534367828696,0.6897896115461414
s025,s008,5,0.0322942276518235,0.023790519157810656,0.7925866374415308
s025,s010,5,0.0628337884600839,0.0260085972193912,0.6878942379194843
s025,s011,5,0.022521740969236044,0.07005031864878497,0.6639975289700768
s025,s012,5,0.034278940529585224,0.017374374383804195,0.6690588480730134
s025,s013,5,0.031052011635798113,0.060863856588604194,0.7318682949663621
s025,s015,5,0.026598455275904372,0.06428718294006484,0.7151690921002705
s025,s016,5,0.04244137092133049,0.03605195801459761,0.6371464828711678
s025,s017,5,0.06330603635671635,0.0010990069643391426,0.7820977400632942
s025,s018,5,0.024576425694285423,0.0307505998561167,0.7781092945909895
s025,s019,5,0.09956736661584556,0.12065970447441073,0.7311843734326929
s025,s020,5,0.027086809117228453,0.12610402220477082,0.696063399606483
s025,s021,5,0.04896889561350139,0.11345673514805138,0.7245598378154819
s025,s022,5,0.08336852646938131,0.2293102169011755,0.620561778418815
s025,s024,5,0.04573850779079856,0.011497085286738932,0.7495599272095144
s025,s026,5,0.04892059269023412,0.0001628099106019613,0.6246463980424053
s025,s027,5,0.05302164547963653,0.047299954438115945,0.6469714479843717
s025,s028,5,0.03755851355297329,0.0008068234760608067,0.7118007242002433
s025,s029,5,0.04415130700255924,0.008042745773501406,0.8452540372452912
s025,s030,5,0.04139130299890437,0.006936464288607986,0.6063388190034296
s025,s031,5,0.03865496125857326,0.0018714962838806755,0.7174276895076611
s025,s032,5,0.03269286787259943,0.0014896035008810193,0.7120489783965083
s025,s033,5,0.03262617082345465,0.02699672396802146,0.5879549119964828
s025,s034,5,0.044991085434272375,0.002405622830961862,0.7040334100986648
s025,s035,5,0.024582086013394684,0.007912513875327692,0.74334074420666
s025,s036,5,0.052227366881145106,0.07481549378167973,0.5359051475154756
s025,s037,5,0.1048803794938756,0.008324746141498538,0.6329393195956315
s025,s038,5,0.06163133032781718,0.025247041118110335,0.6876007121059556
s025,s039,5,0.08391588554237686,0.001169110797778792,0.6405364999083464
s025,s040,5,0.027627935384683826,0.02137196558381308,0.5672174658798523
s025,s041,5,0.03287542794305831,0.03730224415603363,0.7211888553622096
s025,s042,5,0.049365087517874356,0.009558837757420731,0.7228467855497864
s025,s043,5,0.04439781891692119,0.01367568435397826,0.6554788646627432
s025,s044,5,0.05176082068177022,0.007041534654291602,0.7787098699391917
s025,s046,5,0.0296439105091044,0.06510253832539996,0.7090423215170768
s025,s047,5,0.06469228582569303,0.012654233863704206,0.5794485654771387
s025,s048,5,0.033568241041815224,0.051147031010255,0.7444698827133603
s025,s049,5,0.056545211475941694,0.01864374200000937,0.7351154003794911
s025,s050,5,0.04800796361713448,0.003973686460716056,0.7577283258633631
s025,s051,5,0.028936549021804245,0.04839802535285911,0.7741892282979099
s025,s052,5,0.04987333820510537,0.0628783187091423,0.5228734315785931
s025,s053,5,0.02698948664036362,0.017798947758144393,0.6736439778008791
s025,s054,5,0.03607525610729961,0.023688186329610304,0.8449884494560738
s025,s055,5,0.03130086950067059,0.011964833514476905,0.7367263155566239
s025,s056,5,0.029100927246292107,0.0189596575306296,0.6791137465895914
s025,s057,5,0.020223380186514223,0.006999439468191274,0.6843073018300618
s025,s002,6,0.20441940545355863,0.027116667398314354,0.6183740122614272
s025,s003,6,0.035912677178775616,0.031332274567056846,0.6697107114915848
s025,s004,6,0.03831011340376685,0.03652528410116915,0.5550043310552683
s025,s005,6,0.016771038580445916,0.00472225667008336,0.7648995996073966
s025,s007,6,0.034385929467527776,0.0029447434497051916,0.6595920259353544
s025,s008,6,0.025901186667976,0.045883348404811314,0.7444186165093131
s025,s010,6,0.09151644994390659,0.037675291431578134,0.6464255699318112
s025,s011,6,0.014845443651348583,0.22787834106310484,0.6623058891083359
s025,s012,6,0.02317981650636382,0.06862512957067048,0.6401693741488006
s025,s013,6,0.05102845619970872,0.0006684373971742316,0.636389379701713
s025,s015,6,0.018976207603168083,0.01108803829972349,0.5541077655165046
s025,s016,6,0.04742880238890251,0.0002180192398269224,0.4966771667515238
s025,s017,6,0.07815015764406247,0.0004405095286140636,0.7690027172596784
s025,s018,6,0.018215719352398,9.17779011579912e-05,0.7232435826271576
s025,s019,6,0.05055855537943574,0.0867003168055783,0.721726576319865
s025,s020,6,0.024027244357874702,0.11746578113597977,0.6314972096183925
s025,s021,6,0.04155531773495012,0.016703916603894958,0.6235012057453835
s025,s022,6,0.052585827321891224,0.07193099572057586,0.5974700730257474
s025,s024,6,0.05090844088740653,0.05151190668037441,0.6878260606012327
s025,s026,6,0.06796308732632174,0.06024095075886961,0.5892352089201864
s025,s027,6,0.038764669281359417,1.8133523813428576e-06,0.5918259734437895
s025,s028,6,0.07664866129392786,0.0344830494929842,0.5957609877211707
s025,s029,6,0.060413534228043284,0.09622349460049168,0.7746491946183888
s025,s030,6,0.026748698163338157,0.001099828335231891,0.6281193675190974
s025,s031,6,0.02142087259435604,0.04305673854016385,0.7655598510567263
s025,s032,6,0.022507722415453842,5.757348428225441e-05,0.6677281309957098
s025,s033,6,0.02068038350934377,0.11725176864689471,0.6025805347200687
s025,s034,6,0.06123993363305675,0.002903967457126691,0.6798845375675594
s025,s035,6,0.04119944633459027,7.143911709753191e-07,0.6765643183853396
s025,s036,6,0.04883664339843734,0.013461598516854677,0.5381981727620793
s025,s037,6,0.07127759612548969,0.0037459373659012585,0.5982051595645939
s025,s038,6,0.041574254844415376,0.008617436074808823,0.559064259788692
s025,s039,6,0.06358493438716531,0.00012495429290125496,0.5086309269900987
s025,s040,6,0.02359097888692228,0.03232267821774866,0.4709407382010683
s025,s041,6,0.02967630375304031,0.09273171512394938,0.6945668816375279
s025,s042,6,0.024294876305816088,0.01178025739068892,0.5821685838809598
s025,s043,6,0.028448412102326695,0.0018580669928729054,0.546214975833642
s025,s044,6,0.05159681519702265,0.022512869311276426,0.7414010490115159
s025,s046,6,0.02236803488758688,0.03605441979243324,0.7530244413213039
s025,s047,6,0.02390309932072521,0.001579862597124797,0.6735639759542571
s025,s048,6,0.035954140229258545,0.00046207218010201225,0.790270715277847
s025,s049,6,0.038993649618010794,0.05845314560089181,0.637375616740274
s025,s050,6,0.031549794748201763,1.3688413669089276e-06,0.6460673616459133
s025,s051,6,0.026137030909228736,0.0006748694537497986,0.6147011223485445
s025,s052,6,0.04252970766282014,0.002147764822731902,0.3512912396836272
s025,s053,6,0.021690131992240052,1.877372941484638e-06,0.5849716910300299
s025,s054,6,0.027164714999183423,0.061257980443022796,0.7284578043531604
s025,s055,6,0.03704728780784077,0.007861413311160444,0.7080397725231532
s025,s056,6,0.02520838728034501,0.024089990379401027,0.5935910692305724
s025,s057,6,0.020216124656648234,0.0031643994703486424,0.5783841671520548
s025,s002,7,0.06849998245844222,0.08017604837444067,0.6466648475700567
s025,s003,7,0.08220489655271791,0.029075087400280794,0.7392063294100693
s025,s004,7,0.028914630023463117,0.012791625329554093,0.5747351666289148
s025,s005,7,0.04048130613983791,0.02582950852353967,0.7056850860522685
s025,s007,7,0.08438890551849886,0.016791928185043895,0.7280090655913746
s025,s008,7,0.04040503872239259,0.09379270448719733,0.7265180465533824
s025,s010,7,0.051787877175207574,0.006177789907677046,0.5001406260808351
s025,s011,7,0.02295247343960589,0.11922079206055344,0.6477637400935481
s025,s012,7,0.037372140299714446,0.00029387178461790273,0.6079019783381256
s025,s013,7,0.03251970891643809,0.03513911261356693,0.6735884694142698
s025,s015,7,0.023455376221887248,0.025380390460291547,0.5501254081450673
s025,s016,7,0.06886923452869036,0.0063354255099836365,0.4673106229799825
s025,s017,7,0.07136651808631359,0.036593583297286854,0.7657011762499345
s025,s018,7,0.023769756006914326,0.0013200785763916507,0.6346128711478849
s025,s019,7,0.07590075594139654,0.15357336931702567,0.661035434088813
s025,s020,7,0.029248211589614544,0.10173280670029422,0.6325178014801556
s025,s021,7,0.03640706363035572,0.023410203131849598,0.525548234426133
s025,s022,7,0.05473853345574368,0.03096164393793831,0.520855591156551
s025,s024,7,0.05355860816492257,6.896384464949023e-06,0.6523108139834144
s025,s026,7,0.11149569035758787,0.002119777735451357,0.6312747710113397
s025,s027,7,0.05845449972672068,2.2355557103941472e-05,0.6394160856750453
s025,s028,7,0.04791497123143056,5.905802822163682e-05,0.5793528305037284
s025,s029,7,0.0472361458353351,0.0180181829000317,0.6578008366439537
s025,s030,7,0.023523905680361144,0.0018629574156291794,0.6457738046211973
s025,s031,7,0.03681066047795302,0.020838953130350956,0.7191723338925469
s025,s032,7,0.025533479031386874,0.00586913285833904,0.5826003448322535
s025,s033,7,0.025943423556915417,0.02943279477739335,0.4817065412281214
s025,s034,7,0.044944720275851495,0.010096020811168262,0.7329673744186787
s025,s035,7,0.03544759658612587,0.001194269660110839,0.6740961377520212
s025,s036,7,0.04174099478829963,0.019693575117962,0.4475835735315588
s025,s037,7,0.12585098969093989,0.05117100210358142,0.7093166103267378
s025,s038,7,0.05179673169652439,0.016962986332345498,0.6173153422249205
s025,s039,7,0.034856663192285406,0.0011471857294281813,0.5518706131116804
s025,s040,7,0.045337035996375265,0.025433423295163442,0.44299274193827737
s025,s041,7,0.04226253396033288,4.121200092149111e-05,0.5731435670148369
s025,s042,7,0.03492647009493312,0.005282522764436664,0.7449518521179846
s025,s043,7,0.07283122037822345,0.0002692034346363207,0.5145332870993362
s025,s044,7,0.027450009272024158,0.000961647607852829,0.7241455210256044
s025,s046,7,0.038163881831615565,0.0012925920476154677,0.6857997496599982
s025,s047,7,0.03582493009409253,0.00010774077279534838,0.6458633066495637
s025,s048,7,0.036046393068291986,0.029789798331490213,0.6664050489139696
s025,s049,7,0.04041531838425067,0.047479443109163307,0.4726662763959098
s025,s050,7,0.06129394642231149,0.011926171917627482,0.5909872331228117
s025,s051,7,0.04114492827065617,0.004100656397997758,0.6387054609819086
s025,s052,7,0.029019171227477387,0.001288232478337167,0.3227091056018054
s025,s053,7,0.027884890079577198,0.012422593267312052,0.5035358578009128
s025,s054,7,0.03489394652336237,0.03778605439670996,0.7186381100338022
s025,s055,7,0.05122710308218229,0.001535309080066314,0.6815862734766353
s025,s056,7,0.025372629902646656,0.01691613294133216,0.650134376685835
s025,s057,7,0.03029645845535416,0.0005063612905663669,0.5169777801782298
s025,s002,8,0.30328150832276746,0.06440568328841399,0.6561883675307033
s025,s003,8,0.05626282566124199,0.04367155209375133,0.7078735223245272
s025,s004,8,0.033473627293908334,0.020208484606241594,0.5623334290229354
s025,s005,8,0.029376949799680075,0.036850216277953214,0.7386535274698925
s025,s007,8,0.04824861755407963,0.002534605327850939,0.6745459446070265
s025,s008,8,0.02723296345218771,0.07583601241450272,0.7856874381469324
s025,s010,8,0.08289684135725317,6.34330678988202e-06,0.5622386163094497
s025,s011,8,0.02409398422705771,0.17456958952647636,0.6631014167003658
s025,s012,8,0.04505367772134034,0.0009735411137292491,0.6508395297443954
s025,s013,8,0.049016602872174575,0.0026847922214306053,0.6349732560728624
s025,s015,8,0.025075004486115195,0.00656515561689753,0.5641310970441091
s025,s016,8,0.05893056518280814,0.00599886260218127,0.4840894000097925
s025,s017,8,0.0455289908880165,0.024634198504519537,0.7767286894687423
s025,s018,8,0.03571171393627951,0.014125004704699962,0.7275392160153198
s025,s019,8,0.06453260074772128,0.14085067014784666,0.7174638025349837
s025,s020,8,0.02893900922914152,0.08682358961178095,0.6205393624423342
s025,s021,8,0.029356018730001765,0.0015460781588714958,0.6082718407887898
s025,s022,8,0.03580020114666949,0.03975016886601259,0.5491055036636645
s025,s024,8,0.05505697688000949,0.029313146015324858,0.7063366535044285
s025,s026,8,0.08442548750559249,0.0008582177522209846,0.6171581390182619
s025,s027,8,0.056027612123100465,0.005576976734699628,0.6310142765412271
s025,s028,8,0.0824672031896257,0.010084667245804134,0.5496369108555202
s025,s029,8,0.040268854526170406,0.02416334269931531,0.7378631934879378
s025,s030,8,0.03546394995683032,0.002519961109135768,0.656664831815109
s025,s031,8,0.02894863015803611,0.07406999666149856,0.7974983291827924
s025,s032,8,0.03199231565044865,0.03447653720897254,0.5993813599245092
s025,s033,8,0.0325105967103408,0.015456943702179772,0.5031942263571149
s025,s034,8,0.03920533475974534,0.0058297517500834894,0.7397119110130818
s025,s035,8,0.038853409637242146,0.06326111671927959,0.6982050792645005
s025,s036,8,0.033498226668558166,0.025630179505430707,0.5063048107515719
s025,s037,8,0.15921530814893958,0.057396459899442274,0.6907960059416108
s025,s038,8,0.07412512207303235,0.0769493217478892,0.6195094786298391
s025,s039,8,0.08759123635045886,0.01594985724301468,0.5414909278987879
s025,s040,8,0.046672484648061105,0.010065343249379284,0.464304729187728
s025,s041,8,0.048727471225723844,0.006175173273505144,0.6258373033119264
s025,s042,8,0.03101573299066124,0.004586633333194416,0.6557605439413504
s025,s043,8,0.04116950899168988,0.01720553510658452,0.5624509030423328
s025,s044,8,0.05828930584110352,0.014110965375069773,0.7380388293695258
s025,s046,8,0.028014234019693128,0.12036259489394839,0.7271049610594834
s025,s047,8,0.03781473164427586,0.002046059912137495,0.634302402956032
s025,s048,8,0.03468959539369407,0.010442897207047311,0.7716942899115611
s025,s049,8,0.064309263378606,0.04047791460190222,0.573409273033174
s025,s050,8,0.1135128873713444,0.004871673879528112,0.6109217488495786
s025,s051,8,0.04650619616171163,0.0037025083410747346,0.6919587965427918
s025,s052,8,0.04199003381416386,4.182106113504662e-07,0.3519481353872627
s025,s053,8,0.028284991014975676,0.003289968850213405,0.5230656368421255
s025,s054,8,0.046118775464360724,0.05957264238671766,0.7501557036351586
s025,s055,8,0.04192067778579351,0.03267696881332288,0.7255091027902326
s025,s056,8,0.030247891993257458,0.015212553485919947,0.6592243994425295
s025,s057,8,0.035947893320816535,0.0023118302901027907,0.5880226540357613
s026,s002,5,0.024330172168393043,0.002478167748955438,0.6954532862735184
s026,s003,5,0.04284263861338013,0.06971943191796004,0.6462242674326348
s026,s004,5,0.03782109499646485,0.008386286641952508,0.5745677367937668
s026,s005,5,0.027662580426070497,0.0005484863894657913,0.6783287146775523
s026,s007,5,0.0890153471180664,0.0026233702779010553,0.7635560707430097
s026,s008,5,0.02645396798275198,0.08961552063959663,0.7487766464906488
s026,s010,5,0.03754288948087263,0.008594208114825731,0.5927365138655935
s026,s011,5,0.04800910382567718,0.018467981976673254,0.5215642046552378
s026,s012,5,0.028637715611609348,0.02073126544108623,0.5728731500850797
s026,s013,5,0.0413051970312757,0.002536620915500976,0.5904245726013599
s026,s015,5,0.02745452885011589,0.004760973194826292,0.6057785677609842
s026,s016,5,0.023808332724981056,0.09062708467783229,0.4744866509706285
s026,s017,5,0.057929844910419144,0.05033680636685899,0.7179162095516397
s026,s018,5,0.03748263149628846,0.04375620105657657,0.5616387128654753
s026,s019,5,0.03386312183312683,0.00019039158451238417,0.6372563240693123
s026,s020,5,0.05116498907715571,0.006510967165103782,0.6089531262296789
s026,s021,5,0.03224651437901206,0.0008379394797188229,0.6090823173351007
s026,s022,5,0.055981759560365885,0.030403043575846937,0.5184528689748329
s026,s024,5,0.08840175157143537,0.025531717210709192,0.7710648413585183
s026,s025,5,0.04978639297760837,0.004939887399105399,0.6801341642586473
s026,s027,5,0.02722462600741535,0.010647880251193148,0.5674863369635365
s026,s028,5,0.04681973114336757,0.034374470918817776,0.5254400710875683
s026,s029,5,0.029377572103328014,0.01353260206884328,0.6685604015209131
s026,s030,5,0.053578783909221314,2.511593942286097e-06,0.5312603135641888
s026,s031,5,0.019410786869278756,0.0115305315550852,0.6086181172653644
s026,s032,5,0.035300859168061034,0.07942845661875385,0.666727568902892
s026,s033,5,0.018543229570533296,0.04584952854455126,0.46317804737118456
s026,s034,5,0.0370734405488269,0.020433793848810066,0.577304158839462
s026,s035,5,0.06816655265737785,0.13541653691546054,0.6713620939685122
s026,s036,5,0.1160616627066274,0.02970514050537755,0.3938478806176418
s026,s037,5,0.0395025235085212,0.005114124047051429,0.6893342610480342
s026,s038,5,0.03589899224488417,0.06038533624071272,0.6421337499563394
s026,s039,5,0.06859649161428988,0.022531028698037702,0.6548858831010758
s026,s040,5,0.047639268157231685,0.0019335663111888037,0.5472052548650583
s026,s041,5,0.0335318002709294,0.0004665151734303276,0.4934027449967333
s026,s042,5,0.029899406796663447,0.009474364356805279,0.6203733896242077
s026,s043,5,0.027402363973268496,0.0009952773558192197,0.5402999195027702
s026,s044,5,0.02842371746386328,0.0025094927779025977,0.6843561696236571
s026,s046,5,0.0380463293601315,0.0007884507004705008,0.65566035772269
s026,s047,5,0.026335231843886742,0.07226855170043096,0.5567364274834922
s026,s048,5,0.03232763254212205,3.843604574227692e-05,0.7166001947109639
s026,s049,5,0.03792783454547138,0.033678620811050615,0.5127750968695909
s026,s050,5,0.04939851314987134,0.04629033009720453,0.5821520457307267
s026,s051,5,0.0806542635313426,0.019491727221937035,0.6774067843961852
s026,s052,5,0.039178470007310624,0.002757108839871415,0.42861353966997523
s026,s053,5,0.03224234789961918,0.03961627337132728,0.5288352652484646
s026,s054,5,0.05515317271573862,0.006127216288580078,0.684115547472891
s026,s055,5,0.0461194035615276,0.0010663056697960637,0.6945926627100886
s026,s056,5,0.03244395524866685,0.0004125352456056251,0.570321549452455
s026,s057,5,0.053067739756297076,0.004074325968508617,0.5850280728819722
s026,s002,6,0.054809113792609845,0.041349462520615554,0.7578683163835739
s026,s003,6,0.05241705330080515,0.008707423312453978,0.6319192679632288
s026,s004,6,0.08016137401680992,0.0013518483778401887,0.5047131099148854
s026,s005,6,0.059370353476884734,0.01515363001998833,0.5309573122787107
s026,s007,6,0.11844619692848722,0.00022954302180383217,0.6146195431534963
s026,s008,6,0.06321023917985365,3.064333437252664e-05,0.5490142000586199
s026,s010,6,0.18399525712981268,0.08722111671086344,0.7185500412649417
s026,s011,6,0.06611322485035293,0.0003872302000755904,0.4818588367348399
s026,s012,6,0.0594988899449055,0.006957168165139588,0.5294353087081787
s026,s013,6,0.04901075491060273,0.12654529849893212,0.6918933885739635
s026,s015,6,0.03342556935628961,0.0019987007787071456,0.6682481132496522
s026,s016,6,0.05414093878602343,0.055767030105550446,0.5819595401968665
s026,s017,6,0.09544122544019094,0.0036335241189421378,0.682912459860176
s026,s018,6,0.07583360690071096,0.030540400244185778,0.5266714706260912
s026,s019,6,0.06914628240591987,0.025694073420787934,0.4727644922737878
s026,s020,6,0.08562854880207002,0.011722318428288626,0.5603261801768968
s026,s021,6,0.08607449491847291,0.14167574995718044,0.7642391630897571
s026,s022,6,0.1091133512919759,0.010558530136526774,0.465564961637036
s026,s024,6,0.12404159098624618,0.01117963314888595,0.8020419208364664
s026,s025,6,0.09154666008557735,0.0001311008247598566,0.49233745228592873
s026,s027,6,0.04963920641249188,0.012761450110481616,0.5239947543307735
s026,s028,6,0.07253998582741987,0.0474648139473178,0.6592684919858645
s026,s029,6,0.04417186126431514,0.00870992783787096,0.6493238117738925
s026,s030,6,0.12430391398487445,0.0008986824864617714,0.49420117751116666
s026,s031,6,0.038362868970880266,0.052474266076271744,0.5025769707796403
s026,s032,6,0.14861743739186994,0.14980402641753193,0.7247525357318986
s026,s033,6,0.05562998476918498,0.05558023018512046,0.6393228440814691
s026,s034,6,0.08336374591986775,0.00021620618873037002,0.587852861788451
s026,s035,6,0.08684967238739251,0.1381756281443091,0.6409839196694194
s026,s036,6,0.09218418583185922,0.024274337061708548,0.3463289294462133
s026,s037,6,0.08278792862781695,3.867504811333551e-05,0.589183147198605
s026,s038,6,0.0579448885938987,0.0031441869257171342,0.638737567536143
s026,s039,6,0.10020032698467625,0.021531425703224107,0.6960336781351388
s026,s040,6,0.04097467782250292,0.04458845917659163,0.5679671884621248
s026,s041,6,0.04969318720321131,0.1519390077954256,0.6664863036608568
s026,s042,6,0.07267728008701949,0.01704113281593875,0.4895399477607445
s026,s043,6,0.05134504329173025,0.15926433230808185,0.5908032823372271
s026,s044,6,0.031559104682921155,0.007399110408949113,0.6318185366329243
s026,s046,6,0.03940888418674098,0.04096275631683752,0.6424265852168332
s026,s047,6,0.06456985647803434,9.002974370208848e-05,0.3917373224693748
s026,s048,6,0.040438960222942084,0.009557363617860732,0.5320528456324826
s026,s049,6,0.04236900743684241,0.07747870174889362,0.6835247025714067
s026,s050,6,0.19040486073132745,0.0016957558852486393,0.6665580055799156
s026,s051,6,0.13516154897026114,0.0004758203282947159,0.6832565167820244
s026,s052,6,0.06468970011602464,0.017337647600516554,0.6002950121644315
s026,s053,6,0.04782097818854863,0.011197177661844296,0.7372355773304139
s026,s054,6,0.078857521016211,0.015226405238881949,0.7031729539050313
s026,s055,6,0.06466589863854583,0.11265936643346769,0.6455427696476137
s026,s056,6,0.05382795288528683,0.10096597416374321,0.6112578460751165
s026,s057,6,0.07539330741829267,0.07871973827659726,0.7016509598610442
s026,s002,7,0.029156391507825837,0.10375416957883346,0.7275732167390798
s026,s003,7,0.03226272377856191,0.02387921485512244,0.5716498197840536
s026,s004,7,0.03660627070788469,0.03758519385837786,0.5594114282356084
s026,s005,7,0.02503815950388122,0.05176677133078411,0.6553177883749332
s026,s007,7,0.09951050350567349,0.002194776168601948,0.6528132071797946
s026,s008,7,0.052059802069112676,1.2035228914698125e-05,0.5181538225588702
s026,s010,7,0.0864162315532335,0.04285286458270043,0.6333357447794522
s026,s011,7,0.044289467544091,0.014846420910832396,0.515581405219277
s026,s012,7,0.023533235414785327,0.04818258830441605,0.4884600043040175
s026,s013,7,0.043855104601322546,0.1250566650186812,0.6664193164896507
s026,s015,7,0.027790785094210648,0.00416660600582328,0.7256417481311787
s026,s016,7,0.021862334400248176,0.022792591584113647,0.5167393643597722
s026,s017,7,0.06654708051846449,0.040314598114517305,0.7246949079820298
s026,s018,7,0.025052551114510383,0.001080743189315955,0.5001602699457686
s026,s019,7,0.02976627817428679,0.005912841923342178,0.5555147321312126
s026,s020,7,0.03773834126410542,0.0011264180627395314,0.5726416259689593
s026,s021,7,0.030319107623036277,0.053401276649022,0.700943062227836
s026,s022,7,0.06178311697345745,0.007871612106074437,0.3719728306408778
s026,s024,7,0.08934267329021052,0.014664368681587455,0.6957317535205267
s026,s025,7,0.06885238094520128,0.0004905511376171494,0.531373556790815
s026,s027,7,0.040052742411086216,0.016070270875793987,0.5392294577380635
s026,s028,7,0.06032497093461539,0.025487668033996512,0.5789421974681094
s026,s029,7,0.033886816187345466,0.016979722855238265,0.6432643425210791
s026,s030,7,0.04157712859139599,0.011903819538533702,0.5684668180349266
s026,s031,7,0.025624324265326005,0.0032815862983807008,0.5655051070085563
s026,s032,7,0.027738288365275678,0.07745893775260235,0.6958042829784871
s026,s033,7,0.01837038372886844,0.04901515781751152,0.5334669364798366
s026,s034,7,0.026084922196516293,0.02556046710198582,0.5149460190130632
s026,s035,7,0.045355773527429755,0.0924830616615793,0.6246763302860846
s026,s036,7,0.05002320264100864,0.008174250698782299,0.26102876141579484
s026,s037,7,0.03589324930144939,0.004484736903799046,0.5586352611367225
s026,s038,7,0.02950205203588049,0.0019141656241845996,0.5329813272222033
s026,s039,7,0.08154859221854428,0.00224261465922868,0.6007981947947003
s026,s040,7,0.02248078674138851,0.00016053174120184396,0.46030823444589797
s026,s041,7,0.031698087910973075,0.09432991065248639,0.561973745073632
s026,s042,7,0.03891988651810558,0.002399481464894285,0.48274509950335814
s026,s043,7,0.028147157861675633,0.04139449144086998,0.471084681568523
s026,s044,7,0.03378233190709102,0.00014424940967189384,0.6315630001285184
s026,s046,7,0.024068698455617335,0.002248818576544689,0.6354036142636676
s026,s047,7,0.0338205606867914,0.013170401614324824,0.4467045339566376
s026,s048,7,0.030285044878741393,0.03510015039905621,0.5683420677877038
s026,s049,7,0.024006138665439346,0.02573026301880929,0.6101620004491378
s026,s050,7,0.0568655947304165,0.003827833957757047,0.7081499848566928
s026,s051,7,0.06765992151193417,0.019495364934933566,0.7136082687433903
s026,s052,7,0.032334221612401216,0.03417630941737167,0.4772808015846214
s026,s053,7,0.04251972042790021,0.05150520213867152,0.6533492619390328
s026,s054,7,0.03901146258060732,0.039634937011624995,0.705833593828947
s026,s055,7,0.050973843200235354,0.06004148201693382,0.5477687627597463
s026,s056,7,0.023795079465564323,0.004505743359827673,0.5303065998385937
s026,s057,7,0.037093450543674994,0.07187517722891541,0.6101286583395074
s026,s002,8,0.04109461832361051,0.06671631620937747,0.7189947685187851
s026,s003,8,0.035487390397409245,0.001221064417454877,0.5590896482093567
s026,s004,8,0.05234238086748595,0.01293476057431292,0.5395558516454564
s026,s005,8,0.02845516669480659,0.0009271982220791293,0.5548185897238863
s026,s007,8,0.06230319967477353,0.004077196635744863,0.6196954839639719
s026,s008,8,0.03850070230945793,5.5129855771178476e-05,0.5006192370445924
s026,s010,8,0.06129556567352152,0.08553382217383196,0.6281986397319392
s026,s011,8,0.06434113193961909,8.073859072687155e-05,0.3883209201742197
s026,s012,8,0.032460128426850365,0.009997438953594973,0.3880425054573614
s026,s013,8,0.028477386239722915,0.04358048486713565,0.6319624035593208
s026,s015,8,0.028552494756179665,1.3864887388515594e-10,0.6635692165660123
s026,s016,8,0.03167163141166556,0.02396585459997328,0.4799999208158491
s026,s017,8,0.04846665893762199,4.3949740884873e-05,0.6489588601821469
s026,s018,8,0.035314289705984096,0.006624082248707642,0.43524578552656434
s026,s019,8,0.039390737374813925,0.02035365935586941,0.4418512378167356
s026,s020,8,0.05552123649349469,0.007387124808249301,0.4436355840403661
s026,s021,8,0.044289202025189364,0.09439296329221895,0.6431229087805864
s026,s022,8,0.06112093343068682,0.004742303287039357,0.3094627459255229
s026,s024,8,0.05557114305256979,0.0014698268716641083,0.6641936934703033
s026,s025,8,0.04133770521601403,0.002165829150517293,0.4376944750815515
s026,s027,8,0.04013274914972254,0.004688004516296022,0.5605189001638087
s026,s028,8,0.05877811463642906,0.1160908286502327,0.5953796063172545
s026,s029,8,0.033755708814093933,0.0013844501584316612,0.6418944389212917
s026,s030,8,0.08130676972795749,0.02666044597574952,0.5055904335574802
s026,s031,8,0.020891841695543336,0.0321522296172186,0.5388020284325823
s026,s032,8,0.029882820702433612,0.06782486522615727,0.6181907056664909
s026,s033,8,0.023903554402557932,0.0854944193874954,0.4967145936818237
s026,s034,8,0.029673428438439134,0.03542199269554349,0.5335746351069731
s026,s035,8,0.03873661069572392,0.06691200397833402,0.6327625272648406
s026,s036,8,0.09686920138616623,0.00013651464564567707,0.16957544169516767
s026,s037,8,0.0434520396998202,0.002268879988755791,0.5642331493061462
s026,s038,8,0.03230698264470923,4.872335710184132e-05,0.5628780013695814
s026,s039,8,0.08747110874867522,0.016714919886781466,0.6613850639076664
s026,s040,8,0.025704478662296845,0.01093382920455073,0.4949936738484834
s026,s041,8,0.047984093670085444,0.13679797910517377,0.5238760896524378
s026,s042,8,0.046638549554247365,0.007505419379606541,0.5217900947592417
s026,s043,8,0.023949301206860032,0.04115729576783484,0.4062186412900162
s026,s044,8,0.028118686569189887,0.006360203037381082,0.5824755615073296
s026,s046,8,0.02633565394104812,0.03693450861162642,0.626786462008328
s026,s047,8,0.04882711797444649,0.0009376627248449855,0.40892199675760066
s026,s048,8,0.025829283795269987,0.002602271473402215,0.49672253927559495
s026,s049,8,0.033786315603631635,0.0224090409774671,0.5690152583767527
s026,s050,8,0.05806385367378073,0.007136535364835292,0.6823879080717901
s026,s051,8,0.09075765753122537,0.0014659118620139497,0.6697440464799657
s026,s052,8,0.032902911270055686,0.007579856306767129,0.49812739855724586
s026,s053,8,0.030711798922768093,0.00016788062020122187,0.6826876693872758
s026,s054,8,0.03735379506664654,0.004417497242577057,0.6558490587031243
s026,s055,8,0.03589434560121659,0.022111372213353304,0.48677837920715955
s026,s056,8,0.04648564669095552,0.023403491592768312,0.5096832942161799
s026,s057,8,0.039248715251584985,0.006974540737222414,0.6014251060295105
s027,s002,5,0.07913322421491008,0.002498801190271078,0.49788642030789887
s027,s003,5,0.1460083869127104,0.004189066882180294,0.5359968950679527
s027,s004,5,0.1643971284761685,0.13308918840230813,0.8005152954969998
s027,s005,5,0.04209586155291069,0.0015647927038037607,0.5072424878982794
s027,s007,5,0.10099762018847934,0.0006742873677196045,0.4252843922715292
s027,s008,5,0.23962338555067852,0.0007314971556722379,0.57742681487001
s027,s010,5,0.05726140371209606,0.014306266073393033,0.4459617708053834
s027,s011,5,0.03460795641121284,0.052486034946880686,0.43923544678223386
s027,s012,5,0.05124670091990602,0.04624844756697837,0.43540613323741184
s027,s013,5,0.06979441814948159,0.05022043795146737,0.7007208004279998
s027,s015,5,0.062072286889265534,0.015856853340720508,0.5732283139429766
s027,s016,5,0.08367380005704589,0.0063331294796093885,0.3923394020601545
s027,s017,5,0.036642926582821755,0.0012319139646039658,0.591381141426326
s027,s018,5,0.05902086888462984,0.03236719912437115,0.5817006387040754
s027,s019,5,0.05625982593339514,0.010047735779784954,0.4776524087137127
s027,s020,5,0.0802067594348577,0.031069776666789322,0.545222641387948
s027,s021,5,0.052515862541507606,0.005092156037375972,0.42129061447007254
s027,s022,5,0.03947595514484448,0.0001587648768235365,0.38384745971834916
s027,s024,5,0.06879992372538615,0.01938784064035547,0.4231565784690595
s027,s025,5,0.05185589652213197,0.008174048789669796,0.4701080663176126
s027,s026,5,0.08355412713141568,0.08495326482619121,0.5343884238796587
s027,s028,5,0.08482994056768875,0.17597911266453053,0.630632768538653
s027,s029,5,0.0910692153576802,0.016745031180713323,0.6331666295549562
s027,s030,5,0.07797507278312445,0.14764638094319776,0.5315004092357105
s027,s031,5,0.03310449570270256,0.06743170391683971,0.607929670405657
s027,s032,5,0.06842415479714724,0.00031737136040638203,0.5801403618598249
s027,s033,5,0.054440370105936435,0.017753901589769014,0.3824861023819293
s027,s034,5,0.07795316482394275,0.03262752097706511,0.5047899856785599
s027,s035,5,0.06805178917733588,0.0009092739389057452,0.5006123417729955
s027,s036,5,0.03860868540267543,0.001340775907970403,0.2869513433305929
s027,s037,5,0.040000156647050936,0.06262850904907231,0.5804504530293481
s027,s038,5,0.046116941863636046,0.0011633483828599048,0.3264428781646289
s027,s039,5,0.04195411244237464,0.02325092440816575,0.4325158862619213
s027,s040,5,0.0372784371307814,0.0002081968575333263,0.32107661530862364
s027,s041,5,0.08372716026208739,0.08539408246116449,0.49722783806538556
s027,s042,5,0.09691958373533205,0.1129105938152097,0.7915280915635117
s027,s043,5,0.053881894905123795,0.02123146978770644,0.2851155855749999
s027,s044,5,0.06456940832960474,0.015026539290282121,0.502881220026559
s027,s046,5,0.021386849580972467,0.08812897758990774,0.5726083979844241
s027,s047,5,0.03497454537164317,0.10358948634429062,0.6552965715818895
s027,s048,5,0.02983281655719127,0.002892882183553784,0.4768894167565643
s027,s049,5,0.05157304496887841,0.010821697950030578,0.34122676604050595
s027,s050,5,0.060034081346195096,0.015097662241141962,0.5500687400102177
s027,s051,5,0.05300693741404651,0.005151682933804495,0.5049631878708848
s027,s052,5,0.05514642688493824,0.00015623408722949817,0.19986796631888182
s027,s053,5,0.07947671780819518,0.02639319651159183,0.46309491374508566
s027,s054,5,0.049531480197065776,0.024704648284749622,0.5331639474014076
s027,s055,5,0.04743625686148851,0.04899588729409018,0.45452002225650817
s027,s056,5,0.04828406678386533,0.04328771729753322,0.4211295166320215
s027,s057,5,0.029871213919531694,0.12313145398137802,0.5603374111830366
s027,s002,6,0.036040413174776666,0.0021401169661802353,0.767427475606537
s027,s003,6,0.11701519420358952,0.13923187562154998,0.6758643543447068
s027,s004,6,0.06129585107516828,0.09688300180584644,0.812407511478958
s027,s005,6,0.017410503732628573,0.03473498674025841,0.5829319459174056
s027,s007,6,0.11413528876957207,0.03942200818401734,0.659533011483386
s027,s008,6,0.11360792154501163,0.02097526545044312,0.6064685462133818
s027,s010,6,0.044603063117598644,0.10985736286280987,0.6850727016636532
s027,s011,6,0.03849260331696889,0.016502852394902134,0.49656090068297315
s027,s012,6,0.03943121124038127,0.004856516275139358,0.5420339680255801
s027,s013,6,0.02626151895313777,0.04802275181330313,0.7333652879643966
s027,s015,6,0.04535014422590194,0.023984263131174965,0.6371100249873629
s027,s016,6,0.025156315322037614,0.039301581757506115,0.469969942611484
s027,s017,6,0.02843055172074441,0.07910078037833466,0.6616746015172427
s027,s018,6,0.019954127395891398,0.028324620355991727,0.5589888467321265
s027,s019,6,0.021542283470688043,0.16608434825742177,0.5869029691244879
s027,s020,6,0.04987104412427357,0.032067566908973666,0.5905052292351987
s027,s021,6,0.03418678676338225,0.01063391698548256,0.6669498246998353
s027,s022,6,0.03943689354940936,0.01788281499617451,0.4562879346034259
s027,s024,6,0.03997412437367385,3.18534699345381e-06,0.6862373527036887
s027,s025,6,0.0457954183695334,0.01999393788243571,0.5234528479861116
s027,s026,6,0.037895285754423316,4.490826832435978e-05,0.6798876922172757
s027,s028,6,0.04565985741260328,0.044821246855250046,0.6393913840216358
s027,s029,6,0.03566140996400361,0.015141763673873779,0.6526102323652184
s027,s030,6,0.03928296538022929,0.044665369222977605,0.6154987357391283
s027,s031,6,0.03023971876781562,1.5570306046063175e-05,0.6133548592782863
s027,s032,6,0.026500689198974168,0.010268799833706278,0.7140113071673351
s027,s033,6,0.0273878409992733,0.008676493562471214,0.5422389080360829
s027,s034,6,0.04689269421229492,0.025879864664904387,0.5527450270942398
s027,s035,6,0.015472173972938853,0.002028221792774264,0.6198828499663525
s027,s036,6,0.020545359540983847,0.004554760383617145,0.2597194930083484
s027,s037,6,0.07766779155748584,0.010502039837575044,0.5962283555969855
s027,s038,6,0.016235962496073918,0.010152425585583276,0.5166071311866961
s027,s039,6,0.019083605869464483,0.015190442547989118,0.6115798094419678
s027,s040,6,0.025366526380662315,0.0020980712180720005,0.5016677276627473
s027,s041,6,0.03232399843535396,0.04449858924889083,0.5661593395928896
s027,s042,6,0.046471043904463445,0.06048082151907088,0.7680243540929453
s027,s043,6,0.02752500744937384,0.01105161305062698,0.4153100658047881
s027,s044,6,0.01727198805475955,0.0026306574364107424,0.6493190741691002
s027,s046,6,0.015518632171883541,0.05045831916388512,0.7147038137527153
s027,s047,6,0.03691157511725155,0.0008785310843260955,0.6699973539586567
s027,s048,6,0.015179422175090457,0.0031779500481909475,0.5395633837992204
s027,s049,6,0.01420004706040059,0.04299264111952481,0.5163168227765395
s027,s050,6,0.030501940318595447,0.019115998081525462,0.6552272725312269
s027,s051,6,0.012955335543773467,0.0010603948273057407,0.6649670764829887
s027,s052,6,0.04781754911017828,0.004656239707946374,0.39906706398970315
s027,s053,6,0.03471015747766549,0.02320928362000888,0.6341717588221292
s027,s054,6,0.04744921959126347,0.004034512019018705,0.6227266073552898
s027,s055,6,0.02349266092148456,0.0010786605327164325,0.4974396690488019
s027,s056,6,0.03218197160559428,0.0058979669842789215,0.5612040814652528
s027,s057,6,0.02176509924607057,0.014031766372835066,0.7184273040167223
s027,s002,7,0.16134654895684256,0.019204432602845527,0.6452921521183416
s027,s003,7,0.20045467388167038,0.02389719194464284,0.5834213558173226
s027,s004,7,0.27450049255310516,0.14380738348995456,0.7406532960398455
s027,s005,7,0.04457203383247757,0.0006767261732358174,0.5067292504942407
s027,s007,7,0.24576535239681727,0.012751492573382164,0.6742860874515186
s027,s008,7,0.1539315705927918,0.001244317783161637,0.5791499222035056
s027,s010,7,0.03738136120214194,0.0439382223342837,0.5462740952586035
s027,s011,7,0.04852100389182999,0.008253631225109723,0.4018538712950263
s027,s012,7,0.11764145964134771,0.0027800551695905023,0.5039157701411449
s027,s013,7,0.041126424583032443,0.048767706235374755,0.6927825351785127
s027,s015,7,0.05353108485052223,0.0001625634562975683,0.6968258175507152
s027,s016,7,0.06333584256269982,0.09022641318415296,0.398524555666227
s027,s017,7,0.05467000943961969,0.0044762274704577025,0.626025857979411
s027,s018,7,0.03208882634878657,0.019352804228216922,0.5304145498764834
s027,s019,7,0.06180242897838684,0.009371239022170332,0.5219323356723773
s027,s020,7,0.11441788604856812,0.000566755266478491,0.5219505454828541
s027,s021,7,0.04258574165216741,0.029076744629868218,0.6004901698828763
s027,s022,7,0.03732781002069539,0.014761150928013852,0.31933118973192254
s027,s024,7,0.045572447277383535,0.013373377946485148,0.5951840227495493
s027,s025,7,0.08911190802915285,0.012389051693893273,0.4781617111664925
s027,s026,7,0.12130284394035182,0.0010049979544001595,0.6322461324339392
s027,s028,7,0.04967093146571258,0.07034710570158785,0.606462112554367
s027,s029,7,0.033490904613768344,0.08515905981072569,0.628732805778862
s027,s030,7,0.04795764445196601,0.04147812645518144,0.5267981208083932
s027,s031,7,0.032344870624333506,0.016604718009718907,0.6078510953893979
s027,s032,7,0.05746081804118571,0.00322310191097482,0.6039505388461162
s027,s033,7,0.07404234572609993,4.811111976476469e-06,0.4283436666741462
s027,s034,7,0.09809644882508264,0.002086690863238763,0.4986717798601846
s027,s035,7,0.055410045392696436,0.02290386046776582,0.6350234194726915
s027,s036,7,0.022279453773536934,0.00018926680647683914,0.18440752843198793
s027,s037,7,0.1541603452236523,0.05923142876246466,0.5771320973704795
s027,s038,7,0.04819146367933582,0.0005402248891560929,0.4457891145537805
s027,s039,7,0.04348222925525372,0.08262467958391347,0.6613980636488118
s027,s040,7,0.044347355467709335,0.035513314591815226,0.41665847478664864
s027,s041,7,0.05645164036866021,0.04277577367264048,0.49635260707203177
s027,s042,7,0.10569369499967335,0.01584566593196467,0.7345545979757324
s027,s043,7,0.0515043728376948,0.0005198823970713224,0.3547913320203273
s027,s044,7,0.025474449745105154,0.039415558395899365,0.590805577469865
s027,s046,7,0.03686937116028422,0.054531804333379036,0.6352667246013612
s027,s047,7,0.04308896865533933,0.01504964340548185,0.5569631165241522
s027,s048,7,0.030535208140332615,0.04344486971909863,0.4451800223965646
s027,s049,7,0.0439944575682341,0.0026421603247980072,0.4331591439399518
s027,s050,7,0.05065337633436464,0.006982277752282339,0.6385037102815193
s027,s051,7,0.04475093497230685,0.0007136452062493038,0.680116087799288
s027,s052,7,0.04877731462174267,0.015203068362750706,0.38829975366666136
s027,s053,7,0.09225609451679614,0.0006992210244580191,0.5828489108560341
s027,s054,7,0.07565255487502517,0.0352901716467558,0.6188277621863918
s027,s055,7,0.05003500797250273,0.04059843679685862,0.45392700613787496
s027,s056,7,0.034444966958223876,0.036095309297477556,0.5415084281412975
s027,s057,7,0.023377154738453674,0.028549551171267774,0.5554892310615689
s027,s002,8,0.049713128171452105,0.007334796620377303,0.6467217310531851
s027,s003,8,0.2601463797737117,0.0970094887659032,0.5634006503886394
s027,s004,8,0.28252924194301576,0.2709506504166846,0.7789332922125943
s027,s005,8,0.06631265635234426,0.024220115432567264,0.6110468378774724
s027,s007,8,0.07920173332699895,0.0066753507165500225,0.5805999445548068
s027,s008,8,0.23081671530836034,0.13919405683844444,0.6499796687748396
s027,s010,8,0.05503639927296632,0.009481094998699719,0.5629709683585735
s027,s011,8,0.06765191025720457,1.4104939470392625e-05,0.46757614819981996
s027,s012,8,0.0834165430212967,0.008604165254378075,0.54594818841717
s027,s013,8,0.09652940464430973,0.19380870515733736,0.6788810980920662
s027,s015,8,0.14683575599274884,0.02238825126474298,0.6409255346660898
s027,s016,8,0.07375149717471488,0.14214971102611762,0.48556787053434575
s027,s017,8,0.09749305212527952,0.01567624308397076,0.6794177573884417
s027,s018,8,0.04265051919860582,0.03019077592139172,0.6211414681694947
s027,s019,8,0.08229079160513991,0.062248481078546,0.6545790276286941
s027,s020,8,0.08418084098859864,0.019155859554124906,0.6462376153534196
s027,s021,8,0.052677887037679054,0.012988109591317472,0.5815186223518042
s027,s022,8,0.04130804050981326,0.0523561605674019,0.4261214381408289
s027,s024,8,0.1076140571017845,0.05156538973136968,0.5486627307438439
s027,s025,8,0.08415141164462327,0.05232734573988723,0.6359392132726249
s027,s026,8,0.10521334512548008,0.006373831103147313,0.5811507265385591
s027,s028,8,0.10796119112757076,0.06033927798540786,0.6396938846199627
s027,s029,8,0.08471269589344774,0.0527275328380408,0.6598441288870793
s027,s030,8,0.11969601882379065,0.002171287234999692,0.548590897396679
s027,s031,8,0.11998568609505939,0.01598271160403379,0.6690841484524017
s027,s032,8,0.11711225620908018,0.03709738288205487,0.6581557054242219
s027,s033,8,0.10475382653470057,0.008980561889426196,0.4988464254942335
s027,s034,8,0.0953666218480742,0.09977285134741883,0.5804645560897308
s027,s035,8,0.09022472840859509,0.051649470152032625,0.5852840822026836
s027,s036,8,0.08259183523930445,0.0005799101550375638,0.3462117350859361
s027,s037,8,0.08938814696365843,0.06699274563574517,0.6198258936674262
s027,s038,8,0.09772163663858745,0.024814051470513004,0.43178605890482896
s027,s039,8,0.06319135686380828,0.029788151073402058,0.5129991366687721
s027,s040,8,0.04621360776759671,0.009298072634754875,0.39244652287572457
s027,s041,8,0.08010801757400525,0.012488945036454249,0.5700031069253754
s027,s042,8,0.09978566479949802,0.06779951614765087,0.7974092489396044
s027,s043,8,0.14648715095246617,0.0015869047802255123,0.3386908453067787
s027,s044,8,0.048250682417256774,0.003088323435733654,0.5888257000568592
s027,s046,8,0.050785177552972904,0.016272912494321366,0.7135080556398894
s027,s047,8,0.0786727565652271,0.010377259583040534,0.6905459819878236
s027,s048,8,0.06004387153727874,0.003618664409331902,0.5982757901914885
s027,s049,8,0.04745962954273708,0.006314828154246164,0.46761253524614316
s027,s050,8,0.08747568102899526,0.002033311182797888,0.551705315129903
s027,s051,8,0.12810039551828412,0.017724076022779523,0.6419634984784406
s027,s052,8,0.06944122779835903,0.000736314583334381,0.3105971851550615
s027,s053,8,0.1255173302043246,0.0007466372869933066,0.5270930191071164
s027,s054,8,0.09225991827350655,0.006149014573762467,0.6239512603941388
s027,s055,8,0.09600818120342551,0.07684447549200041,0.5540999328883257
s027,s056,8,0.07316692965681978,0.0030101383554454364,0.5064089498442773
s027,s057,8,0.05954553653421059,0.012511656338571464,0.6270992632511283
s028,s002,5,0.10192187947628348,8.144447364770281e-06,0.7112828799823575
s028,s003,5,0.027447323113230792,0.06139573852156694,0.6210277636267864
s028,s004,5,0.14907355281446644,0.01643207802559967,0.7408080989971807
s028,s005,5,0.018766856231199315,0.010772854902618515,0.536209137945771
s028,s007,5,0.07222715181548739,0.0026965077956662255,0.5710742922213426
s028,s008,5,0.057922732830168654,0.05188902089550802,0.6389106666201796
s028,s010,5,0.06168731614508512,0.12452568215425808,0.6866089562983834
s028,s011,5,0.018916823327076254,0.1060019801133581,0.5765080265803371
s028,s012,5,0.019810185092118186,0.10386191520855938,0.6408821032116094
s028,s013,5,0.09413426643177,0.08446514852084669,0.7796196725270722
s028,s015,5,0.09140387738502051,0.017890581750902735,0.5284853270533875
s028,s016,5,0.05564363885925044,0.00033667448435254735,0.5750385084916427
s028,s017,5,0.13372865842764917,0.09641845466609089,0.7344444859045406
s028,s018,5,0.033886222861763536,0.023041887161551103,0.6215483060847635
s028,s019,5,0.05309276202807164,0.008416150110534381,0.5009386054084295
s028,s020,5,0.030337742686820175,0.020931420942612605,0.5773650925616083
s028,s021,5,0.05081867236411969,0.02911397951180952,0.583107402676921
s028,s022,5,0.04260158951504388,0.0030212225977770584,0.5143138825848123
s028,s024,5,0.1834272280529141,0.10949271265028417,0.6606777871893781
s028,s025,5,0.0799056725280746,0.017196312456756572,0.5337940174380155
s028,s026,5,0.16187326370464933,0.19939560195735584,0.6778744461905873
s028,s027,5,0.03415426658883563,0.021598235938274486,0.589902416900564
s028,s029,5,0.06824240466877121,0.003456211079059025,0.6899556704962317
s028,s030,5,0.06373655829108131,0.012954697066869091,0.6183940110666912
s028,s031,5,0.03869986717653019,0.006625982778107684,0.6214792921492008
s028,s032,5,0.06625034655131125,0.018756625233216213,0.7164827572982158
s028,s033,5,0.020343726520407262,0.07780857879127526,0.6290916980350622
s028,s034,5,0.04166373443674127,0.01136700868346399,0.5956201513756239
s028,s035,5,0.08665778318601036,0.0892296677448067,0.6027100485793462
s028,s036,5,0.09847969104795276,0.024915222279195452,0.398369780555497
s028,s037,5,0.05613841972559378,0.00401957948752517,0.6666390483906319
s028,s038,5,0.052592643996980847,0.01716056755644194,0.6277396813991429
s028,s039,5,0.09732977984294448,0.05237491359855164,0.6684168631335262
s028,s040,5,0.020251038065571967,0.026445836679781932,0.6612947670809923
s028,s041,5,0.03844479466576422,0.133997013060546,0.6276349320307016
s028,s042,5,0.04737924318460584,0.06490272654790043,0.7454882891944895
s028,s043,5,0.09144578577044707,0.011428077838256709,0.4643516191436214
s028,s044,5,0.06851691549302148,0.007075739302373343,0.6278154292167679
s028,s046,5,0.013720847567655153,0.054310465837363056,0.6894323473255914
s028,s047,5,0.04761113975981036,0.017177122336267586,0.6155891843564112
s028,s048,5,0.06132899132647038,0.02079883012939745,0.5181853158080846
s028,s049,5,0.04564870860515896,0.010029452952686523,0.5066235453744735
s028,s050,5,0.040583334709381455,0.037779924878076604,0.7189141385457487
s028,s051,5,0.10665160674447903,0.017488350084762103,0.6929703935134809
s028,s052,5,0.04496317541117035,0.022720632498378565,0.506192649787713
s028,s053,5,0.08074606565531388,0.003996926769730091,0.7192178022387478
s028,s054,5,0.03148665522102644,0.04441723073019605,0.722597511285412
s028,s055,5,0.048478289877504556,0.006561602315264968,0.5487017613655455
s028,s056,5,0.03131415093809169,0.01825569081527332,0.7049589703220593
s028,s057,5,0.05997634515027415,0.02570498755274522,0.7628978611808499
s028,s002,6,0.0634360536903498,0.0030296806674107455,0.6178796891858404
s028,s003,6,0.04957574224796759,1.9541120002233842e-05,0.5070907665331327
s028,s004,6,0.23974305904705392,0.021912443593424192,0.6761964241385842
s028,s005,6,0.03139244699102139,0.032387752400901776,0.5711261760640003
s028,s007,6,0.09237966607285271,0.0005971313475194031,0.4718022330303894
s028,s008,6,0.32652576926947535,0.03293103347025921,0.6184825393876207
s028,s010,6,0.11681911025080405,0.22135194241096576,0.7738310208164707
s028,s011,6,0.03946101353923865,0.019988960991111367,0.5113671986857803
s028,s012,6,0.033217158977755,0.04054052689891567,0.4726425701153456
s028,s013,6,0.13773516567311975,0.1534400124931918,0.7222773541792114
s028,s015,6,0.09689982096720116,0.007618106719255672,0.5881268242024408
s028,s016,6,0.06686437270906,0.11018815307380124,0.5347071529995568
s028,s017,6,0.24626081258303661,0.04230171755552849,0.6384860223527687
s028,s018,6,0.040131842779337915,0.0254199053957156,0.588360083444699
s028,s019,6,0.10054845374177675,0.008559307999954661,0.4935081686005805
s028,s020,6,0.048099468303905844,0.0024105911337598623,0.4651384797583857
s028,s021,6,0.06006986361882943,0.0374901980492985,0.7011290025571035
s028,s022,6,0.12429693995958441,0.0015838672459976334,0.3836122974130805
s028,s024,6,0.20220149573242588,0.05651378061856232,0.5004130810397815
s028,s025,6,0.20544221520574804,0.04611673031016005,0.5115440797167836
s028,s026,6,0.29491077647366787,0.07187341021574081,0.6238872743854761
s028,s027,6,0.13888325102247934,0.0015834762399296284,0.6113014489948807
s028,s029,6,0.08505117844046914,2.0424671031756632e-05,0.7593586164197714
s028,s030,6,0.11652994056403461,0.06965331376810362,0.6021588225154848
s028,s031,6,0.08303959620954715,0.013186852151720363,0.6699348919495303
s028,s032,6,0.0702643099930045,0.09696102009611046,0.6527756849015147
s028,s033,6,0.046715381077904274,0.039690405186371486,0.6108116483956636
s028,s034,6,0.10434151417324468,0.002707314707132762,0.46648155850347767
s028,s035,6,0.08683586027817829,0.0008367739600693696,0.5508951072446697
s028,s036,6,0.15291395848705705,0.0005608857937761663,0.24915878933672514
s028,s037,6,0.12736124629803844,0.03367189110775645,0.5553087542372706
s028,s038,6,0.05535494527661056,0.0005065754936969694,0.4962351049179613
s028,s039,6,0.17112211670731864,0.002398751223257363,0.5129988923747973
s028,s040,6,0.02453335502397662,0.009836466695382785,0.44192244031647254
s028,s041,6,0.0574902039379776,0.24832196191479405,0.6687178360754454
s028,s042,6,0.10810060432628724,0.02393551818281062,0.6353432890304446
s028,s043,6,0.1833334305637039,2.134514622916031e-06,0.3352449427124429
s028,s044,6,0.08977780734942994,0.007520220712960415,0.6106157453535453
s028,s046,6,0.02901086248793105,0.27774159581606267,0.754621098667072
s028,s047,6,0.07689488030426643,3.428192198585406e-05,0.5038265410736231
s028,s048,6,0.04490429257761611,0.0011462761742405216,0.5030825472275818
s028,s049,6,0.055744792708077515,0.02673130364933258,0.6566166977614626
s028,s050,6,0.06184678940401579,0.008328594425986066,0.7513323961217848
s028,s051,6,0.1868571659874839,0.007886480139226142,0.6203453888425953
s028,s052,6,0.08598490277411783,0.0007919237547159731,0.3694255036807709
s028,s053,6,0.12505305302933656,0.042267126384168754,0.6882064952820452
s028,s054,6,0.05509587660220746,0.0035613053073422457,0.687301274907865
s028,s055,6,0.09988653763484553,1.2040943750003524e-05,0.45468436562640197
s028,s056,6,0.06904448269448545,0.00020262956920384195,0.5029541903557758
s028,s057,6,0.07328914790809654,0.022090864269173775,0.6912545002761191
s028,s002,7,0.22210614298454437,0.03081463454356564,0.790372571893393
s028,s003,7,0.07356837819118692,0.06412324917815554,0.6412184792012764
s028,s004,7,0.13043245840255555,0.030530518393401443,0.7896468037274224
s028,s005,7,0.04872921806886488,0.006889321243484795,0.6283481732762412
s028,s007,7,0.13825215319947456,0.04012053242408512,0.5969811026737554
s028,s008,7,0.19821353873690797,0.0006721739580429437,0.5896400929379457
s028,s010,7,0.12915274203633795,0.09271790606519739,0.8073309405810536
s028,s011,7,0.06766941653316523,0.08068730527636724,0.5814943475016708
s028,s012,7,0.04058622408511703,0.1821114245349992,0.6960442516772609
s028,s013,7,0.22855379684587268,0.05890116122568356,0.8153617332941048
s028,s015,7,0.14523370412048994,0.03976252415746282,0.7296848396028385
s028,s016,7,0.12734385395594883,0.005421046373909281,0.7102928884368345
s028,s017,7,0.4112002007249663,0.25593101983875705,0.7248146942639329
s028,s018,7,0.04941161525025372,0.01568401232573234,0.6989705703395644
s028,s019,7,0.09744211568065238,0.0008534968715821702,0.681829460220463
s028,s020,7,0.0573685284670321,0.011047638173633927,0.7146209253051323
s028,s021,7,0.10014609164718181,0.08466021636391188,0.74148346216555
s028,s022,7,0.16035836300109876,0.01680383542467951,0.5539251871113936
s028,s024,7,0.3744630670917695,0.15818636329868843,0.7046666064353645
s028,s025,7,0.19566442648540464,0.011475803048154407,0.5797989237104074
s028,s026,7,0.4634674835358575,0.1450566735442486,0.6310110725843463
s028,s027,7,0.17545364957944698,0.02778457667466583,0.6912457319036495
s028,s029,7,0.18671434653783445,0.007087937703360525,0.7342904431569338
s028,s030,7,0.13908553861857642,0.026982153730824476,0.6267511782261794
s028,s031,7,0.2051714900261748,0.077799829111131,0.612992981373115
s028,s032,7,0.15331306590737995,0.056591181487168,0.8014282530342869
s028,s033,7,0.04452509118699357,0.1314737255092929,0.7662496620201549
s028,s034,7,0.07581553922407118,0.04879643163151068,0.6032468154961156
s028,s035,7,0.10894143677210591,0.07872446741098052,0.6076738187513507
s028,s036,7,0.2217004982924676,0.0425254562243892,0.4660560947933401
s028,s037,7,0.07134953750662383,0.13539697449792176,0.5911827927671653
s028,s038,7,0.09877647694645345,0.00278187573273495,0.5898764313170125
s028,s039,7,0.16925469049457595,0.031714541236539856,0.6655076779741921
s028,s040,7,0.0591132640450453,0.04178419025697221,0.5728235992139873
s028,s041,7,0.06890136875686943,0.34367745018296,0.7608981267177352
s028,s042,7,0.14709532550614748,0.026637723713932675,0.7557561985418033
s028,s043,7,0.2407281996858604,0.016870852513608574,0.5050397144901115
s028,s044,7,0.11783250791845624,0.014638313072728481,0.68603852540296
s028,s046,7,0.036456908460743905,0.06971348071123448,0.7563882507453663
s028,s047,7,0.08067160141035554,0.05134203536880211,0.689147291360286
s028,s048,7,0.06315599676750049,0.0017546905155612523,0.5684797047026556
s028,s049,7,0.07879983647925924,0.037584654038625286,0.6764888178446432
s028,s050,7,0.09226710206646266,0.031224610703863127,0.7013572796825416
s028,s051,7,0.22803620947427047,0.07577204082205247,0.6879627611866408
s028,s052,7,0.10229157337923805,0.00010001065162746392,0.5613811316869391
s028,s053,7,0.17760622113345823,0.004381434347297454,0.7861365137425567
s028,s054,7,0.05817683240346229,0.026749674072491608,0.7269826241409943
s028,s055,7,0.12143531207782633,0.0064013939924818224,0.6245978331157526
s028,s056,7,0.12467115302049735,0.019768727351846153,0.7057230189077903
s028,s057,7,0.10550411563289225,0.016250384484923455,0.7809783972746352
s028,s002,8,0.025816026156397904,0.00016036733879864953,0.682817835605892
s028,s003,8,0.018999630934871625,0.07474234754025788,0.6475054444453968
s028,s004,8,0.07826918260179984,0.02784319603034545,0.6300856609222258
s028,s005,8,0.01579456476598839,0.0025192814366566535,0.5648482247859619
s028,s007,8,0.055014390007005955,0.002589676372948266,0.5820492019463192
s028,s008,8,0.0622863201549147,0.04998039950323223,0.6302684362040777
s028,s010,8,0.042193350871871246,0.17068416026161187,0.7243888329342438
s028,s011,8,0.014775526679102638,0.18893200783210334,0.6537545725622682
s028,s012,8,0.010198560157267798,0.12266040167393996,0.6913016634717812
s028,s013,8,0.07825461780371534,0.08471218630783542,0.855381631990617
s028,s015,8,0.06996850592583698,0.023946719235068963,0.6295734092430549
s028,s016,8,0.04197932300871249,0.024304646316070037,0.7028819326771293
s028,s017,8,0.13099734163480997,0.09377515762888246,0.745124063929024
s028,s018,8,0.017395964382227288,0.0450418928337591,0.6489109308434426
s028,s019,8,0.04648789803883235,0.0009814402006698354,0.5100032770439128
s028,s020,8,0.022915663978842735,0.06128857215777746,0.6101003043234475
s028,s021,8,0.039742074717425406,0.04424593964296481,0.6424065382606837
s028,s022,8,0.04363963635611232,0.0272397280218317,0.5671233047756392
s028,s024,8,0.169675856720234,0.10110120362156758,0.5998420497415288
s028,s025,8,0.10087867022752145,0.08518641753030987,0.5411770975840349
s028,s026,8,0.11849087279766798,0.1241066642148271,0.6335328211040974
s028,s027,8,0.04909636284736687,0.02855187904528906,0.55055036664429
s028,s029,8,0.07503317972976456,0.0005133205717018887,0.7047328112752395
s028,s030,8,0.03554031395252509,0.0072871212837538665,0.6366069914966679
s028,s031,8,0.033715014356546544,0.026468370928490945,0.610206823267209
s028,s032,8,0.037613287316159,0.015183965823149773,0.7484602853431342
s028,s033,8,0.013457300548079015,0.1377737539357224,0.7102790007322867
s028,s034,8,0.030427717056586943,0.0259075965264448,0.5636129980722044
s028,s035,8,0.07167933165986179,0.03036564252794018,0.5452646041338951
s028,s036,8,0.06923759957373309,0.08049062241086473,0.488757799604356
s028,s037,8,0.03923261015528672,0.004409659349190514,0.6473998076893184
s028,s038,8,0.04809298473951721,0.012429292322836568,0.6047113232396802
s028,s039,8,0.06126768679054615,0.02645732179775916,0.6182980812410988
s028,s040,8,0.021404676027096073,0.06278119335253142,0.5543024533972131
s028,s041,8,0.02955974607782717,0.2587913215504862,0.786674136423258
s028,s042,8,0.051034648295237954,0.07363432549754056,0.6978571592354159
s028,s043,8,0.08485354036871712,0.037705800368264736,0.48655451497101476
s028,s044,8,0.07295838865092026,0.03031955103654632,0.6497394428836051
s028,s046,8,0.009235372506864594,0.16465998806519816,0.6918890877789869
s028,s047,8,0.02486720179155317,0.008849526940054493,0.5722907199641863
s028,s048,8,0.045045388811694315,0.03935717331329454,0.4848819583317814
s028,s049,8,0.028523849905766972,0.020417077426742966,0.6184509513543863
s028,s050,8,0.02092596872105435,0.0006235541587164902,0.6684456105572928
s028,s051,8,0.07714704297509273,0.03478082241664732,0.6925859017947024
s028,s052,8,0.03700506508071467,0.0019083020179898008,0.5016069577058648
s028,s053,8,0.05314759201736689,0.0047639318955318396,0.8266861063235607
s028,s054,8,0.021069198595064603,0.010467041918196258,0.7214308801035897
s028,s055,8,0.05173337570286197,7.66810463455523e-05,0.6185127277059084
s028,s056,8,0.022145101155243912,0.0010698084857510574,0.7003734917128108
s028,s057,8,0.029523444919605183,0.023863777843049855,0.7897434936892735
s029,s002,5,0.1154573731081351,0.04263527542312858,0.739266391493005
s029,s003,5,0.08615728442970547,0.00413452170495386,0.6675912365488571
s029,s004,5,0.05903282924355825,0.0034193499430813915,0.6599989864830571
s029,s005,5,0.04712175037078172,0.06925126924579754,0.8168418233791761
s029,s007,5,0.183307588177314,0.16658762215216502,0.7715099437292992
s029,s008,5,0.0654200209080689,0.001126937978587921,0.6495897309979637
s029,s010,5,0.17172202868513103,0.020081886937365453,0.7798961076368919
s029,s011,5,0.06533239355121277,0.0024195780785995296,0.5893560693879923
s029,s012,5,0.056032183654647225,0.006653458687764808,0.6108775643776575
s029,s013,5,0.09252133543202852,0.013688972731504403,0.6680148160388422
s029,s015,5,0.1486452403760156,0.1654345031744132,0.7280171079581056
s029,s016,5,0.039212912927699115,0.012109973710451314,0.6568026756890374
s029,s017,5,0.12235662741057785,0.04858673060586063,0.7655668437968344
s029,s018,5,0.06938745059992592,0.08281141569583295,0.6209140883261887
s029,s019,5,0.13244556450899048,0.06938980492670946,0.8367299603004542
s029,s020,5,0.05491376575151788,0.0020554801360175715,0.6986052817302709
s029,s021,5,0.06736452987922537,0.05585082387627666,0.7256446429973167
s029,s022,5,0.05389336920685602,0.013689751303047651,0.5175435327046716
s029,s024,5,0.06315503581664517,0.011135283547714224,0.7418218748612053
s029,s025,5,0.0842114708180105,0.0039454636182559635,0.644073560429758
s029,s026,5,0.12392314200328848,0.0656882951335886,0.7116127397643279
s029,s027,5,0.04064876876902638,0.0009678197511628668,0.4949203049964902
s029,s028,5,0.06698153884363464,0.057432725628697834,0.6789565366849469
s029,s030,5,0.029943207064498448,0.036540290819112364,0.6004946630824629
s029,s031,5,0.029610754431405817,0.0788954266721177,0.6178085985066827
s029,s032,5,0.06145666528011309,0.000611924809361311,0.7009335152736116
s029,s033,5,0.019792826857707255,0.2869366996229539,0.6840428790886105
s029,s034,5,0.06474305821917405,0.04450489203647573,0.5849787591511203
s029,s035,5,0.05274079092600232,0.004057817542051015,0.681304155902802
s029,s036,5,0.0651000018799207,0.062371489336691975,0.40619115576036835
s029,s037,5,0.038211384174351146,0.040431755854265915,0.5894805923276649
s029,s038,5,0.0483104580370084,0.0010308644589744032,0.6911507872689975
s029,s039,5,0.0615386626312915,0.006997166162331262,0.661530665181776
s029,s040,5,0.039419720847262765,0.02170655913321014,0.595017673719684
s029,s041,5,0.055957501944463174,0.0006616748223054335,0.5827553764043776
s029,s042,5,0.13551201421331488,0.03981493080217109,0.6031271513327242
s029,s043,5,0.043734435251683204,0.03454477268823098,0.5541321363275256
s029,s044,5,0.0483723196704212,0.0009154839359384681,0.7426730157911717
s029,s046,5,0.04946076941874823,0.0015401328983065564,0.7607787890174841
s029,s047,5,0.04496757148917782,0.008416363818436858,0.7233932531762527
s029,s048,5,0.07223869042687876,0.2527263150866504,0.7558554556972888
s029,s049,5,0.04331499153073672,0.04758154846515681,0.6613876247573288
s029,s050,5,0.09204284660367537,6.472154993965866e-05,0.7394681318519898
s029,s051,5,0.068456685693903,0.1281110188985975,0.7220954562887834
s029,s052,5,0.07227541360519583,0.00791159373594834,0.6082489186737835
s029,s053,5,0.08400923573175544,0.00988628773051282,0.6900182278976388
s029,s054,5,0.08644878045256968,0.010245860776031823,0.8362183698481171
s029,s055,5,0.09303997472076403,0.010847731606266075,0.6396581714215535
s029,s056,5,0.057845816046739565,0.05012412127732036,0.6159027932022222
s029,s057,5,0.05423897783862513,0.022780768467620553,0.5902244809765151
s029,s002,6,0.13388225055161637,0.03204258807785604,0.6945334447402605
s029,s003,6,0.06409328181411993,0.012351218849787187,0.7712387363614797
s029,s004,6,0.08563593562070367,0.012677513652456177,0.5660792221427952
s029,s005,6,0.059627873189157625,0.14073449057020448,0.6845745230719932
s029,s007,6,0.1372018214352443,0.049501890433832824,0.6427025082730919
s029,s008,6,0.035475373138279094,0.03602294813544887,0.7027389894034233
s029,s010,6,0.12408547609840512,0.005621303892347091,0.7225668602574682
s029,s011,6,0.06158004030824666,0.002481927171716788,0.7711871576488204
s029,s012,6,0.08953060241464426,0.008118031844811566,0.6966385912730947
s029,s013,6,0.0902974848473973,0.006303516524627702,0.744359824969577
s029,s015,6,0.1820144212828271,0.15262156343146205,0.6471162436216811
s029,s016,6,0.06503096248439633,0.001590166053043516,0.639390687820118
s029,s017,6,0.11503517473538645,0.0010155686176143443,0.742967491609317
s029,s018,6,0.1273656288746742,0.19370644391001463,0.748121806682291
s029,s019,6,0.10240153166129139,0.060034939741174756,0.6372687029705909
s029,s020,6,0.10463708603678873,0.048024363882743344,0.5854636136584168
s029,s021,6,0.08549171937343132,0.006689992746605007,0.6613320347812872
s029,s022,6,0.09339927344826418,0.11902075249435098,0.6060296346053791
s029,s024,6,0.04700359702323751,0.009019983305996914,0.6951097511714688
s029,s025,6,0.09320470142328238,0.013230496185817023,0.7497412171183375
s029,s026,6,0.1107845721488537,0.1139240104801786,0.6634076877932121
s029,s027,6,0.036126409921961485,0.003510573969414989,0.4653845376628241
s029,s028,6,0.06588171285755777,0.005273428431375295,0.6581474618737011
s029,s030,6,0.03436547676316191,0.10570814405605174,0.7690049755032745
s029,s031,6,0.03644365751447789,0.023461962373360658,0.6367445035907586
s029,s032,6,0.10411014393085449,0.017260147522733135,0.6906917913408757
s029,s033,6,0.027598109917111886,0.12260918591720739,0.6350795233253593
s029,s034,6,0.07455128761862545,0.0924146151911252,0.6476737855576942
s029,s035,6,0.08621133240199355,0.02103977723090704,0.5864479169692325
s029,s036,6,0.05755162374186751,0.05764244734419595,0.4799352342457389
s029,s037,6,0.07075314776471268,0.2346385522908674,0.6914147864076995
s029,s038,6,0.08061504308281188,0.00866980287231262,0.7869840437749333
s029,s039,6,0.05295521908653811,0.023312832193553457,0.6203690936996441
s029,s040,6,0.044844226148455346,0.017728813955215122,0.6017387037403199
s029,s041,6,0.050382680186242736,0.00012017236566180867,0.6866948056196974
s029,s042,6,0.09900578085977478,0.037822065983402556,0.6280137029684035
s029,s043,6,0.037178232360157944,0.17568493514046882,0.6283613966949613
s029,s044,6,0.03375535075541152,0.004779861189177574,0.7673816916136849
s029,s046,6,0.04620194368533357,0.015196754243739017,0.6975197071861126
s029,s047,6,0.04881954700977309,0.0021999952475575697,0.581259080492448
s029,s048,6,0.05653045755935382,0.10167912311333939,0.6143658168183449
s029,s049,6,0.050430018638277375,0.07526847019938232,0.6491076433545655
s029,s050,6,0.15700939198614117,0.003044977732184221,0.7516038843037561
s029,s051,6,0.14126668432652897,0.06935018213525102,0.6659855912016668
s029,s052,6,0.07321737602940014,0.00859288978301153,0.5129251803006861
s029,s053,6,0.07501547473234796,0.0072134076131884,0.6697403830560201
s029,s054,6,0.04821244585957741,0.06036024366678673,0.8304052449788901
s029,s055,6,0.07970273776770083,0.0227005305603167,0.6675862003518188
s029,s056,6,0.05887167373187787,0.0604520012171907,0.7468434640421766
s029,s057,6,0.09124620999444698,0.11370775822061341,0.681247693656077
s029,s002,7,0.08435026482455117,0.01737381444363383,0.6158021732113462
s029,s003,7,0.025464969745268868,0.009538584721872162,0.6613617974427913
s029,s004,7,0.04607162931017167,0.015498442099090104,0.5966460987250746
s029,s005,7,0.03756657901400678,0.07596336393667201,0.7371016688437039
s029,s007,7,0.06414333882472875,0.0598581665856628,0.7139583464595133
s029,s008,7,0.05480555846546432,0.11723856617792797,0.7327679327180596
s029,s010,7,0.1114298526290358,0.0006003928288146271,0.6868621378716011
s029,s011,7,0.05781857007645191,0.08730795524281355,0.6255793575733506
s029,s012,7,0.05646147293197525,0.0002236417390511611,0.7247683517245233
s029,s013,7,0.07159293847849284,0.04443374577041624,0.7060144591913426
s029,s015,7,0.06346904185099393,0.059337806327755066,0.7147258134545742
s029,s016,7,0.021341451410330423,0.012919339048281145,0.6563554398762235
s029,s017,7,0.06658309738634098,0.030659782215967046,0.723280954230585
s029,s018,7,0.11130702488983826,0.12487076644740927,0.6780595761132705
s029,s019,7,0.05640627148737676,0.06207984298697159,0.757399356712006
s029,s020,7,0.06278027212159869,0.008394785220493646,0.7513406676555752
s029,s021,7,0.061765688711375465,0.005809981073448063,0.6414034830505947
s029,s022,7,0.05391528751144686,0.023367282506600123,0.6212312932154094
s029,s024,7,0.03273890507563112,0.004285196119900975,0.6534387901566946
s029,s025,7,0.0310878294544924,0.06894823303693004,0.6896885416024646
s029,s026,7,0.05540717868611977,0.06174177183001415,0.5730382876930462
s029,s027,7,0.02819795284653852,0.05816899095380901,0.5414298469443627
s029,s028,7,0.0673409266571185,0.007220792346580785,0.6664885345236652
s029,s030,7,0.029542447082531214,0.0255950667493362,0.5391668639952422
s029,s031,7,0.02063559710155744,0.14816307136164972,0.6968241071479094
s029,s032,7,0.1385315309291247,0.09459233711667779,0.720655899993281
s029,s033,7,0.023418863166465798,0.07842032037522567,0.5933015956003761
s029,s034,7,0.0781870959824925,0.07060474508077401,0.5859158382122023
s029,s035,7,0.06796767386622925,0.010842732693229249,0.5468592937817072
s029,s036,7,0.028961876225077992,0.1368759069319228,0.5710004245843023
s029,s037,7,0.028463301334613948,0.010612415383673678,0.6006508549434267
s029,s038,7,0.04095064559682912,0.0008620051131002014,0.5414776423997112
s029,s039,7,0.06864557871487262,0.06542948774175487,0.5047955439442553
s029,s040,7,0.017260223387251205,0.009249341197474257,0.4256486824167667
s029,s041,7,0.02737172780195608,7.770740557810491e-05,0.6479097726668445
s029,s042,7,0.04636293878531846,0.04751445966537078,0.5661970827489915
s029,s043,7,0.02448783246119273,0.09549455073845077,0.5863522077672626
s029,s044,7,0.03063622699373922,0.013080981219699162,0.6909169109815019
s029,s046,7,0.02256566014675981,0.0023952768469524184,0.689994373956923
s029,s047,7,0.03403160468245561,0.01533006384720804,0.5421948049064923
s029,s048,7,0.03905400958762043,0.22298873656855236,0.7844368373616826
s029,s049,7,0.022495601345625928,0.14658013020407348,0.6714530356119639
s029,s050,7,0.08590352449610901,0.00014050689755031853,0.6095814379382718
s029,s051,7,0.08984588166571744,0.08380488773318263,0.7579210093576808
s029,s052,7,0.09760102156401416,0.009065029047329344,0.39070860860835444
s029,s053,7,0.05861190319454574,0.06218279668647136,0.6256843593723466
s029,s054,7,0.05129099970314672,0.07319007196456427,0.7290259236865563
s029,s055,7,0.06775774070564684,0.04491668039875384,0.7238447533442622
s029,s056,7,0.060585201152617674,0.0616053761982602,0.6043415169188073
s029,s057,7,0.05308915552097853,0.10751071571149756,0.6848562092102155
s029,s002,8,0.058130851157384054,0.017393054744059114,0.6255055447242256
s029,s003,8,0.04993515090679352,0.005952677340153011,0.7576240075589535
s029,s004,8,0.03885040121467115,0.0031768805152452557,0.6423603312829941
s029,s005,8,0.027677045088855056,0.1530489477876386,0.6870450176054438
s029,s007,8,0.13381435218946355,0.025124695791316883,0.7096070702024223
s029,s008,8,0.07850501654552047,0.00016158692477698616,0.7458678461388066
s029,s010,8,0.10022273485373413,0.0023452312113671553,0.5826496225922247
s029,s011,8,0.13223891001317292,0.05809069269482234,0.6919287819302524
s029,s012,8,0.06288561071446339,0.07121606702390199,0.7061096813572626
s029,s013,8,0.0634927245132784,0.014112481358501,0.7096503042366469
s029,s015,8,0.1293003309586969,0.041355638102863974,0.69371775449981
s029,s016,8,0.03718160490980606,0.008080523559053733,0.5901330604079031
s029,s017,8,0.0829687864296401,0.0009425578731539436,0.7100089253013543
s029,s018,8,0.08325313765450404,0.13204768440083636,0.698238601604257
s029,s019,8,0.044920325834094256,0.13848642649752366,0.7013169209361587
s029,s020,8,0.08083363935575187,0.14401648587793084,0.6603938430462633
s029,s021,8,0.0897007249545049,0.04393279362754276,0.5613901693532417
s029,s022,8,0.05159672568742406,0.1374971927740993,0.6511934160507022
s029,s024,8,0.04728508275465349,0.017049639208950456,0.6959483215519923
s029,s025,8,0.04153835019475203,0.05560844203483247,0.609000067152003
s029,s026,8,0.09713433472557875,0.013325790830263336,0.597603954264978
s029,s027,8,0.034779690991293064,1.4096628013014104e-05,0.4587415051682365
s029,s028,8,0.08423760095168707,0.015514244491989779,0.6116081205595502
s029,s030,8,0.05455540987397598,0.14648383326815068,0.6607992505465509
s029,s031,8,0.07928579293935026,0.013101728833517876,0.6155969654464244
s029,s032,8,0.05720852949816282,0.00022804625891033117,0.7107961731598429
s029,s033,8,0.025627038395488633,0.0104177204417164,0.44521863306004444
s029,s034,8,0.06369595702858283,0.02364830115722734,0.54407188968701
s029,s035,8,0.038229162827685036,7.954262124532429e-05,0.5413169462215202
s029,s036,8,0.08646985064866133,0.12123023423747807,0.5286899653882638
s029,s037,8,0.08828241504463301,0.3170656408470447,0.6750802792072641
s029,s038,8,0.04048787087270291,0.01963099265129251,0.6423404860171045
s029,s039,8,0.09232624537475201,0.033492339155785686,0.5563010365074295
s029,s040,8,0.035355411199364396,2.355174352391667e-05,0.5064166496707266
s029,s041,8,0.0463376682026914,0.07603859503015668,0.526602546504234
s029,s042,8,0.10266627326805539,0.037137793714602435,0.6548312389773181
s029,s043,8,0.04665453951973684,0.14855243858034836,0.6354419115513941
s029,s044,8,0.039186668577186105,1.3398691383540738e-05,0.701048755760831
s029,s046,8,0.04061560834426289,0.08623531122615864,0.6022770193790972
s029,s047,8,0.054968391928339834,0.012450497182345692,0.5855247497648709
s029,s048,8,0.055114807362395685,0.02941737848347705,0.6786322728026212
s029,s049,8,0.03777353287961324,0.05201408566573651,0.5485048937501085
s029,s050,8,0.11980239592543546,0.00854053715730612,0.6660006580949772
s029,s051,8,0.07750649430296033,0.055300727333169944,0.6313087689942705
s029,s052,8,0.08160341170619892,0.007004334877309467,0.424263207108549
s029,s053,8,0.07403546985922824,0.002276466949153864,0.5535549769565723
s029,s054,8,0.030949899520956434,0.04183583672138956,0.7707875487176767
s029,s055,8,0.07462896586136375,0.0024445555272632814,0.6641759539326764
s029,s056,8,0.08772207434728056,0.06685145857399813,0.6557185995590917
s029,s057,8,0.06151846984127372,0.09997838340439326,0.6644526919177568
s030,s002,5,0.09237433429964907,2.397507110954074e-05,0.6486951709974149
s030,s003,5,0.28920323997154945,0.029662253036656785,0.8289577371582797
s030,s004,5,0.0759288169245169,0.00030713869173693925,0.6433416714715925
s030,s005,5,0.09035559336135615,0.01676007057238535,0.6989705632903154
s030,s007,5,0.1314381086562313,0.07858152487067452,0.7004997555562513
s030,s008,5,0.10063129361288636,0.00021356585076342394,0.7601235427469586
s030,s010,5,0.07559713876750283,0.015940469025299824,0.5442404647371321
s030,s011,5,0.07185842332471383,0.053214615134446565,0.7565417775388514
s030,s012,5,0.11021249288791546,0.013816591051938517,0.7218269601759614
s030,s013,5,0.0479188455665901,0.06968723725411284,0.7820087172511178
s030,s015,5,0.056459723256933866,0.0241783210272653,0.532615614651957
s030,s016,5,0.14682129183684936,0.052825395337944184,0.5164877882680537
s030,s017,5,0.10190056115375076,0.0013612214688476306,0.7068659571935109
s030,s018,5,0.0534720517294357,0.038852967706989615,0.6654704658350928
s030,s019,5,0.07081692791219608,0.034026941731487834,0.5791399334694554
s030,s020,5,0.13863632405890722,0.007472058688068863,0.6221900254894598
s030,s021,5,0.14765138982882753,0.003398225176323207,0.5440316814976465
s030,s022,5,0.07492272128049852,0.102096545088856,0.678413077063756
s030,s024,5,0.07407755620249995,0.010430115993227124,0.6780851446386461
s030,s025,5,0.1937210355795629,0.018935553199508733,0.7132068935596442
s030,s026,5,0.12203971611725384,0.029153105796109125,0.7061268015528379
s030,s027,5,0.14851519977822827,0.028445887351572014,0.6116235477394405
s030,s028,5,0.0802922554881821,0.01055188492554108,0.6261033352050287
s030,s029,5,0.06517419356617973,0.049923493043340386,0.7059670235833527
s030,s031,5,0.07831686041444971,0.00027568441564537847,0.7174665177847575
s030,s032,5,0.08041258316067532,0.026676558251537717,0.7041267506463319
s030,s033,5,0.08631690166881709,0.009275880345746279,0.4949126221668177
s030,s034,5,0.06313483047863576,0.07479207878458306,0.6966482377157887
s030,s035,5,0.042048798962098004,0.007453085486568343,0.5495337293737801
s030,s036,5,0.1889822804366042,0.06283534281916832,0.4837160604279978
s030,s037,5,0.17979684659822784,0.05333607033938833,0.7459204425561342
s030,s038,5,0.0932201589528503,0.0013645011244312261,0.6828407858299408
s030,s039,5,0.1094221203573082,0.0034234411069736545,0.5247901664479551
s030,s040,5,0.06949304425265017,4.5380373493509574e-05,0.4943047849483134
s030,s041,5,0.13846466980590658,0.008828929356803097,0.636535624942855
s030,s042,5,0.1298017488292568,0.009238608133873937,0.6789512085720218
s030,s043,5,0.09615914524003298,0.06902628652997736,0.6545705561060277
s030,s044,5,0.09930286330829104,0.003042869444134242,0.821644557220352
s030,s046,5,0.2551576114488237,7.017579869245628e-07,0.6781930182014662
s030,s047,5,0.09307527408227906,0.0004255976977632537,0.5705288353349911
s030,s048,5,0.06285178706782697,7.612419296096105e-06,0.6266622059173212
s030,s049,5,0.12894177166056972,0.00675909814058748,0.5796896991393872
s030,s050,5,0.07607783168577473,0.04591989626918494,0.6796634251400663
s030,s051,5,0.1269642771667054,0.009901757457725601,0.5905055664840277
s030,s052,5,0.06560148149850895,0.005203677775149754,0.2939032406320656
s030,s053,5,0.05582130808806027,0.02764625589889958,0.49858170098529087
s030,s054,5,0.06770947717972368,0.00026603222248029626,0.6532280962227166
s030,s055,5,0.073795421344523,0.0742878925066504,0.618672991413842
s030,s056,5,0.04754894658712609,0.13914126412387376,0.7178043107774477
s030,s057,5,0.05447051951988143,0.23151949479317033,0.7095576009889425
s030,s002,6,0.11818883310049456,6.670536198804526e-06,0.6654223840665225
s030,s003,6,0.25722627937762454,0.07116469114486641,0.7512509866423692
s030,s004,6,0.06091956074454721,0.001928549271710059,0.6077928919764537
s030,s005,6,0.10391927367269525,0.05371699732734903,0.6505493589942447
s030,s007,6,0.31922977573359124,0.03626752460430573,0.5628090287044152
s030,s008,6,0.07890280032319055,0.013214078576043689,0.659653721155927
s030,s010,6,0.06712400611481267,0.00043364830762168205,0.6047823910309005
s030,s011,6,0.1020904185860319,0.012039342088812468,0.7449821063175991
s030,s012,6,0.12037195941753442,5.6417248602524667e-05,0.644673905174882
s030,s013,6,0.03594845591230433,0.05390459194317389,0.8125775458729938
s030,s015,6,0.05020292592029032,0.0005296488889901875,0.5791610332969096
s030,s016,6,0.08242079531413297,0.05740302801367447,0.5270699691737748
s030,s017,6,0.07196489470385849,0.004155868583386479,0.7589488039836222
s030,s018,6,0.044516541004442745,0.08493378399717681,0.6786579630558834
s030,s019,6,0.08931441364006736,0.0014706862987555651,0.5032282129769096
s030,s020,6,0.1660813453033829,0.0023159293533714545,0.535627215638017
s030,s021,6,0.06892673245830114,0.023299614992215115,0.6759927033335874
s030,s022,6,0.09419802482173775,0.0759961085585466,0.6008908791304338
s030,s024,6,0.06195206453174056,0.044962921030660276,0.7086646862599109
s030,s025,6,0.1232619627484049,0.01279693937893633,0.6533106687364185
s030,s026,6,0.1422741604375031,0.07502051718177648,0.728170940219074
s030,s027,6,0.16923194543795758,0.05381721441905326,0.5552520245959576
s030,s028,6,0.07837062304756093,0.000277471844385026,0.6325486394160973
s030,s029,6,0.05677203587316296,0.15168161315600204,0.6992816723869916
s030,s031,6,0.05292783552204533,0.0030650948561882787,0.6437843699355064
s030,s032,6,0.08041818840244892,0.004276631169458097,0.7040334141563122
s030,s033,6,0.1063635338100969,0.012454868600921381,0.5518328718972704
s030,s034,6,0.09919309508643454,0.02113641395004924,0.5631420582435661
s030,s035,6,0.05336973759527345,0.03910740340696227,0.5774571972224805
s030,s036,6,0.1310329645094427,0.04272184341962086,0.4088080117456834
s030,s037,6,0.15634604663581195,0.015409283782771776,0.679663037994997
s030,s038,6,0.057588468525222904,0.028187617021588,0.642801381616692
s030,s039,6,0.1381483570329054,0.004404998829137372,0.5171780784103793
s030,s040,6,0.15595475386699628,0.0431952128736145,0.4700170391974269
s030,s041,6,0.11992744777119489,0.00585412000617818,0.7159858507830671
s030,s042,6,0.18046867288885923,0.04304144740808871,0.5975561221586515
s030,s043,6,0.08300543389895067,0.063279401257317,0.6155595342868158
s030,s044,6,0.04462106865138143,0.03417883180494371,0.7600696941617172
s030,s046,6,0.39091489325407475,0.00010083585056576922,0.6936948259225194
s030,s047,6,0.10874969561814003,0.0013358432291528056,0.5416267632779208
s030,s048,6,0.045808685625986396,0.011064793841563943,0.5011038671867063
s030,s049,6,0.10118715583414206,0.021228386940530617,0.6464310998729643
s030,s050,6,0.06297913600573694,0.010029560996882183,0.7458868227074436
s030,s051,6,0.054286203271827135,0.01163635924871973,0.5274863649554364
s030,s052,6,0.0548944926542856,0.031183727541945552,0.37093770514087826
s030,s053,6,0.08508406643649086,0.023832558084321363,0.5924180768935113
s030,s054,6,0.08172358548983893,0.02025032567537925,0.6790411495651614
s030,s055,6,0.09446995151041664,0.1113762386858513,0.561165842063795
s030,s056,6,0.05163142039855644,0.12348067981319913,0.6344002326830439
s030,s057,6,0.051750290050554024,0.1906647853890945,0.7263525094552626
s030,s002,7,0.401634243280846,6.489237433526168e-05,0.6755594780535578
s030,s003,7,0.21076909236707486,0.04324973094863935,0.7379322582741228
s030,s004,7,0.09435600361470867,0.03893996283283374,0.5177705766030454
s030,s005,7,0.1868076372208021,0.07857799883864289,0.682188000324484
s030,s007,7,0.18764100359789293,0.03258084230924581,0.6151418103400965
s030,s008,7,0.08796809590507658,0.007526415865809095,0.7506259059155682
s030,s010,7,0.08737711354322204,0.00015069242228136064,0.5989040097383115
s030,s011,7,0.08498144858780654,0.020738674089264695,0.7679206092005942
s030,s012,7,0.2538714746374129,0.023630697746217864,0.7404359528299274
s030,s013,7,0.03838965157519645,0.14915954836106873,0.6805979487453508
s030,s015,7,0.04655842960163161,0.00528691956656898,0.4633803894498657
s030,s016,7,0.21561020998385436,0.09943604064609991,0.4833857174749195
s030,s017,7,0.05587522518455592,0.0055237610565135285,0.6979124914212733
s030,s018,7,0.08268938252035751,0.1087175971207328,0.6783279083149121
s030,s019,7,0.09393487408131834,0.00798575855378955,0.5300603753970937
s030,s020,7,0.08421054996689943,0.051180420743490614,0.5859506079332027
s030,s021,7,0.12031649626608473,0.017251054622291165,0.6600898280110757
s030,s022,7,0.12160766716501123,0.1922221211767957,0.730963320217683
s030,s024,7,0.08547146361107821,0.0009864823312964845,0.73143330940606
s030,s025,7,0.13065678438370137,8.94807639502217e-05,0.6969478649658845
s030,s026,7,0.09635983235768361,0.13012715274970676,0.6797821037320974
s030,s027,7,0.15298756147224987,0.00022072657370462602,0.48511304035729164
s030,s028,7,0.09172666208402858,0.0010031261882998182,0.5849427599844327
s030,s029,7,0.0516121608283766,0.07876143645148481,0.6802125794937159
s030,s031,7,0.20266368294892323,0.013969073892360141,0.6951122782427689
s030,s032,7,0.09005749109973382,0.13691092895785711,0.7373594154464571
s030,s033,7,0.21214784599992006,0.001007110160501022,0.4898206804260568
s030,s034,7,0.1107625721250927,0.003535257566142972,0.6046692918185225
s030,s035,7,0.05455433998312129,0.07103506631303404,0.5851559421690954
s030,s036,7,0.16367885145017344,0.11064919184322264,0.5729198997321504
s030,s037,7,0.146759055672989,0.08118270106260483,0.7222277939076553
s030,s038,7,0.12034105924384318,0.0014067448903693507,0.6792336624115678
s030,s039,7,0.22769549883963225,0.0005054466118031431,0.5121670848448571
s030,s040,7,0.17568812438010406,0.00016218922442204348,0.5276508532427543
s030,s041,7,0.24964901068748532,0.0004231015356530271,0.708593940415361
s030,s042,7,0.16972461681668088,0.0009595209234277102,0.4903823881347494
s030,s043,7,0.09985280575063953,0.2072111532890376,0.7606273928480483
s030,s044,7,0.10342876129934345,0.036617700462020404,0.873237206133891
s030,s046,7,0.27388195605424687,0.00034399145410851856,0.6914405653663006
s030,s047,7,0.11035533195613778,0.00347149176266524,0.4099706573784875
s030,s048,7,0.06022041774937028,0.0021962137421087657,0.6683018583688327
s030,s049,7,0.20112696420242893,0.08690160320288493,0.7587755553881262
s030,s050,7,0.0444578083982987,0.09667391421376115,0.6583184204925567
s030,s051,7,0.22965373206248565,0.01503093054266032,0.5493887029147062
s030,s052,7,0.07036692617310325,0.024284506905673398,0.3493964897276573
s030,s053,7,0.09327329618270892,0.02992133132145196,0.547625691556605
s030,s054,7,0.08768445482028152,0.003092211588674536,0.6222542500249532
s030,s055,7,0.07329098971265077,0.09990104479777864,0.6796276462507052
s030,s056,7,0.07470716398870307,0.09665142229852901,0.6572714293565333
s030,s057,7,0.06953581913776774,0.2881099246423025,0.7600774620293812
s030,s002,8,0.19142146460384793,0.0033357928526569366,0.6910492283207986
s030,s003,8,0.11233429393343379,0.021918043793551625,0.8155996494178939
s030,s004,8,0.02583363462851244,0.03114472552899199,0.5347058926152227
s030,s005,8,0.05873922161628382,0.03887826305189912,0.7342034759291947
s030,s007,8,0.061323091778015364,0.17907713894730526,0.7345748270655772
s030,s008,8,0.05108484095681106,0.0054810324980561,0.7040434128704727
s030,s010,8,0.0415237360747262,0.002596288683560285,0.6130914388051101
s030,s011,8,0.05204826888958796,0.004356984115803324,0.7330393464173152
s030,s012,8,0.07347901269416174,0.0021058992467130294,0.6835788640792394
s030,s013,8,0.021181454513304963,0.1254553353641436,0.7577180320073404
s030,s015,8,0.03849565416674132,0.027549067103991416,0.6219996044531206
s030,s016,8,0.08036118407523572,0.11973977512636834,0.6001495028420435
s030,s017,8,0.03377736559783592,0.0001153335373222569,0.7367795602051798
s030,s018,8,0.02769444233172662,0.05155738299948536,0.5865050775041173
s030,s019,8,0.036610019546213096,0.03899095450007732,0.6253970369957965
s030,s020,8,0.031165908732259964,0.011386728364082057,0.6299871988571024
s030,s021,8,0.07907923868619429,0.06418641128915549,0.6809012044817137
s030,s022,8,0.03300313602326928,0.09640024818869325,0.6341039095574721
s030,s024,8,0.04259896486108023,0.00016102005928781993,0.7444926706896801
s030,s025,8,0.0684027890004054,0.0030865528703616597,0.6428528392702043
s030,s026,8,0.056683851711649975,0.07713330201387364,0.7283152412547226
s030,s027,8,0.08436904594640289,0.015005202789189707,0.4844977399918575
s030,s028,8,0.04802239107394351,3.3254414274239036e-05,0.6121224249499346
s030,s029,8,0.025085145961249482,0.03450841745432791,0.7131791788751886
s030,s031,8,0.06498934054031073,0.0138632779038444,0.6284170815672498
s030,s032,8,0.03017752531833948,0.11372269071958627,0.7170650208887163
s030,s033,8,0.0895030823540976,0.0005364119488482542,0.5429137021473621
s030,s034,8,0.03379865466530271,0.02683893486257334,0.5859693918597408
s030,s035,8,0.020313407652952583,0.0959923310827315,0.6215999057137543
s030,s036,8,0.044464806738708985,0.06205065908361928,0.45534632651331164
s030,s037,8,0.06384414426719469,0.019318999771884615,0.7436155322088593
s030,s038,8,0.040496072301535124,0.0001571114080435518,0.7650785253032413
s030,s039,8,0.06663941370811033,0.03153743081716789,0.6208144377048231
s030,s040,8,0.07731839971769791,0.04258952223096224,0.5682968906642138
s030,s041,8,0.08506932698732719,0.006352253668139088,0.6460689006892465
s030,s042,8,0.04915116537033134,0.01157348856958293,0.5577311561278567
s030,s043,8,0.035407700929282034,0.17066996274067442,0.7265926432970287
s030,s044,8,0.02845088384831707,0.002507536966515582,0.856643202003035
s030,s046,8,0.08030828994498575,0.0012148484777482877,0.6756500892714661
s030,s047,8,0.06373402765224213,0.013765468956492622,0.5337698593059569
s030,s048,8,0.035420288566772595,0.013449672743243945,0.6187242796233365
s030,s049,8,0.0708750085177245,0.002405376897768506,0.7300799524075339
s030,s050,8,0.016543188372386938,0.1049884959952477,0.7304422940494407
s030,s051,8,0.02838858691483986,0.02091243678961182,0.6382528875952318
s030,s052,8,0.03252077185750373,0.008146310109170548,0.4920641957584043
s030,s053,8,0.03885554317504736,0.010745387008393423,0.5951324225196851
s030,s054,8,0.02998580581686188,0.00037853087380399446,0.7231285958422934
s030,s055,8,0.031351353714770394,0.15529027528814177,0.6811348120644664
s030,s056,8,0.028578806592062626,0.08813403900446125,0.6514455866962215
s030,s057,8,0.023881048002606934,0.19804279335040295,0.6935549586426456
s031,s002,5,0.15728909305997124,0.03660383897344579,0.7085309902480731
s031,s003,5,0.21331360299897664,0.007686062225855752,0.6967583863386421
s031,s004,5,0.17707538393890374,0.00569363376013446,0.583365596596761
s031,s005,5,0.1628114164782502,0.004115143238838323,0.6639401978557451
s031,s007,5,0.21253334344420205,0.004798799697136661,0.5096789021805811
s031,s008,5,0.19099030855049143,0.05311061017645529,0.7454033830699754
s031,s010,5,0.10443236050710855,0.08880678352940746,0.6327813633922
s031,s011,5,0.26934743433716485,0.1453259595826759,0.7198650754382004
s031,s012,5,0.1535679127929926,0.0819433726562108,0.6053042215768152
s031,s013,5,0.13480922691911681,0.00012639938715288722,0.7460534648202362
s031,s015,5,0.21662340709979655,0.010485625611559154,0.6126276595125874
s031,s016,5,0.18828544110284812,0.10508278322213561,0.4814763278145583
s031,s017,5,0.24529139490814908,0.0015147126440691232,0.8003425965849168
s031,s018,5,0.1345021059435418,0.05302378528233196,0.7145436064351876
s031,s019,5,0.18837412254271335,0.05776897042210746,0.5260271778679066
s031,s020,5,0.19596571866293822,0.0028413000949685323,0.5156841699016335
s031,s021,5,0.28865805243852455,0.042923331386901124,0.757198876270486
s031,s022,5,0.2358091627057128,0.011626866652452078,0.5587407445921414
s031,s024,5,0.20008229166340788,0.0072288125560285325,0.683540042735865
s031,s025,5,0.28155344399614796,0.04274478770317241,0.6930061071750985
s031,s026,5,0.15501730372961828,5.741010542062156e-06,0.6593721356595904
s031,s027,5,0.19817477243588227,0.12053561008117206,0.6432442972005696
s031,s028,5,0.1933499671362993,0.0015261650351716834,0.6660481158706137
s031,s029,5,0.12665262367408614,0.00986542034498005,0.7377718844737466
s031,s030,5,0.31659844231453627,0.005035316358340048,0.701071591844162
s031,s032,5,0.18526355159046812,0.0646868898038434,0.7439026267964236
s031,s033,5,0.2071747118821421,0.06770748318219476,0.49185279055835956
s031,s034,5,0.1878013315058307,0.06780616055738595,0.6195970316965312
s031,s035,5,0.24897406486891763,0.01863423290593801,0.6854009432445671
s031,s036,5,0.23870252300905898,0.032519825885617956,0.4809642630583033
s031,s037,5,0.19186433269504513,0.03311370305843823,0.7102000257225318
s031,s038,5,0.3418428838291868,0.02182941866148307,0.5225612548034404
s031,s039,5,0.19114289544809937,0.012199401029596234,0.5313665533659652
s031,s040,5,0.24505711480181816,0.0007048173441234964,0.47314708224308044
s031,s041,5,0.1801572283703858,0.0006443821861680037,0.7692426412584111
s031,s042,5,0.16522421154218325,0.01955546534397718,0.5432869769037549
s031,s043,5,0.2774608133162281,0.06597809511214789,0.6121288350497883
s031,s044,5,0.16411373980463156,0.021299749536493526,0.7156293130455268
s031,s046,5,0.17169157040419203,0.01673560947960655,0.7274354037208124
s031,s047,5,0.3279766403456904,0.02524444199378745,0.4772227750671882
s031,s048,5,0.16031048704551504,0.060430134558785,0.6012341045185148
s031,s049,5,0.252749776824069,0.06791781618488518,0.7239996537864181
s031,s050,5,0.2106409730127769,0.09548953366889902,0.6386203581633656
s031,s051,5,0.1801104017897283,0.0006312506000161216,0.5895654628568663
s031,s052,5,0.1507031334176388,0.04549872162476868,0.4183486616322513
s031,s053,5,0.2570595478846956,0.010361439306275741,0.671732781945875
s031,s054,5,0.15360973178516563,0.18239398726684186,0.6920775193481555
s031,s055,5,0.12624743726594415,0.2605071002659027,0.6672493602405675
s031,s056,5,0.1626751006301739,0.14420286693101808,0.5420725016257779
s031,s057,5,0.15821509893011343,0.03431301413151878,0.7207228134051572
s031,s002,6,0.1571807369025954,0.035078576155822765,0.696799687769421
s031,s003,6,0.3254978871930194,0.00017896702137763066,0.6270662577736316
s031,s004,6,0.18918734455475938,0.0015802106871876255,0.4826620372878718
s031,s005,6,0.17666465226849554,1.310249467542973e-05,0.6802770931391756
s031,s007,6,0.21924749239914912,0.017188069704502026,0.5791824716912349
s031,s008,6,0.21383431818049867,0.11277412312879338,0.7508131141228543
s031,s010,6,0.19637965253368736,0.1168531976492928,0.6791061571426525
s031,s011,6,0.19077155154327402,0.03960117699081732,0.5875583141024798
s031,s012,6,0.16527893204882618,0.02221331694031297,0.5235583445601111
s031,s013,6,0.16665482874584683,0.012013824151144704,0.6619236441850608
s031,s015,6,0.2604034293090723,0.00541515277464079,0.5423212752622563
s031,s016,6,0.1244454446137391,0.058276923829367826,0.4423632093029565
s031,s017,6,0.21189328673904634,2.004001618406861e-05,0.7348262407320656
s031,s018,6,0.21184098313123864,0.006774372266096356,0.5738252832504177
s031,s019,6,0.1600037985359597,0.013806546878606746,0.4920482026683733
s031,s020,6,0.2007632257729499,7.496717989245712e-06,0.4200017671820348
s031,s021,6,0.3591065302249787,0.035544082747931235,0.7441736023231983
s031,s022,6,0.22082391515446897,0.002306845442638114,0.4999610144249221
s031,s024,6,0.16603997594285808,4.6566700620645634e-05,0.6394352127833313
s031,s025,6,0.25219097775556865,2.505852713725841e-05,0.6826519911699196
s031,s026,6,0.15461542571398929,0.00012426846273750337,0.73510918111267
s031,s027,6,0.1816437010683983,0.022360733965206853,0.5514191480691754
s031,s028,6,0.12043805020749024,0.06701074448580475,0.6191594647955435
s031,s029,6,0.2000328558031742,0.00900904175809085,0.7450215113759939
s031,s030,6,0.20633016858499115,0.028990521546588155,0.7152053311319851
s031,s032,6,0.1495057228844946,0.06299286877212802,0.6591148060890851
s031,s033,6,0.18858287347033512,0.06264674432628502,0.5523061401219209
s031,s034,6,0.17089234073090606,0.024757830622066827,0.552708374262966
s031,s035,6,0.2884073883555708,2.3417569408289487e-05,0.6674659898115387
s031,s036,6,0.21947045179051772,8.933639789828322e-06,0.30892498160406984
s031,s037,6,0.21110143765808256,0.047650240194927015,0.6773271499513139
s031,s038,6,0.3215232138386842,0.04920046339557032,0.6638873430172331
s031,s039,6,0.19909056594140262,2.2771764201701705e-05,0.5563584571606175
s031,s040,6,0.18088094679456182,0.00014169994246272913,0.5177074511576291
s031,s041,6,0.30929673799659135,0.1286786314890456,0.7237151116667859
s031,s042,6,0.14750437908194836,0.0053702856084488155,0.5165075598297578
s031,s043,6,0.22835199857407276,0.022765245427136392,0.5355626063080737
s031,s044,6,0.31989165725343743,0.06784652192689684,0.7807352916298869
s031,s046,6,0.20837720622936273,0.14162123335543841,0.75666973606519
s031,s047,6,0.2929670951999218,0.0018979458823838815,0.4622745053618862
s031,s048,6,0.23535541594437348,0.0023755408351559286,0.5761089918714305
s031,s049,6,0.27872469656153864,0.0814637277246802,0.7135117364621132
s031,s050,6,0.19382447255701238,0.0794662153975763,0.7260146711292617
s031,s051,6,0.2215412876708482,0.002794285728712578,0.6525402302845538
s031,s052,6,0.20538326270965646,0.03776652066225726,0.39645319232574583
s031,s053,6,0.21372787759749212,0.030064846406982787,0.6430098225368054
s031,s054,6,0.1123912104354006,0.21764294563612177,0.6790743021643957
s031,s055,6,0.15165872270291925,0.19017349365618016,0.5566349821870988
s031,s056,6,0.1594463742877804,0.0471123205819467,0.5257449970072182
s031,s057,6,0.19846468359278596,0.011885781644666206,0.6764473968800584
s031,s002,7,0.21804117620114935,0.14555483448984005,0.6978163603074694
s031,s003,7,0.3529860493343837,0.0005628165778591743,0.6426440905895078
s031,s004,7,0.3551015337641925,0.03290492357571295,0.492408405405583
s031,s005,7,0.1839141188587208,4.032879919778992e-05,0.7470753839999537
s031,s007,7,0.2496674715963632,0.04656069912720901,0.6161298293287187
s031,s008,7,0.24708976489702117,0.050254106397243474,0.7384005837039893
s031,s010,7,0.16915120658062402,0.06058996953968836,0.6209891725026248
s031,s011,7,0.3568428000854519,0.011992323917411934,0.5647891033499578
s031,s012,7,0.31343490232170085,0.010398873153187835,0.4671537513502345
s031,s013,7,0.16228011802828568,0.010265998523087199,0.5915428118303485
s031,s015,7,0.34970561076977574,0.0002346623468857388,0.5685184465833711
s031,s016,7,0.21361909364312345,0.0037920178537299834,0.4310078136112363
s031,s017,7,0.19663461046404745,0.0340080720480975,0.7577644899614873
s031,s018,7,0.3192583019266437,0.006430641169051518,0.562725713228452
s031,s019,7,0.2738518330992101,0.04308802984418863,0.5702571297036013
s031,s020,7,0.31450243040297987,0.00197832089044534,0.43681474443510654
s031,s021,7,0.16475540073271827,0.033812133564118586,0.714964772095209
s031,s022,7,0.20030728674300505,0.07004994128547984,0.46934364846765786
s031,s024,7,0.23291763234434168,0.00020794081962008387,0.6615862080149596
s031,s025,7,0.23857923950998478,0.02189272972819677,0.7103589572942985
s031,s026,7,0.27244739491849834,0.000897662271086577,0.6610988877081354
s031,s027,7,0.2895333964354054,0.03254274400034732,0.6260838355515883
s031,s028,7,0.15536255724988804,0.04503748984212318,0.5659493101369883
s031,s029,7,0.1921531255784217,0.009941178141975,0.731775288703216
s031,s030,7,0.2729082874931908,0.08216087471063041,0.6589665914377386
s031,s032,7,0.24327472331247438,0.005927302276109796,0.6401095064763779
s031,s033,7,0.21731208807676825,0.09439875456189348,0.48269301467682824
s031,s034,7,0.24678371130909527,0.04623378608604749,0.6313889541636626
s031,s035,7,0.32611942399864635,0.05118693330957039,0.7494905718436544
s031,s036,7,0.23833031823348577,0.020512212436967204,0.3203542693635229
s031,s037,7,0.4813636175051979,0.14232207732766775,0.641838441085016
s031,s038,7,0.3203921452123391,0.04611220301810298,0.6415406319901178
s031,s039,7,0.17515282057827442,0.021440563420461526,0.5786862941834464
s031,s040,7,0.36226482869111926,0.009388538047083261,0.5389611585565767
s031,s041,7,0.31062012139802453,0.0912923922530531,0.6449477261848894
s031,s042,7,0.3135182360084687,0.003910662625958463,0.49377366267903894
s031,s043,7,0.28479495200702953,0.005456846209153632,0.5678129562799356
s031,s044,7,0.2798658236787637,0.029537956772521117,0.7644042620257754
s031,s046,7,0.5186363824948022,0.010158094954175103,0.7515193245967198
s031,s047,7,0.2638573693424212,0.0032988566896205327,0.5342176386453206
s031,s048,7,0.19981035140603992,0.00044079592924618495,0.6700531788063253
s031,s049,7,0.28743193200368894,0.002925446384390935,0.6949398850794932
s031,s050,7,0.19909130623258475,0.03829211227362324,0.6610035302393709
s031,s051,7,0.19299735252176395,0.022144995403665175,0.6109687439785686
s031,s052,7,0.2071028329813657,0.03710890480385608,0.4595736844738548
s031,s053,7,0.24217932384571095,0.00013310744922998932,0.5862337987054669
s031,s054,7,0.16732155947421465,0.16193371146237312,0.6551365317763659
s031,s055,7,0.18095465735620753,0.0676895209922341,0.6205304883096324
s031,s056,7,0.191459169352146,0.005115088115297781,0.47813123561844856
s031,s057,7,0.3314992807954279,0.00614933895903456,0.5401935868817104
s031,s002,8,0.21123765962196955,0.04938067127649054,0.7704109446861445
s031,s003,8,0.2971638966144561,0.01071872313702907,0.648462461573982
s031,s004,8,0.4601978110935234,0.04793768648979527,0.5871040461736781
s031,s005,8,0.14604935073742273,0.046442171540330195,0.6232830936678587
s031,s007,8,0.14007815426834422,0.03145959976591297,0.6327094987997957
s031,s008,8,0.1876179236552311,0.050154205798392124,0.6180056416712011
s031,s010,8,0.2229509504879959,0.04632861890893459,0.5957756215287926
s031,s011,8,0.1578269391577111,0.08045536645286254,0.5304389825031769
s031,s012,8,0.35083664886189814,0.007142893690627648,0.499701213673735
s031,s013,8,0.27123648498284536,0.0179500183486358,0.6029059910941519
s031,s015,8,0.16123111597719414,0.06905883428912125,0.574655279338147
s031,s016,8,0.14294617907654647,6.988111671416129e-05,0.33311455597065437
s031,s017,8,0.08861750875384383,0.0008948202217936796,0.7349146760090348
s031,s018,8,0.16983310799856394,0.04807671230741139,0.5406519580281312
s031,s019,8,0.15634385921867824,0.00019845922463305131,0.5283265863207033
s031,s020,8,0.22031089364007653,0.0006681913943216465,0.4604681217910694
s031,s021,8,0.13611208183532947,0.1589288065789597,0.7406681591090456
s031,s022,8,0.11007076138214912,0.005700408069253339,0.462435262495021
s031,s024,8,0.10382573683207937,0.008596584305155834,0.7440496883122529
s031,s025,8,0.24516402780821125,0.02896045359502078,0.5954312062971164
s031,s026,8,0.19381873845028616,0.0006909420661271833,0.7662665789133546
s031,s027,8,0.21577953588331097,0.09142882912834142,0.6110640942596947
s031,s028,8,0.1327715341583078,0.001892623682703266,0.5904053227210171
s031,s029,8,0.18726877452697777,0.005222632005810764,0.6526233928330817
s031,s030,8,0.1370395613436089,0.044609086905391976,0.66766419019768
s031,s032,8,0.2331900951250617,0.012690091593910558,0.6988502555721705
s031,s033,8,0.14222630043479156,0.057704804917306035,0.48694362570330213
s031,s034,8,0.21930116064371594,0.016078495223986983,0.6290848518466465
s031,s035,8,0.16744651656828377,0.09753968233845521,0.8270263805770929
s031,s036,8,0.1455484419498831,0.007618574223618234,0.252929337093502
s031,s037,8,0.5398021889064767,0.1881477165838086,0.7223738475731902
s031,s038,8,0.2702926919655123,0.19788254393957888,0.726458119061509
s031,s039,8,0.18706999085240428,0.08003079066195053,0.7583725977521191
s031,s040,8,0.21738739809679664,0.04215936446160755,0.6937270112034347
s031,s041,8,0.326292245258963,0.10324265501582454,0.5593743149240107
s031,s042,8,0.18228037701921368,0.04070910341275332,0.6238231830118461
s031,s043,8,0.221493521796936,0.03511761278172996,0.61130346343707
s031,s044,8,0.12141194921754794,0.05122090874834342,0.8091060849144385
s031,s046,8,0.35825712470310606,0.013892017569523777,0.7372799050027935
s031,s047,8,0.23508351670541747,0.06021476900787792,0.6147426749678613
s031,s048,8,0.10859895865553729,3.0814320580052684e-05,0.5706523774553522
s031,s049,8,0.1721991041746943,0.007454778216609193,0.583366955809781
s031,s050,8,0.18026150682710185,2.324192014214969e-05,0.7504318168117975
s031,s051,8,0.19262658769339155,0.002551400510144503,0.4894676868160631
s031,s052,8,0.1444781150136072,0.005676533052951434,0.5843484799500275
s031,s053,8,0.18677630530008277,0.032701276466428605,0.5867049698887415
s031,s054,8,0.11640860326935523,0.10952910006418912,0.6562860531766856
s031,s055,8,0.13887548064437513,0.10658288192935657,0.5336726910888846
s031,s056,8,0.1512441874679098,0.032609197061542965,0.5937401641008754
s031,s057,8,0.20801905831959985,0.007345515811534336,0.5238521369033036
s032,s002,5,0.18594891134898267,0.0001843470059387702,0.698138598132426
s032,s003,5,0.34910786597478993,0.20601453256443336,0.6979803761945752
s032,s004,5,0.15839108939820445,0.045411502331975155,0.5573070211572468
s032,s005,5,0.07559544842926835,0.010684301498424312,0.7403083758896182
s032,s007,5,0.06843622477565349,0.08129425375433397,0.7727779625738256
s032,s008,5,0.11923996787932101,0.006336021275422122,0.6351345764919597
s032,s010,5,0.19215103178620904,0.008211368498229437,0.6696680381356006
s032,s011,5,0.11638303912369655,0.008640534860033605,0.5976091092592513
s032,s012,5,0.14602019084699214,0.1098708491281442,0.6743014387387372
s032,s013,5,0.17708800203791508,0.19783967986669218,0.6813717927589056
s032,s015,5,0.12685943973733452,0.00013987091590028544,0.6547593449934394
s032,s016,5,0.0696945983294783,0.14003708132096993,0.6612302955898224
s032,s017,5,0.07594345316552771,0.041312600315671064,0.7625197215196036
s032,s018,5,0.16912538526306437,0.053824856695621516,0.5720526009152886
s032,s019,5,0.09481565254394198,0.0019445267250175432,0.7772425007618667
s032,s020,5,0.15887008661904709,0.03426954404728329,0.7227905301026122
s032,s021,5,0.2822413368399087,0.0055082871536573,0.6599224050134753
s032,s022,5,0.09711966157343836,0.06444007680773248,0.5518290549621447
s032,s024,5,0.07773491732640267,0.03915842896089011,0.6766079099503476
s032,s025,5,0.07867797401868018,0.0026271038553124394,0.7173145091129791
s032,s026,5,0.12988915894131686,0.023944494628395797,0.6252074017060046
s032,s027,5,0.1355786378402884,0.002678801890456022,0.45281627794679724
s032,s028,5,0.13679659653317866,0.01298750022353676,0.679166332818247
s032,s029,5,0.08076700691152192,0.006518821165223171,0.6972278143236981
s032,s030,5,0.09353373575888414,0.0144556429003675,0.5543425204774324
s032,s031,5,0.08992875986689432,0.006985638220086736,0.5748431535115451
s032,s033,5,0.0911899227875126,0.004875577571050478,0.6003546099034394
s032,s034,5,0.16517019538747313,0.03853810249944724,0.587314619277727
s032,s035,5,0.10828972915763495,0.004245463322685911,0.5830566927394383
s032,s036,5,0.14801258888322127,0.005106886492564214,0.4698382536711108
s032,s037,5,0.32101057245484227,0.03884671668374558,0.6459852057998855
s032,s038,5,0.1332124255910974,0.0010312102087639175,0.6672652393281633
s032,s039,5,0.1313333597122199,0.011839633711720091,0.5701140334619698
s032,s040,5,0.083949144996399,0.00048301440006496334,0.5135862608917201
s032,s041,5,0.21437365766360966,0.004131358365957181,0.5822424717215947
s032,s042,5,0.07901179518635307,0.11531459600917,0.7134175594929135
s032,s043,5,0.09452303026410741,0.014129194710875974,0.5419872745462118
s032,s044,5,0.11171708296882134,0.000467323791067092,0.7108382465549055
s032,s046,5,0.11315234742210284,0.007341329285725342,0.724155627253104
s032,s047,5,0.20411128191527933,0.05048051607329387,0.6001072835262025
s032,s048,5,0.053623410057474154,0.09614953202296139,0.7329480860331097
s032,s049,5,0.10697736302572321,0.04650208049572858,0.6165556858222285
s032,s050,5,0.09757240606822319,0.03221537855221387,0.6487140521508941
s032,s051,5,0.08749799091345789,0.010540957662637518,0.6976132433948727
s032,s052,5,0.08711409610687125,0.04208760405920711,0.4619034490411552
s032,s053,5,0.15316293867319927,0.0584427664516205,0.6419016978243625
s032,s054,5,0.09231755544483944,0.1097300404688793,0.7685990276350632
s032,s055,5,0.16593532073522246,0.1357597959662465,0.6781140087388452
s032,s056,5,0.16008920470352958,0.038505570128702774,0.6572618859044983
s032,s057,5,0.15825452798762538,0.05676476139259343,0.6408218236450199
s032,s002,6,0.1231304212699195,0.01152844337709702,0.715926764733188
s032,s003,6,0.5017568008633337,0.07983549820526283,0.6716146929055035
s032,s004,6,0.19519992676866324,0.006032545383786581,0.6236848417600345
s032,s005,6,0.09864305103033054,0.0210705241159773,0.7578525620217897
s032,s007,6,0.07641982853001875,0.01515883575977717,0.7099795188756738
s032,s008,6,0.13727975673594983,0.00878589194375907,0.7260392536102952
s032,s010,6,0.1781474605025043,0.005310155263336857,0.6933122492158316
s032,s011,6,0.2902317975735376,0.09581794702714443,0.7021601708462254
s032,s012,6,0.2704695062680092,0.18415940051385762,0.7787280396227431
s032,s013,6,0.19727936940805654,0.06999236472111334,0.6763639351168351
s032,s015,6,0.4289079624288648,0.013747441903429875,0.5770065385010706
s032,s016,6,0.10175511599422576,0.12574883475718374,0.5988820767913232
s032,s017,6,0.08965315504334585,0.07064860196646118,0.7967182536921845
s032,s018,6,0.28543968308314704,0.10357153458039706,0.660639995588557
s032,s019,6,0.07303178878653219,0.017781066462828954,0.7524061160314843
s032,s020,6,0.2640341507442508,0.028033528018595384,0.7628257105903192
s032,s021,6,0.3662914151959825,0.11234668468104637,0.6407384890909819
s032,s022,6,0.17542092318315816,0.13478344885599627,0.6890588963867992
s032,s024,6,0.10017767535396024,0.017893441460285656,0.6561143972853614
s032,s025,6,0.1084483137737805,0.020417409663561276,0.6702284736732563
s032,s026,6,0.20486907712157926,7.006837676210964e-05,0.6835833598512935
s032,s027,6,0.27685763083741816,0.01073752286557908,0.5217334588717449
s032,s028,6,0.11827806659089142,0.04255534397148441,0.701675720396954
s032,s029,6,0.09461751445709189,0.0025400169927946676,0.7054458064333268
s032,s030,6,0.22823054026424436,0.009441035702272477,0.6383473242536059
s032,s031,6,0.213126512221541,0.005168097903300773,0.7280031233531792
s032,s033,6,0.1403901546839582,7.320415392502388e-05,0.579794641472671
s032,s034,6,0.2681142305825497,0.0009345980803036461,0.6260976444769584
s032,s035,6,0.1708398436995673,0.008481196573136297,0.5706696080494454
s032,s036,6,0.20142545915844537,0.05840233924171222,0.6126715270389318
s032,s037,6,0.49824319913666626,0.08608737572321208,0.6409333903250475
s032,s038,6,0.12057890774413739,0.02903369619752968,0.5497078632201755
s032,s039,6,0.10203586838229758,0.007228119529567627,0.4759425285904169
s032,s040,6,0.13747941166161257,0.0004296259166859435,0.5311687518672835
s032,s041,6,0.29339057208332614,0.0006747428518402077,0.6518601250809856
s032,s042,6,0.14426191772683153,0.05623866801060803,0.6066660787921635
s032,s043,6,0.15529781691268246,0.05735593905327146,0.6094720193538218
s032,s044,6,0.09637747640886561,0.07744229993160058,0.7395603450436692
s032,s046,6,0.3774462517939199,0.0005574615793868595,0.7559522616925256
s032,s047,6,0.3036122034708759,0.09586176758658499,0.5892829748231775
s032,s048,6,0.07391913045096245,0.049011648848420575,0.7489888315637753
s032,s049,6,0.14346175762386398,0.1463903293341799,0.6838887410656318
s032,s050,6,0.3028701490278375,0.0001077191538355226,0.6175230341944533
s032,s051,6,0.262019927324669,0.04625594072520581,0.6569056287567967
s032,s052,6,0.14175486985675864,0.010493481062183127,0.3802783594109045
s032,s053,6,0.2794238200181566,0.1100798288963871,0.6226506882887333
s032,s054,6,0.12164369549384213,0.001572499402454899,0.6656829246535901
s032,s055,6,0.18501758331576246,0.10576367576825499,0.6821127404392623
s032,s056,6,0.2766252067417974,0.1287088533257233,0.64868868385339
s032,s057,6,0.355212987946664,0.21079987283221183,0.7674507060978689
s032,s002,7,0.26391368400627396,0.027622647995551558,0.5772301730210613
s032,s003,7,0.43249947340492967,0.17445656757521721,0.7528624296307953
s032,s004,7,0.32357514039521157,0.053538034454399606,0.4675385200111749
s032,s005,7,0.08802375423868644,0.024180300562231898,0.6524437243632197
s032,s007,7,0.06052877581364466,0.04978765065233269,0.73896511102202
s032,s008,7,0.23544576798329947,0.012709174813127451,0.676750379830435
s032,s010,7,0.1426143524652638,0.05706585838540606,0.4871045172309938
s032,s011,7,0.2961288229180395,0.03786893188103695,0.7072358930881574
s032,s012,7,0.2646261342730401,0.32612109508386866,0.7551004370982498
s032,s013,7,0.2798244885186975,0.08119289791483987,0.6429526851558265
s032,s015,7,0.17108007477767048,9.157351000628968e-05,0.5419372128883164
s032,s016,7,0.06567186388479392,0.08506279562230762,0.5515953053266321
s032,s017,7,0.06467949041860228,0.10035127294295998,0.7204958877118361
s032,s018,7,0.23614218444678037,0.026953936477690957,0.6495264053926108
s032,s019,7,0.1341068602636991,0.0016567686295817184,0.6521028623825262
s032,s020,7,0.18691894752239444,0.06841320575310718,0.6669786806082406
s032,s021,7,0.18463231891856935,0.019938397679947324,0.5127784105304662
s032,s022,7,0.08166285845377928,0.246736242483428,0.6517660676595523
s032,s024,7,0.04450395733175649,0.09957332422652228,0.6786916474814112
s032,s025,7,0.0773040987468119,0.00017146283326489788,0.7410159478731537
s032,s026,7,0.1184329080919203,0.007041074113014763,0.5162782522618258
s032,s027,7,0.17259836825602184,0.00039883880394800793,0.3214394429050858
s032,s028,7,0.12345767315641813,0.028275270388179667,0.5698405566947794
s032,s029,7,0.14595745989076883,0.004550084355915603,0.5906914969779009
s032,s030,7,0.07082591052043916,0.1475904658313798,0.5746926703177297
s032,s031,7,0.10784089500359915,0.00027509074013202855,0.5488802265539454
s032,s033,7,0.14757042017265332,0.010798772526232191,0.3726129268400478
s032,s034,7,0.28551129495350647,0.13786833371404114,0.5426330823710681
s032,s035,7,0.128353956277284,0.0009925282379184767,0.5149859162110885
s032,s036,7,0.07807941641532568,0.10824419491407573,0.6222663005763654
s032,s037,7,0.5675005265950703,0.22145422397149195,0.7296582216557072
s032,s038,7,0.08441350180078665,0.0017028879791721014,0.6591457625063734
s032,s039,7,0.13458394911645885,0.038295290670206136,0.49948462101391133
s032,s040,7,0.10968448862457235,0.05456945625362099,0.4713978915565625
s032,s041,7,0.2630418809615162,0.10525971467483446,0.5051655610091248
s032,s042,7,0.14402697632267858,0.010678462787287953,0.6479242857916153
s032,s043,7,0.11188047652388693,0.08631218335423778,0.7035490050261148
s032,s044,7,0.17035287387165912,0.0001546091627380953,0.755910104139449
s032,s046,7,0.3126622081762553,0.0013816316385121268,0.5628841753826144
s032,s047,7,0.12586816865563602,0.0009517920082870444,0.4397850212521666
s032,s048,7,0.07176526606614334,9.139821490656437e-05,0.7114529224902709
s032,s049,7,0.18401378327965925,0.011600168695864384,0.5601336451501598
s032,s050,7,0.2010768542134976,0.016976767728881778,0.547081371972101
s032,s051,7,0.23237400304799152,0.01738561795330187,0.6368576763183184
s032,s052,7,0.10726116908557853,0.05823704740075777,0.3637396886688798
s032,s053,7,0.25224364038966635,0.019179164458839423,0.5184914536377263
s032,s054,7,0.12273057967691553,0.08868046747973246,0.7205258488446051
s032,s055,7,0.28859166250367646,0.13959576620795197,0.7445586628357075
s032,s056,7,0.24188286305815582,0.042055793773036705,0.6818616936822777
s032,s057,7,0.3092231824179852,0.1642434493054762,0.6212955534823399
s032,s002,8,0.12049292199554368,0.026087415814135113,0.6953148660206698
s032,s003,8,0.18360452330955754,0.20736945345059682,0.7718096947633835
s032,s004,8,0.13643711049519414,0.03649114931725129,0.519537636189122
s032,s005,8,0.044598866985844254,0.0029213130723112287,0.7133731741227095
s032,s007,8,0.05226405711538005,0.02359902573562077,0.6858255075888913
s032,s008,8,0.09931587088341158,0.057687434437510635,0.7170773788094567
s032,s010,8,0.1041618796348853,0.00292396370862043,0.6905983408594644
s032,s011,8,0.07509747280454408,0.0947763815744509,0.7713757310661299
s032,s012,8,0.11168583953570799,0.19592513834105646,0.7686784547300538
s032,s013,8,0.14916719455405367,0.15148507987283039,0.7847568475506101
s032,s015,8,0.07973999190857663,0.006435164245508511,0.6009834117510913
s032,s016,8,0.03736393956304677,0.22466445442387312,0.7084863640379375
s032,s017,8,0.03464058401439977,0.09533466694366136,0.7957394160398646
s032,s018,8,0.11371417993697354,0.07550192291817003,0.7113312562610724
s032,s019,8,0.05943541780503863,1.3921186473416213e-06,0.6379899218063473
s032,s020,8,0.09171025645427228,0.05237626375270763,0.7130100448484307
s032,s021,8,0.10809157710783834,0.03146737245971775,0.6740075039912202
s032,s022,8,0.04067068676900967,0.10313546169258248,0.6910618916868794
s032,s024,8,0.03227390511046786,0.06434414426201096,0.7262419118647683
s032,s025,8,0.04142474644017692,0.002844309462288954,0.7556393737933321
s032,s026,8,0.06262292100960878,0.0006325506833896717,0.6817970436836027
s032,s027,8,0.12072016568137708,0.004554324634503769,0.4762601328405896
s032,s028,8,0.06161268668284617,0.0014132395889247151,0.6521090333995233
s032,s029,8,0.048059548270199856,0.011281949824309852,0.734476677361418
s032,s030,8,0.03743946355040366,0.003627315988296023,0.7202161329707535
s032,s031,8,0.028841923213145295,0.11369534356567959,0.6255586217885695
s032,s033,8,0.039368789817862286,0.011909099449525649,0.6180049815220434
s032,s034,8,0.12754688902518654,0.1094665015919003,0.6294448287458588
s032,s035,8,0.0756147165288772,0.009924295017929602,0.4911311606411077
s032,s036,8,0.053704208899380344,0.06294973724727898,0.6131418070358794
s032,s037,8,0.2151546826110318,0.005184259781160953,0.715169388632359
s032,s038,8,0.05834649490063572,0.002535251873783913,0.6852633210034368
s032,s039,8,0.08087332345699402,0.01784140924915765,0.5151845209617406
s032,s040,8,0.040020247542132424,0.00917123179299656,0.5013936300472687
s032,s041,8,0.07586307877378078,0.004568061868462178,0.714413368353421
s032,s042,8,0.05390910140729707,0.022117344253664725,0.6244481858933704
s032,s043,8,0.05997559572167555,0.11561588457353583,0.6832163757848329
s032,s044,8,0.04925486231891401,0.0811125688502124,0.7480625880937061
s032,s046,8,0.0854875681116794,0.05588089280249844,0.7059367050269111
s032,s047,8,0.0671429227169253,0.00036933326198670757,0.48706624156704514
s032,s048,8,0.033042973509044386,0.006119662172893659,0.686323231125638
s032,s049,8,0.05590039837711469,0.13114064231712116,0.72084816276549
s032,s050,8,0.05737034282841341,0.06801342267085578,0.5967980898315666
s032,s051,8,0.11218362771378626,0.0032907514405643877,0.695447920778001
s032,s052,8,0.03901348742388957,3.418419985685846e-05,0.3863612129649609
s032,s053,8,0.10319695383330467,0.09736934720705945,0.6496210499298745
s032,s054,8,0.07293306874338483,0.000538235190482968,0.7079998737070757
s032,s055,8,0.13150480994927144,0.23762217212016307,0.7742093618233342
s032,s056,8,0.15042626991424343,0.0718108957673252,0.7453882485792643
s032,s057,8,0.15205250587492,0.21577997699513748,0.806275640376045
s033,s002,5,0.02197592791981552,0.00017245887665654112,0.754836096231302
s033,s003,5,0.03009223578743715,0.03637718733730885,0.5858907276191606
s033,s004,5,0.04119620624457498,0.0011950661711998673,0.5795796108820918
s033,s005,5,0.05944315760165692,9.728075511177445e-05,0.603556951013323
s033,s007,5,0.033647265361135825,0.04222980471263628,0.5931474158171709
s033,s008,5,0.03815131686215985,0.013903058739532483,0.5317312628376147
s033,s010,5,0.029410359989817343,0.08835245054018867,0.7578601477344824
s033,s011,5,0.05183570390816602,7.637216163984107e-05,0.49784914217577086
s033,s012,5,0.03834997603237778,0.00013309647424409086,0.5074105771002813
s033,s013,5,0.014516780525744765,0.0008044557850925694,0.6596115083908337
s033,s015,5,0.030192183107821898,0.005493513121354899,0.5959257242375612
s033,s016,5,0.04769422599167963,0.01113821678406706,0.5702707310175045
s033,s017,5,0.021195176230106902,0.045940590215950435,0.7298431083254372
s033,s018,5,0.05990785760548273,0.025355595301426014,0.515137276392537
s033,s019,5,0.05045114429995721,0.011363954223127313,0.5986511294628132
s033,s020,5,0.061987849560192904,0.007792869492181463,0.5061987188940186
s033,s021,5,0.01867836182462808,0.022834134485426864,0.6709790593256091
s033,s022,5,0.06879228633202761,0.0019082504223871992,0.38750753194796045
s033,s024,5,0.01813505060413632,0.01959484276412826,0.6718318598476036
s033,s025,5,0.02746070351572081,1.8102283269838244e-05,0.6712387062492571
s033,s026,5,0.03420175037496767,0.0014665863079168866,0.6510168026930265
s033,s027,5,0.035751225404572894,0.006548807831900921,0.5522004737189543
s033,s028,5,0.01586778925929107,0.03419064563562683,0.672793337550189
s033,s029,5,0.022394425323012446,0.03485699736263121,0.7139473235198914
s033,s030,5,0.08024533954593958,0.0038421973079096135,0.5900803677349424
s033,s031,5,0.06515373500859775,0.048618376440437115,0.5825586562098155
s033,s032,5,0.023874785322937922,0.02125207297292034,0.6148077959439611
s033,s034,5,0.08060131610418035,0.1150634879703309,0.6486835193373846
s033,s035,5,0.09417076053293262,0.018256552652768605,0.6226654275673313
s033,s036,5,0.08384990437235726,0.0003470397729131296,0.2601856222645076
s033,s037,5,0.015378599078502071,0.0022260192209545026,0.571216340809603
s033,s038,5,0.04532541771249842,0.09265318962462352,0.6903833583302621
s033,s039,5,0.0814883590439166,9.260864786807255e-05,0.6761061747060068
s033,s040,5,0.1740154876372514,0.09742593022256474,0.6620581401304308
s033,s041,5,0.12550041404123635,0.01114903480875465,0.6162901374936332
s033,s042,5,0.04202587592905697,0.0036552256465010318,0.6146213707371859
s033,s043,5,0.040524418837070524,0.0019849848459660858,0.40257949700070633
s033,s044,5,0.05760388996037259,0.010647215039988552,0.6208047411986481
s033,s046,5,0.11200964609943159,0.004331949281491194,0.7324592327981215
s033,s047,5,0.060651984843734,0.004200831775197045,0.7548256295383939
s033,s048,5,0.04247222062376794,2.453566142944127e-05,0.5671930591721277
s033,s049,5,0.2016651361744238,0.06502020366588164,0.48098992059249124
s033,s050,5,0.08078750727350265,0.0017313300402044321,0.6762306604453404
s033,s051,5,0.01993693557154124,0.0038959874162467693,0.6742590518874578
s033,s052,5,0.11285943605395178,0.010685730614091365,0.6043195661561246
s033,s053,5,0.03720108210466064,0.0016083471923429675,0.6977981173232961
s033,s054,5,0.0935230794598282,0.0075850357220804375,0.720411609027808
s033,s055,5,0.0694241774115985,0.026421361086045158,0.5302514806341929
s033,s056,5,0.020125903934094514,0.04217899294804978,0.6667312767654493
s033,s057,5,0.032915159678972634,0.0035273046302818772,0.5543019454614702
s033,s002,6,0.03731523896559325,0.0007202900708328765,0.7648773465738803
s033,s003,6,0.017675807902482413,0.0014856438902050588,0.5114108744214011
s033,s004,6,0.02986568703732816,0.030599600102029993,0.5953330044905322
s033,s005,6,0.04588001860484587,0.061712303513245234,0.6828165165871465
s033,s007,6,0.015068481536161,0.027564692532416578,0.5751495859131667
s033,s008,6,0.016519234644233997,0.003598758340183442,0.50852700937528
s033,s010,6,0.018075884964680107,0.1927501472349857,0.8613207309097616
s033,s011,6,0.03945219575155037,0.030764895933277726,0.43850363698910216
s033,s012,6,0.026401791242245686,0.027701047717647826,0.5025693430021935
s033,s013,6,0.013616338400297192,0.030876960698828542,0.7012423110837313
s033,s015,6,0.013857313067302965,0.06921288581031029,0.713331713941957
s033,s016,6,0.06710685475079152,0.00024466540243795625,0.7260908863538663
s033,s017,6,0.008240633022254492,0.032337371279141575,0.7025646709912023
s033,s018,6,0.03895929232272993,0.029213536304546713,0.5452707178789136
s033,s019,6,0.018772929642916863,0.05044454469548872,0.6782115622198269
s033,s020,6,0.025670904254316063,0.023800764312655893,0.5806021240665206
s033,s021,6,0.015823611325026885,0.060966226718655155,0.8205203937654613
s033,s022,6,0.024093333680725613,0.004198060494906952,0.36794671461173006
s033,s024,6,0.028515214600954113,0.0422710127172732,0.6592082372436795
s033,s025,6,0.016697436947023823,0.07496713238645289,0.5597563912173372
s033,s026,6,0.018763433589304806,0.03510108566759328,0.6849586777199782
s033,s027,6,0.048435642078037196,0.018600465342865524,0.6431764431477602
s033,s028,6,0.01768854563075654,0.10629397108999852,0.7813470891376756
s033,s029,6,0.010576116142482373,0.2632902076533777,0.7527354347350232
s033,s030,6,0.027460998056164067,0.003347818342311928,0.5355188789287257
s033,s031,6,0.023961368063934035,0.022975221379370452,0.5844116013806575
s033,s032,6,0.01675275316844775,0.0345481285642961,0.7476890619940962
s033,s034,6,0.03024506220407011,0.0006813593348124556,0.6003661593083643
s033,s035,6,0.05089977593454486,0.018316605798974338,0.6441433147068922
s033,s036,6,0.02851205268595637,4.765105482326285e-05,0.2796686871580821
s033,s037,6,0.02051776213214356,0.050466938110794335,0.5436625010869275
s033,s038,6,0.033907474667740516,0.0031987641924868505,0.6419100272520696
s033,s039,6,0.051405486330164445,0.0256767159322678,0.6977943235928408
s033,s040,6,0.06958573987084511,0.0833407901797213,0.6096838908829806
s033,s041,6,0.10435734579948253,0.15131024364821788,0.7708530375851971
s033,s042,6,0.03162547726568554,0.02306033963363302,0.5668651142904888
s033,s043,6,0.01776533989016461,0.0003408705864699571,0.3958138094663326
s033,s044,6,0.030015897598054328,0.052658325413694626,0.6457911647035228
s033,s046,6,0.05503031431833002,0.06808121889357646,0.8387115091607252
s033,s047,6,0.024570848072343852,0.0439720847920839,0.6426735843073387
s033,s048,6,0.025528414737085378,0.03991361441369271,0.5974321940197503
s033,s049,6,0.059119664653852134,0.10028746768484717,0.7463501489031193
s033,s050,6,0.0631431212470906,0.0432497117981255,0.7007839955821197
s033,s051,6,0.014194708849722506,0.14248548161832764,0.7115086779789701
s033,s052,6,0.04498096420222675,0.00026849119865843013,0.6735388388519923
s033,s053,6,0.020744924942398005,0.12936285961806154,0.8215718258171412
s033,s054,6,0.10724395720731,0.005040858499445232,0.7289459102129587
s033,s055,6,0.024273275367106488,0.005432186950299943,0.6213590722125407
s033,s056,6,0.016155942942489586,0.10816444141987128,0.5745257600094932
s033,s057,6,0.022831406589691898,0.045889137046653115,0.6493570417730177
s033,s002,7,0.05248797707395244,5.19324716581952e-05,0.7567695369517676
s033,s003,7,0.059173458908515164,0.012710961872841858,0.5992640461100882
s033,s004,7,0.07365630680313957,0.03650377800545104,0.5770205450457099
s033,s005,7,0.08529932726877028,0.08378333793636214,0.7388997681770224
s033,s007,7,0.09729799184890936,0.02170791366743165,0.6250504082257448
s033,s008,7,0.08434411522371858,0.002343271440887913,0.6011442981133018
s033,s010,7,0.023873277711702594,0.1476738954805384,0.8001903696029111
s033,s011,7,0.09944035848861572,0.057239527182566315,0.538353527236271
s033,s012,7,0.0843854350989172,0.11317412550824801,0.5603482790097654
s033,s013,7,0.02073630497623219,0.031185309671216195,0.7354431001598287
s033,s015,7,0.06077703255569648,0.04327830395065342,0.70659220912748
s033,s016,7,0.07674861213712521,0.0038263423966051944,0.6867297638346771
s033,s017,7,0.02321107227277808,0.21223204384140526,0.7716750163714915
s033,s018,7,0.06879967713110294,0.00031578229135102856,0.6018222826299228
s033,s019,7,0.07238435932053158,0.007275488272399303,0.685896683069483
s033,s020,7,0.06424814905400729,0.06583249846789192,0.6845264075719107
s033,s021,7,0.031114061818968156,0.004209872823393177,0.8499437294443813
s033,s022,7,0.045291945111822995,0.06000650509837722,0.5145898514231604
s033,s024,7,0.03608963774370326,0.18845330781370837,0.6774675632764001
s033,s025,7,0.039961766546955185,0.03261783114795709,0.599686669220848
s033,s026,7,0.04019839805077282,0.028266443579206758,0.6815901755352308
s033,s027,7,0.07241460474090969,0.11912339479998237,0.6266439513610078
s033,s028,7,0.022064703102200524,0.17572909185391153,0.7768579492558055
s033,s029,7,0.015619070141204023,0.1929915973321023,0.7739101379544833
s033,s030,7,0.22767424827940744,0.037976143559615386,0.5703863770516994
s033,s031,7,0.051271825344640545,0.028033971622084274,0.6396055357633205
s033,s032,7,0.0324593256817443,0.005739025419785072,0.764391066009967
s033,s034,7,0.051123339196003294,0.006293419288840297,0.6112213686246051
s033,s035,7,0.05152991192702071,0.0005310261845650278,0.7039296636483346
s033,s036,7,0.06400314186875326,0.019215949425725833,0.41773481093687526
s033,s037,7,0.04487241860847132,0.008963878148870915,0.6024869302566291
s033,s038,7,0.05424458933789505,0.003520430395578988,0.6314296902970339
s033,s039,7,0.06609766296129525,0.06814305415954774,0.6703571728275232
s033,s040,7,0.16010734139113328,0.017112883922426214,0.5606242040388306
s033,s041,7,0.18516089343059425,0.08769421957973957,0.7990913537089738
s033,s042,7,0.08949408795869036,0.0037684483323887764,0.5533827602432074
s033,s043,7,0.025951391270221384,0.07195799594409473,0.5456289125567314
s033,s044,7,0.01555315891043141,0.17173587714339705,0.7394977802410654
s033,s046,7,0.3007874527383261,0.03843000423760339,0.828678935305651
s033,s047,7,0.06845932523122193,3.21849120153128e-06,0.6222097350612041
s033,s048,7,0.038648949450590185,0.03279207482814852,0.6544432282244954
s033,s049,7,0.119039784772841,0.0752586493503966,0.7906208245976308
s033,s050,7,0.08346593998996282,0.026318408943468825,0.6571094562790706
s033,s051,7,0.022182640318282258,0.061633088749139704,0.6890454778916203
s033,s052,7,0.08556016800057037,2.86221542530947e-06,0.6149754836757092
s033,s053,7,0.04888839048875226,0.1053570242367718,0.8126512218142828
s033,s054,7,0.07628217625606784,0.0011542650480553572,0.68855952291227
s033,s055,7,0.06214340675330353,1.2976405759652107e-05,0.6763323997102979
s033,s056,7,0.04084843321905968,0.019308225273984785,0.5813470984854029
s033,s057,7,0.05976568074587718,0.007055930412836235,0.6699482006919214
s033,s002,8,0.04277304443573849,0.00015442306027873266,0.752063088664039
s033,s003,8,0.10099785717097927,0.024412601902291286,0.46244220666748737
s033,s004,8,0.08136511792962303,0.03445255097256528,0.5578348534450915
s033,s005,8,0.07748172748544306,0.000757554511973062,0.6390223013233158
s033,s007,8,0.03112645480763089,0.05622117581620185,0.5411035092624746
s033,s008,8,0.05891049348221693,0.003150163772601409,0.43835398340487025
s033,s010,8,0.02779242035584931,0.21249433270644263,0.8390430860548544
s033,s011,8,0.09614036660092591,0.01422534495862919,0.4659565762385211
s033,s012,8,0.1080351744175148,0.0830211771345148,0.5508041197637419
s033,s013,8,0.02107876043899754,0.017339086250404187,0.6803898401529952
s033,s015,8,0.040426850548595926,0.01273723680423327,0.6497339044220685
s033,s016,8,0.053427159301935194,0.00041218136432396294,0.6987360754981518
s033,s017,8,0.021530847992091155,0.05842254411315939,0.7010758372932603
s033,s018,8,0.057888053073035135,0.05616448835821294,0.4894761398580015
s033,s019,8,0.05126033323189419,4.234805157094849e-05,0.662737376783716
s033,s020,8,0.1288465312918559,0.046556086100871266,0.6156486358561846
s033,s021,8,0.04544570786211302,0.03494926670292047,0.7430197658898091
s033,s022,8,0.04602657236766491,0.034774514680758976,0.4045002790123649
s033,s024,8,0.031070923183250127,0.18644238416558923,0.6118383116683013
s033,s025,8,0.030689785647850906,0.08576747442330192,0.4588078184696169
s033,s026,8,0.03317292628699151,0.025380371611995266,0.6108181628797137
s033,s027,8,0.05584483293919371,0.0333733789525709,0.4926196510161271
s033,s028,8,0.024951701065837405,0.16493434671778945,0.7583798163338634
s033,s029,8,0.01846712108218956,0.20040923940315716,0.6883919771923749
s033,s030,8,0.19609732866229723,0.0018436875978858176,0.5331174778261784
s033,s031,8,0.07384888635586027,0.04899353940320566,0.4776268119998051
s033,s032,8,0.040752935188308304,0.05259276491421108,0.7391801301278819
s033,s034,8,0.06760831522072593,0.03881001706656448,0.4722944975202959
s033,s035,8,0.03806652600112366,0.0008157295651425586,0.5779006516372116
s033,s036,8,0.07883261310648322,0.0009890685214795668,0.3255178867461194
s033,s037,8,0.10005146150014835,0.00047307054112706484,0.46717790779887375
s033,s038,8,0.06830732112147392,0.014743100050584747,0.6033714807344159
s033,s039,8,0.12197168403929941,0.004872424077681613,0.660730703290369
s033,s040,8,0.16015584311576717,0.14465116166140518,0.6464015141146652
s033,s041,8,0.14738900175136868,0.18778538390436508,0.6830016517733332
s033,s042,8,0.06221447767248323,0.028944844878476324,0.5070113861606195
s033,s043,8,0.03669571509869007,0.0068250812717502735,0.3741191053501852
s033,s044,8,0.03391376914847233,0.013134553787548338,0.6019183296105661
s033,s046,8,0.1843451139374553,0.06616607867019948,0.7613726341480331
s033,s047,8,0.03816401475090519,0.014674692527059675,0.7359613294286412
s033,s048,8,0.05157949469544643,0.005192781072484042,0.5597974075103113
s033,s049,8,0.14794320734296118,0.09178960929267778,0.6274474233877929
s033,s050,8,0.04183089100412705,0.009293385516380261,0.6596544261829873
s033,s051,8,0.031147787052849495,0.059498276556311305,0.595355530926859
s033,s052,8,0.07031745216121017,0.004874475926907698,0.655489069391746
s033,s053,8,0.051036076222056116,0.02437752688531283,0.7969799515844382
s033,s054,8,0.0869704663412896,0.0016943789922208114,0.650656743775693
s033,s055,8,0.07453715639741798,0.007876905196033781,0.5679046990989369
s033,s056,8,0.040439053162076646,0.08840034980206496,0.5683446007571613
s033,s057,8,0.0458453855523801,0.00747122306158634,0.5966595151410992
s034,s002,5,0.18774094952201636,0.004063259711245249,0.745517404963279
s034,s003,5,0.2418150417034822,0.11272206580274126,0.7298110077070116
s034,s004,5,0.1941973004945587,0.02755846641146541,0.5205747818576333
s034,s005,5,0.05035192081907393,0.002674997560384018,0.7166636436378105
s034,s007,5,0.18260445408670123,0.00486388896885589,0.7191170137936407
s034,s008,5,0.27627246650461623,0.2865088888167333,0.7220552283177647
s034,s010,5,0.10125682531353442,0.008731469918430252,0.6254532421120854
s034,s011,5,0.13295979418211581,0.03447109990022477,0.6193187638349876
s034,s012,5,0.09903921425331623,0.005822639477653514,0.6851847073223769
s034,s013,5,0.20611734634369536,0.05563331111294627,0.6284613886484507
s034,s015,5,0.07636825486395163,0.026920212404346226,0.5885065419194875
s034,s016,5,0.030849066490088114,0.09867182287210462,0.6286713492530233
s034,s017,5,0.11146892467058021,0.01491724922737106,0.7635387223566296
s034,s018,5,0.16183186616497205,0.01738133749552725,0.6703552443519503
s034,s019,5,0.05377778788928321,0.0028246627634255688,0.7389779052979754
s034,s020,5,0.1543904072795377,0.0009731275015368507,0.603721997424978
s034,s021,5,0.04204036343558547,0.002817837466279528,0.6426178353031636
s034,s022,5,0.04313167350861175,0.06196873526225178,0.5267912051815513
s034,s024,5,0.03570139645243497,0.10252754193911537,0.752606937866111
s034,s025,5,0.05138668090558005,0.026114308248432628,0.8391904591961107
s034,s026,5,0.0326663804706627,0.08380685453697598,0.6251456792699528
s034,s027,5,0.11815784510772154,0.01815968200018242,0.6237775880079779
s034,s028,5,0.08783680978788552,0.001463965979293824,0.6185434747828791
s034,s029,5,0.15327327397868717,0.0009060017812431981,0.7538940048259397
s034,s030,5,0.05301213911445626,0.00259454410965664,0.5896446300347451
s034,s031,5,0.055518075100570975,0.06401304931328093,0.7418463812480339
s034,s032,5,0.1335067042443092,0.07133737556507197,0.6667249244259759
s034,s033,5,0.09234989955109357,0.027666824870649566,0.5760907507432237
s034,s035,5,0.08850915786193224,0.08094539701503055,0.6784201450437508
s034,s036,5,0.0549698752978687,0.025851694889045825,0.48736787528121495
s034,s037,5,0.04330818999346156,0.044143396485311764,0.6563910935088793
s034,s038,5,0.08385843606181635,2.0237032617148724e-05,0.715423561516821
s034,s039,5,0.10154880765993807,0.06360155212179469,0.6525614356525654
s034,s040,5,0.08620055590386402,0.04459821986426498,0.6118499371151708
s034,s041,5,0.12629018048473284,2.6503343956167578e-05,0.6550412276491201
s034,s042,5,0.06458762740202875,0.0003609966044415138,0.6363344638154904
s034,s043,5,0.030802597571542616,0.04070190229865633,0.5905231320270753
s034,s044,5,0.12250835303565474,0.00012334029450065327,0.6998099862126518
s034,s046,5,0.028076869760841602,0.000761984413935408,0.7271396189082318
s034,s047,5,0.06011091238399738,0.03264651224372912,0.5836453244526348
s034,s048,5,0.07660417501811748,0.0003095609308868264,0.7019834833166996
s034,s049,5,0.06970878853147064,0.005182643725656415,0.6431002642040891
s034,s050,5,0.05485412930405591,0.010196612487914952,0.6124238453879918
s034,s051,5,0.13442776744050194,0.03203394180752804,0.7700615142584967
s034,s052,5,0.11144963153159065,0.02775574529550221,0.5516005387548555
s034,s053,5,0.22097182270416998,0.002135925193796064,0.6032239175361699
s034,s054,5,0.1687735969919936,0.0038643874000509684,0.7818972829151954
s034,s055,5,0.17726707327430383,0.2195451330745061,0.7910483725228676
s034,s056,5,0.14951171969307675,0.025499998994213922,0.7235959824186213
s034,s057,5,0.06377236169157625,0.007134034190495582,0.6174030292106497
s034,s002,6,0.18986582432330573,0.00692513858502323,0.7267490737149996
s034,s003,6,0.5408013190042842,0.06556820348873643,0.7552527955375407
s034,s004,6,0.3204683641054454,0.12264448804194075,0.6019027242751366
s034,s005,6,0.07401387920823446,0.0002708127326464565,0.5731481078961204
s034,s007,6,0.3432519664743933,0.007522092495797285,0.6640174651391131
s034,s008,6,0.3652778990690538,0.013780518922300509,0.6281597571048748
s034,s010,6,0.13944451622748838,0.03190264637112521,0.7004571851731837
s034,s011,6,0.17712545579219743,0.02507596692940776,0.6721922243762884
s034,s012,6,0.2297598535692825,0.05827432444961631,0.7521691801208509
s034,s013,6,0.21033578429967967,0.01809849108604161,0.7008573893263274
s034,s015,6,0.2951478198803768,0.0006585672591502447,0.668610980964533
s034,s016,6,0.055851396227872455,0.06733120639607046,0.5951000493559464
s034,s017,6,0.15394273440874354,0.0405461643856841,0.7201452710487075
s034,s018,6,0.3569479035105441,0.16578177088616827,0.7089978368666501
s034,s019,6,0.10358255439485127,0.03274634556577012,0.6449201143461977
s034,s020,6,0.31429455585266347,0.05563350772327192,0.6590337216437591
s034,s021,6,0.11658267539254057,0.03894594758408222,0.7164145028064502
s034,s022,6,0.08268310706058123,0.137515166446024,0.657023508341739
s034,s024,6,0.08859267118996321,0.13692085237316395,0.7947175673827792
s034,s025,6,0.12331148126396156,0.006716726624177482,0.7191832982871156
s034,s026,6,0.13702805845779073,0.013905266009394639,0.6257740543747106
s034,s027,6,0.18527050286734142,0.018038663405400866,0.49031876633840227
s034,s028,6,0.15650667354298947,0.0022752788062326557,0.7624323827703688
s034,s029,6,0.14393983028531127,0.009369189352674915,0.6844162555585688
s034,s030,6,0.17273250857266145,0.006368974101463202,0.591778147852238
s034,s031,6,0.3555336082554168,0.02327374522292697,0.5525091274804573
s034,s032,6,0.348744681909217,0.151488236571852,0.7034892406829525
s034,s033,6,0.11631455044661496,0.025341394421835053,0.6865610366137576
s034,s035,6,0.141197360457432,0.11578500240503282,0.6681630165892637
s034,s036,6,0.16248620157733057,0.06920824701051989,0.5352386996694017
s034,s037,6,0.2052596800632986,0.01310947922408263,0.6953746112751976
s034,s038,6,0.15043423979896212,0.015044192636671484,0.7967884455317198
s034,s039,6,0.11307037986450924,0.13956114992968666,0.7482397313689946
s034,s040,6,0.14395198589251829,0.14041284623705005,0.7070505433916721
s034,s041,6,0.17561562694487462,0.02578158630018947,0.689117188160415
s034,s042,6,0.16233561143779368,0.003265765280545335,0.6824716617623946
s034,s043,6,0.14122732615681402,0.21362544371777337,0.7495991760415771
s034,s044,6,0.06696473098994575,0.14666439005435122,0.7934437081780171
s034,s046,6,0.10065342503857261,0.008599857372015154,0.661595259382946
s034,s047,6,0.26819539321602553,0.052198177401069364,0.6178424624559135
s034,s048,6,0.10780849103434892,0.0006784068904357497,0.6260959959739719
s034,s049,6,0.12552121362280824,0.017803240321119018,0.5958950710454851
s034,s050,6,0.13132449177129826,0.01161202334804052,0.704470059854038
s034,s051,6,0.13486942873315869,0.0029269832355391825,0.641568159032065
s034,s052,6,0.07230656261577452,0.0240194653448008,0.6780680101089199
s034,s053,6,0.36325988162719525,0.005272384551586677,0.6823646245259376
s034,s054,6,0.2242373426343419,0.013454977819445319,0.8084468181841433
s034,s055,6,0.2758118307982889,0.1258230189615315,0.684242034072618
s034,s056,6,0.16314308197121055,0.03047005028838549,0.8292407998413684
s034,s057,6,0.12011169006315628,0.01653448343596591,0.6371899887243964
s034,s002,7,0.2322102068823434,0.0036562286635354953,0.7090379663245298
s034,s003,7,0.3360046883656013,0.046420918380501816,0.7863420090368946
s034,s004,7,0.32373581334595536,0.24688740088442415,0.693207262828357
s034,s005,7,0.09006385515479357,0.0032571447294526203,0.5950747307342198
s034,s007,7,0.2799671776130443,3.929120181845136e-05,0.6276572116722098
s034,s008,7,0.26476162330233804,0.0976571790342195,0.6876819926523335
s034,s010,7,0.20709547405313164,0.021928328849862868,0.7016393075315109
s034,s011,7,0.39978614539712076,0.13524065860682707,0.7245417567432098
s034,s012,7,0.2434725393401509,0.13256895327430723,0.760059641242656
s034,s013,7,0.3618057614674767,0.0716574816249592,0.7170829096941407
s034,s015,7,0.2058525311876271,0.06917186917667438,0.6529395445337476
s034,s016,7,0.060794897512739844,0.0621349361364968,0.6040509146218614
s034,s017,7,0.10098080229520474,0.05444749913330796,0.7257843971626446
s034,s018,7,0.23376781606065947,0.1153253659981631,0.7745147603539242
s034,s019,7,0.09489380126308507,0.001594415843412479,0.6772569468527773
s034,s020,7,0.2532064051427755,0.14775924489548206,0.711299646940366
s034,s021,7,0.10178230114793636,0.024693199526898017,0.6496235514224254
s034,s022,7,0.11608039617789419,0.24237265364635519,0.7352041338942387
s034,s024,7,0.08633545511067324,0.09312266968544462,0.7893411319958661
s034,s025,7,0.10628426823671809,0.00461996174610773,0.6779699439885636
s034,s026,7,0.14963373215611578,0.0003956094203922555,0.5207523559406562
s034,s027,7,0.16406859021108436,0.02082092931284324,0.599444541551438
s034,s028,7,0.09724019050320604,0.00010102211930339157,0.7495647173792553
s034,s029,7,0.3058211757178148,0.002858867718609258,0.6953046307592649
s034,s030,7,0.08606237602241365,0.0023365379246304096,0.5813033855708927
s034,s031,7,0.18350737664020433,0.0004187012495457125,0.6213443372333276
s034,s032,7,0.14284321124274663,0.13285868988263794,0.7568282037438813
s034,s033,7,0.153876969571933,0.003016289082514036,0.586001078462099
s034,s035,7,0.11004005337652155,0.09072757423314333,0.7033368949158114
s034,s036,7,0.07653683013429981,0.15720374943735546,0.6507318946152337
s034,s037,7,0.18062951979641806,0.000960369725021404,0.6704248984661375
s034,s038,7,0.1501637157088514,0.05476742433656448,0.7085514415157397
s034,s039,7,0.2766164879923815,0.29358919827739255,0.6789612803857857
s034,s040,7,0.1515524875929938,0.08182355338472688,0.7274345894634965
s034,s041,7,0.31110691560219295,0.020514457711892458,0.6606059107207424
s034,s042,7,0.14627818406490162,0.021722059802844935,0.7058278229407425
s034,s043,7,0.06036446918745478,0.27162912971836256,0.7858325874192558
s034,s044,7,0.10681847558225555,0.27311793965201386,0.7833383178436153
s034,s046,7,0.10609096306800059,0.0065879739049918475,0.654163214481145
s034,s047,7,0.17175049694789468,0.007110422593332797,0.6270004332797153
s034,s048,7,0.10500269746269532,0.0034192506792707794,0.7264827332611765
s034,s049,7,0.1037800280377617,0.05114174688127048,0.6543961881927478
s034,s050,7,0.12267696682821196,0.08531277278766854,0.6444372147087672
s034,s051,7,0.11367656303280396,0.00026703882589544756,0.6375498404304858
s034,s052,7,0.1402630946928161,0.07044644708918452,0.620541838670085
s034,s053,7,0.29566414279525977,0.025321002387617943,0.6559902554961343
s034,s054,7,0.23561917117745468,2.2833159227510766e-06,0.7516104134808538
s034,s055,7,0.19310747910738846,0.12052378741901253,0.778417851094882
s034,s056,7,0.283876060216068,0.10807487492393963,0.7914044637551423
s034,s057,7,0.3140080144171794,0.021940823433399467,0.6801506422762641
s034,s002,8,0.1095243909759057,0.0003552059826724357,0.703792930344147
s034,s003,8,0.33084800439582396,0.1817266559324842,0.7160267379805533
s034,s004,8,0.15098642288282915,0.15372298700626444,0.7190019996781343
s034,s005,8,0.03782137210274632,0.0027762407773054263,0.5991274277165447
s034,s007,8,0.2152526791811287,0.012570926717443365,0.5656092000183829
s034,s008,8,0.6127178198752551,0.13358000067467907,0.7309051200697473
s034,s010,8,0.09498195477514512,0.026710564296026043,0.6517619490475738
s034,s011,8,0.23133510918592873,0.028456463638469657,0.6641140236718533
s034,s012,8,0.21040686844085543,0.027954632729704235,0.7010100731741806
s034,s013,8,0.18223596340635484,0.09362959338508195,0.8004669149562098
s034,s015,8,0.16822617544404236,0.0008676903985459332,0.6198803611566651
s034,s016,8,0.025101185990386136,0.14225975721696302,0.5933917052243747
s034,s017,8,0.0889764348554885,7.229623589452707e-05,0.7590094453020407
s034,s018,8,0.08996872633894944,0.007699091706702305,0.73322103725523
s034,s019,8,0.06475258660633461,0.01958304234435852,0.5974358886821136
s034,s020,8,0.19931221855749992,0.0661773396684247,0.6443882517875288
s034,s021,8,0.04979289126105725,0.0013173766790450633,0.6663988110644308
s034,s022,8,0.037297530856222255,0.06116883922291974,0.5893734832594634
s034,s024,8,0.043024911831881285,0.03668676207797831,0.694376595396738
s034,s025,8,0.06233808830751304,0.001981443007566444,0.7674997157834241
s034,s026,8,0.05765651353022047,0.007360043230952445,0.6043497687325825
s034,s027,8,0.21672712903142993,0.031416116060466966,0.7162444673341044
s034,s028,8,0.0833535271771939,0.013410061655361774,0.7516671699728861
s034,s029,8,0.08825830462679773,0.03705012121277943,0.7603234684288385
s034,s030,8,0.07044923952667871,0.007458131436653451,0.6614201683926898
s034,s031,8,0.04639749783332234,0.055926139034307695,0.700064057703096
s034,s032,8,0.16400598717767265,0.08894497765555502,0.6968640974067055
s034,s033,8,0.08772682974053232,0.012646486141805286,0.6347781639202904
s034,s035,8,0.05830757671627528,0.06293919404946113,0.63240989489278
s034,s036,8,0.03783558850954175,0.03802328815070605,0.502213112312851
s034,s037,8,0.17678508708047933,0.08117404195308416,0.7073101790775975
s034,s038,8,0.06718973029630218,0.006306555345035325,0.6606951600060789
s034,s039,8,0.09217445095699736,0.09746194138304388,0.6294441990202881
s034,s040,8,0.06620320683779286,0.07844791338819634,0.6009225698970736
s034,s041,8,0.12184188598882242,0.0003880593725025234,0.7283155997194162
s034,s042,8,0.09066814144553269,0.0544212827520806,0.757371659512594
s034,s043,8,0.0475189323812461,0.10052077363152366,0.6215119136847609
s034,s044,8,0.04771099397695178,0.07639109217570589,0.7281489727232319
s034,s046,8,0.16459520433331046,0.018119836924729578,0.7046949082209284
s034,s047,8,0.09685301082631502,0.008904998036257189,0.6471269630737635
s034,s048,8,0.08493801939923616,0.0005033776931948808,0.629732550427464
s034,s049,8,0.04240574519503173,0.05582242445850819,0.5939707568524072
s034,s050,8,0.0695120712433632,0.008487100704782572,0.6436238451533474
s034,s051,8,0.12085176408288513,0.002151613552323661,0.715466291252394
s034,s052,8,0.06077318302206567,0.0058905173995128695,0.4961735449413025
s034,s053,8,0.2096761696506557,0.0009254449569963887,0.6489515959278104
s034,s054,8,0.11611826339948242,0.025290946441431605,0.7287349290787299
s034,s055,8,0.15975597464020258,0.12964341382552666,0.714671693609183
s034,s056,8,0.17852735526774702,0.009176791635740129,0.7555352650970045
s034,s057,8,0.14337443390155827,0.015085703942845698,0.7176026874921346
s035,s002,5,0.024428072408523197,0.0012369314492057073,0.7966316778254489
s035,s003,5,0.032244432317458535,0.004334168654146132,0.7129892385257398
s035,s004,5,0.04156932694225749,0.03837071430417883,0.7011157560557124
s035,s005,5,0.021483229712275644,0.0009085633837471218,0.6815730442294116
s035,s007,5,0.03115772580606431,0.019998030138116688,0.6764806226316367
s035,s008,5,0.010828668832824557,0.006183159547253053,0.7799827381278347
s035,s010,5,0.021810512197606425,0.0006225791037761175,0.6810680399066267
s035,s011,5,0.021698572203355842,0.03042692818582512,0.5899321508595747
s035,s012,5,0.011431441667543537,0.0011403938593171673,0.6203823733382552
s035,s013,5,0.034121603563777234,0.08953264087227573,0.6138742719210201
s035,s015,5,0.020858607192721073,0.00026321079704659165,0.6929897021846909
s035,s016,5,0.017112164299373324,0.01096134929981404,0.4326954312783555
s035,s017,5,0.06551046784257449,0.002916347659941113,0.7651904900042037
s035,s018,5,0.030913922922212934,0.09125150596558747,0.7625901846754548
s035,s019,5,0.024304662030771185,0.019191558960890222,0.6920690279866997
s035,s020,5,0.024206270943484404,0.022086890462062178,0.6188383836609207
s035,s021,5,0.04174924998533506,0.013939267106074786,0.7839609353201986
s035,s022,5,0.0449063698059494,0.041464424524136595,0.5590659624600042
s035,s024,5,0.026052613490783184,0.027823442037092073,0.824814534812147
s035,s025,5,0.02561658156660596,0.014636536793123357,0.7122054186876368
s035,s026,5,0.05757908425162525,0.11881782165035404,0.6609874779357231
s035,s027,5,0.01602395946952773,0.00010089308046171583,0.6817216206608656
s035,s028,5,0.02959226476623743,0.010158418797076046,0.6518900985589623
s035,s029,5,0.03922434248275133,0.008523857966363986,0.7606811181629481
s035,s030,5,0.015818110029105423,0.018999411248968152,0.5514146532802946
s035,s031,5,0.036141520412307074,0.009918825571723206,0.7524288141466915
s035,s032,5,0.025062366296788586,0.1190337217618775,0.7427321189737671
s035,s033,5,0.02495617948606215,0.03689468268021966,0.49296514223804094
s035,s034,5,0.039073707928867635,0.008106722936694719,0.7244662201430531
s035,s036,5,0.060553366906119725,0.03595563773201555,0.46485693375510423
s035,s037,5,0.01250625484705452,7.898623995864523e-05,0.7139238112998533
s035,s038,5,0.039248997180705465,0.09729173775645031,0.6949832047351814
s035,s039,5,0.024064340162371935,0.0946598021987302,0.7572366597803419
s035,s040,5,0.023841008977417512,0.022730375683514013,0.6782611580778736
s035,s041,5,0.030057991577265682,0.0019303042917633696,0.6280501101788926
s035,s042,5,0.017257643634900417,0.03980422229487653,0.7111909762197732
s035,s043,5,0.02739884534053927,0.12943016561505047,0.6597695814938542
s035,s044,5,0.035699702324823834,0.10922115702737772,0.7970266210669306
s035,s046,5,0.02691243082397046,0.04130172155119197,0.7296503216598859
s035,s047,5,0.02953410430418648,0.031972227557410575,0.6422810121816748
s035,s048,5,0.02101068099806756,0.020735873236994072,0.7234781737607353
s035,s049,5,0.059899691545149354,0.0012016688764992412,0.6679539872805894
s035,s050,5,0.014940340392866232,0.09652934097711298,0.762910069185715
s035,s051,5,0.10556113010050086,0.002060683203110796,0.6657132982359282
s035,s052,5,0.02516448502368965,0.0020855530293898516,0.5883093598406444
s035,s053,5,0.029460744673184273,0.07164861261804345,0.6546781193462196
s035,s054,5,0.010355238425248244,0.023963912798471144,0.797922187792894
s035,s055,5,0.03964413454503949,0.2101760918235519,0.7061235048357409
s035,s056,5,0.013806222279923328,0.019567697003833366,0.6417971021772972
s035,s057,5,0.030249942719926905,0.013708214445221537,0.6352415150948465
s035,s002,6,0.07207434023390867,0.008515915229043677,0.7866466598469245
s035,s003,6,0.1133052001203622,0.012100623596380164,0.6550640757929058
s035,s004,6,0.11183966948554619,0.005281296553896324,0.5650225021675557
s035,s005,6,0.0906272786155124,0.00359331322411774,0.6140202687677209
s035,s007,6,0.05954400107039328,0.0002319902490569957,0.6400857720708674
s035,s008,6,0.0912447074393758,0.0017336099824209476,0.6433476647297045
s035,s010,6,0.09030970647324828,0.01383643895318426,0.7101362894898029
s035,s011,6,0.05504833299673161,0.022630445161394733,0.518892934033093
s035,s012,6,0.06900625916000985,0.0010013378891425917,0.5442415731022677
s035,s013,6,0.16305616013403262,0.05001519561083156,0.5931534220690636
s035,s015,6,0.0704533798445121,0.0020073410687510124,0.7380906151391771
s035,s016,6,0.04316042478211325,0.019153487530327855,0.5015976840717478
s035,s017,6,0.13312164057210815,0.003654565702983119,0.7723254986063606
s035,s018,6,0.15206208389489095,0.0867390913248359,0.6629038690897456
s035,s019,6,0.09792984759240539,0.0005597506412226453,0.6522284234553583
s035,s020,6,0.0843245957281872,0.00037696432425154736,0.6089247328847488
s035,s021,6,0.24389756987455938,0.09174462057508848,0.789166377350418
s035,s022,6,0.08461698897788988,0.015396188169330704,0.49515708216705634
s035,s024,6,0.07653170983117334,0.024578436031948796,0.8055967267698967
s035,s025,6,0.11796831447354364,0.021096789994825244,0.6532978316651441
s035,s026,6,0.14469975884808733,0.09483588502608607,0.595764142160493
s035,s027,6,0.05758819177163557,0.024338360438654116,0.6026482146007746
s035,s028,6,0.07278452754273754,0.0206821398622882,0.6691954408825916
s035,s029,6,0.13871391082478507,0.001003357998653032,0.6988615238521139
s035,s030,6,0.07398676402536677,2.3628002129907712e-05,0.4103990293128788
s035,s031,6,0.1283483147256962,0.03782011785367954,0.607693785072407
s035,s032,6,0.0686457563909643,0.06171957825544643,0.7055974179367798
s035,s033,6,0.07117822936840912,0.10760463051855575,0.6004575352435504
s035,s034,6,0.09848222643385804,0.012254728405315853,0.6952508630349596
s035,s036,6,0.12259761451875098,0.03799808347371484,0.4333575862048535
s035,s037,6,0.04464337406236862,0.020804178531567314,0.6115386149622827
s035,s038,6,0.12051996966636208,0.10607701165759548,0.6826887160931903
s035,s039,6,0.13440291931090384,0.16022441513758268,0.7841474287567597
s035,s040,6,0.0735626570153902,0.11873088786323632,0.7281586984521664
s035,s041,6,0.1588024825461066,0.008757777223516033,0.6501161573190355
s035,s042,6,0.06751380534105357,0.0015671422168175996,0.6163428815042176
s035,s043,6,0.047327207624287417,0.14983405301727365,0.6044338328711639
s035,s044,6,0.07253424219713306,0.07341178728847253,0.6870460912345778
s035,s046,6,0.061232768648891864,0.027096152477159074,0.6716638938713192
s035,s047,6,0.11621931205481485,4.659161869189459e-06,0.6376835258356948
s035,s048,6,0.09091089800778698,0.0014071256054804732,0.6508081669702331
s035,s049,6,0.15256743477482945,0.006919094198009266,0.6193047826188118
s035,s050,6,0.08835834037569858,0.04640635319890437,0.6590872461114631
s035,s051,6,0.0940530785204798,0.005860490806787332,0.6373941968555763
s035,s052,6,0.12694820721650266,0.006308144986943408,0.7125777002485939
s035,s053,6,0.09454088191208326,0.05233113583113056,0.7329306450553228
s035,s054,6,0.08136946012780645,0.0031174174654992172,0.7539018849306666
s035,s055,6,0.16846208036921986,0.3749399944249661,0.7360779899458932
s035,s056,6,0.05059735382353536,0.03171774274600468,0.6435127583912925
s035,s057,6,0.0856359878647165,0.00985778041713684,0.5329770506845587
s035,s002,7,0.13588002558133896,0.010398806792370633,0.5801392066993698
s035,s003,7,0.17963267046009385,0.02036419394977966,0.5571491013548823
s035,s004,7,0.10001323802917791,0.0014183380093083665,0.496851507914708
s035,s005,7,0.20355671393370375,0.013008999103963142,0.6147422594502053
s035,s007,7,0.09162485755990979,0.01181338695349433,0.54795365835053
s035,s008,7,0.22408742958980848,0.00950257676619134,0.6864738887137759
s035,s010,7,0.14846851858462765,0.004829313928521875,0.5968021874824886
s035,s011,7,0.10802488460815714,0.07396956279037659,0.5015019529749082
s035,s012,7,0.11347798289460688,0.0004564416995580924,0.4720771349805884
s035,s013,7,0.1481350929939204,0.009552164515508789,0.5026912768482964
s035,s015,7,0.13721445162190932,0.00040934367697740637,0.5839290640350528
s035,s016,7,0.04988038899589253,7.380717795999534e-09,0.3698031978353287
s035,s017,7,0.20354240562886042,0.009633640405111896,0.7015378457864105
s035,s018,7,0.1281242281529528,0.022865103433437884,0.6764507341625023
s035,s019,7,0.1682432287911032,0.0007146025137628688,0.6391973065446042
s035,s020,7,0.1511184292725017,0.02808904882286281,0.554423048825482
s035,s021,7,0.1365583046822078,0.0034890515184365367,0.576315788660358
s035,s022,7,0.1358554956342728,2.413990264485743e-05,0.4319337543391372
s035,s024,7,0.0747603568077372,0.008396229676203825,0.6388706735854099
s035,s025,7,0.11763564573030037,0.06535913799293748,0.7289862507936563
s035,s026,7,0.13553044599063732,0.011180672643536846,0.44261858114930125
s035,s027,7,0.0889583084703729,0.021834786510840858,0.5619274936799632
s035,s028,7,0.05983258272941366,0.00045744226062836916,0.5504864581014823
s035,s029,7,0.11446360218827525,0.0006838986022935435,0.6745857920394192
s035,s030,7,0.11311079939499308,0.009076979408204662,0.4024195137834289
s035,s031,7,0.1027416553694839,0.1411150320194691,0.6376624304747587
s035,s032,7,0.2146941568661427,0.0364871828733473,0.5369492842038457
s035,s033,7,0.12412065326024847,0.06809565234467123,0.496226517448591
s035,s034,7,0.30116948683138506,0.07059826548083722,0.6123680548376956
s035,s036,7,0.12422091865519559,0.01435532938673013,0.4130078181551357
s035,s037,7,0.07191468347207952,0.0013089573611559109,0.5211088711388525
s035,s038,7,0.11834162529176577,0.06709807856013249,0.5233562593842109
s035,s039,7,0.1971821340529615,0.0336200936469268,0.5620371141390793
s035,s040,7,0.09790470093213988,0.030497641991448454,0.532036434387689
s035,s041,7,0.2133409143500204,0.012153797936761983,0.5360799854124142
s035,s042,7,0.07647974085248768,0.0034873077385793438,0.5613013928115317
s035,s043,7,0.08974617015497265,0.024737829923162997,0.41847222225497804
s035,s044,7,0.09139384322575386,0.044623553945645086,0.5716234736399997
s035,s046,7,0.10391692645493027,0.014567489103981165,0.6308267869078533
s035,s047,7,0.17743871167719957,0.004679699508402578,0.6675076410319094
s035,s048,7,0.14120437785717632,0.003269346462452499,0.6810708457651347
s035,s049,7,0.16154755882931834,0.02237469779067804,0.45508113922766497
s035,s050,7,0.1562335303003019,0.008658749972135548,0.5930716596273784
s035,s051,7,0.2876528903921357,0.0044226094148838435,0.5119778229852449
s035,s052,7,0.13186678763983672,0.009019178436563201,0.43303324037020835
s035,s053,7,0.11833882825461044,0.11379934745812625,0.5492741857302397
s035,s054,7,0.27475791773535213,1.628073761586691e-05,0.7047378244014901
s035,s055,7,0.26259980536937033,0.3195492729879003,0.6434107113302965
s035,s056,7,0.08312210225230092,0.07062000405748552,0.5276656110284056
s035,s057,7,0.1463460074115828,1.769139461861447e-05,0.375060925274798
s035,s002,8,0.06066427130850406,0.005002948957416079,0.7375404752765011
s035,s003,8,0.2248519037480143,0.03217344811012539,0.6409126748434559
s035,s004,8,0.11287704800066589,0.01522151923732979,0.49537474001427967
s035,s005,8,0.0689402025160685,0.0014772361067229506,0.673193893115909
s035,s007,8,0.030703307989148772,0.0007340269481770857,0.598400091546446
s035,s008,8,0.09459913547117632,0.0046815397938198425,0.700053274121372
s035,s010,8,0.07484142727750766,0.0026691193211861213,0.6689501314594642
s035,s011,8,0.07845421967769796,0.027327554653374785,0.5681647507393693
s035,s012,8,0.0932535014764794,0.006324884670397792,0.49287289187016703
s035,s013,8,0.0656073045497153,0.017869771124494643,0.6309468554757933
s035,s015,8,0.06999424921243062,0.003013903766259406,0.6675886497114726
s035,s016,8,0.02559889482208543,0.04611986469342234,0.5137797466402941
s035,s017,8,0.08564749826353113,0.007062058519398218,0.7705058458169972
s035,s018,8,0.15691345401718904,0.06193247900486217,0.7070581938965108
s035,s019,8,0.058574264002622736,0.0007703011281894167,0.5983884292140202
s035,s020,8,0.05296552852679531,0.002231845800759799,0.5447073414572275
s035,s021,8,0.11851057545189929,0.04333488010652632,0.7041357962666122
s035,s022,8,0.07776372860298736,0.006300597423750186,0.4462500425845628
s035,s024,8,0.039633849376134365,0.007010508996561462,0.701089973354671
s035,s025,8,0.04424257347860881,0.041627931979999935,0.7325646470010968
s035,s026,8,0.08690158555958859,0.02108880956940313,0.5838287415025157
s035,s027,8,0.04495434279945991,0.04746832390832115,0.6254098700923052
s035,s028,8,0.05248582372372415,0.006308491379473812,0.6231915602589015
s035,s029,8,0.04666514501383227,0.0002595837195537414,0.7667961889885555
s035,s030,8,0.04336247510705786,0.02849498972642843,0.4850362270048622
s035,s031,8,0.14655490286453504,0.05723867393733096,0.7127327546790555
s035,s032,8,0.1773988442920979,0.14608135660182878,0.6564614108915954
s035,s033,8,0.04572067266102817,0.09841320807932048,0.5507372396303912
s035,s034,8,0.15953984101227073,0.052049915979059065,0.703897788128925
s035,s036,8,0.07145665433952814,0.004984283905755975,0.4100591984624599
s035,s037,8,0.06215293884027025,0.016708717996435023,0.5708973902458866
s035,s038,8,0.07294336148728224,0.05565916344862311,0.6372938576240991
s035,s039,8,0.07948631328359707,0.006854213728732529,0.6368496234432525
s035,s040,8,0.07927726422240908,0.010341202914881957,0.592511835016924
s035,s041,8,0.1384078601270565,0.0010052093208380065,0.6723784450245456
s035,s042,8,0.04149391432929484,0.01577060410544346,0.5709392063425897
s035,s043,8,0.06495062992830418,0.043241481802763854,0.5027507692162272
s035,s044,8,0.08101332174516307,0.032157903037070376,0.6586729939409582
s035,s046,8,0.07002945846464141,0.028280876517436767,0.7029787852346766
s035,s047,8,0.11657010662374338,7.902515301610793e-05,0.5325908819409643
s035,s048,8,0.051251790848460495,0.010767074803687911,0.6787712799580715
s035,s049,8,0.10983441130127258,0.05041063480908968,0.6535756973112912
s035,s050,8,0.06767020007394405,0.014758333880616781,0.6849916194673514
s035,s051,8,0.3420153599263857,0.0006661603768009694,0.6753862748263647
s035,s052,8,0.08636118831763746,0.00025314769138139843,0.52706132288697
s035,s053,8,0.06940955590463731,0.01589885266295896,0.7118677088921594
s035,s054,8,0.10578078869085726,4.109234139308318e-05,0.7789116237986572
s035,s055,8,0.10867269860948627,0.3096834783236284,0.7437604008219149
s035,s056,8,0.08118492235535493,0.012707494806996733,0.6224186931884276
s035,s057,8,0.0964867344450986,0.013950464614050782,0.535263204744343
s036,s002,5,0.012489105343049924,0.0730732070115022,0.4133028071835147
s036,s003,5,0.015863754151659533,0.19674999268031843,0.6394519741097278
s036,s004,5,0.022781300648306024,0.0807186438915286,0.4335375722007459
s036,s005,5,0.06725101665854438,0.067470106368534,0.5071827439582499
s036,s007,5,0.04048161184938154,0.026094430256692985,0.39070669621978266
s036,s008,5,0.022581085916635234,0.1318650714621049,0.6349236833101043
s036,s010,5,0.10128173128563533,0.036202655693213445,0.4060383628360324
s036,s011,5,0.011092939413605545,0.4295813913760695,0.8481043180951936
s036,s012,5,0.010051481168272309,0.37804570942394733,0.8596120091487753
s036,s013,5,0.07924719938914125,0.11215840757138884,0.6136920427181622
s036,s015,5,0.020981374617078278,0.04100182141076198,0.38833056662272486
s036,s016,5,0.12588430320251634,0.06124727996246211,0.6123655678186543
s036,s017,5,0.10524160664518376,0.07453068664577925,0.5943917886059726
s036,s018,5,0.015156032336919582,0.33320312060156104,0.7661910617622121
s036,s019,5,0.11261194073817202,0.09342040588608178,0.49185721623317297
s036,s020,5,0.025202939675466086,0.2749690270521052,0.7337558239158078
s036,s021,5,0.09353629859389304,0.051935312638773476,0.3638751995701181
s036,s022,5,0.140849587554607,0.5596435920753574,0.9005825235706963
s036,s024,5,0.23718379288807578,0.0814808289049423,0.5106970071037789
s036,s025,5,0.09162336815200595,0.12377918811487428,0.5567157735369137
s036,s026,5,0.07905212459243824,0.0015513165897062737,0.26407013538213486
s036,s027,5,0.025803184160102525,0.007361410569180889,0.23169928061701284
s036,s028,5,0.048647433548960686,0.11769965688424644,0.5724428547065272
s036,s029,5,0.06085641630730671,0.07253185600411603,0.48974198374572164
s036,s030,5,0.05307158581167287,0.045170281498623795,0.5032604605311787
s036,s031,5,0.09376779557191903,0.034822507220974956,0.46735543540602237
s036,s032,5,0.020558374237416438,0.11358048135542026,0.6564800152312009
s036,s033,5,0.03254257981823565,0.015179642346175843,0.36700532096758876
s036,s034,5,0.02156518219726546,0.07127856657562016,0.504215299443008
s036,s035,5,0.11422352006489697,0.002158612121406174,0.2705816894886323
s036,s037,5,0.023919537990199566,0.07998452905402796,0.5129952351438801
s036,s038,5,0.04310527149324844,0.03994789808044802,0.42912348277457824
s036,s039,5,0.05254175293499742,0.0018039009803491194,0.23507798836588784
s036,s040,5,0.03492393606891476,0.042620889440707,0.38016529866642945
s036,s041,5,0.03302515335498445,0.21881299051669442,0.6386467777708711
s036,s042,5,0.06528951736892369,0.02290026851039051,0.3917355597178258
s036,s043,5,0.22704837268108208,0.42896844332668055,0.8019461599972368
s036,s044,5,0.12564587660811485,0.10013875000487645,0.586024925379429
s036,s046,5,0.053865378688753185,0.010782233831164086,0.34265838637282936
s036,s047,5,0.041910586137922784,0.00431237771214865,0.23964742104974257
s036,s048,5,0.013711887989295495,0.21698378258331483,0.6057164041669412
s036,s049,5,0.058294199748737806,0.06955062670780221,0.5894806865821917
s036,s050,5,0.08070231032882948,0.0002851209458380807,0.27826551061283333
s036,s051,5,0.0352239028682796,0.033427231124838495,0.45690894341408256
s036,s052,5,0.062233539035802046,0.017012059554851716,0.25372081695200377
s036,s053,5,0.025412578219152694,0.009942357171162096,0.47766314573547947
s036,s054,5,0.02438736799758652,0.009789186466263205,0.48120499089765717
s036,s055,5,0.026047604983618782,0.18727571811854052,0.7573536823198446
s036,s056,5,0.01608790074743465,0.1320582823431456,0.6661429029765809
s036,s057,5,0.03973055573361238,0.12175025577306471,0.7235191684403522
s036,s002,6,0.11203398316784914,0.0676808136474317,0.427548936008756
s036,s003,6,0.04032895593132694,0.2182138236314382,0.6652889481272478
s036,s004,6,0.0460459873535267,0.07190205000913306,0.45424231753442246
s036,s005,6,0.10580392474667316,0.043101482384719995,0.48595607514249833
s036,s007,6,0.08919012713530584,0.025908113861694188,0.38341085127263336
s036,s008,6,0.04556902670222318,0.12229185545410881,0.6148085190368051
s036,s010,6,0.2135476066139833,0.06919953427752744,0.41793129372918575
s036,s011,6,0.04104725352731194,0.35217443112479724,0.8850626033936209
s036,s012,6,0.026396289701963702,0.37334530493969237,0.8755937921129505
s036,s013,6,0.1711624388068911,0.1405809464258477,0.645515841683098
s036,s015,6,0.10736200963159945,0.009135961702105183,0.3621990077504066
s036,s016,6,0.2958952765470355,0.054436634185998325,0.5946526756301201
s036,s017,6,0.256825851548879,0.1169130540949806,0.6134958903448793
s036,s018,6,0.04608448845895914,0.3477960912221581,0.7788297791771837
s036,s019,6,0.1744155252460375,0.026654741318025806,0.4607250282538702
s036,s020,6,0.03542605839465171,0.29899757302435676,0.7027017979190165
s036,s021,6,0.21613955258856846,0.040116438019556805,0.3645598601842176
s036,s022,6,0.24274456875695155,0.5523291873979069,0.9061246386850353
s036,s024,6,0.4813154290651198,0.09323348709312627,0.554359639216769
s036,s025,6,0.19470637570275942,0.0531998495258155,0.5929752300961738
s036,s026,6,0.1629527516077526,0.0013650645266381576,0.2877440587949535
s036,s027,6,0.0485776111711425,0.014878941152477064,0.27153711204569614
s036,s028,6,0.2584832057350533,0.08941049456333373,0.588435904469555
s036,s029,6,0.13777970480319437,0.06715844607736228,0.5023464709727705
s036,s030,6,0.12086385010396022,0.05946988074738497,0.5433930674547822
s036,s031,6,0.11140911971602338,0.0076054337243639724,0.49152603943019685
s036,s032,6,0.04046667089414984,0.11803996835023149,0.6793118763724223
s036,s033,6,0.09787178003010616,0.021120469923031064,0.3977475088079065
s036,s034,6,0.04551937216765244,0.057269704650212215,0.5396356545900466
s036,s035,6,0.2793847883418793,0.00041127772227015583,0.29932501057691496
s036,s037,6,0.04820365104123856,0.09588265789691844,0.518655871317977
s036,s038,6,0.08357960199647892,0.03524507367329594,0.41447249755647714
s036,s039,6,0.14138655029502767,0.0028923040168299437,0.2596686955652162
s036,s040,6,0.07725295501563349,0.01811433811234131,0.4047825915444262
s036,s041,6,0.07311451809609772,0.2155463494936769,0.6989419090992581
s036,s042,6,0.16176177789443308,0.030963188717184786,0.41141304265050577
s036,s043,6,0.3579033080294189,0.4957341555944212,0.7848067255026167
s036,s044,6,0.334507042084851,0.11533668656606419,0.5807998078743115
s036,s046,6,0.1801450757384609,0.007729517174499416,0.33551691528349575
s036,s047,6,0.08493123709872116,0.0029545668618814677,0.28843072799349995
s036,s048,6,0.03717477659679734,0.1635092110438709,0.5675504450046623
s036,s049,6,0.11822682664893418,0.04987917370430086,0.574526592584515
s036,s050,6,0.09371794984746147,0.002994239582021285,0.3173155920650297
s036,s051,6,0.2233280607562989,0.024203682920826683,0.4347803869020156
s036,s052,6,0.172944508742257,0.04164551101367956,0.26423794632214764
s036,s053,6,0.07799675560568357,0.006579662741947525,0.49999713700372866
s036,s054,6,0.08750819222654145,0.0001772543082986991,0.5023964125738871
s036,s055,6,0.0803042231791679,0.18727216890545123,0.7596452089604194
s036,s056,6,0.044592304881069175,0.10510305668074173,0.6952267777908004
s036,s057,6,0.07635905898783965,0.16623199530778246,0.7474608510773992
s036,s002,7,0.04958767656853737,0.05807895738127362,0.45212610146703236
s036,s003,7,0.026616768560956308,0.20003805065533964,0.6725064537351361
s036,s004,7,0.06828366966652258,0.1019781770080133,0.49882765785778943
s036,s005,7,0.15563233455037223,0.05708745683434242,0.5194749550956813
s036,s007,7,0.08428006497655587,0.0072348035456659835,0.4141292230303656
s036,s008,7,0.03935699509435454,0.11119524268526111,0.6510366966540158
s036,s010,7,0.16398862006934362,0.05045601533354425,0.40962704234428
s036,s011,7,0.03367620267394079,0.3682728829563788,0.8848856899529245
s036,s012,7,0.01920318809302125,0.37149670148408154,0.8815028097604564
s036,s013,7,0.13692185195105616,0.13540329692743636,0.6530777900222199
s036,s015,7,0.04557124768116267,0.029614013882344525,0.4052128775157687
s036,s016,7,0.23783013302498096,0.09324209779890916,0.5864950036099578
s036,s017,7,0.20377414776522082,0.0831906909312678,0.6239520918943435
s036,s018,7,0.03153320498091778,0.28147569299729414,0.7966500724552755
s036,s019,7,0.2187003416091527,0.053106167800003476,0.492410438174706
s036,s020,7,0.03863205241668876,0.27855809086325256,0.7128868502047837
s036,s021,7,0.15650580552554708,0.06031178150592768,0.3817369355908893
s036,s022,7,0.2854746526090677,0.5081103124414541,0.9140422306225394
s036,s024,7,0.316690505832352,0.13109636285535947,0.536715753346607
s036,s025,7,0.13939499007038092,0.05829183667219451,0.5813752745083878
s036,s026,7,0.14894477125059863,0.004192694509249611,0.32308413979600636
s036,s027,7,0.05485734651113841,0.011610072364516123,0.29863246091211604
s036,s028,7,0.15484196699880992,0.131465062005772,0.5958237169724344
s036,s029,7,0.11094839202835248,0.056047845233070534,0.5212355057141822
s036,s030,7,0.10312428354083847,0.06116163359119296,0.5664139059910733
s036,s031,7,0.09522175071680725,0.02483932165520077,0.5185219856468907
s036,s032,7,0.05153845544121496,0.08733529711122852,0.6983923669728452
s036,s033,7,0.06661898504839478,0.04205581112059588,0.3854049116760461
s036,s034,7,0.0546323179075312,0.03221266734020808,0.5450591889317495
s036,s035,7,0.24726034534555102,0.0005962590412496987,0.31453778078886974
s036,s037,7,0.03537788486189132,0.06505728085342044,0.5497624989188586
s036,s038,7,0.08252247124362173,0.008301524271949964,0.4327351617685309
s036,s039,7,0.10424349407707094,0.0014603086880729604,0.2802418195798353
s036,s040,7,0.05567532173058773,0.056695419240930855,0.4059075098869282
s036,s041,7,0.04831591661997725,0.22596604583497246,0.683762894301483
s036,s042,7,0.13761054486045837,0.01808491280424115,0.43297335048890573
s036,s043,7,0.35843805035095555,0.47951708222917155,0.7941601374029883
s036,s044,7,0.3268299437064397,0.09585360155784568,0.6129063010218548
s036,s046,7,0.1357649783039405,0.008511922180684046,0.3821794618892535
s036,s047,7,0.08781415904822619,0.017049919225010594,0.3006063445431407
s036,s048,7,0.025811259345346744,0.2168589187021541,0.6023228745011742
s036,s049,7,0.09696264447186552,0.04786116686851632,0.5831086014392786
s036,s050,7,0.09170440095787491,0.00027979348177600404,0.3362034928918328
s036,s051,7,0.07561465534307513,0.014330524954207101,0.4580082363691686
s036,s052,7,0.12421135973775764,0.0015194321922417265,0.26876613173305874
s036,s053,7,0.0768032995880405,0.017612489144552674,0.5050412620602118
s036,s054,7,0.0610409875575727,0.0069652651849443584,0.5224619332997473
s036,s055,7,0.058173774712820585,0.1715063578141869,0.7470755856587493
s036,s056,7,0.04175468525934191,0.08614959783139872,0.6745729121869243
s036,s057,7,0.05164774499675128,0.12471847837065247,0.7576776881545899
s036,s002,8,0.016692456903845763,0.053424860429238066,0.43857777568541034
s036,s003,8,0.018958197066899694,0.20859780936934377,0.6503472620485254
s036,s004,8,0.026174439890336028,0.06705239322541075,0.455584528283922
s036,s005,8,0.05190986127538526,0.05351396584032572,0.48991171578385845
s036,s007,8,0.036372696311902854,0.028538240392450922,0.3983098018490673
s036,s008,8,0.012783855347111189,0.16511696416186808,0.6157576048508204
s036,s010,8,0.07583700196175445,0.0063250400208119265,0.41780394536798027
s036,s011,8,0.008260734908305003,0.457591853489386,0.8498756812317068
s036,s012,8,0.008726703090571077,0.3288089837280759,0.877349752905294
s036,s013,8,0.055326239611142136,0.12449704321962897,0.6295234316752083
s036,s015,8,0.021515919903051028,0.01693198286571257,0.3952634800278201
s036,s016,8,0.14378958594784966,0.044945733340991986,0.6378181621926325
s036,s017,8,0.07369202047732246,0.06616001678713529,0.5958778308283482
s036,s018,8,0.014870416510438227,0.30231682436770163,0.7612740987286254
s036,s019,8,0.07298120792043264,0.10427081787010758,0.49427548519278997
s036,s020,8,0.026964307269781596,0.2976149861267195,0.7222446332345728
s036,s021,8,0.07319704650074806,0.020735440279447525,0.35839892335592516
s036,s022,8,0.20105313359504268,0.5374334105738521,0.9007295437519262
s036,s024,8,0.16011079899331354,0.04352305082442443,0.5503226113442259
s036,s025,8,0.10537117374331507,0.1506468113575628,0.5819132479949164
s036,s026,8,0.02829922778233491,0.0018244409974080675,0.282163034331637
s036,s027,8,0.01941984331354545,0.011309644216766104,0.25774114465054365
s036,s028,8,0.05453838035489769,0.08419509021383556,0.5868161387607295
s036,s029,8,0.051634141529583275,0.06275201197709473,0.49956552411564187
s036,s030,8,0.03488776716940163,0.013657495953706408,0.5279251066610983
s036,s031,8,0.06554514369912945,0.02630251649006418,0.4482566654750333
s036,s032,8,0.02063561205541174,0.13053175395135166,0.6823121027901649
s036,s033,8,0.030236187654874725,0.016143399928865623,0.41049890845740583
s036,s034,8,0.018625898520201314,0.06454443788544868,0.5415425317957208
s036,s035,8,0.12574140953193447,0.001788157147289112,0.2796507122835018
s036,s037,8,0.01577915503679102,0.06897350877176753,0.5566251304680371
s036,s038,8,0.05615387602009985,0.07456173070086351,0.4701336314287767
s036,s039,8,0.041921570397015016,0.01582883865128563,0.31083443495123775
s036,s040,8,0.08308664560107347,0.009650688378108443,0.4443108917051056
s036,s041,8,0.0262373574504759,0.16388117684158646,0.65349095601268
s036,s042,8,0.06041946104939905,0.014150422251893635,0.4268414576678156
s036,s043,8,0.1410969784169602,0.3874940930978834,0.8094118504861866
s036,s044,8,0.13895878837654166,0.12154414727713744,0.5938112112780536
s036,s046,8,0.07051685721825815,0.004093256709367943,0.3585054469591356
s036,s047,8,0.04611258764913939,3.402720737519474e-06,0.28757152805822567
s036,s048,8,0.012282331730397385,0.19096828618322487,0.597325955154681
s036,s049,8,0.1264383536740958,0.11458050545715312,0.5833249300162852
s036,s050,8,0.0726339597116046,0.003626220737807785,0.2889951481636265
s036,s051,8,0.027723607426587547,0.04478031000099209,0.46186719734889004
s036,s052,8,0.042439907495986834,0.03317719838933763,0.32487326181604714
s036,s053,8,0.03261344703468954,0.006435596152941031,0.5033825509307986
s036,s054,8,0.020278232968242254,0.03027196810326413,0.5040063559720872
s036,s055,8,0.028635216182922574,0.17498936936793316,0.7768642069390523
s036,s056,8,0.018105115895245542,0.18582381943424955,0.6961572689776961
s036,s057,8,0.030346384827241862,0.10796566426221256,0.7341350366032365
s037,s002,5,0.10619878013529055,0.032899198897978266,0.7185987090260005
s037,s003,5,0.09308469286598077,0.004132058081688557,0.7433385277157801
s037,s004,5,0.09473796262187717,0.014407718230090941,0.6070987289848571
s037,s005,5,0.04178016108143136,0.11809358278221306,0.6738986569852783
s037,s007,5,0.08311518673269971,0.002495816280907869,0.7392152953053412
s037,s008,5,0.06044972198214424,0.004249868297400658,0.7366524677957623
s037,s010,5,0.12352410912135564,0.021708466772098183,0.5097997157327963
s037,s011,5,0.08721699423846735,0.006275163467173781,0.6418385849152598
s037,s012,5,0.10094923313327465,0.056152641308232366,0.6975979659397242
s037,s013,5,0.09199921913553838,0.004862998766745288,0.7092171060679933
s037,s015,5,0.13288912697599117,0.068531789485653,0.6645392767892453
s037,s016,5,0.05054574339485655,0.01012965227987939,0.4734245766133456
s037,s017,5,0.1505630246743494,0.006658336938149772,0.7359171518910024
s037,s018,5,0.08132930673570052,3.2192660645780655e-05,0.5909918483813155
s037,s019,5,0.11404475997887006,0.01594908675546859,0.6369552515346126
s037,s020,5,0.1503879340660525,0.0661342353300546,0.6512824744698371
s037,s021,5,0.08619344469044618,0.13151577934194045,0.6775909118436888
s037,s022,5,0.05621341999843366,0.0949983572656714,0.5875645597174565
s037,s024,5,0.08258327222522067,0.012006951071412053,0.7013087125393174
s037,s025,5,0.10765528365511058,0.020282611449971313,0.583131732069474
s037,s026,5,0.12349281552654408,0.02193572679641127,0.6868495753644192
s037,s027,5,0.07515641931243255,0.0003819701458490451,0.518907780470489
s037,s028,5,0.07237712324961593,0.02521464868480339,0.6210277343118306
s037,s029,5,0.1034368106877251,0.11243268233514521,0.6676877318430304
s037,s030,5,0.08427586530334374,0.13743816636873904,0.696404039456065
s037,s031,5,0.07428772642291286,0.018407750733427874,0.6637954226798561
s037,s032,5,0.08719896152549575,0.002095811825118806,0.7165502958314706
s037,s033,5,0.0834584229512549,0.002387520200914156,0.3883165686094534
s037,s034,5,0.14505084821614112,0.060572926710392834,0.501325094156885
s037,s035,5,0.07855149345295322,0.05667304377290029,0.6747172612583174
s037,s036,5,0.07267635552552125,0.08080545835775815,0.45811694774408357
s037,s038,5,0.0945232031056804,0.0006919853487528914,0.6889681484966576
s037,s039,5,0.10596602129704392,0.09678048301297082,0.6508663191511914
s037,s040,5,0.10170712590352365,0.03960266001697117,0.5221703084191293
s037,s041,5,0.09907397102035417,0.149357874405727,0.5670809894086967
s037,s042,5,0.07506129309067444,0.0012789610297458006,0.6723168621329559
s037,s043,5,0.07504539362104355,0.04850536521711893,0.6639280292244739
s037,s044,5,0.06186966169511808,0.01211201861582991,0.8306290250277457
s037,s046,5,0.07131981156859342,0.0004008382321664377,0.7011886892478372
s037,s047,5,0.12231403736981411,0.001479716656828829,0.5017439959989836
s037,s048,5,0.08680491819776558,0.08301965932581037,0.661034932226024
s037,s049,5,0.10402006822790479,0.019768379414939228,0.6439139901874488
s037,s050,5,0.12064732762261705,0.0024596985137224185,0.6596982110936802
s037,s051,5,0.057096087507057205,0.0003045764663885849,0.6414632893659308
s037,s052,5,0.0557864095202224,0.036927718602339905,0.4321053613604865
s037,s053,5,0.07001653987753832,0.020830142789145183,0.5682572648812092
s037,s054,5,0.07444395762884055,0.04105015501412362,0.6893022553609148
s037,s055,5,0.08872810941075152,5.7649587609039886e-05,0.6817304152400708
s037,s056,5,0.17994397465233403,0.11145426388632458,0.5624326056270845
s037,s057,5,0.16625451451846526,0.0868125864169221,0.6746204245998955
s037,s002,6,0.14460265350532114,0.005061809378653049,0.7307459873425839
s037,s003,6,0.15957798374322343,0.02504377147265023,0.769175958852272
s037,s004,6,0.28240415068403807,0.013920094660796207,0.7354863695481152
s037,s005,6,0.08845691876321289,0.13015357752815257,0.6185088984794073
s037,s007,6,0.11491686620356101,0.0014247566893556191,0.5900503909647622
s037,s008,6,0.23218882517729092,0.0001766847965202214,0.745022107690803
s037,s010,6,0.16730316055339675,0.010753919693288155,0.5997193569153618
s037,s011,6,0.22640558256172927,0.01239968836636283,0.6991628893140239
s037,s012,6,0.19652919008538358,0.0855732099859219,0.7306141621646618
s037,s013,6,0.21175490856928186,0.021823450601553482,0.7377295739721367
s037,s015,6,0.2990617942348844,0.009452245925270648,0.5925447180464273
s037,s016,6,0.08606841520548138,0.021141028125493372,0.4240640252920467
s037,s017,6,0.24563649724812822,0.01130605409356045,0.7174746585190886
s037,s018,6,0.17813693552104698,0.004472887009517824,0.7010055475480809
s037,s019,6,0.22723165076212912,0.007808016524337355,0.5876205075430548
s037,s020,6,0.1875168822097494,0.020633076941604392,0.5997668499737274
s037,s021,6,0.12319039996067613,0.012201482540798171,0.7137975761178681
s037,s022,6,0.07412321540289483,0.09780496381809851,0.6445150604706028
s037,s024,6,0.11928517834876734,0.030578950544335428,0.7626802575671193
s037,s025,6,0.18324695658413076,0.010777972036657132,0.6472788532400973
s037,s026,6,0.17507657277373842,0.008126842270565864,0.6264516109565424
s037,s027,6,0.17683018430177275,0.02507511508723651,0.5935391882446343
s037,s028,6,0.19867510679873537,0.007831946566516876,0.6649901798777983
s037,s029,6,0.3771324575390637,0.1404797590436489,0.7128862878320505
s037,s030,6,0.16501121273365613,0.23047315593896817,0.7179717178145756
s037,s031,6,0.415019717837927,0.00039894371998690995,0.7527410208445513
s037,s032,6,0.1690010651738737,8.194286417120386e-05,0.7226198038324346
s037,s033,6,0.08263957469316467,0.004018893935719145,0.4172496897287289
s037,s034,6,0.2659376247569828,0.004480845460860257,0.5726133597920923
s037,s035,6,0.12209878014398763,0.1607981458539417,0.6724940903550429
s037,s036,6,0.11320792679150328,0.11498695118042901,0.5089987470156009
s037,s038,6,0.14312322164906577,0.0011231930696150927,0.6404966317420232
s037,s039,6,0.11763825323377454,0.10511737475534272,0.6308336552477029
s037,s040,6,0.12197955799509484,0.02446320505345243,0.5503261268528796
s037,s041,6,0.226824682716701,0.05536518724942184,0.6206826979810431
s037,s042,6,0.1442831855225379,0.03020905137248291,0.7148241642822579
s037,s043,6,0.06180421163134351,0.04825753573793835,0.7230807118291307
s037,s044,6,0.12702807389244247,0.055299955688813435,0.8357468937049645
s037,s046,6,0.10524975697474002,0.013626072645306526,0.6770436702554855
s037,s047,6,0.20198306976523397,0.013710047645140992,0.5337588496542731
s037,s048,6,0.1407794132148049,0.07199006108912667,0.6773201097903214
s037,s049,6,0.10155920552765267,0.024993607259757886,0.6400224137432551
s037,s050,6,0.16509109717742465,0.01834399312709408,0.6981217355482958
s037,s051,6,0.0972872710498332,0.001462914317173376,0.5655477742204427
s037,s052,6,0.10481439713954387,0.010753993071561356,0.39732775554728805
s037,s053,6,0.19559817925154122,0.19583723066198577,0.601135881420755
s037,s054,6,0.11674884287525715,0.008725079233877688,0.6628702499702905
s037,s055,6,0.20424670827466634,0.061938903393629625,0.6594368186802779
s037,s056,6,0.34404388777524786,0.06716292925754681,0.6576317412593741
s037,s057,6,0.15929674892917153,0.18825181450731748,0.7544164703068489
s037,s002,7,0.2981398546071918,0.07014580431934314,0.7030638151127729
s037,s003,7,0.12200676891614541,0.026552128524719235,0.7633912875673814
s037,s004,7,0.15423570383580096,0.001340952582854879,0.6216345735340388
s037,s005,7,0.15756763763966214,0.18786243263548186,0.6560542198680291
s037,s007,7,0.11987209651349129,0.019558034326030305,0.6130973046952571
s037,s008,7,0.09286077252513719,0.004186662308327544,0.7961951202302304
s037,s010,7,0.20769739512354804,0.029590963206297553,0.5236271560611487
s037,s011,7,0.1283884814801029,0.020395700387870957,0.7814817289831576
s037,s012,7,0.1490697655465821,0.09007698091094059,0.7788029456125227
s037,s013,7,0.15216179382175765,0.06660808264472229,0.716513628238198
s037,s015,7,0.23534574861573887,0.03396641592573093,0.551319003317968
s037,s016,7,0.09940774700494924,0.07928542590502544,0.4544585602518463
s037,s017,7,0.22171107887169278,0.009017371882706883,0.7327523252262673
s037,s018,7,0.11313323598206597,0.012863027498146561,0.7239545602403156
s037,s019,7,0.3370736740724371,0.004959773361640595,0.56958158720028
s037,s020,7,0.2561533394989661,0.0718687995695359,0.6204058877567382
s037,s021,7,0.10755782116001339,0.10853125470812432,0.6248842428483337
s037,s022,7,0.1358504500100799,0.18098742117973965,0.6887841209763944
s037,s024,7,0.102774392707018,0.000259843430551374,0.7009524816827045
s037,s025,7,0.22878761659219504,0.01099575481304827,0.6528436491641243
s037,s026,7,0.11586166705893626,0.0022428272098298724,0.6777221937726269
s037,s027,7,0.14622209241217748,0.013045401557880398,0.5027380381379573
s037,s028,7,0.11985584071619557,0.05236821947593637,0.6435251642025405
s037,s029,7,0.23971888866632793,0.05173708105315558,0.6923066570345344
s037,s030,7,0.10750636343856668,0.393059243154804,0.7761986250568729
s037,s031,7,0.1249711952973801,0.021565499788476477,0.7175152693172466
s037,s032,7,0.1645200497562171,0.02193689045419823,0.7522290217834222
s037,s033,7,0.09015903840712226,0.0012391355315263279,0.4147842244512312
s037,s034,7,0.3366910020654441,0.08979864787564866,0.5760241243202918
s037,s035,7,0.18580322455552986,0.017126189848396135,0.658227640300578
s037,s036,7,0.19698614145102122,0.1214674158038422,0.5998978129433159
s037,s038,7,0.17518663368440698,0.02492721601341467,0.7158198580791373
s037,s039,7,0.14591683052792517,0.11419006693257677,0.6316958407068657
s037,s040,7,0.2228509390291701,0.06600983917083829,0.6095983159247188
s037,s041,7,0.18349674553107484,0.14847119261073194,0.6234753711645793
s037,s042,7,0.17323669202775607,0.011281993144049814,0.6227551830115521
s037,s043,7,0.10757290006396113,0.08504955040317183,0.7428640177815354
s037,s044,7,0.1501321669700512,0.03657965980844429,0.8390552103419481
s037,s046,7,0.08871482201688172,0.0002162860162071759,0.6612562542435768
s037,s047,7,0.21896605686740023,0.0029727792097438955,0.5594035732419312
s037,s048,7,0.09385103399005754,0.07853976572352561,0.6951654899580192
s037,s049,7,0.1145378741346589,0.03665974448999932,0.6138172222840211
s037,s050,7,0.15032891580933486,0.0003393928743825039,0.6779759671654763
s037,s051,7,0.10611789768073207,0.01313800823275834,0.5684826987395526
s037,s052,7,0.11044887182892642,0.0032409295276354787,0.42985340728771376
s037,s053,7,0.20642230514812415,0.11394382578538094,0.5942793981041008
s037,s054,7,0.1202212953322446,0.0003481924566890917,0.6735865813185524
s037,s055,7,0.2071325329846891,0.0993556758742825,0.7145023561408672
s037,s056,7,0.1677179166166469,0.0379220358684838,0.6718050121564644
s037,s057,7,0.1515997840878808,0.21029116856121,0.75897413527267
s037,s002,8,0.3222784326861181,0.0005459111854190631,0.7799008970663425
s037,s003,8,0.12045285505741041,0.02445959970980176,0.7254255493338723
s037,s004,8,0.13708609411155087,0.06594855321137545,0.6924340642476465
s037,s005,8,0.1312625936419192,0.1437175273697237,0.6480574283243424
s037,s007,8,0.17015988873654858,0.0016024522815568918,0.7227957240762863
s037,s008,8,0.1100851992346472,0.007745319549215929,0.7589144757019731
s037,s010,8,0.3220177949184499,0.00010448083910874026,0.57521415669196
s037,s011,8,0.10040447037487177,6.080192422073322e-07,0.5826277234676012
s037,s012,8,0.10767228070412838,0.03924376353466473,0.6068317035279476
s037,s013,8,0.13916469359258446,0.01580218722817504,0.7051483583716801
s037,s015,8,0.41958170222721286,0.038635522254781285,0.6759142838991158
s037,s016,8,0.06984878371544302,0.014040705162882257,0.4138439334720939
s037,s017,8,0.40306306507803535,0.11454005945530026,0.7812082614225117
s037,s018,8,0.0966099516622986,8.271665201186024e-06,0.6594925811327478
s037,s019,8,0.1831943681157345,0.02376660544512054,0.5993223999852249
s037,s020,8,0.1917134616560636,0.01846655430794115,0.5957072069327461
s037,s021,8,0.13352922733283498,0.04221041067380843,0.775115148834846
s037,s022,8,0.10706716032573589,0.01703442419289567,0.5244623329941414
s037,s024,8,0.10832931036057655,0.09508252749459617,0.7706295488556995
s037,s025,8,0.1953154157429404,0.027365804281319593,0.6849980661805856
s037,s026,8,0.1912043370824271,0.0017802283280031483,0.7107790607887752
s037,s027,8,0.2077203190859558,0.05966005352078728,0.6932700026582362
s037,s028,8,0.15360249405986878,0.0015206406586381921,0.6349282665119187
s037,s029,8,0.40664318990858134,0.03922531869920355,0.7126794467533307
s037,s030,8,0.08011726254193556,0.13455855726052215,0.6141032376211427
s037,s031,8,0.08815215288243944,0.010704035547983323,0.7320788737654663
s037,s032,8,0.1983470659097402,0.0016161103494287605,0.7232324076875439
s037,s033,8,0.059072705550760746,0.008778932753524475,0.4319366830599334
s037,s034,8,0.23307808605068708,0.0019060519712630272,0.63693328873949
s037,s035,8,0.11351292457178877,0.07221749728812692,0.817673799856226
s037,s036,8,0.18791858600921146,0.0240547908920117,0.39008108126705604
s037,s038,8,0.11518103846836594,5.5447957979452566e-05,0.6686884137470432
s037,s039,8,0.15388268052219822,0.1445993710334964,0.7479659245266085
s037,s040,8,0.06833554761990604,0.04881521048475371,0.5758356578962774
s037,s041,8,0.13727263297451833,0.049538817423010764,0.6058910412790767
s037,s042,8,0.16270843908996788,0.0019315792508629726,0.727242075886638
s037,s043,8,0.10741793651062877,4.5067067953435644e-05,0.6412828607526507
s037,s044,8,0.23217215998544893,0.0873679484517327,0.8153862248903754
s037,s046,8,0.08065800292398384,0.0006087611503832766,0.7520522869087282
s037,s047,8,0.15080154567416507,0.008108463918713426,0.5418791958817402
s037,s048,8,0.08929089109303323,0.011197881743060885,0.6708006531290549
s037,s049,8,0.10648421850158817,0.0654068506526962,0.6215398195689152
s037,s050,8,0.15834942003922048,0.046610379313137,0.6793230691818938
s037,s051,8,0.10741750330892248,0.004383617251561373,0.7177303819084442
s037,s052,8,0.10721823691655218,0.018375514311332632,0.5003901593853527
s037,s053,8,0.18077899604557396,0.11004424216037467,0.6564484175959939
s037,s054,8,0.17681251103707663,0.0014146314620543526,0.7244681958149599
s037,s055,8,0.21287175285207852,0.01785872984143256,0.6823521658914133
s037,s056,8,0.14907710236342908,0.010902624373062596,0.610304478882591
s037,s057,8,0.1463182298304333,0.11225903495727024,0.6803433609705349
s038,s002,5,0.038556680172418145,0.03247553602579163,0.7479240953350585
s038,s003,5,0.1079834709879571,0.021460997605889064,0.5875432081069196
s038,s004,5,0.09769805533711588,0.000510690585909294,0.5347451756001986
s038,s005,5,0.10998512280408536,0.010173255313154944,0.5556945403795353
s038,s007,5,0.10414196305458591,0.0010094468684680726,0.6618395871292527
s038,s008,5,0.14127246778974725,6.632001335541943e-05,0.5788532449577861
s038,s010,5,0.06942296779907155,0.15653855406262107,0.6242252610022822
s038,s011,5,0.08675395521706138,0.013399149629794733,0.4290582546586596
s038,s012,5,0.10038840607271067,0.005559352627683929,0.5548086385957027
s038,s013,5,0.07132347432066882,0.0005776653027423238,0.4986238890213143
s038,s015,5,0.06682888162164599,0.019809575524794135,0.5810049402125472
s038,s016,5,0.0865887193543897,0.06172502831993469,0.4296542311799272
s038,s017,5,0.14691906647667416,0.0005037669621415739,0.6045525402958023
s038,s018,5,0.04926586711711124,4.973438201439778e-06,0.5321855807528446
s038,s019,5,0.08026394642029418,0.059397665384565854,0.6220971551183353
s038,s020,5,0.07271452396129185,0.03278455805141591,0.41839275097458306
s038,s021,5,0.12009844075332715,0.013830760032172268,0.6571575507040406
s038,s022,5,0.10227274403802543,0.0028500048208339656,0.35761358317432185
s038,s024,5,0.09571261019778467,0.0003452762240817039,0.7730901820951466
s038,s025,5,0.0985001625415854,5.28143911222121e-05,0.6212400882149118
s038,s026,5,0.16483583115344094,0.004121512627934141,0.661672056350166
s038,s027,5,0.08631210116711134,0.00208106817861358,0.4486409815578408
s038,s028,5,0.14150486299157428,0.0517992257602895,0.5489737470835464
s038,s029,5,0.07160698215730622,0.0008198952337173221,0.6746554199840714
s038,s030,5,0.07093157795884636,0.015052001617553221,0.5434480802659656
s038,s031,5,0.2875567965073645,0.02753772969687787,0.5695791547133185
s038,s032,5,0.07837340719556601,0.026548487331190546,0.5521190878499627
s038,s033,5,0.07775707006874262,0.05001922862811436,0.5407750022271005
s038,s034,5,0.12246395643810645,0.001468045678566009,0.623373862817441
s038,s035,5,0.05871921904747425,0.004540992651100402,0.7239965693194422
s038,s036,5,0.1290898154364168,0.005398391408596298,0.22898965203959976
s038,s037,5,0.11154552179207819,0.000992220264403539,0.6854674885092265
s038,s039,5,0.10573137762540821,0.1653767250721873,0.8521132381474906
s038,s040,5,0.1468358000413923,0.09508175666395956,0.751970114106632
s038,s041,5,0.08282863119494989,0.016899853305674842,0.4602889831571919
s038,s042,5,0.09789110505209285,0.03233286094747074,0.5808119445031058
s038,s043,5,0.13683235656135928,0.026548857845677273,0.5437783516685748
s038,s044,5,0.09583465364558438,0.1041248969261668,0.7156022240890784
s038,s046,5,0.11091379423040758,0.00086736313887801,0.6386737786380045
s038,s047,5,0.10865964747626013,0.10914669932038763,0.5831076075739414
s038,s048,5,0.17121996128401104,0.01788949341164761,0.5716326217599833
s038,s049,5,0.1241114466449936,0.0004088113822323988,0.5092253773782135
s038,s050,5,0.08032292010204128,0.10312423360486318,0.7686027703468532
s038,s051,5,0.05535664982801414,0.0020151726974775015,0.6338026393423564
s038,s052,5,0.14726074980909512,0.002711720314774307,0.7146530340678526
s038,s053,5,0.1195683322427843,0.03976470059476455,0.5902355774995669
s038,s054,5,0.06090154056609471,0.07373745614655174,0.7827118178981723
s038,s055,5,0.18833786708442807,0.03879948932239284,0.5574287065901815
s038,s056,5,0.0861387832800485,0.09997287430333517,0.6909288358625519
s038,s057,5,0.0858307229638382,0.004068753795835301,0.45437162957690325
s038,s002,6,0.0244676877460683,0.005378087908216784,0.7509505581374083
s038,s003,6,0.09823601039975134,0.0036752071575452444,0.6476179027389574
s038,s004,6,0.10323021905259916,0.0028466695482227277,0.4965397493769014
s038,s005,6,0.07339537847934546,0.007629251860696296,0.6160936707227102
s038,s007,6,0.10063989872542811,0.0017502899868911395,0.6866891576047397
s038,s008,6,0.06785420075195941,0.0010374371860651537,0.5687913117985967
s038,s010,6,0.06663986448231893,0.057965595586703014,0.6709225546255715
s038,s011,6,0.031208799583143085,0.09315472614361023,0.5670794790276108
s038,s012,6,0.05704299500223038,0.0002696356690616537,0.5538090666327169
s038,s013,6,0.050744133891003976,0.0072246548161651065,0.6371472702880092
s038,s015,6,0.058851042336824935,0.03086905206347409,0.596428624367558
s038,s016,6,0.0407516116262836,0.10867710175973144,0.5281336215267136
s038,s017,6,0.13587178966453606,0.004569805923046954,0.7220865475470682
s038,s018,6,0.03546805657939341,7.117478193322251e-05,0.5487629887407648
s038,s019,6,0.07631845813056262,0.023080747692435365,0.5490992780963784
s038,s020,6,0.061484532530725285,0.03050202519093484,0.4402788561250852
s038,s021,6,0.04132798447381036,0.01759435058159083,0.7027653468721942
s038,s022,6,0.049417607446061204,0.00303848902441409,0.4164032571107959
s038,s024,6,0.04613706290919528,0.0004219591932322206,0.738579648581732
s038,s025,6,0.13731034260827113,0.03442344165659207,0.6570794234869035
s038,s026,6,0.22476862800640238,0.017504671142234574,0.7328086474620265
s038,s027,6,0.05264418237450488,0.0017946076534050622,0.4690273616522553
s038,s028,6,0.10252271770220422,0.004154026408211225,0.6590292096972709
s038,s029,6,0.0571364573479963,0.0059984906214183,0.6846382438888263
s038,s030,6,0.04026482055699699,0.04956523154935066,0.6682547369585131
s038,s031,6,0.11386567419185145,0.03144484557273902,0.5517181441973658
s038,s032,6,0.04331668698679536,0.03922941991163686,0.6502563418547669
s038,s033,6,0.044076835692334046,0.0002514491777011775,0.6222966462929653
s038,s034,6,0.08061903046670207,0.006736461171679353,0.6354648847328517
s038,s035,6,0.03933001645559091,0.006458754661918588,0.7328046144488922
s038,s036,6,0.10493964488163932,0.007748109462025707,0.2572723601459133
s038,s037,6,0.1094145904510206,0.03726385359253188,0.6705431136448272
s038,s039,6,0.10559001191079148,0.16326085531487686,0.8162801654279533
s038,s040,6,0.09693461352867751,0.053347461334532026,0.7389107863610682
s038,s041,6,0.08603668889837271,0.0032802644000127965,0.6007429956224866
s038,s042,6,0.08991084414618958,0.07952524336276151,0.6143566234156078
s038,s043,6,0.148090758535421,0.01791037253879986,0.5555558472781292
s038,s044,6,0.07881561474430009,0.19225527658394384,0.759025406829543
s038,s046,6,0.049618176234441244,0.005953073917821962,0.6725716299844282
s038,s047,6,0.06355133028794276,0.11353012927492591,0.6017221963915994
s038,s048,6,0.23357933058210406,0.011399568659614225,0.5208894970833716
s038,s049,6,0.07269881724324563,0.003167643696715819,0.5705820393847781
s038,s050,6,0.04841186741617731,0.14728732136520456,0.8276224641151176
s038,s051,6,0.06569764504224168,0.0014093557817484916,0.6373732702521612
s038,s052,6,0.09216688852350313,0.012216399935422036,0.6976894918259869
s038,s053,6,0.06338323894097268,0.0679834067292073,0.6860741057214345
s038,s054,6,0.03808133728240356,0.04810034402421962,0.8102484979054266
s038,s055,6,0.09809000124994609,0.004173510932140608,0.5623545904666347
s038,s056,6,0.03637893666551739,0.08903510583751621,0.730715230800065
s038,s057,6,0.07262726106494184,0.03682196083760911,0.5147749589317374
s038,s002,7,0.07815367237715261,0.03461798289607482,0.7469192517302388
s038,s003,7,0.06336976507268316,0.06238796123918862,0.690819656959805
s038,s004,7,0.11426458668630439,0.021431658729328965,0.5432474873511595
s038,s005,7,0.07215068797539388,0.004287609383602953,0.5562153296448443
s038,s007,7,0.07029515013002595,0.03854752637525409,0.5696862310673784
s038,s008,7,0.08312157562876432,0.03238654755099865,0.586983637742003
s038,s010,7,0.1031730604137759,0.04658811221525749,0.6891545385137962
s038,s011,7,0.041665529311931286,0.07873033106183042,0.6045370173477409
s038,s012,7,0.05178204885222959,0.04187909124683619,0.5640004822406602
s038,s013,7,0.1013806715473475,6.419145075496968e-06,0.6083336300406146
s038,s015,7,0.08169068429924936,0.03149895043334089,0.5893241565088612
s038,s016,7,0.057545055039854784,0.0745222171918349,0.5575933669785819
s038,s017,7,0.09789884892547236,0.044891455222047315,0.6580922020781453
s038,s018,7,0.04674260021276651,0.05849339792236634,0.5670434177966427
s038,s019,7,0.09417159685340458,0.04066091976718239,0.49268990477112
s038,s020,7,0.06321991545943823,0.042826198769380514,0.4305436726822454
s038,s021,7,0.11488119176177394,0.03347922483147889,0.611805811750747
s038,s022,7,0.08779756385385423,0.01812706524079823,0.5224821740710114
s038,s024,7,0.08836226365611834,0.014506131849019126,0.7353296112370002
s038,s025,7,0.10871260475595385,0.009738239527055395,0.5160611327360733
s038,s026,7,0.11357190064944656,0.04110451672911964,0.6850753013304622
s038,s027,7,0.05412164935202194,0.013974951017527954,0.42847014864835364
s038,s028,7,0.19668519799926906,0.006983975481410393,0.6259103443280365
s038,s029,7,0.08452572849487565,0.002849259335864304,0.6902777857612153
s038,s030,7,0.08730705388142393,0.05834936457340253,0.6371045951600582
s038,s031,7,0.10227483981394495,0.03455038705301931,0.49931536846490165
s038,s032,7,0.07419654508862712,0.06929260963325942,0.6979319465230132
s038,s033,7,0.08231965628021583,0.046746235013108435,0.5633157008395723
s038,s034,7,0.09592799271125814,0.041622581767832914,0.6197590793238188
s038,s035,7,0.10642654551696186,0.015566239909196224,0.6414763897222836
s038,s036,7,0.13684158899936974,0.07375236322062707,0.3620551792535413
s038,s037,7,0.06585261358298283,0.02064881408861693,0.6329175995128935
s038,s039,7,0.26080677227671395,0.10962800343153416,0.7774777352080058
s038,s040,7,0.15210374375724484,0.09785451272423841,0.8315572508411273
s038,s041,7,0.13014151537450777,0.0004929689733093098,0.5644190654348225
s038,s042,7,0.06595987697837104,0.0011276139264967836,0.5516242593222457
s038,s043,7,0.1012793660606884,0.04509441051498752,0.6194271181878871
s038,s044,7,0.16630220783451818,0.15032771693170396,0.6813975989753686
s038,s046,7,0.06146363359726192,0.015526226388822457,0.5761899572037062
s038,s047,7,0.09240549299531176,0.15822646752845082,0.5634916727179728
s038,s048,7,0.21783788834525147,0.002249673045564355,0.501326195833361
s038,s049,7,0.11842006101198956,0.009671014322222454,0.5870196236186891
s038,s050,7,0.055466291857259174,0.031201592692662615,0.7447682634781563
s038,s051,7,0.10120106800934993,1.2739232500192533e-05,0.5962549080886982
s038,s052,7,0.11489139629100652,0.04980445176505861,0.7232043290652744
s038,s053,7,0.06353466960740682,0.07383701954808373,0.6945458847729082
s038,s054,7,0.11238592013840139,0.0001962952185542451,0.7233222173798268
s038,s055,7,0.08923270565803026,0.06365897605605139,0.5791348749605083
s038,s056,7,0.04849593786894751,0.08394231402097087,0.6764667348206814
s038,s057,7,0.09794964880154253,0.009451924878624987,0.6346595251357281
s038,s002,8,0.15033840521045985,0.004663586842745819,0.6937698890935056
s038,s003,8,0.18194868581304155,0.0005657316348024485,0.6375613397228996
s038,s004,8,0.18875851788628709,0.0006155645383067663,0.4604389480212492
s038,s005,8,0.2088814059695244,0.010370082399730684,0.563528162612852
s038,s007,8,0.252390890055377,0.007586500738724187,0.6232773477239764
s038,s008,8,0.19966579798246664,0.001228076102032267,0.5924683418658572
s038,s010,8,0.2818491860868552,0.0809177047003209,0.6027624659591162
s038,s011,8,0.12085278342007966,0.10304602454340946,0.554783282371753
s038,s012,8,0.1399236366792217,0.003652529648167869,0.5478982755946833
s038,s013,8,0.15077567006453468,0.0023760052749061617,0.5775062504765966
s038,s015,8,0.15168252825386433,0.020507310911704123,0.5771040295698182
s038,s016,8,0.12972467236503196,0.06314989511251415,0.44063459319631243
s038,s017,8,0.34308964046108653,0.007952877297264497,0.6716255614535356
s038,s018,8,0.11631650042977017,0.015886977006378256,0.520508883972971
s038,s019,8,0.27092521302466804,0.04450087383830097,0.530803755368224
s038,s020,8,0.14277865059752212,0.008979837329097767,0.3595022749111257
s038,s021,8,0.18807738308133246,0.07930159213688213,0.645456490519581
s038,s022,8,0.18567473399950946,0.003729198804329515,0.4025217622236604
s038,s024,8,0.1455805123866681,0.0017307417661584193,0.7145732418249108
s038,s025,8,0.20271544150026027,0.02691972649721636,0.5647554843170016
s038,s026,8,0.23977041343047123,0.0004406486508353719,0.6378878442823434
s038,s027,8,0.19145079642472512,0.010368879193551842,0.4019521113215686
s038,s028,8,0.2823048915901165,0.014505482828326715,0.5858173860464981
s038,s029,8,0.2634008605078589,0.002862236099085927,0.6368725757411625
s038,s030,8,0.16794375818721416,0.09976123140146248,0.6384054016131627
s038,s031,8,0.2187867705229181,0.03769153803660615,0.5608366662554188
s038,s032,8,0.2459572681915472,0.04061693117939026,0.5862934583201338
s038,s033,8,0.15003738868370914,0.03225343558288459,0.5443471214824123
s038,s034,8,0.20221690273554407,0.005590281021413988,0.5842064968942894
s038,s035,8,0.15669960058334614,0.04719574619949559,0.7216589012426917
s038,s036,8,0.3698603338116014,0.02319018806350363,0.2569534657127174
s038,s037,8,0.3147278422487216,0.05578319256587272,0.6310818332198562
s038,s039,8,0.27185692605087663,0.2342363729478857,0.78895627636022
s038,s040,8,0.24755708412052185,0.09535476154549326,0.7534412303827656
s038,s041,8,0.1407280013603512,0.019599378987741927,0.5249868676134681
s038,s042,8,0.23190855481072117,0.02354791155423583,0.5014779284252383
s038,s043,8,0.3410203124610611,0.05923731012377197,0.5792203363218458
s038,s044,8,0.2486179655455044,0.24069840672329498,0.6987901348084955
s038,s046,8,0.1960456814333807,0.0019282838733951165,0.6002691658212822
s038,s047,8,0.18751183501535296,0.10121804621426055,0.6016832023570967
s038,s048,8,0.19981727524199006,0.002761414461406583,0.4621359409674195
s038,s049,8,0.19066165474161811,0.001489145677178183,0.5121711206929034
s038,s050,8,0.10298953970814743,0.04731233333237836,0.7682042145498179
s038,s051,8,0.32908176848713966,0.006951172441062185,0.5629679595436218
s038,s052,8,0.19655151970585177,0.02955035148903148,0.7152812238139935
s038,s053,8,0.24706455975570693,0.03850742025090407,0.6155509426110436
s038,s054,8,0.22320808383149474,0.07442997597672876,0.7657603320502459
s038,s055,8,0.2481308898219361,0.053311925534285445,0.5340709330494743
s038,s056,8,0.1319336338524621,0.09282019082890015,0.6669444123152766
s038,s057,8,0.17168476522728293,0.01817933497725611,0.4532892989242997
s039,s002,5,0.05803561457762508,0.018558203658354765,0.7331419747153514
s039,s003,5,0.1420960733833048,0.0008517016654801432,0.5053035877986453
s039,s004,5,0.2179725131121748,0.11623084720447627,0.5347142672043719
s039,s005,5,0.10146017436595489,0.0374630086188805,0.4790806454581888
s039,s007,5,0.11115536360406379,0.0004749350446021153,0.6129881505421989
s039,s008,5,0.12289474588140756,0.00017050178184564477,0.49215361124340584
s039,s010,5,0.08287779864462948,0.02187626791940546,0.6316922808087648
s039,s011,5,0.09622816309667385,0.0007177726283436581,0.3351025347635563
s039,s012,5,0.07373220883646299,0.0014297648192689945,0.5259121347101327
s039,s013,5,0.09242212964025011,0.015148540555125654,0.535916337201449
s039,s015,5,0.07833203515953197,0.11045187841136822,0.629801960910064
s039,s016,5,0.0604560537599501,0.004306656446329876,0.5068175362172455
s039,s017,5,0.27863669998677315,0.002138124442660848,0.5694281906475279
s039,s018,5,0.04098280165162147,0.004866691997216336,0.4623029846808414
s039,s019,5,0.05356839785345738,0.00016102383969649595,0.5783309861141875
s039,s020,5,0.08655633478253492,0.006056796059426531,0.4320105469785266
s039,s021,5,0.09886269232159287,0.06990076837743706,0.6523220955430549
s039,s022,5,0.10014338080154334,0.016928973909651618,0.29999921656898254
s039,s024,5,0.09267959265799083,0.027198973254179862,0.6489445201465175
s039,s025,5,0.11841144064587464,0.0026389926022225,0.4320181320688749
s039,s026,5,0.2416439740664549,0.004496842784309684,0.5444068510237045
s039,s027,5,0.06335844643426113,0.015746357907088396,0.5164240184677061
s039,s028,5,0.08308226715418529,0.04871542441322026,0.6761634018870105
s039,s029,5,0.055516485877702464,0.017306980950855488,0.6451471473064336
s039,s030,5,0.12638481621073064,0.003985102895819384,0.41511855655031316
s039,s031,5,0.09244365250617895,0.005650425587254849,0.493230677041213
s039,s032,5,0.09985807547859826,0.016270606411084784,0.590078492018592
s039,s033,5,0.07805109881050613,0.01706297441024234,0.5741709444722002
s039,s034,5,0.061318253984244876,0.006059491909609309,0.5761983173543629
s039,s035,5,0.07438682629750495,0.22608909241319924,0.7487002842084841
s039,s036,5,0.16501258791978868,0.008967392677920363,0.21486231457109545
s039,s037,5,0.08173436873332003,0.05036626967456305,0.6154444402904636
s039,s038,5,0.07828674178976432,0.13432894898237321,0.8061172733077691
s039,s040,5,0.05866379222409264,0.3316207011078201,0.8158851207008743
s039,s041,5,0.046303700441484505,0.015996384762382156,0.48662304573031073
s039,s042,5,0.10445907575648031,0.001248950900568164,0.6361140430195961
s039,s043,5,0.15664830588260653,0.051321567437918304,0.48000619773544667
s039,s044,5,0.08000711783633213,0.049771080570257954,0.6683755665478758
s039,s046,5,0.06507919358218713,0.03471913145024116,0.5876911209679032
s039,s047,5,0.09103002712234029,0.025667719443448624,0.6178490566757111
s039,s048,5,0.0725418467183309,0.01785940947262092,0.48865911453264693
s039,s049,5,0.14465682963573506,0.023206293612332608,0.5113652262744641
s039,s050,5,0.09676220130453872,0.07563484835233346,0.7333458422721985
s039,s051,5,0.06520234359660854,0.00197111991290159,0.6700923334292013
s039,s052,5,0.04059987021424733,0.09117561913171321,0.8111630466772648
s039,s053,5,0.05782751916366538,0.203097166775716,0.6862517599228288
s039,s054,5,0.06451708433693899,0.014184484830053605,0.7230888401973777
s039,s055,5,0.1658853503631345,0.11671489020834495,0.5769443499685963
s039,s056,5,0.09243577582908975,0.013279067675747254,0.6643205955247091
s039,s057,5,0.04287774514892683,0.030739168091987807,0.44494166651074857
s039,s002,6,0.14463807695051875,0.10263775005770533,0.7895052255604698
s039,s003,6,0.08013824902197408,0.001958170148460514,0.4967750874159989
s039,s004,6,0.16579604678635348,0.0903643846297663,0.5379842668147787
s039,s005,6,0.08114352872390221,0.04746944914106229,0.5338037959678714
s039,s007,6,0.06444488773136237,0.006989900436035562,0.5388701909187238
s039,s008,6,0.21445803000595487,0.01813204417811718,0.48230300454607794
s039,s010,6,0.13793199974632062,0.02405308716335907,0.7373407384988581
s039,s011,6,0.09963908694878532,0.012196143261740667,0.4202362673174375
s039,s012,6,0.0925512493457774,0.00014956619611747503,0.5037363688835612
s039,s013,6,0.11067150860334406,0.0062841937913755905,0.58761299526407
s039,s015,6,0.06746797477018865,0.18140497423490826,0.6660529103040094
s039,s016,6,0.04106374151922211,0.02903576994464156,0.6174585192170643
s039,s017,6,0.13944036708744822,0.012865631128245835,0.6687496422640983
s039,s018,6,0.1168793881593824,0.0007974856783435093,0.5277095412127399
s039,s019,6,0.0926116226665312,0.0027735724256847468,0.5838060301403563
s039,s020,6,0.09675764959174553,0.007348052418219385,0.4554584455013167
s039,s021,6,0.11237864484071475,0.0022118108813674606,0.7189131915024164
s039,s022,6,0.07628817715360454,0.006788927052939278,0.3403867874506692
s039,s024,6,0.06525505844407724,0.0074810558045359694,0.7027177172049505
s039,s025,6,0.10323138729622532,0.005456379849687649,0.5166570511352486
s039,s026,6,0.2788733225448993,0.005454916013580104,0.6000816532183864
s039,s027,6,0.051927666646564286,5.1112192274882174e-05,0.5241989933673364
s039,s028,6,0.13527151246000255,0.0012307748025589076,0.7307641937811764
s039,s029,6,0.11830537872794136,0.0006805858544451832,0.7084197506745605
s039,s030,6,0.07635379944314398,0.005737630724410063,0.4366057705574859
s039,s031,6,0.05256816729503891,0.026406890227320703,0.5033792731814206
s039,s032,6,0.14379905896975,0.010521117907600006,0.6635954897304714
s039,s033,6,0.10357601788779658,0.015721977006259796,0.7247231850335353
s039,s034,6,0.08940389241124218,0.09116422390523368,0.6347574715547784
s039,s035,6,0.16559817509161456,0.221936422817794,0.7429863533112141
s039,s036,6,0.11442171735617031,0.02217568976373158,0.2867231736972451
s039,s037,6,0.05599018214269618,0.014537579595150656,0.6023530311202053
s039,s038,6,0.09119605348447701,0.12189973784822626,0.7859356178092818
s039,s040,6,0.04067537882386821,0.417021301414587,0.8451039414664069
s039,s041,6,0.10995454126804687,0.006991722865490597,0.6329871177621604
s039,s042,6,0.12352656548444603,0.034022504661260576,0.5629467681855324
s039,s043,6,0.0437426344116453,0.05403763879724939,0.46893381690074065
s039,s044,6,0.05325142389995782,0.04453021158191629,0.604393050609699
s039,s046,6,0.0543920080388235,0.04927681037531766,0.6472660058194629
s039,s047,6,0.04863322375882568,0.02680610854800676,0.6482591405459055
s039,s048,6,0.1462489567424804,0.00035961571150358525,0.5353967391937461
s039,s049,6,0.12493734640897516,0.046999463848327504,0.5669775535253337
s039,s050,6,0.06296266870235126,0.15177576118957373,0.7028141451000819
s039,s051,6,0.09224059377518445,0.02659969048315342,0.6644808399819044
s039,s052,6,0.04813386901754577,0.15402309661528574,0.8915414873828962
s039,s053,6,0.04234314970385167,0.3914171728744218,0.7835203496316031
s039,s054,6,0.06488562911766196,0.06243262046253247,0.7854273946957171
s039,s055,6,0.16993228692983484,0.06488185823771962,0.6337862259817508
s039,s056,6,0.07465134384976217,0.08822557328815638,0.6712533055680898
s039,s057,6,0.07375540544057539,0.040347451903449176,0.49791233767549276
s039,s002,7,0.202023964704456,0.15408560667872975,0.8157853172095492
s039,s003,7,0.16113500106751097,0.024605915404487366,0.6311570187837824
s039,s004,7,0.1224447737641451,0.17565414274597116,0.5911994214424199
s039,s005,7,0.125043349421589,0.024568450745420828,0.642506884500052
s039,s007,7,0.15354535889515983,0.00487446591679563,0.6692218117318274
s039,s008,7,0.30457494336841323,0.004853444817443141,0.5871918568662111
s039,s010,7,0.08235536244190013,0.001976631201542864,0.7882378668700593
s039,s011,7,0.2893461063315015,0.005835548660016358,0.5243262760504324
s039,s012,7,0.07555575970963552,0.026774478723143976,0.6444132125417739
s039,s013,7,0.09531406131771021,0.00957061454592903,0.7086709919454347
s039,s015,7,0.07011621224234067,0.11656136392357974,0.7433924884751892
s039,s016,7,0.07920128199906144,0.0065646390715221326,0.6937244589687523
s039,s017,7,0.25349813319071884,0.024225874255171864,0.7633493855191971
s039,s018,7,0.08731948726313345,0.057804663454510796,0.6187466464938669
s039,s019,7,0.09685380932830943,1.4256283134745992e-05,0.6865022401478975
s039,s020,7,0.16028284759585115,0.04394552306257144,0.5923567776767152
s039,s021,7,0.06327205579237616,0.0010776196362835013,0.7563866240812146
s039,s022,7,0.12055062687070646,0.05729607101218678,0.4371793939773756
s039,s024,7,0.14481889136952242,0.06567574818922063,0.7903504900944883
s039,s025,7,0.08993724688680291,0.0014029441666095605,0.5887421748356134
s039,s026,7,0.3741690790099859,0.023409371056675222,0.7131026426429451
s039,s027,7,0.07568166760416102,0.02896929130213157,0.5609572863838396
s039,s028,7,0.21392857913477115,0.0012999374433890472,0.7944565016023459
s039,s029,7,0.10983566239712865,0.0009451321191267436,0.7181888860728262
s039,s030,7,0.19932143477783637,0.0035159887603728977,0.5748147824585734
s039,s031,7,0.06921512301349919,0.01780643595365074,0.5833497338172686
s039,s032,7,0.06424528129694458,0.014868601988194636,0.7293588425733859
s039,s033,7,0.08403727089313279,0.0006086411636961372,0.7619008344370181
s039,s034,7,0.11989869885007272,0.043809855731989776,0.692283096301261
s039,s035,7,0.0732134349594914,0.11571720798895188,0.7509928923220051
s039,s036,7,0.15844121123733448,0.022449801565158096,0.3523755744809125
s039,s037,7,0.06643222437917821,0.00952465898726911,0.6520922354435035
s039,s038,7,0.1125050344559911,0.11060688540082247,0.821580235100121
s039,s040,7,0.0870774588665955,0.18325019035653364,0.8098825386707419
s039,s041,7,0.10947931321873114,0.0021823526617230915,0.6521127719081552
s039,s042,7,0.1100637358164625,0.028485856613668342,0.6289994543935395
s039,s043,7,0.13732995154794406,0.055804706332931234,0.5521046199811228
s039,s044,7,0.06370266179193516,0.04204304631051869,0.7023559044900682
s039,s046,7,0.07723751160854984,0.08448525204731044,0.7473177003777964
s039,s047,7,0.08679637567414132,0.07585780109070567,0.6734433900005312
s039,s048,7,0.11959054594043014,0.04113005521261958,0.6083062899147047
s039,s049,7,0.10531592181067917,0.05817837548660308,0.6207984256595915
s039,s050,7,0.10277971101281427,0.0640679518924548,0.7758520598224993
s039,s051,7,0.08724665047516307,0.017580903411893452,0.7540645831346092
s039,s052,7,0.06399056588855208,0.1818605361430264,0.8135607730487923
s039,s053,7,0.07262069494081758,0.20083710574910138,0.8132181397750796
s039,s054,7,0.053529999777234785,0.14324069915270404,0.8399264388164935
s039,s055,7,0.3060189631742562,0.03962675912833794,0.6803071791857761
s039,s056,7,0.2185996715856469,0.0037218130313149966,0.7635666705621758
s039,s057,7,0.05409387857393767,0.029579640403552276,0.6080945047938915
s039,s002,8,0.05185254113287346,0.0008632948963503774,0.7666564212696718
s039,s003,8,0.11565911733059216,0.001945505095833223,0.6393588229396365
s039,s004,8,0.11386043171053203,0.08657052093462413,0.5858024641395634
s039,s005,8,0.10982547710062265,0.018889638012556782,0.5580366667439564
s039,s007,8,0.10801206771132274,0.04079554499376168,0.5934648705410825
s039,s008,8,0.24095675759007032,0.033799850393923976,0.6685121777709774
s039,s010,8,0.10461458707754195,0.09144587799603045,0.5992261229765631
s039,s011,8,0.09865414369794062,0.024220853294601465,0.4587253074912291
s039,s012,8,0.08886198051730901,0.016980636083511625,0.5131418176316239
s039,s013,8,0.11256553462499863,0.013649638729934459,0.5596992893402648
s039,s015,8,0.05196901567504757,0.12006775997788248,0.6825501963259214
s039,s016,8,0.04538588904030399,0.00571090450013313,0.44253002173790745
s039,s017,8,0.15387696079159685,0.004613503075090362,0.7061050413795206
s039,s018,8,0.07773021225568778,0.000622713996830803,0.6233232718255736
s039,s019,8,0.09035010057030175,0.0041589281789833595,0.5864209070238142
s039,s020,8,0.11544441163612781,0.008808826021687628,0.49024368279480685
s039,s021,8,0.057863391752397346,0.05820368385419607,0.7300775309683339
s039,s022,8,0.13932220010854712,0.003074446004601457,0.4113760497017268
s039,s024,8,0.10227942197898285,0.08565482363382687,0.7928299579320356
s039,s025,8,0.12930991496683478,0.0011830837125388685,0.5833524307517478
s039,s026,8,0.29458371173846043,0.00459049924683186,0.6477443780604867
s039,s027,8,0.06947142591286755,0.0014585965701097024,0.6164846169567961
s039,s028,8,0.06374101398159975,0.00025302403101718776,0.610064786487243
s039,s029,8,0.054033766657548096,0.053530107156881224,0.7121695824033573
s039,s030,8,0.0855192356864418,0.00845306293336415,0.4813193253811169
s039,s031,8,0.07181588134742194,0.06393148677779796,0.6123263381416099
s039,s032,8,0.17495401797146737,0.06150208999891901,0.6078785832382647
s039,s033,8,0.09934206533311223,0.012332681158859344,0.5029902437204371
s039,s034,8,0.15222558270910538,0.06738501156401525,0.7092543130179815
s039,s035,8,0.06123218907453405,0.12186495880436501,0.8717551849456182
s039,s036,8,0.0829887748863391,0.009761413820014116,0.30492241997050135
s039,s037,8,0.12753118142103068,0.018533139923800953,0.63976520784159
s039,s038,8,0.1069441746347228,0.10848158046619594,0.7688373408649757
s039,s040,8,0.05203067174407338,0.2733289074920203,0.787469125483428
s039,s041,8,0.08552990019276645,0.01017261142965325,0.533352222476033
s039,s042,8,0.15644626009144788,0.04374143684019412,0.6017385580433792
s039,s043,8,0.06880528118547871,0.09593445888791005,0.6287552597241187
s039,s044,8,0.047122369269400284,0.11279834675028923,0.6762883654099796
s039,s046,8,0.05602136031150266,0.00915639686111698,0.616150713575974
s039,s047,8,0.09226396485539973,0.046631291257740556,0.626410499666278
s039,s048,8,0.07203537778386443,0.00444535763445195,0.5779473898368059
s039,s049,8,0.07280075197659355,0.0007237689356380377,0.5509883682302101
s039,s050,8,0.09395812085385592,0.10799390494989765,0.7291658479049905
s039,s051,8,0.12184686303842228,0.027982431686801285,0.6551046451649846
s039,s052,8,0.05311207720377806,0.0116946020995022,0.7738179468736621
s039,s053,8,0.04980749004435172,0.09206280749634099,0.648520925312776
s039,s054,8,0.12486656841895973,0.017564322498155382,0.75527573465198
s039,s055,8,0.14221627567903977,0.12601647231278987,0.6431281598995087
s039,s056,8,0.1116571726853076,0.10400306991844285,0.6520963335014462
s039,s057,8,0.07401198354264424,0.003725448521750766,0.5014603065115906
s040,s002,5,0.048628588586855544,0.02495309386769992,0.8214140625887556
s040,s003,5,0.05989586764269763,0.03342712641146205,0.5396450768718781
s040,s004,5,0.03441369118928277,0.09541004322437596,0.5384268042120922
s040,s005,5,0.04257262084425773,0.0009160709620847011,0.5746093205818515
s040,s007,5,0.06892864923886546,0.025261355190192743,0.4814856507047647
s040,s008,5,0.03228905443079962,0.05883198731012303,0.4725650239493962
s040,s010,5,0.013273320151849545,0.15806519671269598,0.7307615414342263
s040,s011,5,0.05769249971606045,0.12432721836110874,0.5191755180055243
s040,s012,5,0.04936425592925432,0.09374008924792737,0.5660675117219526
s040,s013,5,0.015427608857449891,0.03221239346516131,0.5610694857063037
s040,s015,5,0.021915124366145396,0.0007169051921899565,0.5379910100121781
s040,s016,5,0.04483416182005809,6.174666548523817e-05,0.6293909603416472
s040,s017,5,0.013249216077809732,0.07390316926114729,0.6304177064728052
s040,s018,5,0.04440245043523736,0.0007594199013493693,0.53366747226077
s040,s019,5,0.03227594795469541,0.0003365396394960348,0.5481130455226187
s040,s020,5,0.0808914107688473,0.051435267183228786,0.4052779131387185
s040,s021,5,0.024865860073313702,0.09446707570135095,0.6213266885608785
s040,s022,5,0.040816815681762986,2.9199981531393623e-06,0.45426196292560134
s040,s024,5,0.022318448792026834,0.037169525306183865,0.6823770295988212
s040,s025,5,0.019162215267092893,0.06217820208663881,0.4670007325565895
s040,s026,5,0.026244491344551327,0.041996843655355366,0.6629089794265899
s040,s027,5,0.046348606380484075,0.012896565101983686,0.4619299244943907
s040,s028,5,0.023902188135397812,0.1521685256801035,0.6497104692004606
s040,s029,5,0.017571195325689813,0.02680849437336399,0.6567130233868753
s040,s030,5,0.08559982480121274,0.045081132296331705,0.6539299171709054
s040,s031,5,0.04425639893241255,0.008504850149901797,0.49055759438053265
s040,s032,5,0.03544205787888796,0.012222688138871098,0.740718236746773
s040,s033,5,0.07610613576998256,0.24397030603413888,0.6982496518854089
s040,s034,5,0.027903225580152343,0.031048958687959788,0.6258569986437125
s040,s035,5,0.03703122638301474,0.1253908866007982,0.5956957438201888
s040,s036,5,0.05921673314706159,0.01736224259612242,0.3113411264615708
s040,s037,5,0.034568880867952,6.373861524881333e-05,0.5752216101775366
s040,s038,5,0.032564249651771696,0.0028186693731992365,0.8407974150577493
s040,s039,5,0.023918593048821032,0.28883987814657075,0.785093996267497
s040,s041,5,0.07512730833619713,0.09577909735216421,0.6286525183121516
s040,s042,5,0.05498644346207541,0.018245488237554158,0.5358554211701508
s040,s043,5,0.032623451820797914,0.0005243125316088345,0.499220278189974
s040,s044,5,0.018838646746941544,0.05515816070894698,0.6495863246223652
s040,s046,5,0.05825472521016952,0.010270081260902083,0.635019639612666
s040,s047,5,0.044427069442213855,0.054414462638321635,0.6049668874236073
s040,s048,5,0.023247933474174764,0.010242769228857624,0.46110458971961216
s040,s049,5,0.08692378868741295,0.00859527306384701,0.6108786441570206
s040,s050,5,0.04290871570526333,0.06180236524353874,0.728721826896627
s040,s051,5,0.019988150564643387,0.004556591820647577,0.5881988628733896
s040,s052,5,0.03878918690017957,0.07018070687348688,0.7950909863978218
s040,s053,5,0.050633483263257,0.04651080203388426,0.6968741565369023
s040,s054,5,0.03650347631845252,0.04934207247897879,0.7013734918263205
s040,s055,5,0.027129775437549096,0.022807827606095465,0.5265628962519913
s040,s056,5,0.037663784470469946,0.08235805655230626,0.7027930576865388
s040,s057,5,0.058002760092227885,0.001364668619639295,0.6230347941533909
s040,s002,6,0.08404993248076244,0.012036879954287249,0.7165621945903573
s040,s003,6,0.10398234315691963,0.05971002944559637,0.6118075704903738
s040,s004,6,0.03786606367314829,0.025382765557727942,0.5159181707910189
s040,s005,6,0.05689587507439426,0.051506901560276985,0.5573406230727447
s040,s007,6,0.1127440635726846,0.05386950976668736,0.5630674808830363
s040,s008,6,0.06743103296532695,0.008894536137377815,0.5020058390098466
s040,s010,6,0.027560708825282956,0.035456934517872025,0.7438582726040969
s040,s011,6,0.09192005580884857,0.025739267116193613,0.42485860920208157
s040,s012,6,0.13741073740728163,0.012633689645164418,0.4880302724632547
s040,s013,6,0.028027335443364686,0.003912320402377884,0.5619090075788687
s040,s015,6,0.04476329496413504,0.06466224133964274,0.6293559064556034
s040,s016,6,0.03593469788676073,0.00010250029997918133,0.5963784472970859
s040,s017,6,0.023005326014183477,2.155820992005437e-05,0.5915924694806152
s040,s018,6,0.07968928800457604,0.058038730301278534,0.503575724790132
s040,s019,6,0.051962295232655935,0.04965312462785106,0.6064892534402808
s040,s020,6,0.1297649278192207,0.029264021298743465,0.41405463667486647
s040,s021,6,0.023389634141514275,0.15234584555325306,0.6661126807621957
s040,s022,6,0.05414351584627567,0.005407249058219301,0.40844047554642066
s040,s024,6,0.023723693543726564,0.02660768475732668,0.7092706518604968
s040,s025,6,0.03923986865748949,0.1075704009118314,0.5561770445676337
s040,s026,6,0.04266526734885824,0.0023967002829468217,0.5811371827272808
s040,s027,6,0.07495643417409843,0.0007011874022363261,0.5425704967292069
s040,s028,6,0.045285543211254234,0.016262383397973486,0.6526643533939506
s040,s029,6,0.024418295697547315,0.018685395663878078,0.6886450229294478
s040,s030,6,0.090570450661129,0.03443464060710301,0.5327452953265794
s040,s031,6,0.0333303828519949,0.022252949776689932,0.48364110702652585
s040,s032,6,0.04118159879529657,0.03817828072501956,0.6408875457352129
s040,s033,6,0.10908197494570487,0.10052815849387645,0.7055218415692318
s040,s034,6,0.04320848874964846,0.11228408571518245,0.7088536383924912
s040,s035,6,0.0521226399423258,0.08911938635613043,0.6599389292239917
s040,s036,6,0.06409305486003544,0.002884243623122645,0.23608621037275224
s040,s037,6,0.11273197118571338,0.0013820918995696273,0.5722422491138156
s040,s038,6,0.0714348844182172,0.004010357193427205,0.8212042508480035
s040,s039,6,0.032737212644286556,0.25168781603532414,0.7846784828172493
s040,s041,6,0.23972761652508848,0.1146308798710755,0.5909158853006997
s040,s042,6,0.12606193320350093,0.0018298933302355546,0.5825870666551826
s040,s043,6,0.0472915795389136,0.02422916299603605,0.5092817172199235
s040,s044,6,0.032445469641312306,0.003827634468707564,0.6620180343493848
s040,s046,6,0.1896026907977489,0.010476460912974623,0.7090432832375229
s040,s047,6,0.07581687554086347,0.13152080443176778,0.6718550220157199
s040,s048,6,0.04942923510115925,0.04218096200524774,0.5462277798905035
s040,s049,6,0.1066898466304647,0.0004819778440062587,0.5927959433140443
s040,s050,6,0.023808027290601805,0.027033657518519473,0.7081523705059795
s040,s051,6,0.04562981985716601,0.0007105637118390848,0.5885451693359138
s040,s052,6,0.07368912495190846,0.1373595971359081,0.7846275545569784
s040,s053,6,0.07235242450223989,0.048080831319588145,0.6481269761177648
s040,s054,6,0.07389814616499255,0.09771824642395316,0.7207787586198885
s040,s055,6,0.05834252572428013,0.02556392999624084,0.5868239984689838
s040,s056,6,0.06568665762020504,0.04718011672725545,0.6264003326395835
s040,s057,6,0.12975529015530834,0.02089261784855678,0.49377486840715157
s040,s002,7,0.056858910531825714,0.06443375973920298,0.7977026506035821
s040,s003,7,0.23582405143033863,0.17169414028942387,0.6333685249875658
s040,s004,7,0.0892213127376294,0.003931524052394611,0.6429972223210944
s040,s005,7,0.07925693530987071,0.0011466384275389356,0.5472877938038526
s040,s007,7,0.16744052937615242,0.06262191327680951,0.5133252231766547
s040,s008,7,0.07231556247260015,0.08908948221409661,0.5690092611290317
s040,s010,7,0.03874646622646161,0.13991549644758164,0.6414949574837471
s040,s011,7,0.11625775601717697,0.10293071294057843,0.6136897089113333
s040,s012,7,0.3394068659058868,0.08679964897810537,0.6265941736094136
s040,s013,7,0.058162722315509216,0.0001619593751615715,0.6412028972421702
s040,s015,7,0.11292179192402224,0.07287941109566728,0.5887555709751807
s040,s016,7,0.06527666846304683,0.01905687712936646,0.5571802518539452
s040,s017,7,0.047720614660266926,0.025180821740826868,0.7019869633752804
s040,s018,7,0.17565755046751047,0.03114119310560697,0.6234601309521053
s040,s019,7,0.08238704592320875,0.0020976912974327655,0.5597966570379639
s040,s020,7,0.2456699678836882,0.08062685215396312,0.5030039442153909
s040,s021,7,0.0680231563430126,0.057901333829209374,0.6295670171276526
s040,s022,7,0.06777374977975303,0.009848060819743255,0.514747371226369
s040,s024,7,0.048204151295080495,0.045744625380495035,0.7084613903604101
s040,s025,7,0.05331351249695252,0.06879466004520547,0.5099784043570692
s040,s026,7,0.06772284606863167,0.04105565093402673,0.6758689053651844
s040,s027,7,0.09732906696633228,3.241156660708068e-05,0.5586014423184665
s040,s028,7,0.05239421648034922,0.024412733381252,0.7157722734251806
s040,s029,7,0.05174679954917704,0.018762582034971952,0.6518025812397711
s040,s030,7,0.16150975214452346,0.06298948428119139,0.709250388608497
s040,s031,7,0.06796656772248881,0.0024385570825831014,0.5554336808013589
s040,s032,7,0.12252311246048593,0.008493935148316518,0.7007840967638364
s040,s033,7,0.1404692397394459,0.10976573008644287,0.6254906728643512
s040,s034,7,0.06907894109764727,0.06139006226329209,0.6925788421500213
s040,s035,7,0.06293003145321942,0.06308983534655627,0.722482274256434
s040,s036,7,0.1348758398988717,0.03612768579273477,0.35734011484010453
s040,s037,7,0.09273899509431638,0.026766609590183506,0.6258155199107965
s040,s038,7,0.12611286790269977,0.019913440487414644,0.8195142564322501
s040,s039,7,0.05519575130569143,0.28170788730033514,0.7884022198928274
s040,s041,7,0.1936331630016301,0.05076740877907487,0.6125049046819375
s040,s042,7,0.13345436230998117,0.007217439311490933,0.609157639156355
s040,s043,7,0.06072267411099648,0.0006952641951906587,0.6079511892950606
s040,s044,7,0.07487429310240894,0.014051172967908816,0.7205470132972837
s040,s046,7,0.42422511447444244,0.011580016870488517,0.6459061356700854
s040,s047,7,0.12163492320002624,0.1185131904086238,0.6847441871130446
s040,s048,7,0.0754761976178121,0.023233993358171452,0.4828773439317102
s040,s049,7,0.13842997163444098,0.0158988817433716,0.556330085231588
s040,s050,7,0.062450770004668595,0.14915348588051552,0.7821936764675308
s040,s051,7,0.06917694587676063,0.004332398350842928,0.5674886170089487
s040,s052,7,0.1233845982400499,0.02662546174966609,0.7849135198537155
s040,s053,7,0.155351029985621,0.07848455235482346,0.6530927161858128
s040,s054,7,0.154001668006755,0.011293457831621449,0.7266695727060078
s040,s055,7,0.11007353764597845,0.03879317117399663,0.57016190507714
s040,s056,7,0.08100645395784875,0.09234550835932062,0.7432112431241223
s040,s057,7,0.16883003568827715,0.00017447739639822292,0.597337476569652
s040,s002,8,0.04689491062677502,0.06954196508081088,0.7941533309287695
s040,s003,8,0.15556438058282276,0.07253749924918253,0.6431280682377732
s040,s004,8,0.06438261218439785,0.03529475890933862,0.6009063164066083
s040,s005,8,0.05611823853470446,0.025872677717005254,0.6530615369945137
s040,s007,8,0.10420101522263103,0.07127198996889655,0.633400904792805
s040,s008,8,0.051062813931137506,0.07279187676890457,0.5479956732355568
s040,s010,8,0.030292214078729104,0.05258941974005289,0.7041285762282907
s040,s011,8,0.05461265333095478,0.08764599399643988,0.6216635370007516
s040,s012,8,0.34216623552906966,0.11076266763917902,0.6364024636732881
s040,s013,8,0.03360906038630308,0.021587815053085532,0.6050505521543991
s040,s015,8,0.0705194963226125,0.03762961564338032,0.5594565070726258
s040,s016,8,0.06894592466186382,0.0018896794009989923,0.6253115930904449
s040,s017,8,0.034039006138201135,0.03650619620381,0.7132941471971661
s040,s018,8,0.16955643690871883,0.018086299382449548,0.5772152019991634
s040,s019,8,0.046560608930561374,0.039303431221154636,0.6465469809822652
s040,s020,8,0.18178492118739262,0.1347880024013438,0.53567537106393
s040,s021,8,0.04221013661815166,0.03768416056442909,0.6433584673615665
s040,s022,8,0.05751909951222549,0.009852356004109384,0.5471209482539549
s040,s024,8,0.027586125516222422,0.0338135851972641,0.7614384304318547
s040,s025,8,0.045555019781519525,0.05793665554869585,0.5725721581375369
s040,s026,8,0.06345782530525658,0.017992036992154677,0.7029514726739893
s040,s027,8,0.06431474731446957,0.04016735034969246,0.5438157044061543
s040,s028,8,0.037173306422742525,0.06106290483160856,0.6476297715482388
s040,s029,8,0.03257880827180687,0.010958380840861853,0.6811684037782066
s040,s030,8,0.2611300569179262,0.08851023972965846,0.6924567364638257
s040,s031,8,0.06701871236359726,0.03660488108706295,0.5443447311632785
s040,s032,8,0.06295570015184876,0.0004768341026310855,0.7439536515875784
s040,s033,8,0.18215326723244024,0.08419979551599875,0.6568222535854068
s040,s034,8,0.06280770274941516,0.034718845514613246,0.7176850261591855
s040,s035,8,0.05414256432772891,0.049149134031068346,0.6672269996926592
s040,s036,8,0.11379568676937712,0.027103081260947265,0.38475887175053064
s040,s037,8,0.10005850444605299,0.0007372692580228709,0.5270783144502688
s040,s038,8,0.140001675959689,0.0007098288593662653,0.776646908968645
s040,s039,8,0.05984588064647347,0.17909367769346346,0.7231757352670811
s040,s041,8,0.2011551182656225,0.0816791031684041,0.6141533529185798
s040,s042,8,0.0996539030250111,0.029415185902517897,0.5394354520030729
s040,s043,8,0.05611393218019485,0.009546362572648829,0.61893758462367
s040,s044,8,0.0956263884540065,0.008179153131007982,0.7289129621117802
s040,s046,8,0.15525420970698006,0.00012529748400526682,0.6787138686266961
s040,s047,8,0.08235177908872465,0.04232973447756813,0.6505235210105468
s040,s048,8,0.05943409826433656,0.023084844550691524,0.5892447484576679
s040,s049,8,0.21271269055097022,0.0010204037119856471,0.6454703073326932
s040,s050,8,0.061728593643772534,0.13096958789217314,0.7498194887452216
s040,s051,8,0.04610445928628528,0.0013768306463485102,0.653939366267964
s040,s052,8,0.12256612720392232,0.0220362929687641,0.7458841600114428
s040,s053,8,0.10395346779292611,0.03903643779583788,0.6351955760556576
s040,s054,8,0.12732130793809607,0.02560539473519748,0.7376501828729252
s040,s055,8,0.07267105122974635,0.02950349840115739,0.6103855562897641
s040,s056,8,0.049833992319388495,0.057292696634248956,0.7120181501414177
s040,s057,8,0.18297861978394625,0.00010317994151068476,0.6292005575389469
s041,s002,5,0.0627887060434371,0.08888712890296381,0.7375398454033747
s041,s003,5,0.3951524865485875,0.20338693625302368,0.6417581218967602
s041,s004,5,0.1188212136169492,0.02939376473568606,0.5463856751289915
s041,s005,5,0.19527791828239108,0.0020112429168352174,0.6302809963758783
s041,s007,5,0.10227155201887256,0.03557789946624879,0.5727182323996315
s041,s008,5,0.25807370562212895,0.05892400139254627,0.7017062468236086
s041,s010,5,0.030115613792484015,0.09497144979099553,0.6896199240764499
s041,s011,5,0.23026505039898634,0.1597700166686424,0.7257708068032317
s041,s012,5,0.3747933670047468,0.16896734569550653,0.6932124278025418
s041,s013,5,0.0483573430678843,0.000903292561018331,0.7528181797964592
s041,s015,5,0.03017483584892165,2.1866238808746954e-05,0.5861440279902731
s041,s016,5,0.03771867754958041,0.005197344072477839,0.608605384418277
s041,s017,5,0.021915175571793174,0.05102491847207342,0.8147336162139529
s041,s018,5,0.062425622777618275,0.004978415149584775,0.7759039458966339
s041,s019,5,0.04558398456922051,0.04308839967218641,0.5381642428210281
s041,s020,5,0.10772279978213462,0.07949387685835485,0.6401486803088852
s041,s021,5,0.03313440341931485,0.15248362137273994,0.7259993587044963
s041,s022,5,0.02670621595738479,0.11320729879514577,0.6148625855746449
s041,s024,5,0.018679997923203993,0.18796953219511175,0.7562039963716064
s041,s025,5,0.03888463860619239,0.16743337962435542,0.7818892329700455
s041,s026,5,0.05202124587730095,0.12519579195349256,0.5925088668605177
s041,s027,5,0.12805465162616111,0.032494671423753715,0.6166757281264591
s041,s028,5,0.027967543000066257,0.09220565481769293,0.6584746523659302
s041,s029,5,0.02229294002467283,0.034662739877280094,0.6985719026464934
s041,s030,5,0.13401807119182432,0.014933718690995664,0.6059785075221372
s041,s031,5,0.04751794440432613,0.03767700096182676,0.682953033828586
s041,s032,5,0.045434384663687724,0.00970856429187551,0.7775416472143073
s041,s033,5,0.18064405654067484,0.07487288387164112,0.6500342051482068
s041,s034,5,0.11952963756325523,0.06956532847869958,0.6663807864603505
s041,s035,5,0.052450393948376105,0.004467382410937599,0.6555422948008679
s041,s036,5,0.03491265395346457,0.11314567079493731,0.6073916921125317
s041,s037,5,0.12794388680810653,0.027170355609297814,0.5839156559803849
s041,s038,5,0.05236199560371643,0.00730210681426092,0.5633095355029082
s041,s039,5,0.12055120311013152,0.01656062573530523,0.562607568183105
s041,s040,5,0.10849074694743216,0.0001164883904472217,0.52604195404669
s041,s042,5,0.09340994058498146,0.0007051408509010836,0.5164611311201219
s041,s043,5,0.027497021517974524,0.04890797576509405,0.602936991766572
s041,s044,5,0.02366910053455682,0.03985151903487933,0.6615450209118708
s041,s046,5,0.3200128648182044,0.11944367281051284,0.6880993073895911
s041,s047,5,0.06616335379017424,0.003650952232276712,0.44209874573771585
s041,s048,5,0.029147633043970826,0.004995939333057816,0.6547944609857268
s041,s049,5,0.10580803421924023,0.002148002011727092,0.7203222500408937
s041,s050,5,0.055510463729776714,0.004021777185013998,0.5839471617204349
s041,s051,5,0.0334904320263227,0.005180609543944433,0.7069420905583742
s041,s052,5,0.033095393362594996,0.07495854826344445,0.45741162586068834
s041,s053,5,0.07962184450829797,0.09816596976456125,0.749277705212403
s041,s054,5,0.08227043431106289,0.011572629382086561,0.7266817451776547
s041,s055,5,0.08701822805685096,0.04314611633106793,0.7983095390212624
s041,s056,5,0.10390715698838342,0.006942808133428429,0.726923639852617
s041,s057,5,0.06142332595042057,0.0006919829966936593,0.7505974860239012
s041,s002,6,0.040159890399294705,0.005884128705533717,0.6902092368612388
s041,s003,6,0.3010629922012361,0.08114025185246092,0.6187343811712103
s041,s004,6,0.08839626183147217,4.951665952278846e-05,0.6531353582359434
s041,s005,6,0.0799327110690019,0.014801739549644867,0.668653905332922
s041,s007,6,0.047326451029284886,0.0011697666397057081,0.499028411492986
s041,s008,6,0.11631865225301803,0.01366197751557441,0.6331238611552884
s041,s010,6,0.018590483397886687,0.16610589190745634,0.7137512655377187
s041,s011,6,0.26926179039354087,0.2510349266317742,0.7485956081499269
s041,s012,6,0.6027906947574341,0.40150420322448543,0.7469881489132489
s041,s013,6,0.026199883644355788,0.05256639436773161,0.7998348229620773
s041,s015,6,0.03454047059575087,0.02694025650034732,0.57797453295034
s041,s016,6,0.026574118059415657,0.011195230648393575,0.7347550829254158
s041,s017,6,0.013408206807555582,0.12532624190225417,0.7688375331059825
s041,s018,6,0.05751361941537336,0.008553732988957835,0.7866211448448425
s041,s019,6,0.030404905599203624,0.015710813195661904,0.6208530593227782
s041,s020,6,0.16303953278204064,0.19273178347287245,0.7312192280754198
s041,s021,6,0.033567510876699846,0.06896812325309418,0.6656685380414947
s041,s022,6,0.028584065092911972,0.12772650836339333,0.6879523713126924
s041,s024,6,0.014833760123872984,0.13632791591069543,0.6609744795573383
s041,s025,6,0.029273261780669725,0.10552003646269395,0.748169308332036
s041,s026,6,0.03251266514611505,0.04945186971174388,0.5510735718816131
s041,s027,6,0.09700223273736139,0.016344865213069333,0.6094735339957019
s041,s028,6,0.010752844675013761,0.33871278980403297,0.7660514109007837
s041,s029,6,0.013500740520576742,0.024738564726107193,0.7261335726615341
s041,s030,6,0.09981227183736542,0.03590153283573493,0.6461104864745877
s041,s031,6,0.03939290406715326,0.07022024097769396,0.6352100176591031
s041,s032,6,0.03600152875101272,0.014570426657184755,0.7899044532633023
s041,s033,6,0.10372462154070702,0.12111299654404337,0.7636295748428169
s041,s034,6,0.09800685801008946,0.048226278490121,0.6481390056818087
s041,s035,6,0.03554669439726578,0.0020642348018498078,0.5449399761368742
s041,s036,6,0.02516242524345824,0.13729718863805285,0.7111590406412873
s041,s037,6,0.1193910839313411,0.10656668518130333,0.5923273323717835
s041,s038,6,0.04882497148271404,0.010464604315956149,0.5375204517636
s041,s039,6,0.09868197571281517,1.352132069259307e-05,0.5243777635472683
s041,s040,6,0.1577668694992849,0.06857032955321227,0.49752303348235966
s041,s042,6,0.0626707119201999,0.02422596520579968,0.609757475947918
s041,s043,6,0.021715665076902507,0.15280857658510325,0.5892099850393969
s041,s044,6,0.018447040967203125,0.031555128139863255,0.678674695195431
s041,s046,6,0.06178566295272575,0.18274465650773705,0.6856372904737116
s041,s047,6,0.08044383943746228,0.0001310729086603752,0.5880986846355831
s041,s048,6,0.01679855113210475,0.042768899019285544,0.6434040231091853
s041,s049,6,0.09795500418098095,0.005315093554239423,0.7257437204607643
s041,s050,6,0.05199159822096205,0.0001818282465690191,0.542310273003404
s041,s051,6,0.023942660502820092,0.03522457549803747,0.6440106904191769
s041,s052,6,0.02242690424918252,0.0069608148894339805,0.4686294384429414
s041,s053,6,0.06128931090737925,0.006993876287400682,0.7402030867845297
s041,s054,6,0.03221120451683873,0.0004778370752457162,0.7059326253959856
s041,s055,6,0.05894385443136876,0.022040790311005,0.7709866640534021
s041,s056,6,0.10642404683495268,0.013176020240910248,0.7045218518853177
s041,s057,6,0.08283156325693379,0.0395055165796749,0.793893770064622
s041,s002,7,0.05091576601075039,0.004104240669013152,0.6894864983926037
s041,s003,7,0.26016605589993763,0.06403059154274904,0.6821831108377825
s041,s004,7,0.21278967300044035,0.02654327495575689,0.48616530390828144
s041,s005,7,0.05860716410557326,0.07000529640748238,0.806838908961888
s041,s007,7,0.14379540493585605,0.0017167446569816831,0.6221149806358297
s041,s008,7,0.09103409406476208,0.004972330281495933,0.6878382535024844
s041,s010,7,0.040056930025276334,0.10952386321618078,0.7494975798630765
s041,s011,7,0.262941543127027,0.06705174473527722,0.7085260190328739
s041,s012,7,0.4103610227951325,0.15589385095944389,0.6754603489995326
s041,s013,7,0.083097379915796,0.009189003256670786,0.7395522251777302
s041,s015,7,0.06020967754608082,0.009155553958870083,0.6327913300892307
s041,s016,7,0.03983196307435322,0.05298091678854245,0.7432551089316896
s041,s017,7,0.034886578904193374,0.025777263079449768,0.8249716720465093
s041,s018,7,0.05034022014195814,0.005063781131690981,0.7014902025183325
s041,s019,7,0.05839875928498187,0.03475410875971669,0.7064489280467481
s041,s020,7,0.21885107397890838,0.1582464428462027,0.6765642020852085
s041,s021,7,0.06657501068485681,0.05733372582850077,0.7418105725471313
s041,s022,7,0.03986348060701445,0.1260693779742662,0.6323913251592831
s041,s024,7,0.03165907755274484,0.1459180524018453,0.7457554416536962
s041,s025,7,0.05159670270876393,0.11128485982428793,0.7762678736372849
s041,s026,7,0.06511968431735252,0.0029775809895618162,0.6579565477747846
s041,s027,7,0.14162102918647254,0.02882726059883883,0.5640196357406239
s041,s028,7,0.03656301040635705,0.13635009824887123,0.6729157156009119
s041,s029,7,0.03790071306521063,0.024869134163351292,0.7578045083651292
s041,s030,7,0.20652369517293848,0.0054044131619456134,0.6671947580125556
s041,s031,7,0.05930855359776883,0.0028673639986995236,0.6831255684250319
s041,s032,7,0.10057966029167832,0.005638436832986228,0.7825443674443923
s041,s033,7,0.08489152085887779,0.08114079812348159,0.7112985525913753
s041,s034,7,0.13028164837622805,6.840581225013559e-06,0.6933448925799338
s041,s035,7,0.05581737384824691,0.0008479985419355753,0.6007207051898299
s041,s036,7,0.05178727320044093,0.08498124887056763,0.5719916421188133
s041,s037,7,0.2028201304055558,0.09781177681880975,0.5458840415569598
s041,s038,7,0.06638047709614715,0.009399968361658744,0.6250058384696155
s041,s039,7,0.13612579899810887,0.0017676362345424648,0.4991516246568632
s041,s040,7,0.1088022849779775,0.019787482420243075,0.520115550726503
s041,s042,7,0.09358028025974878,7.700549268015087e-05,0.48939105372869035
s041,s043,7,0.030984362976614176,0.10002099546257433,0.6280583963615128
s041,s044,7,0.029743591743948174,0.029434676977062042,0.723045348178257
s041,s046,7,0.2352728604240183,0.23421283413671337,0.7557323986772593
s041,s047,7,0.08869169488086007,0.031294777141133504,0.5123083793249201
s041,s048,7,0.05488411093815266,0.05475245177383335,0.7086096540066347
s041,s049,7,0.11276572186328505,0.005943868050077794,0.8187318631517844
s041,s050,7,0.051981540825680544,0.04216553265445048,0.6149066976609239
s041,s051,7,0.041645116667356194,0.00020074456904430754,0.7302397498931881
s041,s052,7,0.04026503884078179,0.006773761454505331,0.4756012173727639
s041,s053,7,0.13439851269977351,0.026609365279517596,0.6813689425296388
s041,s054,7,0.08955684487610284,0.0011513397325437944,0.7305926964366046
s041,s055,7,0.12383082743582524,2.5428751249678823e-06,0.790781261257651
s041,s056,7,0.1526365102954389,0.0008280140795585478,0.6619630403587718
s041,s057,7,0.20572377074979892,0.018905668748989576,0.7237076916932891
s041,s002,8,0.10042878220846056,0.09062959008476552,0.6406147079766169
s041,s003,8,0.24777393424240582,0.0923522132616378,0.6422392877148589
s041,s004,8,0.17824243791501362,0.053482545979662954,0.5224311746047875
s041,s005,8,0.04192031547405753,0.006786684608651976,0.6911160435151349
s041,s007,8,0.06960940935196602,0.0004990442281637264,0.499248987791036
s041,s008,8,0.09406600047976464,0.048834243359359,0.6634598232322508
s041,s010,8,0.04349658497991773,0.17203215016635162,0.727526842409915
s041,s011,8,0.2327848428133801,0.2893898520700397,0.7740889603657193
s041,s012,8,0.48753709765712105,0.26932301003967946,0.7447193725724242
s041,s013,8,0.041281403400696616,0.0026722627455795355,0.7523575454122904
s041,s015,8,0.033364374282527184,0.013964494609592289,0.5574620602017262
s041,s016,8,0.034856590778137284,2.348670146900933e-06,0.7411831273073026
s041,s017,8,0.014827838448550583,0.07789033880613075,0.7577820872775793
s041,s018,8,0.042502201895336704,0.0039398068680873855,0.782438801995854
s041,s019,8,0.04863346634342235,0.01189720015115614,0.6072525306798098
s041,s020,8,0.14146815473498373,0.09240120619830446,0.7209932822454566
s041,s021,8,0.027787376638711826,0.12034186357346156,0.6892610163535283
s041,s022,8,0.029443060595485914,0.20136967231380845,0.7267080812372678
s041,s024,8,0.01673525431158552,0.1587016859888774,0.678061697356274
s041,s025,8,0.02633550133863211,0.10847645630528498,0.7239986335642872
s041,s026,8,0.04952260059293127,0.0006240732534577847,0.5208970051527778
s041,s027,8,0.1435501384674985,0.030307918409876834,0.5140356657909558
s041,s028,8,0.02085550170602493,0.14987951609807412,0.6788103981008632
s041,s029,8,0.020775387869832154,0.05591146861911002,0.7308194680943014
s041,s030,8,0.08942138132854253,0.0036511597868169737,0.6180797759226915
s041,s031,8,0.022131562122083708,0.02243490750550036,0.640875036459632
s041,s032,8,0.04891787709348073,1.2860721734471287e-05,0.7897407986560072
s041,s033,8,0.12072813073125079,0.11506040163030282,0.6829413472905448
s041,s034,8,0.13864235420642948,0.02556632892234152,0.5974712864907874
s041,s035,8,0.04498048968310727,0.017670244585600212,0.5080285573489067
s041,s036,8,0.034499534025138355,0.30821902764764064,0.7524621667909912
s041,s037,8,0.13759049790222608,0.047021986880744736,0.5266943327611195
s041,s038,8,0.03631682457050008,0.026463438597526645,0.49279156791034945
s041,s039,8,0.1593955561605921,0.05374741059138998,0.43578751319010023
s041,s040,8,0.20285096626863497,0.017447535099327813,0.44305131632898
s041,s042,8,0.06295492552343063,0.0028791996124700367,0.47752054629905993
s041,s043,8,0.027521527858059964,0.1405009305043254,0.6523254338007232
s041,s044,8,0.017009036373404174,0.12839719074852132,0.6705914847389739
s041,s046,8,0.1043974656241708,0.04679069084733612,0.6586504468595127
s041,s047,8,0.03963297511131467,0.07903124504973792,0.44138689665935477
s041,s048,8,0.024357767224168558,0.04839108213472304,0.6587088149052492
s041,s049,8,0.14184277337390033,5.916262778045987e-05,0.8166222324810901
s041,s050,8,0.04863453673616446,0.05800421129216417,0.49910764451270745
s041,s051,8,0.046245924296392446,0.049392494287912,0.6433439871719753
s041,s052,8,0.031133564670088786,0.04367846614562657,0.3990713880594574
s041,s053,8,0.07457647080812435,0.08102689362429262,0.7301410201773227
s041,s054,8,0.048398523433418814,8.489734511121793e-05,0.6331607323565351
s041,s055,8,0.07896640016934564,0.08701576920132191,0.802958042788855
s041,s056,8,0.11435471000844333,0.02484718867368846,0.6700443262000902
s041,s057,8,0.19946022431961266,0.012342102066267237,0.826296448722951
s042,s002,5,0.016660203984139223,0.00903729429883548,0.6425668519420341
s042,s003,5,0.01959834877182891,0.059507103261356206,0.68638411648
s042,s004,5,0.010614044964698496,0.09818968731495212,0.7506611619029369
s042,s005,5,0.04977399911766593,0.01248317026787078,0.5756278128329723
s042,s007,5,0.2067597657710388,0.10420175561175235,0.6432178849388948
s042,s008,5,0.026480959180927632,0.015095160181657092,0.6678246249326752
s042,s010,5,0.03113660636529256,0.02760138746180254,0.49566637264646635
s042,s011,5,0.02960657441834755,0.0227065398409382,0.5295418733990863
s042,s012,5,0.03177473437649644,0.0008208274574943537,0.5304475822779282
s042,s013,5,0.014418149762173711,0.06522247363968135,0.7261514223685674
s042,s015,5,0.01782726883069236,6.385096343516512e-06,0.5019685144144856
s042,s016,5,0.023291294038053613,0.036031066607104374,0.4162474771995386
s042,s017,5,0.04797772477035722,0.0013494200082589086,0.6589487315832315
s042,s018,5,0.02100798312544443,0.01596299237605318,0.5282689053847824
s042,s019,5,0.041975014958282354,0.000887417169734583,0.5226315526280738
s042,s020,5,0.023122264454574833,0.008157330702573075,0.5257431874254773
s042,s021,5,0.051226197153728455,0.0011044877879536005,0.4823082026688062
s042,s022,5,0.01469526954756782,0.003219705397029657,0.41836333387054003
s042,s024,5,0.024705568417801364,0.004735998030898764,0.5751729641284204
s042,s025,5,0.02847307611487371,0.013391705666209848,0.6187517665015123
s042,s026,5,0.031862128348766366,0.0012217288694203927,0.6336704113431284
s042,s027,5,0.02325189614597255,0.0003146270147543786,0.7164352004767682
s042,s028,5,0.019067894904584885,0.03616572879108207,0.6572294070702883
s042,s029,5,0.08210795620622584,0.1196055209063551,0.6446806199111919
s042,s030,5,0.020865832492216702,0.052299093553983475,0.725912168894162
s042,s031,5,0.023576017063444418,0.0007691178598098782,0.6473349456215468
s042,s032,5,0.015508480393778017,0.21442201539430067,0.5800258802027598
s042,s033,5,0.014313868269059522,0.009280557778800836,0.42928328305121255
s042,s034,5,0.024248709975421962,3.3336110857591804e-05,0.5834367744495973
s042,s035,5,0.014771480331341213,0.016476947389776706,0.6235036664050686
s042,s036,5,0.04877604058931202,0.00028180032759619943,0.23686010309526012
s042,s037,5,0.0192785815745651,0.03369386844005544,0.7379369251942218
s042,s038,5,0.024174150309734927,0.056558618048827454,0.6226713588370172
s042,s039,5,0.014303027915944358,0.03778252588517767,0.5800373968591102
s042,s040,5,0.022251188143624548,0.0012558615155881649,0.5196256014356829
s042,s041,5,0.03090468857287754,0.01921910881122816,0.4916319448140486
s042,s043,5,0.014441790117111436,0.001347038536829336,0.40369663148064877
s042,s044,5,0.03474287604517376,0.14231484884059742,0.722096989405959
s042,s046,5,0.04491923087951899,0.0649362928993214,0.701473430289929
s042,s047,5,0.023189005330608643,0.0018414798287067183,0.6817847800130075
s042,s048,5,0.025038822651243842,0.016332226129957626,0.556974584984563
s042,s049,5,0.015679904119139134,0.00037988530803638486,0.4249424316465202
s042,s050,5,0.035794655874024396,0.08398600272331987,0.7040053699570499
s042,s051,5,0.03324505475463718,0.00114051997483019,0.5733941763555118
s042,s052,5,0.03581065681022526,0.004666873508918427,0.3049163143687862
s042,s053,5,0.034337281631786926,0.012830649154680929,0.47761811474588667
s042,s054,5,0.05329814829793203,0.015143697772871816,0.6419867561984326
s042,s055,5,0.01927634867232475,0.025859370661871762,0.5078770189139664
s042,s056,5,0.01275637669151718,0.04297009363694081,0.5943564339249495
s042,s057,5,0.026020048281122143,0.010836710381120893,0.5909531699128736
s042,s002,6,0.11370973890146877,0.04350096222189567,0.6539402415904614
s042,s003,6,0.08877764254151316,0.08247877993234452,0.6670078809149436
s042,s004,6,0.03256897597586062,0.16471147831492988,0.7756519511652956
s042,s005,6,0.09425186486328438,0.03462958094705742,0.6404929638347585
s042,s007,6,0.32441739118169155,0.07460330703678776,0.6055411885798828
s042,s008,6,0.044737998385868324,0.03340041506472505,0.6490893287183571
s042,s010,6,0.12245310046860143,0.0003256274830895666,0.5283890851292299
s042,s011,6,0.07192256656786197,0.019393244442344172,0.5007843742339029
s042,s012,6,0.1567466906619885,0.005422705112819135,0.48740803286276047
s042,s013,6,0.06886760849387788,0.03589401137630114,0.6937798603586312
s042,s015,6,0.03947037211359078,0.004365064452606739,0.5548910316234134
s042,s016,6,0.1281571988935986,0.06859995343668215,0.488348360212127
s042,s017,6,0.10588457808857905,0.006981510738937037,0.6290371648094311
s042,s018,6,0.04882384720236818,9.448750307912975e-05,0.5635723268088547
s042,s019,6,0.07602978000909347,0.010728997500228507,0.6147816596842033
s042,s020,6,0.06174000290222067,0.0016078095629566466,0.5559854670449003
s042,s021,6,0.08967110187934994,0.0004358945805847861,0.49382794884195336
s042,s022,6,0.04898684121244277,4.254018542455531e-05,0.38519451900426116
s042,s024,6,0.07032598409799881,1.0009132903731965e-05,0.5615415863257937
s042,s025,6,0.09659260718862454,0.019527179539897858,0.5402370427046443
s042,s026,6,0.06727242687415018,0.009959598996143966,0.6389360354370391
s042,s027,6,0.08153039617987123,0.0010254472825679461,0.7335887694225716
s042,s028,6,0.0934078415860519,0.009299188334432643,0.6374938086432901
s042,s029,6,0.25226804992722296,0.09226854951691338,0.7374914716197677
s042,s030,6,0.08630435460220956,0.0170680375342192,0.6868588284830563
s042,s031,6,0.045066182342433515,0.008941692566036354,0.6837625149102816
s042,s032,6,0.042626549821637445,0.18155840327579545,0.5844070152894364
s042,s033,6,0.05633082022604125,0.012351797077297751,0.4214689896637126
s042,s034,6,0.05560480487153634,0.008243240534215482,0.6305529735628341
s042,s035,6,0.04101480013550086,0.04935711392632332,0.5898648074277677
s042,s036,6,0.06969942234888533,0.0001335916872131713,0.22014212369622546
s042,s037,6,0.13646300998412852,0.048847431336792285,0.6130726842114275
s042,s038,6,0.06417872279242905,0.007626491587864598,0.5903368048366511
s042,s039,6,0.11792131103292201,0.009196177230130772,0.5092617459209011
s042,s040,6,0.07358388671709776,2.324724435545488e-05,0.5069644171470199
s042,s041,6,0.11819947924937334,0.019473912110645013,0.45084328939546836
s042,s043,6,0.047639574461971715,0.007712883746158862,0.3882909176326296
s042,s044,6,0.11838152417791667,0.08628779726684153,0.6620491930002378
s042,s046,6,0.1461658070415151,0.0114271090794473,0.6595875646244018
s042,s047,6,0.0402341238975568,0.0019679375170086133,0.6783088324500653
s042,s048,6,0.06543652598189861,0.008096487812109875,0.5959123510396596
s042,s049,6,0.04693288266984587,1.4334064257834319e-05,0.4730136138537878
s042,s050,6,0.06358242138078919,0.06542265552016613,0.7420447471285703
s042,s051,6,0.183946386065863,1.350627396472927e-05,0.6273133821183619
s042,s052,6,0.11949684176530655,0.04397677458752467,0.3290777554618824
s042,s053,6,0.12007548275445143,0.03242876561898614,0.45416689045834835
s042,s054,6,0.13217307293524547,0.003885969281164263,0.6509338359282109
s042,s055,6,0.06417695142589118,0.03157939034287818,0.5028376981411543
s042,s056,6,0.04126886966517726,0.007677813655538899,0.5859078246542936
s042,s057,6,0.15421937981789674,0.02609169930852177,0.5839605898547424
s042,s002,7,0.1319804508678761,0.07521025767341526,0.6706951660810602
s042,s003,7,0.04977493672839111,0.1091727833260581,0.6878744263253886
s042,s004,7,0.029516416973036218,0.1170600996486663,0.6955480086844302
s042,s005,7,0.07205556360641216,0.07899039657437645,0.7005596205240325
s042,s007,7,0.33620467221476646,0.10789273588460323,0.651236307001104
s042,s008,7,0.09301416645358088,0.005299122795822446,0.6100005964360774
s042,s010,7,0.1760511316286236,0.0010824542942031792,0.598661295640683
s042,s011,7,0.0533026258697556,0.0023734371266568113,0.48326861832121537
s042,s012,7,0.08612282342101191,2.820722179559851e-06,0.5270210135564573
s042,s013,7,0.06145184517700806,0.02246963283593914,0.7299751436849575
s042,s015,7,0.060768235891609644,0.02583785545436118,0.6113903713815454
s042,s016,7,0.0891186293499789,0.026912700799706597,0.6071466488197164
s042,s017,7,0.1255009742279427,0.005106879050046528,0.6712972395492237
s042,s018,7,0.09313450186057606,0.007541959673941685,0.535584831566391
s042,s019,7,0.15058561603358053,0.013095766592136415,0.6571215759740215
s042,s020,7,0.0972314860794497,0.005276962458100335,0.5693358264388754
s042,s021,7,0.11072232503745134,0.0010392452151908576,0.5810141478879238
s042,s022,7,0.06411578775146558,0.0008814486528525422,0.39492537615830753
s042,s024,7,0.06295629431197539,0.002605682858718622,0.5680299334012829
s042,s025,7,0.1519370347202618,0.008257795430339285,0.5668340053722917
s042,s026,7,0.08586891749621571,0.05651601676500064,0.7325244295519224
s042,s027,7,0.07842321728569207,2.0837908405185062e-05,0.6638535298283693
s042,s028,7,0.06394033316032852,0.014732898613592607,0.6674100018154476
s042,s029,7,0.25495244626236946,0.05360723952087947,0.7577337323343218
s042,s030,7,0.0756846242684205,0.02711387173675151,0.6955411148059697
s042,s031,7,0.06472623786981649,0.05082369827110758,0.6374810126054066
s042,s032,7,0.12275394241476886,0.0924692401262817,0.6375118318170341
s042,s033,7,0.03484376185557356,0.025120103831017433,0.5300725604845931
s042,s034,7,0.1146136521570272,0.0008036164381977537,0.6191310585323919
s042,s035,7,0.032887968102709844,0.03230952098881566,0.5376416168977523
s042,s036,7,0.10270276683833944,0.0007010298259465372,0.2239138319138067
s042,s037,7,0.06776188720520036,0.06099360128423266,0.6706047883161338
s042,s038,7,0.05969115615241246,0.042938520435164024,0.6729934219097546
s042,s039,7,0.14565872126636015,0.02413254114606171,0.613805167221106
s042,s040,7,0.04359619591688253,0.00034962521783120723,0.5055049608985054
s042,s041,7,0.06714479558614099,0.0058035962806163655,0.5008373368992541
s042,s043,7,0.04662396519998186,0.0378977644107513,0.430052975791647
s042,s044,7,0.10476201242188107,0.05525764376175949,0.6784890612354694
s042,s046,7,0.08479489393673567,0.01694362530622043,0.6967069835088309
s042,s047,7,0.0655667486494421,0.005611329895689561,0.6773683341284453
s042,s048,7,0.06337097174381198,0.04359664405297268,0.5552830753011568
s042,s049,7,0.030426311372445437,0.06403003212942501,0.5176771550545451
s042,s050,7,0.0796937393310807,0.03339717297340375,0.7123245981289744
s042,s051,7,0.10565792251846048,0.01212249455157993,0.6554232088114603
s042,s052,7,0.09928512257365599,0.04424831320301317,0.4160985354455875
s042,s053,7,0.11327606135070636,0.08031432812487015,0.5699358594874139
s042,s054,7,0.12097517658369229,0.09808806455799389,0.6462232993149805
s042,s055,7,0.05766772243240416,0.020515165694727895,0.50766133938653
s042,s056,7,0.03586042944655253,0.0006784339610364842,0.6278100537430117
s042,s057,7,0.1564968976688563,0.09021930362991498,0.6294235866965255
s042,s002,8,0.23259272818655605,0.022386197633572576,0.7482745829279307
s042,s003,8,0.06716220801853207,0.009496233847828873,0.7573490328562772
s042,s004,8,0.0415805193230707,0.020380588354247595,0.7229791185797679
s042,s005,8,0.055280847144397294,0.0470760060468618,0.6707207149640021
s042,s007,8,0.40582935107475104,0.16164435088091136,0.7617420885697541
s042,s008,8,0.10922660206083411,0.02466306130401628,0.7189706855837125
s042,s010,8,0.17412038129824145,0.01924376226178922,0.6018239534595374
s042,s011,8,0.09074843235985558,0.018224048375102903,0.6484189621104317
s042,s012,8,0.06002622298488615,0.02370880526503305,0.6730260880512364
s042,s013,8,0.06309165024740228,0.004078016995523624,0.7511838602630035
s042,s015,8,0.0414281671902679,0.004360163115340148,0.6086713178981946
s042,s016,8,0.11736638940526503,0.00449866478389578,0.560620955891569
s042,s017,8,0.10218922390712373,0.0003355841522805767,0.7755677436033455
s042,s018,8,0.046299354248070156,0.00737736395252359,0.6265974723720064
s042,s019,8,0.12128476812772185,0.002912339174970692,0.6689733550028284
s042,s020,8,0.07580800730043442,0.002582568579032024,0.6773754123868867
s042,s021,8,0.05564083320287298,0.03775334480159603,0.5610858771234271
s042,s022,8,0.05084201400564901,0.05768925912739699,0.5633578526422858
s042,s024,8,0.06542989289654261,0.00929390220627769,0.6523305680913771
s042,s025,8,0.08543633395119028,0.014508729276652964,0.6313497215918132
s042,s026,8,0.1269940816163489,0.012016646691763305,0.6449970717784795
s042,s027,8,0.08917318855346545,0.00018571529919308454,0.5869686524272709
s042,s028,8,0.12215267717161056,0.018466742049009666,0.6989396362311073
s042,s029,8,0.2174810151153341,0.04302240635415859,0.7282437603682753
s042,s030,8,0.05596175728969739,0.057120383239628286,0.6806529859781895
s042,s031,8,0.03144393241687384,0.017641537351637027,0.6508437622003957
s042,s032,8,0.03383822075613878,0.1362080798947381,0.7146563456007446
s042,s033,8,0.03059326368615506,0.0015017415734453552,0.48609296618647685
s042,s034,8,0.047666972794042306,0.0004997179589183779,0.6304503535157272
s042,s035,8,0.022741466134698976,0.014967133741670777,0.6562739495818871
s042,s036,8,0.08181168958953149,0.058494582575807356,0.41965600124640184
s042,s037,8,0.05893573310219905,0.03565118704304716,0.7511559503426714
s042,s038,8,0.02723830292942551,0.023514431726681963,0.7492513896236153
s042,s039,8,0.08527700617276272,0.03186094126792466,0.6283327659800378
s042,s040,8,0.05705482095044392,0.020150603388792255,0.6505047722547858
s042,s041,8,0.06958830262521634,0.11582001562344797,0.5107435892851252
s042,s043,8,0.05221508878096978,0.03141628031951329,0.5550625834267775
s042,s044,8,0.07574921551657732,0.04184361287568174,0.7588839486494229
s042,s046,8,0.10839148874880074,0.022463749999786273,0.6612074579379865
s042,s047,8,0.05498649089407544,0.03757530159631388,0.7001529630708028
s042,s048,8,0.06904918009240936,0.1134730608589957,0.6835237684388251
s042,s049,8,0.024088429375794813,0.04781230764993911,0.5003308482673389
s042,s050,8,0.06371258096288207,0.03764489603043677,0.7432508535789913
s042,s051,8,0.055794019698800025,0.00025026757655142534,0.6952477975388721
s042,s052,8,0.07925937647985963,0.01984022591615748,0.4524587733330193
s042,s053,8,0.11339409993012227,0.0508524833281852,0.5837928128999635
s042,s054,8,0.07223625676557698,0.010411330008629432,0.7647737473858756
s042,s055,8,0.07425560793977318,2.976911673254709e-07,0.6607906402489684
s042,s056,8,0.033795720329198906,0.009085623049016625,0.7338791656317096
s042,s057,8,0.09074662158893056,0.03816990363675314,0.6535743560125858
s043,s002,5,0.018228686307279276,0.013706855073748813,0.6561111692725496
s043,s003,5,0.024600636536260063,0.01499336013736753,0.8119622090740826
s043,s004,5,0.028798841559270396,0.023355587709120114,0.5464563835440026
s043,s005,5,0.03737954475689457,0.08927286253322475,0.5959459746704269
s043,s007,5,0.03280132048123927,0.0025316154987357793,0.5333157341822379
s043,s008,5,0.02698356091475141,0.0018190931207114566,0.7413770997964495
s043,s010,5,0.07342370013626515,0.033970274925774875,0.48902835402767414
s043,s011,5,0.01732190879125058,0.15718123378795945,0.7932970833601682
s043,s012,5,0.012991294035574467,0.1689227474894633,0.7449411244797862
s043,s013,5,0.06300792788657049,0.023738946642206573,0.7015330393758754
s043,s015,5,0.02492586277183259,0.00043708254349798136,0.5366479539048081
s043,s016,5,0.07052570655324866,0.06924974647994038,0.5019275545231775
s043,s017,5,0.0846126371263915,0.026412824386609756,0.725060505661129
s043,s018,5,0.015626485090843634,0.11590435141847033,0.7328865768585662
s043,s019,5,0.05326841184505913,0.016354103417402885,0.5004831439896494
s043,s020,5,0.015885283041154174,0.13540701820148854,0.6107727480442241
s043,s021,5,0.05278846925564422,0.003029400996301021,0.6253360228966042
s043,s022,5,0.06564995867338043,0.20890175658925692,0.7820803364177911
s043,s024,5,0.055347194325550984,0.10406602067228486,0.7627743195016513
s043,s025,5,0.05618551376323798,0.011209380688995583,0.6165033509101128
s043,s026,5,0.035351006155774405,0.06058788938563812,0.5171465174506955
s043,s027,5,0.04815739063434732,0.0019580378381038924,0.44088470294474175
s043,s028,5,0.09669101216250671,0.11841838055691434,0.607438185254315
s043,s029,5,0.020737028084717085,0.020404251931746165,0.6460052952965615
s043,s030,5,0.044572726881442724,0.19913394579735721,0.6545631057616453
s043,s031,5,0.06799912885669974,0.0660482767123726,0.5960107778685966
s043,s032,5,0.047166135007322835,0.012832838223320564,0.7082031877246862
s043,s033,5,0.03996046759739509,0.007319799239464863,0.3799879058789246
s043,s034,5,0.022658781866908298,0.01240383427281232,0.6187087709062553
s043,s035,5,0.0545686907170948,0.06903724139099732,0.6465668313260249
s043,s036,5,0.08443077444958523,0.2873560613261921,0.6892497493557662
s043,s037,5,0.07473728207707567,0.008916953191647481,0.7130043787659187
s043,s038,5,0.03995501986322596,0.001141877098065205,0.6991111166601521
s043,s039,5,0.05139912238272777,0.020348153177761702,0.5857944248670196
s043,s040,5,0.040103636549833364,0.00019017032432898926,0.6423013905640385
s043,s041,5,0.03160345560870099,0.10396125462658735,0.6437478964358047
s043,s042,5,0.044127697538564575,0.09251128705651447,0.5219441652603714
s043,s044,5,0.06690995794014173,0.0629710884827824,0.8024958625500025
s043,s046,5,0.055702619649261695,0.024192770013246268,0.4963552482345455
s043,s047,5,0.028079774313820333,0.021396169535291325,0.41741842045476824
s043,s048,5,0.015282182929202904,0.10293696078295742,0.6498483702224025
s043,s049,5,0.04379679744025479,0.009238956006001964,0.67326749718523
s043,s050,5,0.0629267299156252,0.014100657080531584,0.5707491378587373
s043,s051,5,0.050778338577840004,0.0002795295375944644,0.5528097722324106
s043,s052,5,0.032045795145197765,0.11204645769961182,0.5202150148122491
s043,s053,5,0.034382349427156546,0.01801447362710047,0.584156811841162
s043,s054,5,0.017468024973717564,0.14360075299339722,0.6274382195293512
s043,s055,5,0.03390927402976331,0.22564520996529272,0.7763650050096267
s043,s056,5,0.024497526773837243,0.04732577671567804,0.6895103598117069
s043,s057,5,0.0319316366087352,0.22523429804948128,0.7034215751321541
s043,s002,6,0.19764714946674428,0.005434743162989177,0.5421533191562641
s043,s003,6,0.03253763434652751,0.025310108858076795,0.8033167008866186
s043,s004,6,0.07027328449497369,0.07554098811599526,0.4185431814898341
s043,s005,6,0.16685266241916713,0.06746851877995748,0.5735424811350045
s043,s007,6,0.09624453634777501,0.0031893291517312724,0.5262101277282297
s043,s008,6,0.05149009736132409,0.006248033097724991,0.6604929844917268
s043,s010,6,0.12254666653308002,0.025249184491410743,0.39642838389540214
s043,s011,6,0.039091822988067765,0.17273496010425965,0.8517513906776587
s043,s012,6,0.02386580204158084,0.30104896713540713,0.7422097151942992
s043,s013,6,0.07039789124699998,0.029845731725450086,0.6479940157496542
s043,s015,6,0.054311548482563574,0.0020820843755537913,0.49398003576642774
s043,s016,6,0.20881974687937954,0.029784679544082454,0.5116557800253055
s043,s017,6,0.18484089946618892,0.127002523672298,0.6596846360612821
s043,s018,6,0.028584058475070017,0.22842078661955995,0.7156964207005658
s043,s019,6,0.1802199281517327,0.025177866501301143,0.47334130626316945
s043,s020,6,0.03568650918552761,0.2588750901965088,0.6272116672670933
s043,s021,6,0.07299885475269045,8.695515854840002e-05,0.5760939980664225
s043,s022,6,0.16394497037470107,0.34943617230268276,0.8261023551180352
s043,s024,6,0.11308567189864753,0.2102585298636177,0.7088555332208408
s043,s025,6,0.08576359067918803,3.52934761143934e-05,0.6328308823316388
s043,s026,6,0.06613857587866802,0.029014210316779244,0.4698061714322148
s043,s027,6,0.09128010785684118,0.002876406670468654,0.3303720891811905
s043,s028,6,0.13717965247261193,0.10472253975725704,0.527454869882234
s043,s029,6,0.0695653867851945,0.032193142196745704,0.5555991616270785
s043,s030,6,0.10351437846432168,0.10693257624827898,0.6314980783901428
s043,s031,6,0.0645708640657094,0.02486822803471036,0.519183786925234
s043,s032,6,0.04899950383588372,0.034849115911046544,0.6513712946655531
s043,s033,6,0.06675411099868107,0.01628998452210583,0.3274665853332667
s043,s034,6,0.06574692474218996,0.015051541635969131,0.5966882770138539
s043,s035,6,0.21180193324562263,0.06196574881827078,0.5387301363193944
s043,s036,6,0.11874010754890013,0.441197226299603,0.7722864737676378
s043,s037,6,0.049618631616711005,0.04554479816499617,0.6488145588053288
s043,s038,6,0.072497884323302,0.022635591160126322,0.5967842716216111
s043,s039,6,0.09276773835844652,0.06125719621853612,0.457101148314291
s043,s040,6,0.06679927619221138,0.00022711578993918333,0.4599760029795792
s043,s041,6,0.09778184463728895,0.13827970622909286,0.6564259694523858
s043,s042,6,0.1292290468909269,0.09061686302479033,0.41257876442938174
s043,s044,6,0.15632435002512418,0.13111353994148536,0.7731319416283589
s043,s046,6,0.10053679099845207,0.04686776900456053,0.430437375195173
s043,s047,6,0.05982896616085365,0.008677189227637376,0.27775240218617325
s043,s048,6,0.03915852046526849,0.062497368018778705,0.590256143022888
s043,s049,6,0.08703644909268535,0.0014709782662223954,0.7026805984407107
s043,s050,6,0.08967882727608453,0.03735591354984468,0.45390781324280866
s043,s051,6,0.16223143580285432,0.0008440599436997801,0.4743846934623927
s043,s052,6,0.09729916608665842,0.026468891888358565,0.4329530733967343
s043,s053,6,0.07875374367450023,0.0010731964909691688,0.5228542954304015
s043,s054,6,0.032460149264562706,0.027113773559452572,0.5801087535852244
s043,s055,6,0.09212604893813285,0.18850656907296512,0.7591064346259009
s043,s056,6,0.04315245199561118,0.0605763949654821,0.637109241415081
s043,s057,6,0.04984998263424497,0.16496684229334937,0.6720986637193107
s043,s002,7,0.03543173961513875,0.013346332634527003,0.6832185490945761
s043,s003,7,0.03801935109411443,0.0006406552191809396,0.8636216491618581
s043,s004,7,0.09719981049479158,0.0003753651231376635,0.6463840640100945
s043,s005,7,0.12488073309730331,0.07706616643207456,0.6677180151827082
s043,s007,7,0.10347384696132446,0.012641827095330035,0.603693708861787
s043,s008,7,0.06500832392613862,8.52537916472589e-05,0.753393237199596
s043,s010,7,0.08804808947201308,0.028405251496067502,0.46354367894647175
s043,s011,7,0.02999524623802045,0.11781397222154456,0.8493375298445116
s043,s012,7,0.031245414204680154,0.2642946446893425,0.8019907032401997
s043,s013,7,0.07684395425069822,0.0026663294485471164,0.7653569471117155
s043,s015,7,0.055741842062656526,0.00037862925638186665,0.55479598769322
s043,s016,7,0.06417766091960697,0.012853847622558444,0.5574812327106553
s043,s017,7,0.13175318021922122,0.03500402224573639,0.7568824965347475
s043,s018,7,0.036828586540168524,0.11222112972141009,0.7493320577443682
s043,s019,7,0.1430087173758129,0.01677506040349841,0.5882800340703767
s043,s020,7,0.05228505631647925,0.13228478744617617,0.7093471400650745
s043,s021,7,0.11917779206992715,0.00016653241028434984,0.5842065382082168
s043,s022,7,0.1580422470551928,0.3033035387234429,0.8259976237371314
s043,s024,7,0.10649640207076344,0.14315138761333548,0.7349793194008882
s043,s025,7,0.0753356548389939,0.009745824680050232,0.6690360236886366
s043,s026,7,0.05418575292954449,0.05782383575542827,0.5904544642082068
s043,s027,7,0.08820712905991804,0.00010528103046340712,0.5454824865831205
s043,s028,7,0.11862200280179053,0.21124511204310656,0.6768958855448918
s043,s029,7,0.05267429352741017,0.03322716098465445,0.6838391381490225
s043,s030,7,0.08787875206855726,0.22128093724038062,0.767967179436262
s043,s031,7,0.07715350847925709,0.07362297472092379,0.6520916411410689
s043,s032,7,0.10266910953184716,0.004829425850409508,0.7393462259832171
s043,s033,7,0.06064014192574958,0.00875422902193103,0.42265145265668524
s043,s034,7,0.04717829572348593,0.059823870945165294,0.7100872494273144
s043,s035,7,0.20410486436978986,0.024881511415817615,0.6235755472706556
s043,s036,7,0.11611853789384417,0.2358152756075249,0.7063261169186315
s043,s037,7,0.05380680519314897,0.10476659057747235,0.7692842488356569
s043,s038,7,0.10747729183813673,0.005579000534043152,0.7048972546047805
s043,s039,7,0.11871009922453063,0.0063886160850053515,0.5572230008526351
s043,s040,7,0.07069205227831468,0.0040454694972457345,0.6012525452939159
s043,s041,7,0.060847658008945475,0.15631511410479343,0.6681725920004634
s043,s042,7,0.12305948682259858,0.10486544537467134,0.6475379140532176
s043,s044,7,0.1279094676720358,0.10591434228786953,0.8490990286998137
s043,s046,7,0.08490910187823603,0.0703515472279818,0.5729375772584399
s043,s047,7,0.07270119689127562,0.010935467002148464,0.5302705744185007
s043,s048,7,0.03212467506338238,0.06837125425649655,0.6717784814380212
s043,s049,7,0.11515554796296029,0.023619972562772252,0.6571885798301352
s043,s050,7,0.08470312382604563,0.010745654122598869,0.6002234751782484
s043,s051,7,0.07707297056501802,4.22551991067768e-05,0.529847373196099
s043,s052,7,0.08545784234911545,0.06649584109851554,0.4651119851465045
s043,s053,7,0.08321684244014686,0.03251113052328592,0.5395325149743659
s043,s054,7,0.028875051462968093,0.08537315464116378,0.6333537134952032
s043,s055,7,0.06326273288619967,0.14220487512054783,0.7708522270790258
s043,s056,7,0.04960234224052788,0.06643822862684878,0.7273602558298119
s043,s057,7,0.05133582758062129,0.32594190095191555,0.7188926690675287
s043,s002,8,0.08585937422445085,0.008229056056089899,0.6465283542653615
s043,s003,8,0.07636247435102582,0.033348040887967015,0.8018740776780456
s043,s004,8,0.11042231534063492,0.012187933147535687,0.7309703953397216
s043,s005,8,0.17461903253124447,0.06720888516889098,0.6313087247824278
s043,s007,8,0.09372746579801192,0.003267818631742152,0.577153015627067
s043,s008,8,0.07175637210844585,0.0002886082980574832,0.7159149564378432
s043,s010,8,0.20372164176331045,0.0609683888581375,0.5035077382199223
s043,s011,8,0.04378901005658155,0.11709971402919943,0.8781785689558165
s043,s012,8,0.03846231991393386,0.3900005033786982,0.8850398329208957
s043,s013,8,0.113185739787165,0.0032389929191663238,0.789450579710216
s043,s015,8,0.08291976536039405,3.5626781811678616e-05,0.5048833550766567
s043,s016,8,0.17135942061568143,0.025634667812221845,0.5450241694750323
s043,s017,8,0.18871792973312337,0.09871910714466824,0.7116774162881278
s043,s018,8,0.049869703549733246,0.1889009769709178,0.7784164411263852
s043,s019,8,0.2341197453887605,0.027593308929293136,0.59040058975257
s043,s020,8,0.10951418021366241,0.1276997913379369,0.7346392702321239
s043,s021,8,0.10466536205537762,0.010397444199017034,0.5475422548864544
s043,s022,8,0.25570967383309673,0.3335244552670953,0.8469723251948839
s043,s024,8,0.2610589219475369,0.1939188790765884,0.7286670456108993
s043,s025,8,0.15139287210191174,0.004634983379354336,0.6159897222747015
s043,s026,8,0.13422003906376445,2.677256996683092e-06,0.6011367975998334
s043,s027,8,0.09713698822146839,0.0001164391497155882,0.524984353854459
s043,s028,8,0.1902524084323501,0.18129040001684057,0.6559146101936454
s043,s029,8,0.07345317274071925,0.051357115415912896,0.6248431370606281
s043,s030,8,0.10306492932184069,0.2977879476096921,0.8041230086324243
s043,s031,8,0.11206469120841145,0.008224829202899818,0.625073114637692
s043,s032,8,0.1330196096857872,0.0008647058048924378,0.7840787671578299
s043,s033,8,0.10729254361108921,0.012805068536568556,0.4526987129148219
s043,s034,8,0.05668901913644171,0.048347013253970644,0.6091285433694784
s043,s035,8,0.29177060945627215,2.7706170639552977e-06,0.5295663591386218
s043,s036,8,0.18784069250006008,0.27083743622160267,0.7442652129147772
s043,s037,8,0.05692994128729662,0.2259696567573159,0.6986775034853835
s043,s038,8,0.12539099566898673,6.080507548305562e-06,0.5847868502066177
s043,s039,8,0.08734172047305855,0.0024915879008322616,0.48757919626041357
s043,s040,8,0.12864313715917577,0.001108440977161778,0.5263214151150709
s043,s041,8,0.08985506717459697,0.25553361567659283,0.675867995478898
s043,s042,8,0.1696738226347049,0.094412046889888,0.6323721689166455
s043,s044,8,0.1420983203708949,0.023511479208067006,0.7810973918882019
s043,s046,8,0.17589212263009252,0.08980209414310422,0.5579211714925493
s043,s047,8,0.06951051222132584,0.002838625899830977,0.563554674559775
s043,s048,8,0.0698145067988789,0.037585166302400067,0.6253999284815925
s043,s049,8,0.1445722479837155,0.024875601784255626,0.6165253524565995
s043,s050,8,0.1352433057254769,0.002653994469612628,0.6099568441000214
s043,s051,8,0.1137051436736795,0.007560174813841447,0.5127109686323438
s043,s052,8,0.11254962811356399,0.009879016992256032,0.3673574160112277
s043,s053,8,0.10380985718301355,0.012649621087371167,0.5340090023259629
s043,s054,8,0.050336272541943845,0.020317554218153545,0.6261649319361721
s043,s055,8,0.13626981233505103,0.08820406377456803,0.6857774411628572
s043,s056,8,0.06079648725397543,0.0681910730410677,0.7114128770815742
s043,s057,8,0.07266966868302269,0.27647422098879343,0.8275064748808124
s044,s002,5,0.07251997652858516,0.0007452171662165351,0.6375208796487121
s044,s003,5,0.05216781956931648,0.02480061964093179,0.7275874919284049
s044,s004,5,0.07861125895850614,0.017683431316438052,0.6706119539095964
s044,s005,5,0.07141667107327229,0.052260362681391205,0.6472636639063973
s044,s007,5,0.09524944403414469,0.0012511629801126042,0.5832373296308125
s044,s008,5,0.07164333984899099,0.055956570625770544,0.7379678285108855
s044,s010,5,0.058160216427699904,9.111988306746534e-05,0.5146072219979325
s044,s011,5,0.03836213192922438,0.0965077234338912,0.6981041661062007
s044,s012,5,0.034184161126835734,0.12204891912234622,0.6319463472482643
s044,s013,5,0.23882018985884876,0.007007614670951326,0.6295966217800139
s044,s015,5,0.0608965726726294,0.01369868779587543,0.5394311139989416
s044,s016,5,0.08143250494523592,0.029610258532011467,0.32748593078019894
s044,s017,5,0.12338237326571215,0.025807487270890845,0.6815093343873669
s044,s018,5,0.0377217402034275,0.06664530131650022,0.6465035753649299
s044,s019,5,0.06681580586757725,0.000299810296551271,0.5386088222904507
s044,s020,5,0.039459941645077164,0.018455446389383838,0.5576232255694799
s044,s021,5,0.04474222557075978,0.014442161580263362,0.5811915809104562
s044,s022,5,0.07065053166769002,0.03998916343710841,0.6338510472747985
s044,s024,5,0.10263274635849087,0.08449371258196618,0.6183464154383784
s044,s025,5,0.03995583848031684,0.0037556120513653124,0.6180227013285613
s044,s026,5,0.0586437565643981,0.027036078903227588,0.6423506398139284
s044,s027,5,0.039724389016428274,0.07020949749422248,0.5641155162649752
s044,s028,5,0.16981373466914693,0.08566208792974293,0.6118499823930168
s044,s029,5,0.16677265622275178,0.02317593913433492,0.6279303361868335
s044,s030,5,0.04576325872856995,0.03472630023974619,0.6825121541901409
s044,s031,5,0.10035667694072291,0.006685673516545447,0.7079157899701135
s044,s032,5,0.08315669348447867,0.08248740790490863,0.6542865147377532
s044,s033,5,0.04541914899472967,0.017106579461337906,0.3364395691708311
s044,s034,5,0.11433957774754484,0.02123377195951188,0.6132466393299221
s044,s035,5,0.16417032439324003,0.001837181377256079,0.6570276539905562
s044,s036,5,0.13851174456791915,0.07415460963376252,0.4531189074084746
s044,s037,5,0.02829206435239244,1.1625982636081058e-05,0.6667477792598658
s044,s038,5,0.14183481158101016,0.06382762759135065,0.5801950026958986
s044,s039,5,0.08301781663816915,0.00819684043195437,0.46292567337930607
s044,s040,5,0.054289307351267725,0.001742757456783312,0.5298245483235321
s044,s041,5,0.12201606137338433,0.0002148937206705756,0.559823384185563
s044,s042,5,0.11955568859517034,0.005578060782838136,0.5954590427966973
s044,s043,5,0.14194838686490488,0.05859225950910522,0.6752991778556426
s044,s046,5,0.08845814477576297,0.0034480796305504883,0.6365138079143662
s044,s047,5,0.08399237407206794,8.670281933981921e-05,0.46520892689848453
s044,s048,5,0.08555463622505871,0.0001134130731914209,0.6856400219912151
s044,s049,5,0.11446618420124226,0.06471591705759121,0.6106938346285132
s044,s050,5,0.06052063127851322,0.009035748458027447,0.7047418627627704
s044,s051,5,0.2039088669683525,0.0070988708164111515,0.5310352614758399
s044,s052,5,0.0829154391152298,0.017906511550297346,0.2960094812350275
s044,s053,5,0.14449920411425535,0.004559018947174633,0.44640653801870955
s044,s054,5,0.0556038053752904,0.0797545881689217,0.6399590721065966
s044,s055,5,0.0856937411491848,0.02258452190557542,0.5813916950857633
s044,s056,5,0.057571674160214255,0.018065369107377886,0.5382362445479119
s044,s057,5,0.06411273969478021,0.03893650267472396,0.6430288059769169
s044,s002,6,0.15700727007216295,0.002619709432461165,0.6121807906400261
s044,s003,6,0.0612399937796359,0.06824369775330334,0.7397998229452105
s044,s004,6,0.09518225800868456,0.024206899729601813,0.5384439572259005
s044,s005,6,0.06947574540801178,0.013482626979524976,0.603898407702512
s044,s007,6,0.09126817883101576,0.013005022440469175,0.5829851416600419
s044,s008,6,0.08005361024218963,0.10343886296589075,0.6982252184346772
s044,s010,6,0.20377534742365064,0.0782485656858077,0.619353822041814
s044,s011,6,0.046061941499378416,0.12222943305635096,0.7369700773581588
s044,s012,6,0.02917553873706868,0.19789316101905968,0.6844474449568282
s044,s013,6,0.13683387611848047,1.620658122398102e-05,0.6475640813395211
s044,s015,6,0.057945726373467114,0.010803571349856779,0.5373890841319146
s044,s016,6,0.15035971955737854,0.013008457485450575,0.45621279991267244
s044,s017,6,0.1816624162993236,0.07370426928896205,0.6437942640939324
s044,s018,6,0.05636111773570977,0.13689543433054283,0.6653010877877749
s044,s019,6,0.08638163573396206,0.010628636791892855,0.5413499487024919
s044,s020,6,0.06097590901579429,0.06480450391085647,0.5966853013512196
s044,s021,6,0.07098875219533703,0.004947560359989804,0.6464241958132135
s044,s022,6,0.13578058731871817,0.09062660069411496,0.6915828279236022
s044,s024,6,0.11284013753421163,0.12908534292377197,0.7286850780252565
s044,s025,6,0.07085543204789772,0.004753540872080745,0.6427640051095975
s044,s026,6,0.17358251286853163,0.07385810508817475,0.6111403222443816
s044,s027,6,0.05959088274646152,0.021875435586217955,0.46499818930681003
s044,s028,6,0.23849981122776978,0.1413493927837668,0.5996377482526318
s044,s029,6,0.16586962282015127,0.06499112730721092,0.6631085257899171
s044,s030,6,0.07842321546290842,0.001634787695149369,0.6687019323392394
s044,s031,6,0.06933300066465573,0.0004227586873571453,0.6579932997105733
s044,s032,6,0.06635277892410509,0.16212934261411008,0.6904890313240176
s044,s033,6,0.0701993006977644,0.02670879040973434,0.4317868584289253
s044,s034,6,0.07307854442944882,0.03328887704324147,0.6385462959338873
s044,s035,6,0.11434555620724453,0.04205349285373396,0.5796662508543873
s044,s036,6,0.10062170560267712,0.1176349827425782,0.5631059562228601
s044,s037,6,0.07262215784321185,0.0004607694459503112,0.6497444446241735
s044,s038,6,0.08630332178092533,0.10937137827180046,0.5764860340682987
s044,s039,6,0.12084884602076126,0.0019442351673992428,0.44462280376042146
s044,s040,6,0.10270755010527159,0.004505309817761619,0.4776038287633338
s044,s041,6,0.13647762828849433,0.03997173636117326,0.616468189979457
s044,s042,6,0.13839732952381892,0.0003197347724577308,0.48511582078445303
s044,s043,6,0.12259534167112442,0.13962771641086016,0.7521335773639941
s044,s046,6,0.08107450977775814,0.04488771274321725,0.6522801006809528
s044,s047,6,0.05119437731848284,0.01457220864803145,0.39110210273257767
s044,s048,6,0.0691164903260002,0.0005087341186881184,0.6915408471613287
s044,s049,6,0.1357230844345253,0.057917918370327934,0.7195038626579285
s044,s050,6,0.0535937781458249,0.029038251819305597,0.647424365657997
s044,s051,6,0.6735104907963094,0.005683563979513676,0.5535257425899428
s044,s052,6,0.08268768928679271,0.006770731390173008,0.34304649920959857
s044,s053,6,0.08955342288035528,0.00610713438407673,0.5461355787561056
s044,s054,6,0.12051581882830874,0.0016178636492266407,0.6203509858129446
s044,s055,6,0.1008001561699263,0.04557694604077794,0.6526835384770724
s044,s056,6,0.062348676401030326,0.0010982089790393741,0.6125962861996512
s044,s057,6,0.0933778348792604,0.053262455779680355,0.7377430328501613
s044,s002,7,0.11609750733087626,0.0058111531840698664,0.7041190409012963
s044,s003,7,0.08604816829008043,0.025291590164538576,0.7339893443083374
s044,s004,7,0.20840051972353474,0.005235029995721365,0.6307447028068761
s044,s005,7,0.08755000956990855,0.001040921380671599,0.6279768252452854
s044,s007,7,0.14506083433503625,0.0003928606456389948,0.6715527386431782
s044,s008,7,0.10721057241195697,0.03727061318625305,0.7757427954765768
s044,s010,7,0.12397707154412227,0.0010150394512366601,0.5626634519073185
s044,s011,7,0.10043841861359482,0.07703787087560296,0.6906175464022635
s044,s012,7,0.05368349239004002,0.2084734109143156,0.6788561158527275
s044,s013,7,0.41418359140005995,0.015025579079922398,0.6488316380996983
s044,s015,7,0.15137606643180412,0.004461019533932587,0.6243761634315236
s044,s016,7,0.12148068528628969,0.029955505718962005,0.3899449261923613
s044,s017,7,0.27631343245551854,0.07689401332974319,0.728997791417688
s044,s018,7,0.07247828678367081,0.07592328455916432,0.7071677033691489
s044,s019,7,0.09751961920504297,0.0004128016855455148,0.5852765898579302
s044,s020,7,0.09912294277290266,0.04074682450430479,0.6426156210297657
s044,s021,7,0.13532300209158699,0.006640213763730057,0.6553510006554889
s044,s022,7,0.10469144325605723,0.049652978399088145,0.6283211932028269
s044,s024,7,0.19743093652247293,0.05819937948768626,0.6795460502369005
s044,s025,7,0.09568657122924298,0.00015190849510554076,0.6605669843934809
s044,s026,7,0.09249659625951516,0.02116599254205895,0.6470308412208244
s044,s027,7,0.09225807329220334,0.003993368508910206,0.4846795226719467
s044,s028,7,0.279065972004066,0.18185272046072443,0.6435050966714373
s044,s029,7,0.17543072010534252,0.013731037192751172,0.6293417025422663
s044,s030,7,0.19426657716170218,0.0030599106091146726,0.5988453853652359
s044,s031,7,0.1726602435678857,0.01766142113853587,0.6928973863104722
s044,s032,7,0.18139339758273784,0.07166326840282479,0.6429358901871355
s044,s033,7,0.07578577684117602,0.06455027533119832,0.4066385157066783
s044,s034,7,0.16835392407318278,0.0048467514958813376,0.5973063842733854
s044,s035,7,0.17467481836211396,0.019713716495847203,0.7223828698902086
s044,s036,7,0.28174612968261364,0.08157751833410871,0.5238245933072339
s044,s037,7,0.10438039798642654,0.011111274514369935,0.7800942657488894
s044,s038,7,0.1798063687509498,0.14428760232843596,0.6632379256361229
s044,s039,7,0.20907905149930295,0.00014314230570492645,0.5743841622091033
s044,s040,7,0.15682260345269988,0.014570025020128274,0.548720955195832
s044,s041,7,0.19062137728003373,0.006993687297595995,0.576094024548572
s044,s042,7,0.19902162123170816,0.0013776605654503694,0.6234722170976024
s044,s043,7,0.2942770997464119,0.12018726402148873,0.6608419394344239
s044,s046,7,0.16934847604983938,0.0025644834460275315,0.6631587743570257
s044,s047,7,0.11702879822690984,0.06006221579473218,0.5237906369586878
s044,s048,7,0.08210317759131246,0.003535214485108602,0.7208467829822465
s044,s049,7,0.18095455737577631,0.014678856178505693,0.5670314341013851
s044,s050,7,0.07785915240360598,0.012504433162753216,0.6486743906515572
s044,s051,7,0.39474535393657534,0.010408004585509195,0.6445975121943582
s044,s052,7,0.08999332693788581,0.0379715772581937,0.3992526763778216
s044,s053,7,0.24623268732106798,0.00043028702563620465,0.599624733406813
s044,s054,7,0.07313000329345921,0.11463307052870622,0.7099030324027286
s044,s055,7,0.12014167272231818,0.07016976851594058,0.6608266907148321
s044,s056,7,0.14220536834479383,0.01736415371104765,0.6159919027772097
s044,s057,7,0.11104192163979903,0.08976588707409734,0.6736581357297575
s044,s002,8,0.4708836537744895,0.00035155155620033603,0.642698725239568
s044,s003,8,0.05522538068302166,0.2152527449659362,0.8389433497317345
s044,s004,8,0.12412645863967098,0.03530711083049122,0.5770750286232529
s044,s005,8,0.08494361963203251,0.04971480445694577,0.7062519844566572
s044,s007,8,0.08942409480163566,0.0014043116900693442,0.7592201763504247
s044,s008,8,0.06938909504640875,0.17011578664476276,0.7627702315142555
s044,s010,8,0.17181773344357296,0.013919793008739145,0.5461416019377853
s044,s011,8,0.04340664805924146,0.11355336924376276,0.7804550656693381
s044,s012,8,0.026102388334988666,0.21732728957679,0.7228426404170203
s044,s013,8,0.2983005668115724,0.002163200811445862,0.7252682164217955
s044,s015,8,0.05082326457019528,0.004626918744424339,0.6037419520240839
s044,s016,8,0.1795134248978567,0.09829515368760229,0.5724709090184676
s044,s017,8,0.2600223353362497,0.1209431389108978,0.7626349555004799
s044,s018,8,0.047785425970922786,0.15870150571918845,0.6479569686036605
s044,s019,8,0.10608309911290739,0.005480988817702207,0.6500724068405465
s044,s020,8,0.05026682999103954,0.03122152463893851,0.6761244117564059
s044,s021,8,0.07488379932652924,0.043438702660542776,0.5874874175285419
s044,s022,8,0.12013717358495361,0.0809330765417904,0.6889296366624204
s044,s024,8,0.1159944282258841,0.13728229090331343,0.7489750922303315
s044,s025,8,0.05205226818537035,0.00047845663395712604,0.7032382403716565
s044,s026,8,0.0878413618664947,0.09115789618473878,0.6684215244142608
s044,s027,8,0.04986016816167466,0.005968691934539977,0.5381943854324918
s044,s028,8,0.38651947138456266,0.06220183664633781,0.6226942643405075
s044,s029,8,0.30069047217940437,0.06133775474926019,0.6915725138534158
s044,s030,8,0.14189648631314916,0.015906636314031,0.7790844320037178
s044,s031,8,0.05176056191936327,0.0011690505246312146,0.6585710826425984
s044,s032,8,0.08667675229279048,0.1947076015488108,0.7036248884465518
s044,s033,8,0.061694951076774626,0.002780514826190504,0.4435217211246914
s044,s034,8,0.09721264512636024,0.04228442853526164,0.7100162926211213
s044,s035,8,0.08625651420910756,0.05177041532014886,0.6505913259636164
s044,s036,8,0.14678485441687197,0.10590511474334709,0.5449125178162356
s044,s037,8,0.053589507726745284,0.03943859717378082,0.7130111806948055
s044,s038,8,0.1191261412864385,0.07280598714742481,0.6887187788160442
s044,s039,8,0.21890276562492095,0.02424845169224688,0.5701780433443535
s044,s040,8,0.08217234522188108,5.525189899976106e-05,0.5609402862073948
s044,s041,8,0.1249119083513641,0.009006379071647459,0.5816808090005943
s044,s042,8,0.13627348876870632,0.001174412597479389,0.6164913303426875
s044,s043,8,0.09918182540833703,0.1016216413001791,0.757687242853549
s044,s046,8,0.08533676155564526,0.019097615409197854,0.6944116437059314
s044,s047,8,0.06738936538490421,0.04098238477957105,0.5239779035302897
s044,s048,8,0.07545871126162038,0.009672284976432048,0.6673881940479619
s044,s049,8,0.11435314328365179,0.01448081418610834,0.6714310333027019
s044,s050,8,0.05173499029114203,6.223546915519698e-05,0.6853481164579871
s044,s051,8,0.29857968318938116,0.009842281357305629,0.6328930587118583
s044,s052,8,0.15238770457694562,0.029244978597066148,0.4481352984255182
s044,s053,8,0.12751317600199122,0.01215450927917743,0.544940805415365
s044,s054,8,0.1273908161280596,1.55184018506129e-05,0.7142558479200563
s044,s055,8,0.08948202691883965,0.15009710753160765,0.7074602325442858
s044,s056,8,0.06667519392263303,0.0014709975524857563,0.6867669471619069
s044,s057,8,0.09071212039311384,0.014624355947536466,0.6901521666785947
s046,s002,5,0.2412820513472773,0.04541899887576511,0.7163512194957877
s046,s003,5,0.14209662702412143,0.008842992036610788,0.6459576861447011
s046,s004,5,0.11322635869197889,0.04290656513881298,0.6587651853140831
s046,s005,5,0.19107546171143716,0.005882613444645094,0.5314016897626662
s046,s007,5,0.16674729973582467,0.001557741858672047,0.5441056269569459
s046,s008,5,0.10878249230575654,0.008599425273408052,0.7298318871908814
s046,s010,5,0.14682259964967692,0.0005923086448803903,0.5445702172572844
s046,s011,5,0.15443164635717535,0.017471490379101482,0.5545565807016891
s046,s012,5,0.10287516783457387,0.0623226796520088,0.5786442082780743
s046,s013,5,0.10174718440505105,0.044484529039560454,0.6683927543249758
s046,s015,5,0.09273358603572023,0.011997171858354246,0.5401351412101407
s046,s016,5,0.13013749583366507,0.030272605937698968,0.36331588626325806
s046,s017,5,0.13549893331705967,0.012466630174051117,0.7205723862678227
s046,s018,5,0.16435055592103634,0.003833833240822348,0.6768388057556223
s046,s019,5,0.154165777380717,0.0019083365936007613,0.49988324377437043
s046,s020,5,0.1231912807594174,0.057527014512068625,0.5051058550440224
s046,s021,5,0.13144600180917695,0.016085851167890203,0.5911670664225475
s046,s022,5,0.20710071897449123,0.015017376470825905,0.4493883813070889
s046,s024,5,0.11250354967962954,0.00022523557371107974,0.5910854165723813
s046,s025,5,0.12340650033621514,0.013869973782745406,0.6734482891673923
s046,s026,5,0.20293611716221763,0.0034426430856449434,0.6217938622918412
s046,s027,5,0.11297174563326215,0.07982871956726231,0.6779486346293928
s046,s028,5,0.0755811971069938,0.029637077272239593,0.6690657384832123
s046,s029,5,0.11248036923037001,0.001153856098333334,0.7024485392826905
s046,s030,5,0.16322003805448773,0.0023139770458945647,0.6086420902528574
s046,s031,5,0.1071858835424087,0.05155068517198664,0.7802935205944462
s046,s032,5,0.09549315536683928,0.03447291932999669,0.6328553609554315
s046,s033,5,0.1697698539174809,0.04034358743612045,0.4378961927423406
s046,s034,5,0.21588754515223457,0.014853398291423757,0.6677338730419184
s046,s035,5,0.24920530124331344,0.1289514357248565,0.6823019511222481
s046,s036,5,0.12353451848383662,0.04364029181043338,0.3618539918127166
s046,s037,5,0.1045950081179217,0.03276522534288217,0.7871864666906059
s046,s038,5,0.25525318807465225,0.028725688851438405,0.6179497834558201
s046,s039,5,0.21892287378034714,0.02525413689753485,0.5984520511843171
s046,s040,5,0.12053529199247003,0.1021481889900073,0.5427259910982699
s046,s041,5,0.22452854319005805,0.004214402225849349,0.5719266076957291
s046,s042,5,0.24541834647458965,0.03415846297956098,0.7836479164152471
s046,s043,5,0.14077797186864646,0.004065556420023306,0.4623403952144313
s046,s044,5,0.1593910448442043,0.021960758946861354,0.6668692784179705
s046,s047,5,0.28742982567479786,0.020705285758429476,0.6077742400146805
s046,s048,5,0.167756072994722,0.01642954022554834,0.5890807351202684
s046,s049,5,0.14541894131542965,4.390151912233704e-05,0.4294341504395488
s046,s050,5,0.20142056509773884,0.0006345831931696028,0.6350264371408876
s046,s051,5,0.13209617408467966,0.0019308590213911322,0.581259390773443
s046,s052,5,0.11271876317747138,0.005152103360074844,0.35098124058015007
s046,s053,5,0.2169051085276082,0.00029911089321164934,0.5412150232046663
s046,s054,5,0.2039210262717783,0.017841695090941818,0.6553345535484347
s046,s055,5,0.14149021601043393,0.004074280740724978,0.5866681387477092
s046,s056,5,0.12836129083091044,0.016269581203740276,0.6571543218388715
s046,s057,5,0.1772348727215574,0.017854148130376342,0.6075945892927408
s046,s002,6,0.242442417028906,0.004719959968868133,0.5763828940467411
s046,s003,6,0.280234895695534,0.009886381440679076,0.48326143822817974
s046,s004,6,0.2011386460107741,0.0001926670739981078,0.45591772548336035
s046,s005,6,0.21900807024816912,0.09177049576930803,0.5585617788336699
s046,s007,6,0.3308207955411897,0.004001864131210532,0.4606244843277186
s046,s008,6,0.3060159357849399,0.0036088876734213593,0.730714095014224
s046,s010,6,0.2828957804973729,0.009741561379305902,0.41672844109097246
s046,s011,6,0.3311029730385716,0.020638026532919896,0.5210342536092237
s046,s012,6,0.1606174011576989,0.09676659716390999,0.5022170920864104
s046,s013,6,0.3709930850207801,0.003413656610124462,0.49429144218610727
s046,s015,6,0.15487573892440976,0.0036504681995684156,0.41120323876049303
s046,s016,6,0.21411353669820926,0.0006528215837598849,0.23838365086397867
s046,s017,6,0.32383710088292095,0.12811781811259632,0.6751554412874895
s046,s018,6,0.17101103593916556,0.01239496593638073,0.5416164751073801
s046,s019,6,0.21584966176080542,0.007831289952968971,0.43288726066378136
s046,s020,6,0.19710553097092554,0.011647932127370324,0.33113443153320266
s046,s021,6,0.18162781481177187,0.005068940695467382,0.47334944071701335
s046,s022,6,0.253363910295115,0.00047885196605374094,0.3573613347430244
s046,s024,6,0.24856389444432136,0.016258022330440183,0.4802218903437362
s046,s025,6,0.24803630460041068,0.022155188127583592,0.6530760698406594
s046,s026,6,0.5133910424541794,0.09939625876233982,0.611156401775647
s046,s027,6,0.18649959765664606,0.04571960825503123,0.5135947018452172
s046,s028,6,0.16320501380166855,0.004298071518563337,0.45563388823666784
s046,s029,6,0.3477639057877069,0.000350372232308479,0.5819733987493005
s046,s030,6,0.24797939391836554,0.048582799278183965,0.604837475897268
s046,s031,6,0.23144445287158077,0.020528361608288408,0.7539637608051344
s046,s032,6,0.16396746936431109,0.034516233632061445,0.5485654701758036
s046,s033,6,0.20528086069578175,0.020632126735206,0.31983461049132655
s046,s034,6,0.4116630928380911,0.020593426326762736,0.4972674399862469
s046,s035,6,0.3140829100524989,0.10103816811170803,0.5853824521207327
s046,s036,6,0.27168116998534086,0.01990134659792228,0.28426340990344123
s046,s037,6,0.1871523826820488,0.008421453697441723,0.6600485895873999
s046,s038,6,0.3203933963316036,0.06934710642585108,0.5086703343484921
s046,s039,6,0.29735706101469017,0.019348351737191728,0.43754290251051187
s046,s040,6,0.15040259394805275,0.045075183217356735,0.46998986782908814
s046,s041,6,0.2679202973388733,0.014779874216750019,0.49178180505018465
s046,s042,6,0.2915348199224396,0.005841247926673664,0.510738734902713
s046,s043,6,0.21661610380438137,0.001977769011373437,0.3434589576260137
s046,s044,6,0.3596467077814761,0.08972542727636143,0.5497255629668839
s046,s047,6,0.24809965050535301,0.03955916544678813,0.4979866939550977
s046,s048,6,0.27939905257338693,0.02161771320559013,0.5399166139860321
s046,s049,6,0.16745552994434323,0.0012517295395158272,0.3662450572330772
s046,s050,6,0.26493971031316343,0.03885976968326562,0.5506626579886372
s046,s051,6,0.3107434544367428,7.274820861477929e-05,0.48280067407056526
s046,s052,6,0.19007389559796942,0.015228733610776063,0.236764531811761
s046,s053,6,0.21971164899059573,0.0008237618521554867,0.3709428105444181
s046,s054,6,0.4866089575458205,0.004175217524888091,0.5759834096887808
s046,s055,6,0.23659918981114697,0.0017915987855542611,0.476583246070067
s046,s056,6,0.2567875679588457,0.01542407663186502,0.4510019390876122
s046,s057,6,0.24308007350367578,0.0039042958931669374,0.48604321907670656
s046,s002,7,0.29344716570679225,0.007488763947728945,0.7279772708252455
s046,s003,7,0.04520741997008833,0.15852941978462853,0.6402445362779317
s046,s004,7,0.04901555925397274,0.04166930968647102,0.6306378803774138
s046,s005,7,0.08532116819375785,0.0006671390919785612,0.6653666821120017
s046,s007,7,0.1431346795692224,0.029281705741840303,0.5534784577503742
s046,s008,7,0.07521435450574034,0.024922446238739137,0.6913993501479158
s046,s010,7,0.07820515968087363,0.03278237673105561,0.6104571403749124
s046,s011,7,0.07582841837388202,0.03519268976445654,0.6882121334577873
s046,s012,7,0.06494441748401855,0.07368793743590143,0.6400889541896173
s046,s013,7,0.06968517038698172,0.09716502035789024,0.8052207621075542
s046,s015,7,0.0295000576916113,0.05897533154632586,0.6054201361601841
s046,s016,7,0.11247849657255887,0.18050138726740123,0.5585454352568469
s046,s017,7,0.05244316255494248,0.0022102647765605164,0.7779488577531717
s046,s018,7,0.0398899780712148,0.07608002061787325,0.603922161779273
s046,s019,7,0.0783302169586127,0.009867720834744815,0.49913666989096894
s046,s020,7,0.05614677080337836,0.05302720757365761,0.5840627425035988
s046,s021,7,0.05556559299704936,0.05620293160583119,0.6142873620677669
s046,s022,7,0.07161291238394939,0.00515697871410082,0.568196439264746
s046,s024,7,0.05323490903804793,1.3807905700508545e-05,0.5820260903281029
s046,s025,7,0.05102682944957599,0.024195361138999574,0.6127820691484505
s046,s026,7,0.12557120695599178,0.004486813361186945,0.7014645674574707
s046,s027,7,0.0883793370525148,0.0032180202834179075,0.66989205310331
s046,s028,7,0.0948080832275928,0.0833539614885729,0.6967503011473987
s046,s029,7,0.05178874745381754,0.0009521504847047644,0.7008759118850649
s046,s030,7,0.06723561407667697,0.01565113779711143,0.8090378231767101
s046,s031,7,0.04377111567473809,0.004968309071656554,0.6890088235477108
s046,s032,7,0.04153084687693438,0.3402007235877394,0.7767339111501628
s046,s033,7,0.09411806122857691,0.05817501760107718,0.5810664227339081
s046,s034,7,0.09582530068033891,0.018264225436108762,0.5252839913979696
s046,s035,7,0.06707809413687973,0.0017586268582305928,0.5441016673251788
s046,s036,7,0.04220210834581977,0.03154863900469576,0.4132046046596106
s046,s037,7,0.13318648132132624,0.015158148578751618,0.710405852879032
s046,s038,7,0.04986663043913278,0.013502847831183726,0.5708204015329665
s046,s039,7,0.20223438284995218,0.03938980367888275,0.5225252430527582
s046,s040,7,0.06638210025900917,0.01034001186064635,0.4957194008595688
s046,s041,7,0.0958089985921904,0.10551796100295073,0.7528000632499854
s046,s042,7,0.2148433282160242,0.07680241734236276,0.6411783518228417
s046,s043,7,0.06583417130445014,0.017511619822707575,0.4529176770489867
s046,s044,7,0.05458982373227349,0.08130584813139975,0.7021552115049685
s046,s047,7,0.06358310519738815,0.0012731189356592362,0.5513748881054166
s046,s048,7,0.056171392409000424,0.020212010618112217,0.5131171848251322
s046,s049,7,0.05935249211723225,0.12204486930523069,0.615572629717294
s046,s050,7,0.0392883013678027,0.009246420643383409,0.6352963302051561
s046,s051,7,0.11203233935421662,0.06330334150566284,0.5942986115919224
s046,s052,7,0.07833763533035562,0.003041052201501127,0.31791873609696364
s046,s053,7,0.08735821579105174,0.0521084116349207,0.6435631995259306
s046,s054,7,0.11472050817475206,0.01205280418870259,0.6053197541568082
s046,s055,7,0.06488715243526377,0.053042934493295515,0.6111048825000773
s046,s056,7,0.04045335829720171,0.033508536302364035,0.5759194438734611
s046,s057,7,0.0610524115455693,0.02856181434967987,0.7413490887685794
s046,s002,8,0.18083459938911978,0.1531260919806019,0.7331612985435799
s046,s003,8,0.09147515129634842,0.010231867002032519,0.6638034100770193
s046,s004,8,0.0694638200347887,0.005850009957361623,0.5532156086925202
s046,s005,8,0.05774658163794201,0.02830659855406945,0.69209370778472
s046,s007,8,0.08881686161769765,0.012956526061116618,0.6633282084000087
s046,s008,8,0.12205720751123517,0.00695358841580461,0.6096936740818736
s046,s010,8,0.06125116373985962,0.030730306546289162,0.6124040573453212
s046,s011,8,0.07416635288532493,0.04027733493350281,0.5059178978250882
s046,s012,8,0.05773446490949007,0.002230800799195382,0.5015059509861054
s046,s013,8,0.05249112175490696,0.04666326644412178,0.7221809153575194
s046,s015,8,0.0424187028315412,0.1095359811667444,0.6410521171913436
s046,s016,8,0.09488246336146189,4.4328407172203865e-05,0.5767616133351315
s046,s017,8,0.04674101986878855,0.023651818575718006,0.773752554769408
s046,s018,8,0.04414844026517242,0.0016749720213366402,0.5580887121103699
s046,s019,8,0.07912493217302684,0.05418179486624855,0.6202022104388722
s046,s020,8,0.08836819972092799,0.010722152513023504,0.5561958111463218
s046,s021,8,0.06141843834833803,0.03710052390149826,0.6595187500895613
s046,s022,8,0.057025768186625726,0.0005891421758578436,0.38605153669366143
s046,s024,8,0.05871101319424629,0.004649170719817858,0.6557973693503282
s046,s025,8,0.09335941231446397,0.006507060968478702,0.6677582692441942
s046,s026,8,0.12778542100923843,0.03779212394859575,0.6633939704085956
s046,s027,8,0.05636436498644374,0.10088944869096464,0.6206553112586123
s046,s028,8,0.0520195021472577,0.07897825613489501,0.6250688826540403
s046,s029,8,0.043296877350966885,0.009652709631406887,0.7034426886708794
s046,s030,8,0.059346632555274406,0.010202791733521678,0.569060124312926
s046,s031,8,0.10893521154215108,0.020274173103925403,0.6455551664173269
s046,s032,8,0.03315449607873265,0.07504034279156659,0.6664076618257153
s046,s033,8,0.0699473012349863,0.012487260133549673,0.5908143431644469
s046,s034,8,0.11516152845190221,0.04942216924218647,0.577449994520381
s046,s035,8,0.08276537301106873,0.0488373716536163,0.6048891351264883
s046,s036,8,0.05633412811627609,0.005624064937343313,0.3138601026738093
s046,s037,8,0.06094499093542512,0.009303228303777084,0.603777706351865
s046,s038,8,0.08026615113921486,0.006372350062658239,0.5498131969963244
s046,s039,8,0.07456939715938952,0.025734334760746876,0.5234687279784249
s046,s040,8,0.092227377279473,0.004703619321348603,0.41993944615709183
s046,s041,8,0.12171448355518706,0.2784778080311742,0.6473151394437009
s046,s042,8,0.09059357383205578,0.021539973695728114,0.6313422265364851
s046,s043,8,0.05678546982152604,0.0008093047915578412,0.3873804547255775
s046,s044,8,0.03141863032199125,0.0025632600983941105,0.6055826243139258
s046,s047,8,0.05705215920773436,0.012628938215520647,0.6051178522115023
s046,s048,8,0.14667263006027167,0.014743724046090884,0.6457710987952068
s046,s049,8,0.057026421615594014,0.04795516954265553,0.5659738791022503
s046,s050,8,0.08697141387387403,0.022829662761812888,0.5829590847766289
s046,s051,8,0.08497180048061728,0.03156246902912462,0.7192234169418141
s046,s052,8,0.03738501878412157,0.01255439356229289,0.3867943267783182
s046,s053,8,0.07261750801755855,0.080522534013792,0.6403526684149454
s046,s054,8,0.07867331542448316,0.00016566731773285355,0.6916138331546855
s046,s055,8,0.08163558342334803,0.0277489231165328,0.6524128122099752
s046,s056,8,0.04656401741934513,0.005229329328476266,0.4924204996445119
s046,s057,8,0.07539774372239537,0.016280681578544787,0.6426132145228796
s047,s002,5,0.0650624844135724,0.02132704292751497,0.7313908538699426
s047,s003,5,0.0577403046245362,0.0004723870254242213,0.6668218030430857
s047,s004,5,0.05403024825623336,0.0010443259717264949,0.7431050982686555
s047,s005,5,0.13806550817477015,0.006270728334328609,0.664015969501297
s047,s007,5,0.057796027737403714,0.0008724396520516835,0.6599708646273871
s047,s008,5,0.10101277781383293,0.07053580530355467,0.6540621833614761
s047,s010,5,0.07364618721678952,0.028092730544148074,0.6471089034431158
s047,s011,5,0.056197246192184816,0.04392921143750789,0.6179437874557271
s047,s012,5,0.0965210939938093,0.10370094327156304,0.6345315428288723
s047,s013,5,0.0408340037388844,0.049063758374825205,0.6826010770347333
s047,s015,5,0.06503609578972966,0.003051128570831052,0.6385030202992712
s047,s016,5,0.0987741606611985,0.0038253031996320873,0.5167788539180457
s047,s017,5,0.0661865107957246,0.019791380174667535,0.7594581289225079
s047,s018,5,0.1257966171970701,0.06338782269736036,0.6348101238382733
s047,s019,5,0.0786351566772857,0.1510919320078129,0.6711983103010395
s047,s020,5,0.13881882971416837,0.046845684461568844,0.7127586428192297
s047,s021,5,0.12243802731711119,0.00020865471893343526,0.5826970681242822
s047,s022,5,0.1074744491921221,0.040005373764220406,0.5881570693909012
s047,s024,5,0.07537866248461395,0.0027546412858130247,0.6753721551371527
s047,s025,5,0.09129586144616876,0.035349721346433376,0.5179456742145229
s047,s026,5,0.08654221404006145,0.14461849551110617,0.7382637221997818
s047,s027,5,0.1537721110548534,0.001921091684073517,0.5422161199491278
s047,s028,5,0.03915401291609852,0.06464365935658822,0.6661670594386591
s047,s029,5,0.04643946564796939,0.0014141070030665997,0.6981403274246305
s047,s030,5,0.08948669225179715,0.00725831428049894,0.6973945895563843
s047,s031,5,0.10608798154373245,0.019575800398050975,0.5923563640915185
s047,s032,5,0.10040207745702409,0.006122641725356949,0.7319103787931596
s047,s033,5,0.103614668796878,0.00037429077667331523,0.595538257691443
s047,s034,5,0.08682828177320445,0.06189264598998658,0.5677377331403062
s047,s035,5,0.07590831711757046,0.018698990150095473,0.6228822435576831
s047,s036,5,0.07153388673941058,0.026396611253909453,0.417330824532601
s047,s037,5,0.12839588452218803,0.010318824192982013,0.6159388140927644
s047,s038,5,0.11341428919292788,0.13963295885656038,0.6107446197481337
s047,s039,5,0.08995916384053304,0.009038197140467765,0.5771183371144759
s047,s040,5,0.10346666406270709,0.009856912935740899,0.6317285472701175
s047,s041,5,0.11638848647897941,0.025636997388659214,0.5200211178432864
s047,s042,5,0.2098036211191264,0.013845513905380918,0.6531061143362623
s047,s043,5,0.06977760263773744,0.008947356877295837,0.5237424312219323
s047,s044,5,0.03978780793510218,0.04151569236862333,0.6851656619207637
s047,s046,5,0.09990943703682689,0.07373038006542114,0.6929330483529844
s047,s048,5,0.045268073129014076,0.0013255061352204329,0.63355848165469
s047,s049,5,0.07470361321896382,0.0710692761138159,0.4855615821152753
s047,s050,5,0.1540949141991295,0.0007972169566893022,0.7332914635292425
s047,s051,5,0.12693578891031848,7.899690311142917e-05,0.5644235965789964
s047,s052,5,0.07452396818471725,0.04046678972548356,0.4777689611434611
s047,s053,5,0.07150906460662058,0.011971977318410862,0.5711993435971909
s047,s054,5,0.08520431452618436,0.00019966529374396762,0.6838063468599904
s047,s055,5,0.08453606862234984,0.0060121973860692915,0.5161383444058467
s047,s056,5,0.06252221662424738,0.020927851342889423,0.6280963432504106
s047,s057,5,0.11242226750138568,0.008601975817363614,0.6544764320709622
s047,s002,6,0.2391800699368423,0.01951806689905133,0.6580856957296808
s047,s003,6,0.05707265443339862,0.03836105910892236,0.5996581610478425
s047,s004,6,0.0761988430689523,0.016832140048907658,0.5499016642697591
s047,s005,6,0.06481829568222638,9.953990975192913e-05,0.6891774061672401
s047,s007,6,0.054788716096762884,0.008458717143172456,0.601439995163577
s047,s008,6,0.07025524486856861,4.5140111634209484e-05,0.639172805303975
s047,s010,6,0.0957513739864366,0.042238749359372274,0.6835776644235121
s047,s011,6,0.10547505971772266,9.269782184502627e-06,0.4930742247955717
s047,s012,6,0.1016987757621519,0.0001495051420080948,0.5151979014872565
s047,s013,6,0.07164906152764679,0.017870173028675728,0.5025758043597602
s047,s015,6,0.1147201986170586,0.0022810507108317443,0.5589023583265295
s047,s016,6,0.19116495697885885,0.06147921866023547,0.5117397066614762
s047,s017,6,0.06955618616172034,0.010203070205810046,0.6580998073058719
s047,s018,6,0.15655056647212304,0.07880241523107649,0.5299648730982335
s047,s019,6,0.05737462638034724,0.11889300279456884,0.7329941797888997
s047,s020,6,0.1367812728833916,0.07234449826335211,0.5376687730323058
s047,s021,6,0.09567127015604512,0.02051967412834502,0.554753850168415
s047,s022,6,0.08587954502109386,0.03554474485894108,0.4695846549747998
s047,s024,6,0.08552131013498038,0.0050453965591683286,0.6323671242846415
s047,s025,6,0.08986677378195634,0.0002791291708449488,0.6922591683442016
s047,s026,6,0.07412314228284293,0.00013902978434834264,0.5602709007935227
s047,s027,6,0.15216399739930156,0.1540387386497987,0.538766633424237
s047,s028,6,0.07142040555767394,0.004032854202242731,0.6069233006466882
s047,s029,6,0.09224885818177982,0.021041821129173504,0.7249154698421566
s047,s030,6,0.20356691592008164,0.074626663867041,0.5242898685645819
s047,s031,6,0.19482869463647196,0.013567513700009479,0.648601560188854
s047,s032,6,0.1111426218636237,0.03854570920495658,0.5579746142454273
s047,s033,6,0.1348135878183636,0.013750050401172475,0.66544063318404
s047,s034,6,0.16037606389467968,0.02952424923672977,0.744444997001201
s047,s035,6,0.13618290412994277,0.004730002655044846,0.6478923202549819
s047,s036,6,0.0681791910317016,0.008106824330744155,0.3338581107743532
s047,s037,6,0.19076190626211614,0.010434690332909023,0.5034026750413371
s047,s038,6,0.12050850062529701,0.10874479270551426,0.6769358158038087
s047,s039,6,0.1704794798628455,0.047323595789552385,0.5808892850845314
s047,s040,6,0.07533354878520097,0.10970714172115405,0.6806418180832909
s047,s041,6,0.12465368558125038,0.03363333699711375,0.5404485205109945
s047,s042,6,0.12596762466267405,3.935374193927614e-06,0.5464975298228917
s047,s043,6,0.059213176190426195,0.018689974635415472,0.4643789290195871
s047,s044,6,0.05842262469294758,0.1719939536594799,0.6420302338909349
s047,s046,6,0.14714720285341473,0.019932259801040318,0.6815855139431649
s047,s048,6,0.035760574129363,0.006408664882903029,0.6936751835587562
s047,s049,6,0.08503666610626234,0.08255193338026234,0.5051978626486694
s047,s050,6,0.15664642939468038,0.049692666001457074,0.6682315239946218
s047,s051,6,0.1397458291628093,0.039328041851331895,0.5754945940297624
s047,s052,6,0.0657053716299861,0.07876036526924574,0.5624793392608872
s047,s053,6,0.09531500889253187,0.022262811530025597,0.5145978469757692
s047,s054,6,0.07921359404788898,0.0067998642316967695,0.7156908480188203
s047,s055,6,0.05268411031117898,0.03016445884568047,0.5715344792997559
s047,s056,6,0.06893279206581071,0.04369821251279493,0.5967030886033836
s047,s057,6,0.11205677203702641,0.008909116684639522,0.430730587104637
s047,s002,7,0.2461366224742877,0.017962186279483587,0.7172679135787735
s047,s003,7,0.12430176748680143,9.541776260154609e-05,0.7027453376219861
s047,s004,7,0.07838756918562148,0.007915178416842618,0.6929358015093421
s047,s005,7,0.07352101074429772,0.0037688091002430085,0.7268009701856516
s047,s007,7,0.2697245241721656,0.01389013606336846,0.6385939083984083
s047,s008,7,0.07700893134591105,0.0013930538304721873,0.678737312380712
s047,s010,7,0.081089041308585,0.03638337373570686,0.7174979256189835
s047,s011,7,0.11740645415833913,0.06338104278583546,0.6096898083000798
s047,s012,7,0.11332611849767404,0.049934344966113646,0.6250494665220322
s047,s013,7,0.07729208885397196,0.02815027615282286,0.6017560824849053
s047,s015,7,0.08645101976524107,0.0015492203998535151,0.5598621097217408
s047,s016,7,0.20286453347426667,0.021609522931798783,0.5472872723421434
s047,s017,7,0.052672412315816514,0.042874138105325685,0.6986846470676222
s047,s018,7,0.23313628787304355,0.1615601147784468,0.6175281142662853
s047,s019,7,0.050849076625366675,0.19559198513731244,0.7405482992070558
s047,s020,7,0.3150066431450985,0.11120543373559344,0.613963611908142
s047,s021,7,0.15575473369634626,0.027961910496154884,0.6297054233339285
s047,s022,7,0.11412365825000535,0.036659185299394006,0.6031635260251601
s047,s024,7,0.15786276044666092,0.00305151618503945,0.7268584789094286
s047,s025,7,0.15484530401607677,0.012440744647366457,0.6438415639305382
s047,s026,7,0.0987639030326078,0.031718320501856405,0.6571397820040463
s047,s027,7,0.2537293184141233,0.060567174120165004,0.5764199485249121
s047,s028,7,0.14546267652602657,0.002364657620766921,0.6370326320631172
s047,s029,7,0.05787413282154433,0.007495160449326622,0.7275971913729044
s047,s030,7,0.25263473567774986,0.04085785469678718,0.6408388946195158
s047,s031,7,0.14703189428903654,0.07160201201528169,0.6526744832105783
s047,s032,7,0.23820895320796645,0.09307388293210041,0.7252176632358269
s047,s033,7,0.1683925573764832,0.01928451002963807,0.6312574974575872
s047,s034,7,0.15196901961257706,0.058004179925743526,0.7225099591768592
s047,s035,7,0.15272837219002405,0.002622546582773507,0.6551703555544932
s047,s036,7,0.0812311537650786,0.0218182060771532,0.43485917746492264
s047,s037,7,0.20767159302253585,0.0019646922369981825,0.5996605331042568
s047,s038,7,0.11935463434485119,0.17066717870319917,0.7084763325322475
s047,s039,7,0.08053729664508516,0.05912705462756361,0.6493809941650827
s047,s040,7,0.17174243200169317,0.11381406118070292,0.7438235297854413
s047,s041,7,0.24665891883690794,0.006903849338038118,0.5547559631061659
s047,s042,7,0.15420891878682752,0.0038589532786909445,0.5948963879281469
s047,s043,7,0.058274765942345895,0.06969052797602703,0.626308797141771
s047,s044,7,0.15535334239889495,0.13949025668096776,0.7243510518133877
s047,s046,7,0.20070835480083346,0.019781316377481463,0.6913116503832879
s047,s048,7,0.055074753975820956,0.02687941273124124,0.6916688552402652
s047,s049,7,0.14049976211288753,0.13403200621249875,0.5617356277640954
s047,s050,7,0.17438085538482334,0.0010056538995036354,0.6925426786889711
s047,s051,7,0.16236326007491672,0.02071084496671331,0.5776028047125565
s047,s052,7,0.07963045660801116,0.029803074810350706,0.6195546271833021
s047,s053,7,0.13708192911468695,0.0147885652574031,0.580023900570658
s047,s054,7,0.11657496795510282,0.0001117376650669968,0.677532972868731
s047,s055,7,0.05673617172533458,0.0027455223559906144,0.5815301180520265
s047,s056,7,0.10807987105010912,0.12104472046331449,0.6507441719301299
s047,s057,7,0.1302305073494853,0.011634613508059043,0.6026145251074411
s047,s002,8,0.04468319115685636,4.6578132755666764e-05,0.742262840835187
s047,s003,8,0.023463334527867467,0.03995188207345763,0.6210885180026352
s047,s004,8,0.018930750156926468,1.0411812431100048e-05,0.7630601383918842
s047,s005,8,0.018133827950511192,0.015112320350141277,0.6388842044062851
s047,s007,8,0.11103543386923216,0.04098146373824662,0.5858653278296033
s047,s008,8,0.021103303005777896,0.003190944383690165,0.655449520783671
s047,s010,8,0.019673793575513743,0.06815994811970368,0.7683539177397041
s047,s011,8,0.04988854683831537,0.0524195958243532,0.6185099374449151
s047,s012,8,0.03912774935057714,0.04654400664665764,0.6964179104798158
s047,s013,8,0.03101653216168503,0.0037265718077230795,0.6847003494944454
s047,s015,8,0.05579276275561147,4.8258293081654734e-06,0.5556995339954224
s047,s016,8,0.03360536013979621,0.00530453818747377,0.5605543837445364
s047,s017,8,0.02616333190654415,0.020535562282418977,0.6994730037137841
s047,s018,8,0.12221690495814003,0.19730142836830417,0.6678643962047566
s047,s019,8,0.020667225150390774,0.2354272893749134,0.6671467160708366
s047,s020,8,0.09168119111498248,0.05215331125550187,0.628310207557358
s047,s021,8,0.059567024837742365,0.025416602692110955,0.64579183033239
s047,s022,8,0.051308104185594755,0.04848690651580402,0.6107386396260813
s047,s024,8,0.04116468869255298,0.0005784392270229326,0.6906375710059942
s047,s025,8,0.04906811926536,0.038676103941851135,0.6227375668325151
s047,s026,8,0.029610138510689644,0.06671904996693359,0.63008513227025
s047,s027,8,0.06627509645583213,0.000945106296430776,0.5390875195669889
s047,s028,8,0.054028877450917286,0.0008181024335652932,0.7065762334438506
s047,s029,8,0.028949508162193834,0.05181944170135367,0.6956885803332876
s047,s030,8,0.04640930109283595,0.00837752638021744,0.6747016403074977
s047,s031,8,0.07029901621400936,0.032728608705464894,0.5932256512016653
s047,s032,8,0.09736394976486568,0.08056396685832781,0.7537343552554732
s047,s033,8,0.051639419780694196,0.07974288419547951,0.7429767160661729
s047,s034,8,0.086827939672764,0.17366254993744823,0.5769156828620392
s047,s035,8,0.04098524980819554,0.003708305111496596,0.617425336448292
s047,s036,8,0.029446785174479906,0.02881762640745796,0.4769622807880086
s047,s037,8,0.12642177500284466,0.020564390019996562,0.6540592011096972
s047,s038,8,0.05436427471445044,0.04820586117388881,0.7103041678851184
s047,s039,8,0.025446929928340016,0.02069967131296827,0.6961863785782698
s047,s040,8,0.05104979745415446,0.11951620532590321,0.7509070066715477
s047,s041,8,0.05259174455532342,0.012467058143108356,0.633232426333014
s047,s042,8,0.09078656502421201,0.014437102138766538,0.6727057775244899
s047,s043,8,0.02244798977252135,0.04130838415943404,0.5498607048790947
s047,s044,8,0.06362411340842201,0.003740595734694555,0.7260874035656448
s047,s046,8,0.029883706007340027,8.413165466120312e-05,0.7114293497993798
s047,s048,8,0.015585454275735955,0.006311525866667768,0.6306299634998208
s047,s049,8,0.03571977622116848,0.13508982670927197,0.5222640028511585
s047,s050,8,0.02223810967499438,0.027514518236786984,0.6748217990009493
s047,s051,8,0.0759960012930288,0.04425003848659825,0.5686743356483847
s047,s052,8,0.02786580411849528,0.07127861787414008,0.6024904152334215
s047,s053,8,0.05323566283148617,0.003078873710923062,0.6681300498401107
s047,s054,8,0.030769988068756863,1.9923030673419644e-05,0.6925923290090711
s047,s055,8,0.01675539920424766,0.012463013708980989,0.5627204221937757
s047,s056,8,0.02416557592163443,0.1362526949518228,0.7167476155070567
s047,s057,8,0.0491402378086449,0.05378198274825343,0.6959592270599094
s048,s002,5,0.23725064183578168,0.03149032073872998,0.6590983767151466
s048,s003,5,0.038766003096150255,0.004964360571497035,0.7444149271970114
s048,s004,5,0.025488613814056482,0.01969369658088694,0.6090711408915019
s048,s005,5,0.07693099739242514,0.01258422907501135,0.7653723464325266
s048,s007,5,0.07798494430565532,0.25587103313031284,0.7215619964476315
s048,s008,5,0.04234827471426771,0.09500435684382225,0.7285358909718119
s048,s010,5,0.05712417879071405,0.011756237620697524,0.630394254055306
s048,s011,5,0.03469362525376797,0.08398051107810657,0.6872555155240015
s048,s012,5,0.05929251554552422,0.022128335619464385,0.6883892689850144
s048,s013,5,0.03569901486850135,0.0038695967768375525,0.6383085430924067
s048,s015,5,0.03903477909951424,0.12626545163260505,0.6884020587149172
s048,s016,5,0.03661657897416326,0.0019270163764411928,0.5596813953372635
s048,s017,5,0.08536278429721626,0.02933876415103351,0.7612150173013684
s048,s018,5,0.04569141864836142,0.09187383161471296,0.7103328994859037
s048,s019,5,0.03843426521701839,0.10100563744482205,0.7774273639419791
s048,s020,5,0.02952377847197708,0.01788328003855249,0.7483459340159803
s048,s021,5,0.02363980772404795,0.053856279829819144,0.5908541995060965
s048,s022,5,0.023559905649899838,0.07579241619400917,0.6569317329978325
s048,s024,5,0.03425939808566225,0.0005675067828584831,0.685042084464684
s048,s025,5,0.04420018021116701,0.08644446121687198,0.7534142554675044
s048,s026,5,0.0629523257819561,0.0017163798701526622,0.6122338701116893
s048,s027,5,0.02148109401564306,0.010360104278075466,0.5287582729568534
s048,s028,5,0.04680858659316968,0.003256790327582801,0.6184197027913332
s048,s029,5,0.05651085437264339,0.08465586248655729,0.7141428767753172
s048,s030,5,0.02742363247712615,0.008319860634111697,0.573940948913732
s048,s031,5,0.027530043036470594,0.15880898847727815,0.6550948235342099
s048,s032,5,0.03717146305862768,0.009672658472369087,0.7459931918172905
s048,s033,5,0.02988157338706705,0.05705789860173587,0.5061428607728079
s048,s034,5,0.04915489908662649,0.1471254771890547,0.6807054707994911
s048,s035,5,0.025007168308010353,0.008371321371602352,0.6331790047204523
s048,s036,5,0.023441559346887807,0.14938400643832792,0.5906901439440372
s048,s037,5,0.033923779118243375,0.01530664477900504,0.6232259465087847
s048,s038,5,0.06301293870097158,0.023663560403106607,0.6054971721948861
s048,s039,5,0.06347700079321443,0.00768526800920248,0.511438418020503
s048,s040,5,0.047461733277236434,0.003966001219889462,0.5167683758886967
s048,s041,5,0.028850634505275783,0.02040920287213585,0.5511305434589133
s048,s042,5,0.03624603172520165,0.08633003357326424,0.6567898936537124
s048,s043,5,0.03160036454002664,0.05923436348260632,0.6554307658556118
s048,s044,5,0.014672097379036497,0.06105129521259582,0.7339070532126096
s048,s046,5,0.026750965445304503,2.79170877969867e-07,0.682624623639561
s048,s047,5,0.023230097601403547,0.015108112701548078,0.6494018244237202
s048,s049,5,0.027717869513984156,0.06208349887408807,0.583088596894526
s048,s050,5,0.1066959774464731,0.025854287958295363,0.6308477002628852
s048,s051,5,0.10702435983772646,0.0780825416595781,0.6227647989673267
s048,s052,5,0.09033685605502981,0.010868480653021881,0.4019336879883614
s048,s053,5,0.026548190817542644,0.0037128439622287194,0.5519512563398016
s048,s054,5,0.10250648217268334,0.025992754269206858,0.7214106740797235
s048,s055,5,0.07874933215829932,0.03440416784868137,0.72361565693626
s048,s056,5,0.05210992375306344,0.04191728658930422,0.6409862349566534
s048,s057,5,0.04829698755632483,0.0359738448474396,0.6101259158047778
s048,s002,6,0.3223631779980084,0.0012763832129362956,0.6711502997605091
s048,s003,6,0.07851854181084456,0.03749768684224851,0.6988978730706336
s048,s004,6,0.04671673919957758,0.007821660045798326,0.5682330544246151
s048,s005,6,0.043370607215667045,0.03595832656758475,0.6001564824473403
s048,s007,6,0.14123678091223138,0.04493744019443778,0.6690838877432637
s048,s008,6,0.11443120428051115,0.0121907945165182,0.6215332738493874
s048,s010,6,0.09020148974584026,0.018598987721610716,0.5970735600005235
s048,s011,6,0.09714266124697314,0.03795219688926538,0.6079980547279376
s048,s012,6,0.058291833641800475,0.0024535199883873866,0.6278538980147097
s048,s013,6,0.05459127871412344,0.00027042408804288273,0.6331928502299979
s048,s015,6,0.048943093219714746,0.032816123810057336,0.4994983253144622
s048,s016,6,0.06001210239175205,7.798732509884639e-07,0.5051187877170082
s048,s017,6,0.0944463196308396,0.005941320689375152,0.6332507100721594
s048,s018,6,0.049989199916668094,0.002804733804102023,0.5253927680176295
s048,s019,6,0.04644538914205912,0.028136705483269537,0.5895995105164701
s048,s020,6,0.05961838811486579,0.004070131779270533,0.5905515160376443
s048,s021,6,0.03575674159716016,0.017640660916668053,0.5276124852241846
s048,s022,6,0.046439528145869574,0.010862993853457042,0.5244745457760785
s048,s024,6,0.043984169467465674,0.0031132936373490343,0.6647906200216789
s048,s025,6,0.04706186060432168,0.012160013350337395,0.6290088378858281
s048,s026,6,0.09533800978976992,0.1571237207577819,0.6348026068109749
s048,s027,6,0.03414328264350564,0.020552854730266648,0.4987341311301513
s048,s028,6,0.08242768920456038,0.00896426542590466,0.6093603979784854
s048,s029,6,0.06354888492266615,0.02584104641297525,0.5911490115128275
s048,s030,6,0.03993157456787503,0.004620919432637607,0.5973820723292861
s048,s031,6,0.03134663379854578,0.039286677233900336,0.6434198834424982
s048,s032,6,0.036433625276454995,0.0068152698673543104,0.6097152080641924
s048,s033,6,0.07230184521165872,0.0572475852220417,0.4814075428886226
s048,s034,6,0.05989208327444676,0.053924022998481994,0.6797227688115477
s048,s035,6,0.04186066413564165,0.00323464315861668,0.5321228043730158
s048,s036,6,0.032410947268745466,0.083426213297235,0.41284937745461364
s048,s037,6,0.05837070865522929,0.017837826618591863,0.6070883566281408
s048,s038,6,0.09098709434101286,0.011215156518269695,0.619176382956497
s048,s039,6,0.06646094996908453,0.0021580526459759747,0.5097421213820963
s048,s040,6,0.07539345583084245,0.00926773157145268,0.5214126375364304
s048,s041,6,0.05440128065156521,0.006313789427492248,0.47688900902976716
s048,s042,6,0.06876829660668517,0.02297533121157384,0.5488537694035635
s048,s043,6,0.03503256040138559,0.12004483816866902,0.5901300006375737
s048,s044,6,0.02753524500662958,0.0030109576282465467,0.7055308652714745
s048,s046,6,0.0626215348271742,0.0008659208151618669,0.6128332154736446
s048,s047,6,0.03777415315388975,0.026694553727482855,0.49895317670050277
s048,s049,6,0.0347121848932857,0.0013305154039590643,0.5085242767082788
s048,s050,6,0.052357913255689434,0.004210502120871569,0.6055543562498158
s048,s051,6,0.12562228920640506,0.045562109638844585,0.664623561711032
s048,s052,6,0.10843186109885904,0.004069714382665261,0.3875882345451077
s048,s053,6,0.039270336843365804,0.007420117795790321,0.5208177501362355
s048,s054,6,0.17318805186649683,0.08232764385946262,0.6500827485363936
s048,s055,6,0.12185114087654837,0.008759863813612783,0.6141374737150228
s048,s056,6,0.07872380062270957,0.041939167563985,0.6870188210358638
s048,s057,6,0.051494653014698674,0.025920377667061574,0.637331544594634
s048,s002,7,0.13832959184606078,0.01728324305563657,0.6072405486470427
s048,s003,7,0.05598160173341272,0.005378059420949128,0.7123915179742077
s048,s004,7,0.04078144487307126,0.05052292011633515,0.5481641823516951
s048,s005,7,0.10238562154445187,0.08461706502029621,0.80482885848789
s048,s007,7,0.11266377075589414,0.09226182380182435,0.7030991578010948
s048,s008,7,0.1681663042008408,0.1520462269238719,0.6964826179632491
s048,s010,7,0.10938174701713975,0.00047312253160093523,0.5869120141127818
s048,s011,7,0.0681568643801825,0.10604393188781305,0.6159429856433833
s048,s012,7,0.07617073864711987,0.00043046182379007824,0.592430203415159
s048,s013,7,0.07306974627411925,0.012285808877411247,0.6087682497817628
s048,s015,7,0.08268454446640788,0.09753791196945853,0.6716306254407735
s048,s016,7,0.07510211398106392,0.04335718007992388,0.6168571093851439
s048,s017,7,0.15054458835118717,0.03295616342213475,0.7179669567651585
s048,s018,7,0.07559815370502605,0.004245621751384038,0.6236460673025621
s048,s019,7,0.055298597266107134,0.13622268768883355,0.8164014733809404
s048,s020,7,0.056273470703791906,0.059454010006222434,0.6842715890399103
s048,s021,7,0.043354911103250675,0.03929166419167031,0.5797054011891135
s048,s022,7,0.05572688563059555,0.010699123065061161,0.5262071334081135
s048,s024,7,0.05970977311984928,0.0013496308014486003,0.66057675222393
s048,s025,7,0.0848111399834968,0.1598048030143221,0.7451120418979043
s048,s026,7,0.13833497085347468,0.005439846172433082,0.6260908011801497
s048,s027,7,0.05640614981621102,0.03306808199725083,0.5578951291459014
s048,s028,7,0.11514722407324356,0.001055140378226222,0.5178326999741568
s048,s029,7,0.05181001869127259,0.0024977500134655026,0.7277651883132104
s048,s030,7,0.09358100808928177,0.03162640092800454,0.5905002049794309
s048,s031,7,0.04618845867718499,0.18683486971847843,0.6768692710148345
s048,s032,7,0.06887876145215535,0.0009400207280903737,0.6480828103557886
s048,s033,7,0.06774055727663271,7.068015415501671e-05,0.467910487055147
s048,s034,7,0.07955359321476416,0.0008617512934547524,0.6498373019521395
s048,s035,7,0.05419310844207618,2.893743633960874e-07,0.557451368900912
s048,s036,7,0.061254401222812095,0.08014719789448943,0.46244258713008246
s048,s037,7,0.05849359265315257,0.0017377160513832293,0.6163814726597536
s048,s038,7,0.14355185075856208,0.1021583005574503,0.5595146455078028
s048,s039,7,0.13654294084992083,0.0004259368652846828,0.4485403177153905
s048,s040,7,0.04751612887591517,0.0207098825960343,0.42278487273364573
s048,s041,7,0.08620795743780293,0.022965376261546856,0.5264450287274725
s048,s042,7,0.06145343985468721,0.07521741142607084,0.5600336244788601
s048,s043,7,0.04633733315830219,0.09599920216242405,0.5580253347276236
s048,s044,7,0.055686475597874534,0.044193067523121264,0.6828205841241731
s048,s046,7,0.07306612792955654,0.013218173949829522,0.7265895003861401
s048,s047,7,0.06676002759333301,0.015583383833740232,0.5533186109999774
s048,s049,7,0.0571415553523575,0.03450653694737956,0.6566513788790632
s048,s050,7,0.12681004859157993,0.001715694665578939,0.5724683563034303
s048,s051,7,0.1556779421332473,0.056311219845283325,0.7060692887081338
s048,s052,7,0.20044948623196676,0.013821191854444343,0.37529410888063314
s048,s053,7,0.0483877535545323,0.001106384372687234,0.48855465843576745
s048,s054,7,0.2505774823469181,0.18361095536858515,0.7245724773188632
s048,s055,7,0.14234283288718788,0.013833460205107265,0.7366109155490179
s048,s056,7,0.051469587051180814,0.002413745319313127,0.5069648132386149
s048,s057,7,0.07358982082743391,0.0059711341886511645,0.5974902655911357
s048,s002,8,0.1311533570007018,0.010881650671965492,0.6479033241868999
s048,s003,8,0.036414125474920137,0.005014462738786782,0.6267851648819003
s048,s004,8,0.022459680507984255,0.1453762226952833,0.6914712769792551
s048,s005,8,0.028483934430083187,0.0033352314706752598,0.8329704933087754
s048,s007,8,0.07760947983114777,0.1813039498562495,0.6828219575637186
s048,s008,8,0.07255598719874419,0.006703693231470096,0.6979210693476948
s048,s010,8,0.05351243556609407,0.000521306757210007,0.6260207763957811
s048,s011,8,0.043708758158471396,0.023210113772815708,0.502892206753851
s048,s012,8,0.027607118718909546,0.009666319627743433,0.4896976511577935
s048,s013,8,0.03321791768380424,0.015569456072891836,0.6429281418231162
s048,s015,8,0.0389052785421958,0.11701098429764245,0.7074229940651994
s048,s016,8,0.044888394210764786,0.05293424895672777,0.5482708043769579
s048,s017,8,0.05941945167747987,0.060929554770013675,0.749274992202321
s048,s018,8,0.030004904944183647,0.009087416108546392,0.5705559455864744
s048,s019,8,0.029355407473309027,0.03416755362992944,0.8360042535202461
s048,s020,8,0.029878040738150816,0.0317494168150731,0.7378446957005727
s048,s021,8,0.019205442513000458,0.047103232806887996,0.6572672873517551
s048,s022,8,0.024568801389299278,0.02023625026300646,0.43112997310422974
s048,s024,8,0.05145403964620942,0.07901330890757907,0.6164796136525305
s048,s025,8,0.037480890250109075,0.05580717038993098,0.6788645762887708
s048,s026,8,0.08554363036065246,0.041264346242697994,0.7104391586710118
s048,s027,8,0.02019502966874173,0.13981016679871894,0.6756776381466636
s048,s028,8,0.06727752476674095,7.099198125536293e-06,0.6099470954197811
s048,s029,8,0.03063754449262297,0.0503800375803233,0.7686675471055409
s048,s030,8,0.045010478942848264,0.014366025362842224,0.5973629988072422
s048,s031,8,0.011612457794295872,0.20756162392986455,0.7195428796186208
s048,s032,8,0.01648393895921228,0.0223816450764939,0.6088864095513868
s048,s033,8,0.03002013121745567,0.08817989807352576,0.5451682435187645
s048,s034,8,0.043068960788743844,0.011346370570527566,0.6217960357477571
s048,s035,8,0.020478782126271827,0.0012430064953253648,0.7027816346892091
s048,s036,8,0.020594797408004652,0.014524498884313007,0.33325516968001595
s048,s037,8,0.029036813476583045,0.021181154428894792,0.6033203297711225
s048,s038,8,0.0544888911104167,0.003210807344184263,0.5476082267151726
s048,s039,8,0.03956460268587996,0.016390533890230763,0.5330852601805534
s048,s040,8,0.01986183775876676,0.00028645046067082614,0.4400120116576025
s048,s041,8,0.029446723906387386,0.0015760048301763628,0.4758674288157428
s048,s042,8,0.026916987541951848,0.030718890501792263,0.678583355083467
s048,s043,8,0.021516998864857428,0.007863418571009572,0.4548145648653663
s048,s044,8,0.01698222262379733,3.6234086664553686e-05,0.7091571439463106
s048,s046,8,0.05602506082373297,0.0033842723602542884,0.7597397418721535
s048,s047,8,0.021402498187666735,0.01444637282823455,0.7739505036737322
s048,s049,8,0.014551324290051364,0.04389533724120146,0.5822343064459172
s048,s050,8,0.02727734916798609,0.034073530794616204,0.6710783770157883
s048,s051,8,0.08501071617831132,0.06985096483902928,0.6853888807434059
s048,s052,8,0.09722585397218989,0.0017120550958403505,0.3955326460810477
s048,s053,8,0.029696329054200235,0.010449281450853424,0.5148425614699655
s048,s054,8,0.0865413883579342,0.06076761216483268,0.6961038176481945
s048,s055,8,0.04582881006313777,0.0038254881319828562,0.5867524361501254
s048,s056,8,0.044105810413731614,0.0706135138896781,0.4882563765576586
s048,s057,8,0.03180240557357261,0.0012402075807448982,0.5306924171461134
s049,s002,5,0.04993831974457424,0.007041042421909082,0.6775129807923281
s049,s003,5,0.10891815930409726,0.0005295672802703196,0.6819359708527754
s049,s004,5,0.11398810164188299,0.010711004643733665,0.6164243297559995
s049,s005,5,0.390914647598197,0.10758292817827798,0.6621919796848095
s049,s007,5,0.03913362947539472,0.046749633247407045,0.6433521151521502
s049,s008,5,0.11167080834306106,0.0013606192318547945,0.611908276709977
s049,s010,5,0.07506361534071292,0.0479923265591897,0.6499842331300599
s049,s011,5,0.05212074443974725,0.026721851985294746,0.6743976018638116
s049,s012,5,0.10589840957046583,0.028084464763058144,0.6935720097870536
s049,s013,5,0.06753613569783434,0.0652885372319179,0.7894406327188084
s049,s015,5,0.04512625187728988,0.11898517028626679,0.7085269341223256
s049,s016,5,0.10168649011475292,0.062251947399201604,0.6662253051169241
s049,s017,5,0.06304352383763687,0.0021189346131064058,0.7882639235924438
s049,s018,5,0.15608864197612815,0.08424839710110878,0.6798896470187233
s049,s019,5,0.21136006998943274,0.10791371727970858,0.6291389140562287
s049,s020,5,0.06462183246438584,0.0006915903319759799,0.6995118189491566
s049,s021,5,0.0965693797351225,0.01920112761949985,0.7965895294116866
s049,s022,5,0.21354684502058968,0.19306085819375962,0.6403572056771348
s049,s024,5,0.05907413374932009,0.046652646075887275,0.7041025168146381
s049,s025,5,0.13328805955331738,0.07913996845507479,0.6774988534231661
s049,s026,5,0.12307993594923308,5.995748144592909e-05,0.6071282534086797
s049,s027,5,0.050260549065191486,0.0001973104055571045,0.5794417724608374
s049,s028,5,0.07620626190022493,0.00014006156683569676,0.7778296959194556
s049,s029,5,0.07019198137392024,0.10977884836911997,0.6975227517626065
s049,s030,5,0.15469458940245473,0.18620752738579896,0.613087398576786
s049,s031,5,0.09514897456335578,0.0001261355757446495,0.5824214226314425
s049,s032,5,0.16988682191917293,0.025186108783140076,0.7392755888511061
s049,s033,5,0.177269595240668,0.04822198439300066,0.6517402448123004
s049,s034,5,0.06456575388065577,0.04237023470489943,0.606281361448777
s049,s035,5,0.12300520407087677,0.05822915219974091,0.6445674626439354
s049,s036,5,0.19517336104784222,0.09172393239504338,0.5469636100998484
s049,s037,5,0.047109715452685275,0.07037461574311366,0.6330555401924731
s049,s038,5,0.12815328640448495,0.000652591282520863,0.5943394760521593
s049,s039,5,0.27632747812309605,0.05054015482740063,0.6044569259554272
s049,s040,5,0.08514594563000502,0.003886623311196852,0.47515432803242297
s049,s041,5,0.15867687573156386,0.0004727327991579238,0.8093013660375854
s049,s042,5,0.08960294280653709,0.08515594730730908,0.6440743241630457
s049,s043,5,0.148304047457158,0.0033504241406285256,0.6746470385193942
s049,s044,5,0.07895533828564334,0.049503474470064555,0.7827661136014888
s049,s046,5,0.16416082610439833,0.028048581250276483,0.7357415630457629
s049,s047,5,0.07267329724288571,0.06759136931402025,0.4829467743897095
s049,s048,5,0.048070340407308045,0.01778923653315922,0.6366604396419763
s049,s050,5,0.06202904816939544,0.06112596617487968,0.6282984738111257
s049,s051,5,0.0929431929348425,0.08422715249137273,0.6863231377034595
s049,s052,5,0.0999299348429642,0.0018312541646493435,0.5247482800519082
s049,s053,5,0.03649882984814645,0.33793401725316297,0.710332929532769
s049,s054,5,0.09107612282332765,0.05959611890307169,0.736049002125377
s049,s055,5,0.10178870096924197,0.028435105203152768,0.6958884345480713
s049,s056,5,0.06941289551473638,0.15062741233845736,0.6365002970750462
s049,s057,5,0.07580070548628581,0.17505100976275037,0.7259929638674602
s049,s002,6,0.08059281992396992,0.02427613258285827,0.6947135386282935
s049,s003,6,0.08934185574778171,0.004023096509971013,0.7538112636666902
s049,s004,6,0.10650420474392155,0.0401671608309374,0.6857349520367927
s049,s005,6,0.5289515083966885,0.18092536997107667,0.7584450890893627
s049,s007,6,0.038509000392213735,0.0027444200196779234,0.6711074707635523
s049,s008,6,0.11645642442059265,6.647887901182381e-05,0.7275104147929735
s049,s010,6,0.18434357347595462,0.011021045794529262,0.6133730435972222
s049,s011,6,0.060189040222347875,0.0630666812499821,0.7821455294491285
s049,s012,6,0.0678933732822344,0.1207319696092561,0.7577047313345006
s049,s013,6,0.07511176365493473,0.058002596754690536,0.767879734385681
s049,s015,6,0.03270399756094561,0.11656324704123232,0.6893063090969316
s049,s016,6,0.07916336976647748,0.04431700017381506,0.6299917314983828
s049,s017,6,0.06872677330338824,0.00668928005646132,0.8107566034288445
s049,s018,6,0.09958469529118975,0.09309025174951484,0.7837561050080702
s049,s019,6,0.1747527735885621,0.14051829010968106,0.7078161372167584
s049,s020,6,0.09146293710244982,0.04272401869887141,0.7945465499911472
s049,s021,6,0.07023804976278279,0.0006034825011715695,0.7204093659922451
s049,s022,6,0.1750243062850615,0.2768628436900205,0.7409205342997829
s049,s024,6,0.06692422576685012,0.0049241446123898264,0.7820814667380903
s049,s025,6,0.09761429140425314,0.041980502888521336,0.7349838440564516
s049,s026,6,0.1658549549298644,0.011081468268858577,0.6905899059042451
s049,s027,6,0.06032245070621122,0.011826222439162822,0.6043419752512156
s049,s028,6,0.06635377544794634,0.011898748166268725,0.6497819294979099
s049,s029,6,0.06536289611298317,0.1068147170778413,0.7234494634773916
s049,s030,6,0.21780712700788055,0.23763028286392862,0.6725535933652377
s049,s031,6,0.07897255475244781,0.009519525652182361,0.6658542243634349
s049,s032,6,0.08074054661808934,0.03241892254095509,0.8044576465486797
s049,s033,6,0.15086389117453064,0.0031760773068006103,0.5630628052726617
s049,s034,6,0.0665522254959746,0.016180903659931967,0.6562594819162834
s049,s035,6,0.12741929807840494,0.09005577403631772,0.6538416095500341
s049,s036,6,0.2287787110214874,0.20378241058466315,0.6906297087447939
s049,s037,6,0.04308216744107971,0.12837588618060972,0.65240874800387
s049,s038,6,0.13434140546783113,0.00039325638127422744,0.5633790772182865
s049,s039,6,0.1992654213513793,0.048398601811390614,0.5569201615559531
s049,s040,6,0.07321527557878674,0.006191548300930321,0.48973958516926924
s049,s041,6,0.16494332088457186,0.01986004580556944,0.7294411409160265
s049,s042,6,0.08417385698136692,0.041262893200394814,0.5725192930809745
s049,s043,6,0.11736688008327455,0.04804965029840049,0.7792163709241297
s049,s044,6,0.10880333431822943,0.013305120660075347,0.7852902973657725
s049,s046,6,0.13000124006178496,0.003573741185977398,0.6898166664261455
s049,s047,6,0.07139205522161911,0.07693127809766205,0.5555710203386621
s049,s048,6,0.04146839290178478,0.03690079285000105,0.7539314491309025
s049,s050,6,0.05792917020252076,0.00012299170400026946,0.5904740076697813
s049,s051,6,0.08124911229748052,0.06964420456629784,0.7279267726797478
s049,s052,6,0.09666208048862161,0.0022725864699476915,0.4828443076501376
s049,s053,6,0.029329045456397376,0.20981837157888839,0.6413133809051258
s049,s054,6,0.10616184703016411,0.03859992888218989,0.7315869198863104
s049,s055,6,0.1051433488133495,0.022136111616640638,0.7809111260754663
s049,s056,6,0.07652371869269077,0.1655166216405827,0.6477868079097527
s049,s057,6,0.05862321261049746,0.18185652052663148,0.7852886883113588
s049,s002,7,0.07463310030538248,0.00040624897992514537,0.7446941161109389
s049,s003,7,0.09199157111697863,0.0009134086693422824,0.6580585080668356
s049,s004,7,0.12594987643395103,0.010733762713446997,0.6489049491497118
s049,s005,7,0.323306796143515,0.07340304505566171,0.6842979748131687
s049,s007,7,0.05017821936432012,0.1258631702991799,0.6760195710237721
s049,s008,7,0.14191003134880753,6.99772189738202e-05,0.6036917108876331
s049,s010,7,0.15586460063909546,0.06638453061846632,0.6762998858570975
s049,s011,7,0.0711314647505051,0.008939654356120779,0.5605923798023585
s049,s012,7,0.09623684057109595,0.00879369459802838,0.5560978127824169
s049,s013,7,0.07257764402699766,0.007089919398109973,0.7573759541173157
s049,s015,7,0.046093777351497695,0.17748730407752403,0.784515953153978
s049,s016,7,0.09591207495393622,0.0019736888140418907,0.659595485794497
s049,s017,7,0.10666787583323485,9.48732898269341e-05,0.8032243856062494
s049,s018,7,0.11732108137815718,0.05110135118938951,0.6149811084716205
s049,s019,7,0.14782970611773313,0.1920627866885699,0.6367998403249016
s049,s020,7,0.1122967633903407,0.007151323675685865,0.6520978706778808
s049,s021,7,0.09532105191430937,0.004057990875598589,0.79472879845427
s049,s022,7,0.1351005896390411,0.05572604284365451,0.4801613448941914
s049,s024,7,0.0959132953867496,0.046445169716018274,0.713407287336781
s049,s025,7,0.15686777851684186,0.04358948523364748,0.5677493857979082
s049,s026,7,0.23343711400957795,0.004983220117441799,0.7392090582899723
s049,s027,7,0.06449491407706404,0.004241107114793504,0.6430749396227662
s049,s028,7,0.1054128063049262,0.020610194565823334,0.7461291370096548
s049,s029,7,0.06088905011082735,0.10453809133188036,0.7604165931784469
s049,s030,7,0.12636179992511776,0.012189730424903965,0.597855903757089
s049,s031,7,0.0741857375379529,0.008783335893080533,0.5862208182402235
s049,s032,7,0.2590757606319308,0.00043893031277670105,0.7214584922133195
s049,s033,7,0.15127784473429054,0.12653063596367134,0.6394536018349356
s049,s034,7,0.07981650657722288,0.06879506627451983,0.6157430333232826
s049,s035,7,0.10509253173829822,0.07005959494456436,0.7730187967117701
s049,s036,7,0.1981855617312459,0.013889637864274537,0.3575035451550683
s049,s037,7,0.0838785502037816,0.07576573850846637,0.6558400764846248
s049,s038,7,0.23062836643531315,0.001007751443224383,0.6790578336495114
s049,s039,7,0.3466756785432421,0.11729503662129943,0.7595897472704493
s049,s040,7,0.1347592127536522,0.0014811291417892456,0.610423649138754
s049,s041,7,0.21404969235093468,0.02382131052043533,0.7042432042353137
s049,s042,7,0.08389093762291894,0.046066638749253645,0.6425629238667888
s049,s043,7,0.0908401851631935,0.0017061589157817917,0.5706266280912897
s049,s044,7,0.14965932354109168,0.02375400714602405,0.7202293153090007
s049,s046,7,0.2546369586148074,0.027883935421839437,0.7553648208861917
s049,s047,7,0.10304558159536335,0.11624124601492664,0.5682766755109679
s049,s048,7,0.0708861459101684,0.03990466653708626,0.6040621772809894
s049,s050,7,0.10474958545766086,0.06680315772312037,0.7489537940977626
s049,s051,7,0.10546095307381918,0.11005478856185535,0.740785717523721
s049,s052,7,0.13177356154975556,0.007940973786337156,0.667560973625003
s049,s053,7,0.05275801784731463,0.1298165379951462,0.7720181652479584
s049,s054,7,0.17933692419840488,0.0009492056824381419,0.7612134868166565
s049,s055,7,0.14585092998567145,0.008286647779597131,0.6552777064713481
s049,s056,7,0.08061587738421937,0.17363375463695352,0.5823930594970489
s049,s057,7,0.09297111560501792,0.0790299832252136,0.6643924848121672
s049,s002,8,0.1130320737162003,0.010729462029225827,0.6558852088585528
s049,s003,8,0.16566290896444005,0.06313320492006909,0.751961939835775
s049,s004,8,0.12743570215880265,0.0031883855728085547,0.5245111975358187
s049,s005,8,0.5352051821685083,0.07697331913072994,0.603862526704678
s049,s007,8,0.12358353991607561,0.09499911655855171,0.5790417786065393
s049,s008,8,0.1560924519601964,0.0010009800114236067,0.6934030464657841
s049,s010,8,0.24743665860092473,0.010652849184669137,0.6098652692277692
s049,s011,8,0.08458007356553487,0.1350891730807022,0.7668727388966207
s049,s012,8,0.10883262234267439,0.19820554136023372,0.7671662058602724
s049,s013,8,0.13531613769328685,0.10709001056796584,0.7759243489347586
s049,s015,8,0.114443098792905,0.045184314007657385,0.6783723955675494
s049,s016,8,0.17469558143281355,0.09924391881639608,0.6278281989034521
s049,s017,8,0.17732647316146496,0.021810496958107595,0.7918652792248723
s049,s018,8,0.09297281061738,0.17336653499301258,0.7703709057514126
s049,s019,8,0.3140041736769296,0.14045224326420613,0.5733397474215403
s049,s020,8,0.09302144822357775,0.07945336090661018,0.7166640058009095
s049,s021,8,0.09415982854639143,0.001824003780741433,0.7024836160893951
s049,s022,8,0.19492555587218865,0.30878539604857663,0.7387891988564265
s049,s024,8,0.19515676514144864,0.0009863375577987648,0.7180460065100759
s049,s025,8,0.22106516915143254,0.031772999451331975,0.6659067144017362
s049,s026,8,0.32763510323163325,0.0008390078050230393,0.5161176515739613
s049,s027,8,0.11710652671475413,0.002651945269309517,0.48287742923275223
s049,s028,8,0.08439510064458962,0.00034275611195983897,0.7309469658168597
s049,s029,8,0.09032600530202751,0.2648006879053803,0.6884875796646047
s049,s030,8,0.27729893920992227,0.09037908775725131,0.5346204804646238
s049,s031,8,0.09996498663672382,0.008252523959207312,0.6166172929839747
s049,s032,8,0.14762240611194796,0.06161262757351022,0.7528263428155998
s049,s033,8,0.15228489071240162,0.02042971946352177,0.5698763729526924
s049,s034,8,0.08131627495940451,0.04004158995527786,0.6298390993662512
s049,s035,8,0.1801037441942074,0.11693935176989395,0.6291797223498187
s049,s036,8,0.15480104423541882,0.3058686617145115,0.7401359833255264
s049,s037,8,0.09126422782076492,0.2260617143066759,0.6590945997896392
s049,s038,8,0.16006129651828666,0.0002686321267258234,0.5738881850477899
s049,s039,8,0.23623986067759822,0.05818673479350767,0.588365520299052
s049,s040,8,0.12963976506918862,0.0007517610427467728,0.5124992565003955
s049,s041,8,0.1916136254247547,0.005979745856157424,0.7708505161455053
s049,s042,8,0.20038933653895108,0.03314104025530161,0.5175042026368605
s049,s043,8,0.19856187142770734,0.0838402474156309,0.7919176401495942
s049,s044,8,0.07685598233763179,0.0019817370190059664,0.7095590976964252
s049,s046,8,0.2770572480486171,0.030902951492567794,0.611864989051172
s049,s047,8,0.15188421081429535,0.05008052294152448,0.46755793698317205
s049,s048,8,0.08564772405423217,0.03171472808555565,0.6836888263070366
s049,s050,8,0.1013993416234665,0.012617319969835944,0.5123203677743347
s049,s051,8,0.20223459544033612,0.15818657695847319,0.6505390226278077
s049,s052,8,0.1479263397290865,0.035649968535120966,0.524811289818774
s049,s053,8,0.05055540069951071,0.22153229807977795,0.750065571016901
s049,s054,8,0.21346511580402508,0.002913444447292082,0.703211068300035
s049,s055,8,0.17493460957109705,0.061230743911637825,0.8454957837508038
s049,s056,8,0.08907470340432891,0.25756524035773093,0.6810697635049875
s049,s057,8,0.0953999861174829,0.2014598109037467,0.7298253754851238
s050,s002,5,0.026058166114744263,0.052804595462403396,0.7695418219026519
s050,s003,5,0.06753885186494216,0.04917187567169835,0.619562408915293
s050,s004,5,0.03329573400844339,0.0977276148048076,0.6484775854770871
s050,s005,5,0.03160632313855412,0.03209256393894024,0.648989163449669
s050,s007,5,0.05515971045185705,0.0009418891573557108,0.7055781896134545
s050,s008,5,0.08295008235538844,0.027183062336549924,0.6092921181333333
s050,s010,5,0.19327251225482253,0.07060243701591916,0.7666941137377014
s050,s011,5,0.030186389642867073,0.02531677561372775,0.5144535522665048
s050,s012,5,0.03257384059080302,0.026708118731395607,0.5693787809503239
s050,s013,5,0.0537880674913473,0.001932729252502586,0.7183933368028648
s050,s015,5,0.0318665470516633,0.020011190806558363,0.7102148579489858
s050,s016,5,0.04708513805709655,0.1314406060715162,0.6016556746043645
s050,s017,5,0.05265507321333509,0.0006334866380787288,0.740746144182063
s050,s018,5,0.02924115368300836,0.023813444652350614,0.5752345430662854
s050,s019,5,0.028608879735906558,0.01087363878821236,0.6368971830098198
s050,s020,5,0.06095061308950009,0.0734444921652398,0.5253501480209837
s050,s021,5,0.0761898615184107,0.003973286119224985,0.6972804543722759
s050,s022,5,0.028980239086047684,0.003465971166182355,0.40957572715564705
s050,s024,5,0.04424420540122103,2.8137819738071065e-05,0.7195269898479325
s050,s025,5,0.045455127505739885,0.014590957983591724,0.5306042691630979
s050,s026,5,0.06562880702504653,0.05499241042701078,0.7343291574624374
s050,s027,5,0.028106410030652167,0.06723130796913034,0.5287324665563651
s050,s028,5,0.020765261425362884,0.008486992960684944,0.714816841567995
s050,s029,5,0.03425089379195551,0.00900600100403497,0.7841646997829973
s050,s030,5,0.025250027210140417,0.0030783651949591742,0.6366977711822521
s050,s031,5,0.0592435377728554,0.03212011100904211,0.5473164611025542
s050,s032,5,0.04956358923035322,0.0018246945969213023,0.7580532197625398
s050,s033,5,0.024378922222440248,1.3277993395209888e-05,0.6769182785469635
s050,s034,5,0.044246936292410693,0.0015906614152192504,0.528619554227316
s050,s035,5,0.04282647383925071,0.02516236017615034,0.6919712241373324
s050,s036,5,0.05978083206378925,0.00026680324801565535,0.2452800487583134
s050,s037,5,0.027373047355958108,0.001002406898932957,0.6938180328285354
s050,s038,5,0.06919728215039919,0.14942516033243838,0.8094517016095436
s050,s039,5,0.06800980960929971,0.15078635345627303,0.8127135633806349
s050,s040,5,0.03574620285668527,0.1153295898204582,0.7805667482169834
s050,s041,5,0.0771663953217386,0.002046344627922422,0.5900908617808633
s050,s042,5,0.03549996651231123,0.11456942443285716,0.7230629167100039
s050,s043,5,0.036687949367910415,0.036575440902645924,0.43607860494972
s050,s044,5,0.04340097214840851,0.039032670813118765,0.7112524014425095
s050,s046,5,0.04485413378754476,0.07492155301703303,0.7098337650474509
s050,s047,5,0.03783817300886495,0.006340870638341543,0.7148668711740849
s050,s048,5,0.04100423750042146,0.0016662072724303834,0.5663496086588822
s050,s049,5,0.08377132588752821,0.0294746177967668,0.576787286731721
s050,s051,5,0.026217607935624283,4.2861852829684275e-05,0.7016332880223229
s050,s052,5,0.026786007183442293,0.0629994775434016,0.6729866746340173
s050,s053,5,0.04707751144720994,0.18146420870082627,0.7331725661970753
s050,s054,5,0.059380931127045226,0.012294153861620274,0.85234487776351
s050,s055,5,0.07534666673850837,0.010166465230517964,0.5877196976804143
s050,s056,5,0.040752132598134094,0.02228357585945899,0.6853271873255794
s050,s057,5,0.028573982613019553,0.041732380035383786,0.6161459879858314
s050,s002,6,0.0550210809532234,0.06884264320648763,0.72908298147426
s050,s003,6,0.09674606065351105,0.0727323513980006,0.5784411025723739
s050,s004,6,0.12261824278228978,0.06345482588456154,0.6707184323095426
s050,s005,6,0.09144389248916932,0.0016421550744535238,0.6424985489803627
s050,s007,6,0.13522466135205674,0.06298558925358039,0.6353899144643261
s050,s008,6,0.14922528606950977,3.084120748184841e-05,0.5332023173622233
s050,s010,6,0.23441251309579297,0.020041836282968503,0.8183717798438178
s050,s011,6,0.09899918626550733,0.0040808770365761415,0.47096972299993906
s050,s012,6,0.08492854169824665,0.03585196073687777,0.5244613982708909
s050,s013,6,0.16043624117963395,0.006054930608381883,0.6475849490975804
s050,s015,6,0.08885588553242543,0.0007179865485779518,0.6232215983031424
s050,s016,6,0.10108550694594076,0.17101226634606212,0.6453394276749548
s050,s017,6,0.2037102145769017,0.09367475547696054,0.6564399358167186
s050,s018,6,0.07664503799896152,0.014868182261420148,0.5870539925199667
s050,s019,6,0.08799342689739659,0.0004149156754967222,0.6768083793552243
s050,s020,6,0.08640051389487928,0.007229226275425921,0.5277934965148693
s050,s021,6,0.11329564810285297,0.018697336242580007,0.648862808576528
s050,s022,6,0.10376386709891547,0.009333829894241153,0.42428176200305195
s050,s024,6,0.14196441937207221,0.04538912539776406,0.6430117526623854
s050,s025,6,0.13672015321442396,0.02175914242710239,0.5490229473231752
s050,s026,6,0.17959747637405146,0.06231703828179327,0.6399356070040074
s050,s027,6,0.07084867432090355,0.07403489477080567,0.6348506785353489
s050,s028,6,0.06681784279390625,0.05586639955408693,0.7677309765352128
s050,s029,6,0.10383470105271768,0.0022776278400827785,0.7606077883890476
s050,s030,6,0.07950946694991388,0.004599049937848792,0.5992017989750911
s050,s031,6,0.06407527547786811,0.05692199371126004,0.5769632321660471
s050,s032,6,0.10969734375667788,0.00023925185879020803,0.7285948888418023
s050,s033,6,0.10130978002392833,0.010944501118316234,0.7849866708198229
s050,s034,6,0.14453292348523772,0.005268683254656706,0.7018949621303385
s050,s035,6,0.2224534002347832,0.08207603641025744,0.6381781828820094
s050,s036,6,0.11705545654429972,0.003829906583957655,0.271235055052691
s050,s037,6,0.06712110716570428,8.091537426828108e-06,0.5210809642836989
s050,s038,6,0.07147859620494007,0.226974729661524,0.7062835339463491
s050,s039,6,0.1190276072148812,0.2108493585594108,0.7120173652935203
s050,s040,6,0.061197541953951815,0.11434103824036564,0.7142475762533051
s050,s041,6,0.12658951210338376,7.445249023312092e-06,0.6407970082536653
s050,s042,6,0.09221024849500796,0.06692428063879456,0.6861448487070726
s050,s043,6,0.07449369917165055,4.984258118332853e-05,0.38431127791630354
s050,s044,6,0.08800085028678661,0.09416731233671338,0.6399666766714623
s050,s046,6,0.08834346948294212,0.037889765743885986,0.7748264461563379
s050,s047,6,0.05563198968991582,0.015133008990190159,0.7971879923192033
s050,s048,6,0.10546874223223514,0.0030336376140503987,0.5710230586970212
s050,s049,6,0.1523542167391125,0.0001300446109089025,0.5796455064347852
s050,s051,6,0.12329749719030282,0.012857954137653067,0.601543100199746
s050,s052,6,0.08496241506320397,0.15042822389770732,0.6656689585868069
s050,s053,6,0.1069070065289792,0.230032464905658,0.7060683710367057
s050,s054,6,0.10814706989060159,0.03665676246210168,0.7482594330596156
s050,s055,6,0.15474590355203466,0.01192939020693953,0.500376236957479
s050,s056,6,0.08498723500981384,0.030211063862836098,0.6639292984303773
s050,s057,6,0.09067395910227316,0.0652671803110246,0.5705352751989788
s050,s002,7,0.10030867928352839,0.0004423598474403487,0.7027726577314006
s050,s003,7,0.1287411423127405,0.0002028191694839579,0.5398312783607978
s050,s004,7,0.09452683432345914,0.016725296335520043,0.5466367186492024
s050,s005,7,0.061894505490761025,0.004617226314590185,0.6294242444064873
s050,s007,7,0.11300224455415016,0.01218075584697465,0.5885442988865763
s050,s008,7,0.09456715939924867,0.021411524910968267,0.6270825480467239
s050,s010,7,0.28852595196819814,0.12883419689727338,0.6751869844978257
s050,s011,7,0.06682762874966747,0.02514424145581609,0.5242325574872847
s050,s012,7,0.06027544157981217,0.053067377588392264,0.5070247783565515
s050,s013,7,0.11961288428979389,0.0958779784377521,0.5992880782661127
s050,s015,7,0.10801323869949706,0.004016833799308897,0.6528975169963042
s050,s016,7,0.13596691777403805,0.02135389631818541,0.5593510277565676
s050,s017,7,0.20981668681759738,0.07871289240828457,0.7331557445167803
s050,s018,7,0.0789292690835447,0.04117539356748169,0.6137082074752891
s050,s019,7,0.08815519795576561,0.003511495795335715,0.6060563135854147
s050,s020,7,0.1423141817035017,0.022538817600145002,0.4686335937773441
s050,s021,7,0.11276082419601235,0.006462956929806176,0.6553344054210604
s050,s022,7,0.08439203671145283,2.699023691276264e-05,0.36869828505560276
s050,s024,7,0.14303012173607021,0.14747925813650245,0.640493457434788
s050,s025,7,0.12311793912124527,0.0029819931773151535,0.6624401161399929
s050,s026,7,0.15804151032080394,0.020187544749495995,0.5873083350249789
s050,s027,7,0.08119566789568715,0.011158374376853127,0.592519772355588
s050,s028,7,0.08419582369444709,0.19747657329729482,0.6096303297142754
s050,s029,7,0.11158016792092511,0.0005912544806861044,0.7302987998481827
s050,s030,7,0.06710004486723814,0.013784024153106941,0.5266228820587426
s050,s031,7,0.0805836052402887,0.00019944485561962437,0.6335990855961812
s050,s032,7,0.10357765220819917,0.0056455658289499035,0.6899622751143673
s050,s033,7,0.06716423292957811,0.13863589489159256,0.6250648402876734
s050,s034,7,0.1409392829446951,0.06231204457184494,0.619416262618783
s050,s035,7,0.17254326875276668,0.12954368901534424,0.6734242965425188
s050,s036,7,0.13357583615017823,0.01704588644516015,0.32226654136581107
s050,s037,7,0.09707096484564018,0.04427787471835742,0.5768311819032073
s050,s038,7,0.14396428772571174,0.0012084401877400926,0.627685859040923
s050,s039,7,0.07638270455985703,0.06492843359572692,0.6740842518816215
s050,s040,7,0.058564338184031395,0.18112927016886737,0.6430379171444298
s050,s041,7,0.17017389203998814,0.00846134016537986,0.6220551604417356
s050,s042,7,0.10026888060108227,0.03163833694855745,0.5644033356137336
s050,s043,7,0.06472576082020716,0.013779142478766073,0.3724758665241666
s050,s044,7,0.14878048134360355,0.04247534775762766,0.5490154035439361
s050,s046,7,0.060683564903722495,0.004457750255905643,0.6828741528344032
s050,s047,7,0.11379489273856168,0.0005247407171730104,0.6688729617739465
s050,s048,7,0.07150244905722997,0.0031419097160590766,0.5842782286630425
s050,s049,7,0.12440360324622791,0.007603007490522675,0.5040178925508275
s050,s051,7,0.11304927930009386,0.005503093109687473,0.6399160359218795
s050,s052,7,0.07492629311323758,0.12135269785337824,0.5983203430665103
s050,s053,7,0.0890413202502267,0.018173557798184643,0.6658393300238185
s050,s054,7,0.11017873452222976,0.010651650216104196,0.7492467069433666
s050,s055,7,0.15961597814187073,0.07271318423465145,0.6371705775951395
s050,s056,7,0.07629328930928642,0.019634830089820466,0.6004435382334112
s050,s057,7,0.10108002462415953,0.004271667208633661,0.5251289348676855
s050,s002,8,0.06207616106674994,0.021059539363629542,0.7809061062402847
s050,s003,8,0.049469086416455185,0.1866490249561389,0.7298200008545627
s050,s004,8,0.05829975193735431,0.01790583097968662,0.6876536848352379
s050,s005,8,0.07761873976219927,0.03898098334522295,0.591364810524874
s050,s007,8,0.08353900164277836,0.016429188936104285,0.6748621869366591
s050,s008,8,0.04409199262574893,0.00390692911123743,0.5903797040065326
s050,s010,8,0.22361984935941484,0.10822009035092009,0.6898423567601321
s050,s011,8,0.04478594997586086,0.0016439339641341894,0.5793132732039328
s050,s012,8,0.05297175019570166,0.03870846840356768,0.5793866653128286
s050,s013,8,0.1818822186161203,0.0545720908294529,0.6686676722496278
s050,s015,8,0.05694891487196482,0.004158166852027618,0.5843046102041443
s050,s016,8,0.061197239485405064,0.020026581433465196,0.5593376313495194
s050,s017,8,0.12025718993595796,0.03727927530692378,0.6630858739453491
s050,s018,8,0.061298520517873406,0.014750390254360566,0.5724587553850119
s050,s019,8,0.1075175540375461,0.01683695119066227,0.6101166322047532
s050,s020,8,0.11407751867133249,0.06468100505058276,0.4867291335130347
s050,s021,8,0.08120742610686607,0.00043237641476945066,0.586010352710913
s050,s022,8,0.03857904151314118,0.05963238144937054,0.48489141628016375
s050,s024,8,0.06703975169619339,0.05929844418075656,0.7215829289922986
s050,s025,8,0.06719322154139078,0.00034832755709679784,0.5883214942916816
s050,s026,8,0.12255077731827521,0.24006881364852362,0.6553677005554892
s050,s027,8,0.049616483766080924,0.04676141973245892,0.6427624332350721
s050,s028,8,0.04974898681535893,0.058012824838440634,0.6679426854424128
s050,s029,8,0.08157233107600248,0.059718692960703576,0.7351817841166309
s050,s030,8,0.06939419411796283,0.00866194512540429,0.6383261075064286
s050,s031,8,0.06247041747425202,0.018967094564425906,0.6080690601174461
s050,s032,8,0.09436881804077359,0.0827213409053642,0.7048760562865506
s050,s033,8,0.043299224464102615,0.03210758676074235,0.6084955665917535
s050,s034,8,0.12043881805075969,0.0015514665748553504,0.7900799747260756
s050,s035,8,0.14852750497971015,0.047496123434689265,0.6562476001701399
s050,s036,8,0.06935004554417515,0.02319051183951474,0.3011110429934646
s050,s037,8,0.07282338589813764,0.023452048114159175,0.5957676999798193
s050,s038,8,0.05880583393648643,0.1134146179547682,0.749547298782736
s050,s039,8,0.07861607772975221,0.14223737958671417,0.7413610506105378
s050,s040,8,0.03718122746604193,0.11657713981490199,0.7736986992470573
s050,s041,8,0.08881126703668313,0.036565038671792054,0.5683152858865669
s050,s042,8,0.05314071862949661,0.007360339229438455,0.7059160366747863
s050,s043,8,0.041524164215429794,0.05061610528852983,0.5108134291053743
s050,s044,8,0.06086179923758513,0.05113982619291433,0.6589701739914535
s050,s046,8,0.0766230905332851,0.009235363409958713,0.6466227085416391
s050,s047,8,0.06303428224148096,0.002673747215415147,0.7010589536737949
s050,s048,8,0.0563523694563905,0.000585733996522055,0.5345450876124146
s050,s049,8,0.05203816875211783,0.03634611914724557,0.5300990432773415
s050,s051,8,0.12782502078411695,0.04221771622882545,0.6359887262924134
s050,s052,8,0.05734138190374431,0.09261499300018147,0.650875429352041
s050,s053,8,0.07986271159082857,0.04069040421684326,0.6553747513173777
s050,s054,8,0.08255327553018042,0.0029388511532732874,0.7485621449541351
s050,s055,8,0.0664763308416629,0.00017078894749511829,0.5644166772403018
s050,s056,8,0.0722151705513738,0.12708117015568585,0.7364443553291019
s050,s057,8,0.07703254503227133,0.0035980807217048513,0.5982038463805547
s051,s002,5,0.2286959993315231,0.006846960661588132,0.6999685313016846
s051,s003,5,0.19945334037912804,0.11438491946592552,0.8027923693475175
s051,s004,5,0.25396492140251803,0.04236177636135211,0.6025772823050413
s051,s005,5,0.14986193419146185,0.19435235851292992,0.7048156802986942
s051,s007,5,0.4878921249211315,0.14550509442757223,0.729019881877149
s051,s008,5,0.11753230388927059,0.0015235039911866484,0.6996179950687009
s051,s010,5,0.23411121690463924,0.026877486566598982,0.6768114928208488
s051,s011,5,0.2000582352098565,5.9539579946742546e-05,0.6822667529262552
s051,s012,5,0.36938430880139234,0.0014882840950251998,0.7318564334177581
s051,s013,5,0.18344892975864815,0.1578833730998152,0.7458083567517881
s051,s015,5,0.3574065547084536,0.07415003519897106,0.7234153010401532
s051,s016,5,0.1239484795851995,0.007285274823171845,0.6751816245249513
s051,s017,5,0.19833581618273494,0.016404703421587747,0.7299963018541503
s051,s018,5,0.24227206378272254,0.05507452342057662,0.6735805598125787
s051,s019,5,0.14090801257733274,0.13493162136098513,0.6980457546339726
s051,s020,5,0.20064468574813127,0.06933060605328026,0.6784737930449986
s051,s021,5,0.21285304187039367,0.0034740692102785075,0.7191384696059389
s051,s022,5,0.1441091760105666,0.2348295992989791,0.6643984869260422
s051,s024,5,0.09663005224789623,0.019867547281178292,0.7835946186936428
s051,s025,5,0.21412164594369662,0.06255502035701163,0.6620670343318841
s051,s026,5,0.20043513148936914,0.049392674025462734,0.7166479845740468
s051,s027,5,0.2104723174617678,0.06742716792523401,0.5118210652677059
s051,s028,5,0.22976312695554718,0.0019112727818365422,0.673623367147787
s051,s029,5,0.3941338317690447,0.12993712131605317,0.7364242609173948
s051,s030,5,0.17943742984989572,0.022871546486262433,0.660864270953534
s051,s031,5,0.23174424358727091,0.02570336522971146,0.5903354915482416
s051,s032,5,0.23157786557117863,0.03968334666007281,0.801291844129749
s051,s033,5,0.13608211628904615,0.04121686448206621,0.561823562014262
s051,s034,5,0.2612334595998855,0.0002663898919448852,0.6424988920374051
s051,s035,5,0.143048362062748,0.0012301686424059672,0.564167095692333
s051,s036,5,0.20298109935751282,0.11641714622667336,0.5191950324185793
s051,s037,5,0.2200704739882835,0.029050224855442768,0.7470342332569988
s051,s038,5,0.2929779856185521,0.0005701635977289846,0.7273675688568039
s051,s039,5,0.1928710651107901,0.0071611935060142224,0.6286646818014922
s051,s040,5,0.21173178828072686,7.116286669162662e-05,0.5727375522848743
s051,s041,5,0.22394788208128869,0.010045941984717746,0.6527985508018552
s051,s042,5,0.2317241601836508,0.0005142059298608048,0.6367216402408981
s051,s043,5,0.10610681636762684,0.05948269555741108,0.7322098452897087
s051,s044,5,0.16909533701751456,2.8778832588712266e-08,0.7975899194149141
s051,s046,5,0.2659692314384053,0.011578153135273809,0.7335496594535283
s051,s047,5,0.1923183630048661,0.019578658269304043,0.48816826781196665
s051,s048,5,0.25648331657302,0.04115648428519023,0.7415474888798673
s051,s049,5,0.10350720687512462,0.1954146653300814,0.7511036802934139
s051,s050,5,0.12474262527772509,0.027560794874749862,0.6865027642138916
s051,s052,5,0.23559231489127289,0.004674297997451482,0.5206958283533508
s051,s053,5,0.3326017912217931,0.09899411339737715,0.6573744135221691
s051,s054,5,0.20310187953925707,0.05956328871770584,0.7807336780601568
s051,s055,5,0.24835034236375447,0.0025501606304059714,0.7569090777749427
s051,s056,5,0.23370057371716596,0.014490193970474336,0.6487978639228903
s051,s057,5,0.2876778391963658,0.06386548958903819,0.7997283108049327
s051,s002,6,0.2263124335118997,0.0015611921912718012,0.7685759957984096
s051,s003,6,0.2671053575579902,0.06615920824862853,0.7539643702585419
s051,s004,6,0.18616538650724032,0.028964702892545602,0.7067947053193504
s051,s005,6,0.08517194888614711,0.049644688360754564,0.7169220473272855
s051,s007,6,0.2956059205802563,0.2393629753752428,0.7571047637762504
s051,s008,6,0.2689833301776877,0.027541897749094102,0.7362619258699022
s051,s010,6,0.25806331789726006,0.027352420486817693,0.7203773071993802
s051,s011,6,0.2599141410910339,0.03531126964036216,0.6704299795377902
s051,s012,6,0.21471786647354266,0.008465854041396676,0.7376229427933056
s051,s013,6,0.2667194350364107,0.05217647340458452,0.7944232112323835
s051,s015,6,0.30686366402286025,0.028466992063498023,0.6608421752830365
s051,s016,6,0.08086861787076098,0.014740615535870126,0.6660828867298481
s051,s017,6,0.3063720308902148,0.016305595787909903,0.8329941657237243
s051,s018,6,0.21141618527724562,0.07751353312236008,0.6941610934974158
s051,s019,6,0.10377394792736899,0.05185419741464281,0.7028535110646495
s051,s020,6,0.2512994379793357,0.06471954705571507,0.6726226086798418
s051,s021,6,0.21314373600190828,0.04732714081501995,0.6680663744537844
s051,s022,6,0.09239462126462274,0.07331236299999762,0.608156369759923
s051,s024,6,0.11583578927272523,2.112177295139828e-05,0.776218711854124
s051,s025,6,0.16752440842473698,0.07166340589800921,0.6870474586292418
s051,s026,6,0.14190942843747134,6.74249719287125e-05,0.6992237146295651
s051,s027,6,0.16641517083046414,0.0005058556347129206,0.6965073330837628
s051,s028,6,0.20684893427035908,0.01681948178956372,0.714956794230183
s051,s029,6,0.5482742523865687,0.01602324182206078,0.8029119762251898
s051,s030,6,0.1356665910010767,0.015598710016633002,0.6714410732680294
s051,s031,6,0.1502339959207099,0.004326236321352098,0.7612160176499081
s051,s032,6,0.30848903813076245,0.11676883949858406,0.8053370429088479
s051,s033,6,0.09694692524686156,0.08277123596827939,0.6206644081375325
s051,s034,6,0.18900500702498965,0.004739487314623032,0.7327943450529596
s051,s035,6,0.16464831263309576,0.11427214264565287,0.6703477314568934
s051,s036,6,0.1093404760647257,0.07126891433122817,0.5006450768837718
s051,s037,6,0.09017286249594594,0.0056142585313893,0.6537520990744375
s051,s038,6,0.26976915196650425,0.09394531311912192,0.6500778257328514
s051,s039,6,0.12779932097591926,0.0010423380723041634,0.6923040678598925
s051,s040,6,0.10432415559526065,0.035094861981958644,0.6598284847023329
s051,s041,6,0.12820080335233552,0.005093242855842909,0.6988774066505234
s051,s042,6,0.17242978467815484,0.005064566337490856,0.6673775775440078
s051,s043,6,0.1680392102354881,0.07548744440510191,0.6077952215609262
s051,s044,6,0.10395498238826249,0.14770493313432057,0.7212120460001848
s051,s046,6,0.28237161957516976,0.0013277230834468847,0.7426770475836667
s051,s047,6,0.16719194059472714,0.009478562763047586,0.605587015167881
s051,s048,6,0.3344599034622583,0.00471030679013328,0.6816874621019031
s051,s049,6,0.07916034317001955,0.17023131172466768,0.6697637171978498
s051,s050,6,0.1328921400554362,0.032050621557687654,0.7042686999558648
s051,s052,6,0.3276298168799123,0.00030563405053289123,0.5459303433466547
s051,s053,6,0.4517257476134312,0.016319536983270183,0.7324762723159833
s051,s054,6,0.2987819934073791,0.03646059809111938,0.7750345645022877
s051,s055,6,0.33994857441314835,0.10385955084469796,0.7604331748611343
s051,s056,6,0.2919193593166134,0.001649006152642379,0.766009036957284
s051,s057,6,0.20694700784136133,0.041346910239995635,0.7614993808104333
s051,s002,7,0.07922973588869923,0.029301479885296116,0.5720112995354166
s051,s003,7,0.07762499909479582,0.06163014984293327,0.7216656669214765
s051,s004,7,0.07494000799127472,0.0005912513514585184,0.5024548796022941
s051,s005,7,0.03139423078950842,0.17434998554094566,0.6606610665370378
s051,s007,7,0.08174738388066184,0.14746813763836672,0.8030230331701047
s051,s008,7,0.11013616787664302,0.0004364222487950159,0.6326350036390869
s051,s010,7,0.1386905975095477,0.0006725171422655796,0.4898453083965543
s051,s011,7,0.14596656911217176,0.01543461667438079,0.578985544782849
s051,s012,7,0.08878657294664719,0.01654130813584276,0.5668914039641557
s051,s013,7,0.16057465998995643,0.007695232094036044,0.6333668885264472
s051,s015,7,0.2038068783527916,0.1057101485786777,0.6360664363351043
s051,s016,7,0.02612747917962567,0.0040572914756537085,0.5994074362016232
s051,s017,7,0.09707129574942175,0.001733950181501095,0.7052547671224559
s051,s018,7,0.11690443717173522,0.02507217947663492,0.4791700959210383
s051,s019,7,0.047302076497964876,0.1715524622975813,0.6431702187225142
s051,s020,7,0.10097331707579735,0.053573187845038735,0.6218244941832324
s051,s021,7,0.10535269786636901,0.00470041033800548,0.45176491008129593
s051,s022,7,0.058013294163892906,0.011343217323233437,0.5012364574677661
s051,s024,7,0.029279119382718027,0.013004081493812285,0.5776892563214909
s051,s025,7,0.07578380233032084,0.05772932137767435,0.5819380063679059
s051,s026,7,0.04426944829437023,0.003718765019019365,0.6050489526649333
s051,s027,7,0.049992949066367545,0.014990053527627929,0.49816659994119417
s051,s028,7,0.10407375523202528,0.019995831517817673,0.5615304268015141
s051,s029,7,0.2724749832301945,0.06313030053666195,0.6422474386127665
s051,s030,7,0.05414302765864962,0.0001745146769584532,0.4965905981732773
s051,s031,7,0.16930073776515922,0.00027156307065172075,0.5941343245415005
s051,s032,7,0.24352052089714055,0.04541928336289487,0.595324286786954
s051,s033,7,0.05506931833496492,0.00504229812931984,0.40982600691030285
s051,s034,7,0.10411361950417593,0.00030376243744588513,0.6233337512354246
s051,s035,7,0.10670336540646375,0.008013217839517384,0.4773190441224954
s051,s036,7,0.042274583524558255,0.03894709432751628,0.3877335024724381
s051,s037,7,0.03694938844597811,0.003987718194570221,0.5058672310482155
s051,s038,7,0.12247791741253639,0.028505315611608503,0.48364250288992205
s051,s039,7,0.07333915090274476,0.0760515693979461,0.4473348745079676
s051,s040,7,0.062397844275819396,0.0033231617284161115,0.39148996841835193
s051,s041,7,0.06379170293795704,0.0023081225326126355,0.48502063276597585
s051,s042,7,0.039859976927133126,0.0022272570778654036,0.5578867553450156
s051,s043,7,0.04010879488338633,0.06791210672351346,0.46963713440891813
s051,s044,7,0.03547140125668095,0.0521711598037536,0.5504422992844605
s051,s046,7,0.1175853644776542,0.0055242292586002864,0.5713027811913951
s051,s047,7,0.039650185489727076,5.287802717591269e-05,0.4310918293073522
s051,s048,7,0.4256360437283057,0.06273200058428362,0.5827216225032653
s051,s049,7,0.05242037344647106,0.09059925987243055,0.5090578043522803
s051,s050,7,0.05405118576774921,0.002569463363940913,0.5463903175426669
s051,s052,7,0.11256987024195032,0.016844908139638484,0.34934671415141766
s051,s053,7,0.22618908390794865,0.05870702340625531,0.5579560313129536
s051,s054,7,0.10680758848577351,0.06572221148356475,0.6781087872155904
s051,s055,7,0.15940512256044198,0.01909639821853107,0.6189867871686927
s051,s056,7,0.11431864092589118,0.00106584757394514,0.5344639855065773
s051,s057,7,0.08279987962760371,0.0819097699938435,0.5802504599720537
s051,s002,8,0.12623727529420972,0.0034625487141966465,0.7406275612157831
s051,s003,8,0.19851991846849604,0.10738301985603231,0.7511060515902827
s051,s004,8,0.13234792975912002,0.042246669507421765,0.7583130971805514
s051,s005,8,0.05155218684732613,0.0872974138160019,0.684458601836787
s051,s007,8,0.1919202945691821,0.13991856084072396,0.6757673150971996
s051,s008,8,0.27570908077935735,0.11163195144374,0.7483514779971123
s051,s010,8,0.2916282077715274,0.018179766849399835,0.6862325041217304
s051,s011,8,0.15516602398754217,0.032411513627554206,0.7026029584203292
s051,s012,8,0.11336919989281696,0.009260235193056042,0.7717648705546681
s051,s013,8,0.2963359372806914,0.19633338309432977,0.7910390000856277
s051,s015,8,0.5534230051161426,0.06971811597424088,0.6468455894497764
s051,s016,8,0.049415837372089044,0.03823820093050761,0.6311878436506847
s051,s017,8,0.4063646986252666,0.008594408839121902,0.8283958420798744
s051,s018,8,0.12444551621234182,0.07382248955361585,0.7645635584673943
s051,s019,8,0.1232001395357588,0.06435900043950255,0.7093139216629621
s051,s020,8,0.1672066242072456,0.04010644498195375,0.7566408394376156
s051,s021,8,0.17310930753384923,2.4184669963855922e-05,0.6221010381352031
s051,s022,8,0.08052743402696684,0.08955059461673973,0.6886641660421627
s051,s024,8,0.08396140093096076,0.0017571435335251217,0.7150221801837681
s051,s025,8,0.0991223868051596,0.0693011394311402,0.742058332562319
s051,s026,8,0.12488826877424634,0.014203158267128457,0.59453051490069
s051,s027,8,0.11385348088428622,0.011797215443547142,0.6916583382785831
s051,s028,8,0.35354480748478156,0.047888809105060784,0.7650532127437563
s051,s029,8,0.431454553816549,0.02921508338721197,0.7587355653162318
s051,s030,8,0.07686398018582451,0.005299848904787878,0.6140756470397661
s051,s031,8,0.09838362302237402,0.01443291679877049,0.7698317734716666
s051,s032,8,0.16598325022707652,0.09501620203051679,0.7827342450102039
s051,s033,8,0.055818820925577314,0.0761799380889349,0.6427167163609552
s051,s034,8,0.16136805918819955,0.024008043645541634,0.7489401597695525
s051,s035,8,0.1396473607449685,0.1971549437965559,0.6508607575047005
s051,s036,8,0.16917188534383504,0.16243708199982454,0.6196307048080211
s051,s037,8,0.051319734755364395,0.0027666159287391906,0.6460894977636964
s051,s038,8,0.13691373027466228,0.04951578954133879,0.5801218111160543
s051,s039,8,0.10518924233251616,0.0016620027209570227,0.5790760965664634
s051,s040,8,0.06501991655075876,0.0012694196775257086,0.5872280716123434
s051,s041,8,0.07219143542332063,0.0002858911961422417,0.741848730454492
s051,s042,8,0.16618019246863897,0.002513471350313078,0.7358969539560207
s051,s043,8,0.16130771004949648,0.1029165108847721,0.5967771535581251
s051,s044,8,0.054957003714477363,0.047110706102009056,0.6941289427512395
s051,s046,8,0.05189931385148094,0.0006542615016621857,0.697982369170309
s051,s047,8,0.06015352519914047,0.051641601546354034,0.6877707937385733
s051,s048,8,0.2769588923304689,0.11451258236943222,0.7050898812261693
s051,s049,8,0.06149174507091948,0.09601946084152403,0.5798491678273014
s051,s050,8,0.08834415325801238,0.00033640732667646696,0.6368566638791181
s051,s052,8,0.11717216159741985,0.005840825411103074,0.44893319571512846
s051,s053,8,0.24992696627397187,0.003669792453870001,0.6928119247953243
s051,s054,8,0.17878792118268427,0.0008151447796699329,0.7352173803681206
s051,s055,8,0.4465769948838574,0.24061820844643536,0.7485373074904818
s051,s056,8,0.14460631601865168,0.001023784139327252,0.7596972128889722
s051,s057,8,0.1329411000962358,0.015001014074599273,0.7559898755480551
s052,s002,5,0.012065221116300987,0.15245660871798575,0.7322275148834249
s052,s003,5,0.02825748106907055,0.04584590539796023,0.47698230060485125
s052,s004,5,0.030379918109087148,0.022609040043959736,0.424097767671918
s052,s005,5,0.03692813922362384,0.051298221882334,0.5044437588626474
s052,s007,5,0.0681566040691455,0.0018218709805715029,0.4764975893031897
s052,s008,5,0.015411840736186781,0.017322830669899706,0.32666801650682376
s052,s010,5,0.03313887564042503,0.00029982453223334,0.7183199877138282
s052,s011,5,0.02370563304860196,0.027614537052271928,0.41921389204902393
s052,s012,5,0.020054687897510533,0.008977565432041968,0.4913535169455988
s052,s013,5,0.027743394749143408,0.004845904788702039,0.5141716426941766
s052,s015,5,0.030418518452415166,0.04137478806934942,0.6429032807291656
s052,s016,5,0.033612407219530724,0.019720055077911202,0.7061295691330033
s052,s017,5,0.04066713660106203,0.0017208777320854782,0.5918475473075058
s052,s018,5,0.028669329484658997,0.03430120412145935,0.4889337700736476
s052,s019,5,0.02341135264761452,0.023720573681815023,0.5924723429471556
s052,s020,5,0.023140598161994885,0.0012260909666739794,0.45305321743123944
s052,s021,5,0.030430964791105453,0.023407461007262556,0.696324012305399
s052,s022,5,0.038440214899429004,0.05024779333560534,0.3554230819692839
s052,s024,5,0.021633037004245258,0.029334408734691682,0.6822468568027913
s052,s025,5,0.023889575719912515,0.00385431041272699,0.4256097771424055
s052,s026,5,0.023624908668299697,0.005081717165522369,0.5348188210979647
s052,s027,5,0.035899787559827125,0.0031920914081949876,0.3925456217120833
s052,s028,5,0.03911895814731761,0.008034119250338112,0.6580676149352283
s052,s029,5,0.051841366496317196,0.0031629823133102622,0.6156487099445117
s052,s030,5,0.010094479154141042,0.00949982963307826,0.41607796180292983
s052,s031,5,0.024478446054732032,0.005884709772886437,0.3423952062802075
s052,s032,5,0.02251669322178478,0.02028135994794243,0.6391365503786346
s052,s033,5,0.039537340358073,0.005856849656879565,0.7354493636198947
s052,s034,5,0.02324131471595422,0.11011782865687259,0.6161435964366215
s052,s035,5,0.12984093536404676,0.00020036434397387732,0.6422205656534163
s052,s036,5,0.040971945946915035,0.040325213256100466,0.31164695609788595
s052,s037,5,0.021364281405101312,0.06395272038144174,0.4470308173074348
s052,s038,5,0.04943991456633301,0.0476769719360981,0.771801140857533
s052,s039,5,0.02615803710643705,0.0854249806927506,0.8247700257273729
s052,s040,5,0.023265838345580023,0.12799763566680208,0.8421955603376153
s052,s041,5,0.015275897423267997,0.04870201253486439,0.6047959412622453
s052,s042,5,0.046912111214357746,0.03504022762149726,0.4267893273018482
s052,s043,5,0.020828702113399607,0.000606552106558783,0.5389742806484865
s052,s044,5,0.023172206189257763,0.005768570227140877,0.5731232748205158
s052,s046,5,0.0237718394815478,0.020811456690418798,0.5894543944275509
s052,s047,5,0.023558076897780857,0.0704480738052092,0.5342345778663145
s052,s048,5,0.20349682747762937,0.0007611738073926549,0.45978510156516234
s052,s049,5,0.013613853960417184,0.00021598209815573775,0.6637842868726364
s052,s050,5,0.020953203695121974,0.061951193777809804,0.6572104315035386
s052,s051,5,0.05068319642996162,0.0051563050092374345,0.5943871110535658
s052,s053,5,0.06081165473454855,0.11278719874417971,0.7688296220786615
s052,s054,5,0.11284412978787514,0.20708520903686425,0.7195274281757341
s052,s055,5,0.05057964020374508,0.007440587898352441,0.607289467002924
s052,s056,5,0.014825260943355734,0.1254090447127977,0.6562148118042478
s052,s057,5,0.01982062779314196,0.0037465698611613613,0.4717235259843631
s052,s002,6,0.010938560458552906,0.1675797433893652,0.751001250388918
s052,s003,6,0.011931347865425697,0.01785819744876673,0.4054292093066279
s052,s004,6,0.025678974265356647,0.014145950344589252,0.4420248509460762
s052,s005,6,0.02949338187701683,0.03792547999767766,0.4587476564680124
s052,s007,6,0.035180282018316564,3.1782173730030846e-06,0.46216537813744213
s052,s008,6,0.009195114003027206,0.027100955040461845,0.30238260841880965
s052,s010,6,0.026973747682086543,0.0010852071095306395,0.7048722413815002
s052,s011,6,0.019258533516418014,0.00013304628924471916,0.3267927026580566
s052,s012,6,0.0246283062911488,0.00562250745959053,0.4052596999935831
s052,s013,6,0.01903812485593352,0.005973688174868275,0.502048429385732
s052,s015,6,0.023910665679623324,0.05227110656295503,0.6160124527560421
s052,s016,6,0.018771410709870547,0.06725311037744625,0.6475186423855304
s052,s017,6,0.03397848629096309,1.0114443794471138e-08,0.5682113164608311
s052,s018,6,0.07198847459058128,0.0008110959688659587,0.4020510014438912
s052,s019,6,0.02802498550051697,0.013049946359412213,0.5317664518727617
s052,s020,6,0.0337755831520199,3.569587643976393e-05,0.3854806151012695
s052,s021,6,0.03925971593082909,0.023223991965787248,0.6854933142632992
s052,s022,6,0.025859029762694167,0.008744650493074078,0.24717786372202172
s052,s024,6,0.01109009943098769,0.060394323903198405,0.634731905572924
s052,s025,6,0.02202060578625878,0.0008736510215220301,0.3875120348023839
s052,s026,6,0.02475918621660051,0.009902367495126508,0.5412501983840077
s052,s027,6,0.02518626826522375,0.00801238066743684,0.4520246382645493
s052,s028,6,0.014621687144623847,0.0649559781089944,0.6738118030395212
s052,s029,6,0.04779859663919226,0.003796706028369408,0.6035014061145721
s052,s030,6,0.00873070153189463,0.047439122593095434,0.38818501235137354
s052,s031,6,0.02910478678651449,0.01365501880871338,0.3298521270535467
s052,s032,6,0.06171010420298262,0.0014165476906707688,0.5879343216248983
s052,s033,6,0.02419338941654219,0.007123724911084469,0.7546179207249857
s052,s034,6,0.01198167934563109,0.09972514143827813,0.5942031512797522
s052,s035,6,0.04841438190555009,8.725045513560884e-05,0.6727120470212341
s052,s036,6,0.02270941136933206,0.003916611536812202,0.1623746444975156
s052,s037,6,0.02953135506103771,0.03431147757514264,0.4357766923123671
s052,s038,6,0.04884366352218323,0.05716430554335015,0.7822650667940348
s052,s039,6,0.019459332025627895,0.09242626170954717,0.8673711082255258
s052,s040,6,0.038461783365150146,0.15610008433231878,0.8693259380325015
s052,s041,6,0.024864435470892777,0.0013481242674541025,0.5773522112330591
s052,s042,6,0.017233802293943935,0.021350445443311977,0.4606403724624193
s052,s043,6,0.012420164232778457,0.004318334050302869,0.4072088171807067
s052,s044,6,0.01035676696494059,0.00042710148023319895,0.5383813208556144
s052,s046,6,0.020450312700537966,0.003343409555874435,0.5983382895673968
s052,s047,6,0.02140747357901925,0.07345257102823859,0.575143088300408
s052,s048,6,0.10487194031941302,0.000906993547759058,0.41339367828637846
s052,s049,6,0.00898177781506454,0.02406294471975246,0.5657304220145699
s052,s050,6,0.022495806043247375,0.02973041951200055,0.6761466559779544
s052,s051,6,0.14825845314289357,0.006945664397283712,0.5895054446680574
s052,s053,6,0.044481728342266574,0.17122881835993642,0.7516978488047883
s052,s054,6,0.057668029781658456,0.31139086577101655,0.7042112853504782
s052,s055,6,0.02578424166126743,8.263951707042639e-05,0.5373551510334593
s052,s056,6,0.01432386331742205,0.04800018620377969,0.627808239253182
s052,s057,6,0.01300449378735948,0.03195123849279533,0.4046911645600063
s052,s002,7,0.06896099566967356,0.22377929518366696,0.7053847799105533
s052,s003,7,0.015710055514999065,0.0322859197723937,0.4358626272869295
s052,s004,7,0.020769063152587017,0.0156576913148579,0.41985257019528216
s052,s005,7,0.030689910239912188,0.019070323617858053,0.4399230126691277
s052,s007,7,0.053379519398882684,0.0012363981079307296,0.4491816208997576
s052,s008,7,0.01596438739440777,0.01504617047013698,0.2994038044966869
s052,s010,7,0.033300271559547207,3.7335856713021836e-06,0.695779473566749
s052,s011,7,0.037015598389913376,0.007603888710349087,0.3576680338422506
s052,s012,7,0.021202507240464647,0.0016573898542846834,0.4076792348004116
s052,s013,7,0.019484549078337722,0.004741059923167506,0.5086794626556247
s052,s015,7,0.01982767847606634,0.010596206787942961,0.6370030422667092
s052,s016,7,0.03780509955952023,0.057866993558820724,0.6329473003001528
s052,s017,7,0.036984727280050214,0.0019911192291125162,0.5616169919803039
s052,s018,7,0.06397673610414902,0.014434041173485186,0.44598687626553124
s052,s019,7,0.02765055132889316,0.004230664374576459,0.5020697488056275
s052,s020,7,0.028209567996555666,0.00020375626872419335,0.3785866762000841
s052,s021,7,0.0452792258212948,0.07135972212136266,0.7091021977306934
s052,s022,7,0.025262419772622682,0.02607350883674696,0.2974207229451071
s052,s024,7,0.015843129957999486,0.051122104655468945,0.6654615475755031
s052,s025,7,0.021287039627450027,0.003524594595093194,0.3893908972543484
s052,s026,7,0.022226210281024054,0.009183915290666023,0.5227407010019002
s052,s027,7,0.03595450144618668,5.305887952068558e-05,0.38446935021314926
s052,s028,7,0.04564165904927261,0.0064294760732292846,0.6270222574297816
s052,s029,7,0.056713502711836485,0.034543168152847435,0.5947356817306583
s052,s030,7,0.010132357849097842,0.005361553852978404,0.3483503368631246
s052,s031,7,0.012331377096927559,0.008055301801274437,0.3071894863815819
s052,s032,7,0.03700267469155482,0.0020449267172541813,0.5899982196663848
s052,s033,7,0.027577481151903848,0.007365706024845677,0.7176957113648802
s052,s034,7,0.019853177315308102,0.10849038236104398,0.5555945889192714
s052,s035,7,0.05476027607195567,0.0036009773814511038,0.6483608445933761
s052,s036,7,0.02579349989417421,0.024321024161295748,0.23440710824853545
s052,s037,7,0.015732324342403646,0.0721030608323174,0.4502435358496914
s052,s038,7,0.0412730076643055,0.030774989912357335,0.7442519595649068
s052,s039,7,0.01800871974123855,0.043990547786494506,0.8638601115601676
s052,s040,7,0.022676516591140266,0.08796873282061489,0.8097583581742865
s052,s041,7,0.017232720310333283,0.038588054632326285,0.5876017580480635
s052,s042,7,0.04683372928333291,0.04096861635704119,0.40683711109719206
s052,s043,7,0.024088365855182255,0.0006561099618949713,0.48318370579651365
s052,s044,7,0.022140056969504284,0.00024358256911623385,0.5259464397916205
s052,s046,7,0.03259596913760872,0.025288363142842888,0.5470779417231211
s052,s047,7,0.021207103537280475,0.08563216904967488,0.501365976633472
s052,s048,7,0.08617267564847099,0.016674467407731597,0.3928983802944182
s052,s049,7,0.013147402700907836,0.003368530222669525,0.5845019576977158
s052,s050,7,0.017991425011740274,0.027993792280612724,0.613024334148182
s052,s051,7,0.07814628879827679,0.002719295041750062,0.5926532618029877
s052,s053,7,0.05855286349075624,0.11659638458769572,0.7770786717166521
s052,s054,7,0.07707213255435828,0.2902430939473076,0.7109570524845014
s052,s055,7,0.03232210998223493,0.0007230810308226058,0.5558842807597941
s052,s056,7,0.01682278627147622,0.09216896676980267,0.6226691026339013
s052,s057,7,0.019890029647444112,0.015340180564111206,0.4297541229497436
s052,s002,8,0.09478725494534959,0.2051032729934634,0.7552872259909177
s052,s003,8,0.021488394984548024,0.030679228991743152,0.4938811014560554
s052,s004,8,0.04317168342463576,0.023378232979059704,0.4386348934288879
s052,s005,8,0.034254624272714855,0.029077979773416012,0.5278695521383855
s052,s007,8,0.06379873219918794,0.005589203178369808,0.5212408630618226
s052,s008,8,0.02134243915940546,0.01088616624548567,0.3416539266885956
s052,s010,8,0.058524245843014244,0.005512086478019556,0.7491922268535074
s052,s011,8,0.03795054781949979,0.00026343189074989665,0.361672694056854
s052,s012,8,0.03544892155173911,0.013220038462385321,0.399539577449187
s052,s013,8,0.031881056595859165,0.013483971080257125,0.5656477091625655
s052,s015,8,0.04702191733630793,0.045565448647767445,0.6903561808336143
s052,s016,8,0.04633817391564037,0.04497227761235837,0.7074807750000319
s052,s017,8,0.06300453772486697,0.0003043414542809518,0.6068041624889504
s052,s018,8,0.13013850286032616,0.01614403709830147,0.43980672483893213
s052,s019,8,0.035463833379789984,0.006345076923434383,0.5751343796580839
s052,s020,8,0.05544922519999502,0.0020525857636391137,0.43475256202344154
s052,s021,8,0.07562332008290637,0.07815278756254258,0.7320487572609372
s052,s022,8,0.044635627987621176,0.0035964752098629343,0.2789204787576086
s052,s024,8,0.02489561523653602,0.023640160123546167,0.68341709990655
s052,s025,8,0.01654977792442281,4.3878319458915486e-05,0.38777161081151856
s052,s026,8,0.03691957563400887,0.005212003681484143,0.6069145481345645
s052,s027,8,0.03685152900995161,0.02425250821904168,0.4398493135614993
s052,s028,8,0.04832897755780003,0.06272863523836429,0.6628593105426683
s052,s029,8,0.16163560809450364,0.002587568838943813,0.676119897949413
s052,s030,8,0.012936537941569782,0.01671253436232688,0.4433740998692154
s052,s031,8,0.02964826467423786,0.01591784802068016,0.3562660479156593
s052,s032,8,0.12371438782097553,0.001980969613480103,0.6322201668579266
s052,s033,8,0.03779107205459418,3.8827257797636875e-05,0.7525795898690146
s052,s034,8,0.02982352856553136,0.048477088466318825,0.5751951921893398
s052,s035,8,0.0901093226628971,0.017567407482424614,0.672764018789162
s052,s036,8,0.050154575613520165,0.0012592058897140579,0.19156432096661877
s052,s037,8,0.020977595440481722,0.04206731741151071,0.49605244478281196
s052,s038,8,0.043835692633546586,0.013982456274355883,0.7910613869398276
s052,s039,8,0.021167821287984043,0.12726957408365822,0.8640790212710656
s052,s040,8,0.03526650025624722,0.13568352592414765,0.807245637569348
s052,s041,8,0.03409306335227265,0.01646528450655003,0.5917759663572788
s052,s042,8,0.06060389635623305,0.07252679917562037,0.4733560922184085
s052,s043,8,0.0303379959695228,0.011811143211745282,0.4608731465651608
s052,s044,8,0.02030485628065155,0.023950787773986962,0.5714786881518867
s052,s046,8,0.023428857645630366,0.0022550394223416724,0.6319915191299175
s052,s047,8,0.030345531165036927,0.07093982720978294,0.5785805937220846
s052,s048,8,0.1094408704214301,3.160942750829538e-05,0.43480961282263847
s052,s049,8,0.008748026185258195,0.04372098542700159,0.647180987390424
s052,s050,8,0.028849839775271682,0.07256766277562564,0.7045270927156444
s052,s051,8,0.3792127271610758,0.019442863927537204,0.6095676616698258
s052,s053,8,0.123734939960092,0.18913319717896215,0.799778116725997
s052,s054,8,0.10013417006730878,0.2968420648864849,0.7294459619682557
s052,s055,8,0.05952194054549857,0.0001822650780163924,0.5815817739326917
s052,s056,8,0.024993639403227817,0.08555935120137864,0.6142573244293383
s052,s057,8,0.04654573078600127,0.05600934161223715,0.46562259589302
s053,s002,5,0.023230268347527235,0.12324937231579279,0.8512578945204105
s053,s003,5,0.05069356588387078,0.04561959660975693,0.6333637555424062
s053,s004,5,0.04275211081694123,0.011763890168759993,0.48135288194326487
s053,s005,5,0.012814528306700693,0.027356586041508892,0.5958220913368192
s053,s007,5,0.07854518780705536,0.10745296099048267,0.5957323220951869
s053,s008,5,0.09506031323566348,0.05828709095917393,0.5717454222668111
s053,s010,5,0.03944616922208897,0.002160605790542957,0.7698603307345774
s053,s011,5,0.08456350377232374,0.01875158154419225,0.6281171560501504
s053,s012,5,0.021996061005458718,0.012601259876083517,0.6313020648296365
s053,s013,5,0.12792428224898733,0.07641448670915099,0.7435109125758308
s053,s015,5,0.13131561193926514,0.053815781042230955,0.7099410848780286
s053,s016,5,0.01980669841188432,0.13305414044976865,0.657748278667349
s053,s017,5,0.06265481661170128,0.007880288873667266,0.7733870037881398
s053,s018,5,0.04332384908868743,0.037868424365177615,0.6083386669455215
s053,s019,5,0.018484311598801095,0.0463336091525662,0.5696858777262018
s053,s020,5,0.039567434728232306,0.009761751925341967,0.5879188278919913
s053,s021,5,0.03572154793439142,0.015417624885289704,0.7940567372389522
s053,s022,5,0.017501190257594924,0.02551011799474264,0.47449989627684996
s053,s024,5,0.020299514252874788,0.0005949703760639246,0.6866339100585436
s053,s025,5,0.022749653403623622,0.016118518017329823,0.606394381580774
s053,s026,5,0.01719308063805037,0.04760652739469716,0.6470562016463876
s053,s027,5,0.054064859532207195,0.009344467908022708,0.47100123018844336
s053,s028,5,0.08232691447134363,0.0009352580703665897,0.7614530587050274
s053,s029,5,0.12579629872875991,0.03266624108950641,0.663012739127918
s053,s030,5,0.02209599239935279,0.02023495299289364,0.6111598675450856
s053,s031,5,0.09293667558823557,0.013948504121226796,0.5815990007287131
s053,s032,5,0.04900981167844621,0.009590433491672034,0.7615607065817209
s053,s033,5,0.02053233683446367,0.012816212462222783,0.7070616581053344
s053,s034,5,0.057271515767330174,0.0015985823973007887,0.550931201472144
s053,s035,5,0.02005487517741561,0.1307558783346978,0.6922441882283781
s053,s036,5,0.04100242779785903,0.03404282492937423,0.4238575930269745
s053,s037,5,0.018699302079748993,0.021191390421330447,0.7406736568827362
s053,s038,5,0.04415731877764766,0.06492965138188161,0.762645900553745
s053,s039,5,0.019473262199828558,0.15628780336899062,0.7340988253766363
s053,s040,5,0.03836073127050798,0.03610550153652757,0.6620218808532716
s053,s041,5,0.04754675710631259,0.03063967086098225,0.7361838886454489
s053,s042,5,0.0667859556539058,0.06031959927689041,0.6084667157584637
s053,s043,5,0.04553545253433283,0.0037931590508766544,0.5216191518034636
s053,s044,5,0.03680541938906394,0.02908394520192168,0.7208120368121578
s053,s046,5,0.07469860507223974,0.09439860523212794,0.7613479653294444
s053,s047,5,0.03358187258060537,0.0036565637306188365,0.5517037134073662
s053,s048,5,0.03030418382831473,0.008180979628345013,0.5769575055156584
s053,s049,5,0.011290803536003898,0.17712749469757422,0.6873379664508418
s053,s050,5,0.022811775413565917,0.17066370186627391,0.69232392952194
s053,s051,5,0.024985296078671202,0.08255583013925569,0.6618380922040008
s053,s052,5,0.04253091207124306,0.05222164394108749,0.6350403632240287
s053,s054,5,0.029043438664365543,0.07980603084176713,0.7433186738600579
s053,s055,5,0.04710111034578299,0.0028851356837327393,0.7231762262213016
s053,s056,5,0.08371795498858509,0.0005673401300775512,0.6783593700838286
s053,s057,5,0.07945923926953395,0.1506405767180055,0.685061116392863
s053,s002,6,0.031704614097363144,0.13480271620755227,0.700937067026582
s053,s003,6,0.07696539319514667,0.013241381019131835,0.5026978639754777
s053,s004,6,0.048165378347473684,0.0014878544079971817,0.40478113075988204
s053,s005,6,0.018268861519021688,0.09602326482593126,0.5660445027875886
s053,s007,6,0.09914923584795628,0.12514961409879471,0.6257911954711923
s053,s008,6,0.07875694168831973,0.01407909784331672,0.4403211016146418
s053,s010,6,0.029101709875232886,0.04829957803983334,0.7757737227752758
s053,s011,6,0.05636454086736704,0.022515839023999114,0.40607893404364076
s053,s012,6,0.022001908457590827,0.010587579552236789,0.45925270199985585
s053,s013,6,0.11928221610024943,0.08407927398107073,0.6505551985913114
s053,s015,6,0.08815498988235922,0.03537803253635093,0.7079275590089094
s053,s016,6,0.018169640931697303,0.06373951441796748,0.6361844005438869
s053,s017,6,0.08028730681182998,0.08879588206083533,0.6307195318074196
s053,s018,6,0.06685522970594877,6.983130606102691e-05,0.43396046210975275
s053,s019,6,0.020246148461956562,0.08527392566306174,0.5639978772176696
s053,s020,6,0.05471585375210793,0.010951304615484886,0.515031101927931
s053,s021,6,0.03343048861712003,0.04829557285739415,0.7181831178878988
s053,s022,6,0.019209699556139867,0.0015881161231080044,0.2858123173374665
s053,s024,6,0.04131795782786444,0.015003753109456773,0.5819711439388844
s053,s025,6,0.02702099159947968,0.0010320859082010901,0.5264205327381523
s053,s026,6,0.017715535219445775,0.0004312221841117474,0.6094577355556455
s053,s027,6,0.05659115530628729,0.0014725194420778,0.4426518886829344
s053,s028,6,0.06089908346565585,0.07344960884611529,0.6439334422050317
s053,s029,6,0.09526044057840234,0.006374016295150106,0.6008850891425469
s053,s030,6,0.017895165283887578,0.009240163698121613,0.45706457060667466
s053,s031,6,0.04583639137292034,0.020918159332193785,0.47151756103259307
s053,s032,6,0.0351442657538197,0.008016266977268014,0.6379603218409675
s053,s033,6,0.01679837896136125,0.09323082409502806,0.6705788999723595
s053,s034,6,0.07033050238282632,0.001174388891149414,0.4008807678793313
s053,s035,6,0.02462137839992628,0.006000445606639724,0.5231236706556586
s053,s036,6,0.037744212084262305,0.0016868795776898663,0.219829558557285
s053,s037,6,0.012199281030746582,0.10410008774057888,0.5616597445046412
s053,s038,6,0.04582735431553026,0.043697327672529436,0.5815755309836178
s053,s039,6,0.013587587931535361,0.02963717292264065,0.6146992442387151
s053,s040,6,0.0291947366183945,0.0027417432120384476,0.44434798366220096
s053,s041,6,0.051551219652280975,0.1436488061781285,0.5992519023646522
s053,s042,6,0.03720175173200402,0.0033005746608362908,0.5361864854648588
s053,s043,6,0.034149417013567475,0.00033631553349124587,0.2847466330685737
s053,s044,6,0.14699574824407582,0.029095112514451658,0.5808053093326597
s053,s046,6,0.017506080474140432,0.08597756555646613,0.7542651357262667
s053,s047,6,0.03894332777151108,0.003942564183989976,0.4443080065723538
s053,s048,6,0.026105698780524735,0.0024921677143660173,0.5132870794687121
s053,s049,6,0.012878361082729925,0.1265982025417371,0.6224989343360415
s053,s050,6,0.02688222567222974,0.03417235676881814,0.5750183961321429
s053,s051,6,0.030009920578492905,0.07760697456582127,0.7291022323149093
s053,s052,6,0.06387342017633445,0.05115907634923106,0.4737953522366022
s053,s054,6,0.021404446971077507,0.07223666083130703,0.6476028694287599
s053,s055,6,0.04928962790986373,0.0013246712754834918,0.5767177658476373
s053,s056,6,0.10244654760830749,0.013264912971579276,0.5133021672355831
s053,s057,6,0.06479872774938525,0.055936395225275506,0.602530215154674
s053,s002,7,0.01829488599913239,0.17711089781615932,0.8256423007977036
s053,s003,7,0.06512179631982411,0.016418131137074778,0.6202334184406431
s053,s004,7,0.0922352129885121,0.023980721828383757,0.4817627390735892
s053,s005,7,0.014818193002170691,0.0746968096511969,0.567503242253489
s053,s007,7,0.1640961323287063,0.05411658627087822,0.6461300053467516
s053,s008,7,0.10000866297480981,0.025941267880958224,0.4664728071348753
s053,s010,7,0.0474330226169035,0.007736987468617114,0.8088979385943036
s053,s011,7,0.08897616497261457,3.749529685207925e-07,0.4736640097235902
s053,s012,7,0.0389243855283914,0.0009453769844513994,0.5266557000192058
s053,s013,7,0.09018093812562097,0.06538901983509024,0.6683585801267091
s053,s015,7,0.06956656742248249,0.08640297485333434,0.7089155173491106
s053,s016,7,0.02372794591294018,0.06098616304657243,0.6594482353744977
s053,s017,7,0.05812840398905876,0.028410073167657347,0.6898185222519184
s053,s018,7,0.06359926200165854,0.001272205411790066,0.5039469561465434
s053,s019,7,0.027171360373472356,0.061792638215998674,0.5912655437253435
s053,s020,7,0.049224555332286944,0.0013015920415270295,0.5152932594684357
s053,s021,7,0.049378590326731406,0.0009953490013172904,0.7891884828210424
s053,s022,7,0.01553017596010742,0.010890360855031448,0.3799661556554533
s053,s024,7,0.029382698152429523,0.004908636687870667,0.7350677353815529
s053,s025,7,0.02089927412125368,0.034644526457241635,0.5580458426726055
s053,s026,7,0.025988382748456284,0.0005901376337972089,0.6143988538593366
s053,s027,7,0.10000310360617484,0.0034072785438588166,0.48278890582777556
s053,s028,7,0.0379123458348172,0.0024065958218092653,0.7551253450489493
s053,s029,7,0.09898723187026041,0.010840579558649307,0.6627877470853344
s053,s030,7,0.016504799598925264,0.02764919190181615,0.47252165280807046
s053,s031,7,0.023587276678993935,0.0026019102678219433,0.4986893577466491
s053,s032,7,0.05656011873319997,4.166104064809852e-05,0.6979672603045954
s053,s033,7,0.026245864986547365,0.004079689432625495,0.7195831247740602
s053,s034,7,0.0857922072925486,0.00034268781900284584,0.5938759288791192
s053,s035,7,0.024661676499567395,0.12198679720221892,0.7000773185619765
s053,s036,7,0.02155365723372775,0.002621681255557709,0.29322526150959416
s053,s037,7,0.020474358911149515,0.011494095510946479,0.6467927307279037
s053,s038,7,0.07763356193932254,0.1318843423990036,0.7642679215709222
s053,s039,7,0.014265771628400472,0.1698374535837288,0.8232566915854563
s053,s040,7,0.03494806237442458,0.1152129845400006,0.6962329150629334
s053,s041,7,0.05995826561431599,0.01250342865419846,0.6619523561569295
s053,s042,7,0.04185707265292365,0.02446161922973567,0.6148431424338584
s053,s043,7,0.06846644219378496,0.02632391339269143,0.4811065903917451
s053,s044,7,0.055629918615114314,0.09107854069819916,0.6773861333358484
s053,s046,7,0.047475873380957066,0.06062370108918728,0.7536234432168896
s053,s047,7,0.03784086339713659,0.008692413875403456,0.5386891791115999
s053,s048,7,0.028046469620788456,0.033187619720322005,0.57097603897466
s053,s049,7,0.011529502550108274,0.12726079968543624,0.6510343362962281
s053,s050,7,0.02360652367477651,0.16136323213345308,0.6861125631275247
s053,s051,7,0.07476991185902761,0.03865690535845443,0.6993852523539225
s053,s052,7,0.04882652168628188,0.08123280493138815,0.7406782489225586
s053,s054,7,0.029536909069612968,0.043503145113929526,0.7643333745573095
s053,s055,7,0.03867028786366736,0.012440554073738277,0.6691249869278415
s053,s056,7,0.11039350580666892,0.0031385662241380174,0.6642008883012892
s053,s057,7,0.07190250963157689,0.0934063985756967,0.6061905811266319
s053,s002,8,0.038895963795122494,0.005189277928071015,0.6656282499055491
s053,s003,8,0.05526121876980603,0.09388451490973138,0.6552803473463925
s053,s004,8,0.07829655215476683,0.0068091020820170425,0.46549627403637495
s053,s005,8,0.012120369898241055,0.0005436164658849866,0.7067818013012946
s053,s007,8,0.135461381989694,0.004597122060800905,0.6615845552719886
s053,s008,8,0.09619143211020446,0.23522555432189385,0.6930418257815334
s053,s010,8,0.06160705357316092,0.0006465126946283353,0.5949220505715661
s053,s011,8,0.0963544151756073,0.027312609247177443,0.5640103350844344
s053,s012,8,0.0499789553159155,0.00037423523253940337,0.5956940556941699
s053,s013,8,0.08482277841088581,0.0638102442701778,0.6010641741066793
s053,s015,8,0.0640820707512716,0.003851265921743848,0.6057803883291207
s053,s016,8,0.01724277762934673,0.1227561248719927,0.5515305790943414
s053,s017,8,0.06134140225178734,0.00044647179786391615,0.7305940877619418
s053,s018,8,0.07572374378755094,0.00023755631104784732,0.6257949739826213
s053,s019,8,0.0172293310593954,0.0048358592484859025,0.6800282714658415
s053,s020,8,0.05263999564683986,0.0011046188392496118,0.5285155039762485
s053,s021,8,0.04034315071228885,0.001149635300276267,0.6432746208952826
s053,s022,8,0.016561136454088403,0.0250876376538981,0.45449920857356724
s053,s024,8,0.030253223973450552,0.08441719898258851,0.638140944737209
s053,s025,8,0.02371392243347864,0.06991695538044691,0.8205916333394248
s053,s026,8,0.03028147395108493,0.050136504279202763,0.5992676998577258
s053,s027,8,0.07937320916213778,0.027152430617163815,0.5983716297676701
s053,s028,8,0.04383791114956025,0.00047754811967577347,0.558224299465872
s053,s029,8,0.10608750364637987,0.0016862996122516743,0.6989548811132785
s053,s030,8,0.021757573062764282,0.007730722660913522,0.5313602813356556
s053,s031,8,0.07146882496137517,0.10509815853347275,0.7272144121957407
s053,s032,8,0.11183089989901168,0.05117043767793511,0.6317310729632852
s053,s033,8,0.024816403439101364,0.013018025449140368,0.535773631717959
s053,s034,8,0.07651582184365802,0.37409033408385556,0.6968238381036516
s053,s035,8,0.018996693691587102,0.045073839863596775,0.5850653486641768
s053,s036,8,0.028071953033456623,0.0012553990839470758,0.4109064307085819
s053,s037,8,0.024853733904701008,0.020418420225751417,0.5728080113761258
s053,s038,8,0.08047958564347213,0.021681407760657388,0.5596868011698615
s053,s039,8,0.020261406607995785,0.002899415605804371,0.5053410248772432
s053,s040,8,0.03606749311637587,0.012526240260581852,0.4227865078959728
s053,s041,8,0.0349874139223693,0.0009829401653875694,0.6604217194012593
s053,s042,8,0.047451086892427975,0.004551405849106074,0.5732986639659235
s053,s043,8,0.07679875607920204,0.008429488791901087,0.457970702834575
s053,s044,8,0.04537172261404123,0.009011981482419289,0.623058754024601
s053,s046,8,0.03646787091858591,0.005646388076592216,0.7077928320054493
s053,s047,8,0.029852232320318355,0.009385647771118028,0.516758399529055
s053,s048,8,0.023369874118983287,0.003281134668649154,0.6496734014510133
s053,s049,8,0.01150218439675257,0.03750865493445872,0.6053166269726884
s053,s050,8,0.0271512154154903,0.06672689968417196,0.5425845015307371
s053,s051,8,0.06692725362156596,0.03393041872393295,0.746857303476105
s053,s052,8,0.06260668221361489,9.389795316518832e-06,0.3848354019654968
s053,s054,8,0.039660981627872995,0.0005638078760889467,0.7350470754793436
s053,s055,8,0.0345858827934645,0.17111430018396084,0.6962591824138488
s053,s056,8,0.053747507845327995,0.015657102058208108,0.5577093921923905
s053,s057,8,0.09206408268045822,0.023731089270203155,0.5915966244721681
s054,s002,5,0.18445521448743044,0.029187835881088267,0.7653111496709
s054,s003,5,0.1243754823531552,0.039731122919016905,0.6239173274937133
s054,s004,5,0.07513099370008257,0.023024317080439075,0.6269357179298919
s054,s005,5,0.15651235417238815,0.12334063852273316,0.6693957316149894
s054,s007,5,0.520581501127622,0.09841251930235113,0.7187842756718936
s054,s008,5,0.25419655976173977,0.0018557035646884123,0.5613580766670713
s054,s010,5,0.2604983935524929,0.03808467642448403,0.6721872726165787
s054,s011,5,0.23078478711590678,9.429904505879359e-06,0.4594288768704159
s054,s012,5,0.2128019176725377,0.015685791791266432,0.5898057870351187
s054,s013,5,0.2614163024006487,0.03603528916930618,0.7319418362168534
s054,s015,5,0.12846653873352237,0.00463019920350719,0.6638660928622719
s054,s016,5,0.10729411861735258,0.01831978952670788,0.6473035071287608
s054,s017,5,0.27070499806785037,0.001289027487050018,0.6903107967146757
s054,s018,5,0.2922176591028512,0.0469304807480709,0.5281456073632544
s054,s019,5,0.1613438164286354,0.18554846737821937,0.7051997714617319
s054,s020,5,0.18490429758713742,0.029890863313346384,0.6475025585466265
s054,s021,5,0.11514771456485189,0.04061654906578055,0.6987645928778923
s054,s022,5,0.20948145821059316,0.005539946290419265,0.3728547257260061
s054,s024,5,0.11825794087919875,0.0029087940233119515,0.6935012369823328
s054,s025,5,0.16143356507323933,4.888409491300012e-06,0.60899252883685
s054,s026,5,0.18900371668125773,0.016768221132923245,0.6830837963351802
s054,s027,5,0.17246787816629788,0.05870113207014165,0.672481238711689
s054,s028,5,0.15660844145737615,0.00010943145985849252,0.6957792687639751
s054,s029,5,0.336288662785898,0.07950325871208362,0.7196924560414312
s054,s030,5,0.10243060905612565,0.021391324717105444,0.5858979079310151
s054,s031,5,0.1528139982599054,0.024781532104927867,0.6278871849227712
s054,s032,5,0.2659129732852382,0.014844805106288196,0.7122476272353108
s054,s033,5,0.10733934052602108,0.05599782741153012,0.637006896280331
s054,s034,5,0.25917012209660617,0.023415223363145693,0.6324698473086956
s054,s035,5,0.12126571801344088,0.007242166959305827,0.6484498947662728
s054,s036,5,0.1175819081072761,0.000895139782217102,0.3052021903526781
s054,s037,5,0.15956897780755508,0.01167570714221236,0.6372329485466893
s054,s038,5,0.18130799497605307,9.309091141232614e-05,0.6475527588162577
s054,s039,5,0.18538318392018732,0.018046610955919737,0.7040879471022878
s054,s040,5,0.1669767248793933,0.00041819181244803696,0.5276536498508376
s054,s041,5,0.11630176630076455,0.01568765544828835,0.5882173123272606
s054,s042,5,0.35378776108939264,0.28620401051473227,0.7148889585217109
s054,s043,5,0.10170667756235528,0.025304364670794985,0.45286021600748394
s054,s044,5,0.14798962865315812,0.020246783236301642,0.6901374017684457
s054,s046,5,0.15697457457882477,0.008827383346191797,0.7652655848711808
s054,s047,5,0.15153675977966047,0.010020103052117067,0.6170610719796494
s054,s048,5,0.11627745609845158,0.01227584787569769,0.6286614259225983
s054,s049,5,0.06604983230498998,0.028795977623887963,0.6369148928582328
s054,s050,5,0.21240896676551713,0.0746203545751975,0.7065957180679452
s054,s051,5,0.25906022683975116,0.07849444035989436,0.7531024407419381
s054,s052,5,0.3050372107709819,0.1489707449288998,0.5318361837561737
s054,s053,5,0.3030173032366777,0.05299588089749329,0.6962239082931595
s054,s055,5,0.1573087478318118,0.000398671238622631,0.6427880623379554
s054,s056,5,0.10190520499960386,0.042326508958873466,0.6824055878875238
s054,s057,5,0.1248694871006516,0.002975823600106721,0.6511503433887877
s054,s002,6,0.22097153588034485,0.07293270815080126,0.7303534502879759
s054,s003,6,0.15102483445341203,0.0014869917448183199,0.8084061721153966
s054,s004,6,0.09478338298174441,0.09824416086975833,0.709472832320313
s054,s005,6,0.07087048647281348,0.03633151740356395,0.7071712863108112
s054,s007,6,0.373033252711219,0.06199832892819783,0.7056014913512878
s054,s008,6,0.288367789391963,0.05558178210599247,0.7004132831044315
s054,s010,6,0.11074361725980959,0.0001608945122173312,0.6707105405270589
s054,s011,6,0.6248226497369799,0.24349905677766176,0.7229313043839716
s054,s012,6,0.2280972546817488,0.12565406223524464,0.7981254988532404
s054,s013,6,0.24766943957293822,0.002598640568554576,0.7685569959696702
s054,s015,6,0.08023358175554487,0.002208973422136178,0.6542424947012143
s054,s016,6,0.14492216779035585,0.022673122922380735,0.6956211526420856
s054,s017,6,0.10075620053127118,0.05191819681383325,0.7401614549748603
s054,s018,6,0.10107746252420008,0.056043056109185904,0.7506472130428908
s054,s019,6,0.09385731927385595,0.07922048061329845,0.7355757860828298
s054,s020,6,0.18679926416761972,0.03706226505918183,0.7180610225037323
s054,s021,6,0.07217005232480411,0.0007944022994559768,0.6199308423318376
s054,s022,6,0.1037792665999492,0.06495988876845273,0.6813146298263654
s054,s024,6,0.1339558017101195,0.019257511974818238,0.7189650513699982
s054,s025,6,0.12120288436708203,0.0890160993873899,0.6603572786049623
s054,s026,6,0.19332693188842917,0.002661475740155733,0.5744362652620479
s054,s027,6,0.15297039409496627,0.1028409591893027,0.58922910952237
s054,s028,6,0.17702481181972415,0.04082270931721495,0.7884897109935118
s054,s029,6,0.2783415401494496,0.025867241288783656,0.7777606327826595
s054,s030,6,0.11622252032563621,0.010464161763759139,0.6843220386134875
s054,s031,6,0.06041090899014977,0.12641290164614327,0.6887918026768849
s054,s032,6,0.0808352325906418,0.0016998655993249357,0.7654180374125219
s054,s033,6,0.13678049360626124,0.0014522590506660334,0.5812005524094052
s054,s034,6,0.11524905921556337,3.922587143943563e-06,0.7346759091001264
s054,s035,6,0.08050389569466926,0.014529967099238037,0.6356594342878347
s054,s036,6,0.05822927247895812,0.1834274939712191,0.615481799737753
s054,s037,6,0.10140527795193562,0.0016189937087581039,0.7197267475901246
s054,s038,6,0.10786020913699237,0.006405273514328929,0.7209960747283392
s054,s039,6,0.09277304895264293,0.010513128051373995,0.6689435257599794
s054,s040,6,0.1640658893675906,0.08224387518115144,0.6481701656044765
s054,s041,6,0.1661172651866309,0.03424301449328938,0.6747226708867027
s054,s042,6,0.3306950791109802,0.34013720405039927,0.7584613097840016
s054,s043,6,0.07179285722225245,0.1732736693330211,0.7182890234722238
s054,s044,6,0.052723987290858296,0.008405452783524073,0.8197586464319839
s054,s046,6,0.12292238145130503,0.009131288410212119,0.6956392040329442
s054,s047,6,0.07577277850952552,0.005476057443529907,0.641414569079987
s054,s048,6,0.10107228457304146,0.1877820957631265,0.7074614096725328
s054,s049,6,0.050608008604665314,0.04009280822743721,0.7010820561570561
s054,s050,6,0.07095543134315412,0.08962636737940864,0.7173470367269628
s054,s051,6,0.1951078399519575,0.08718115115245224,0.6846581495106704
s054,s052,6,0.16252827936100245,0.14823504260791023,0.5646111533844398
s054,s053,6,0.16424018213376246,0.12399282740595456,0.6921341634496366
s054,s055,6,0.17241617660966085,0.08925569205223172,0.754523950021822
s054,s056,6,0.1311899878329277,0.012600658007195535,0.7746066545622402
s054,s057,6,0.30235603228047303,0.08851816685597463,0.7276919986002642
s054,s002,7,0.22518800395518748,0.07147575493824479,0.8107256718638746
s054,s003,7,0.05746643678872197,0.007237235210400675,0.7636651100914708
s054,s004,7,0.06577601633134594,0.031166237816180702,0.6865218353558593
s054,s005,7,0.04853080242262943,0.009380139982477635,0.660790606311673
s054,s007,7,0.1526064124603926,0.04355585849138917,0.6432514232187289
s054,s008,7,0.14968462036547556,0.053871934930051164,0.6632465839338147
s054,s010,7,0.16001079383059183,0.00893936890630196,0.7022997606369887
s054,s011,7,0.13222318699049163,0.19982620184641142,0.6777130256510141
s054,s012,7,0.08693200688234239,0.07124814966435074,0.6771232878987736
s054,s013,7,0.1858418755081856,0.0025893966258923313,0.7854613258286607
s054,s015,7,0.08523262699893819,0.0022730224499378057,0.672095027682591
s054,s016,7,0.0841460370950334,0.10842134411442579,0.651799250578776
s054,s017,7,0.09824323139221376,0.0008831191751236091,0.7811837789434969
s054,s018,7,0.26734407761102486,0.15249467672531888,0.7253081873328875
s054,s019,7,0.15053668293284536,8.013601458232052e-05,0.6257188963475444
s054,s020,7,0.08509952950322523,0.0022981935983272177,0.6937554463773187
s054,s021,7,0.0800053665409326,0.02218887986666408,0.7089530362081207
s054,s022,7,0.10291707324875331,0.047880740531692265,0.6309805814183642
s054,s024,7,0.06084398513321744,0.04944943601139747,0.7491803598397883
s054,s025,7,0.0880260392387962,0.059429071274677295,0.6368664970170035
s054,s026,7,0.12175103393197584,0.00039412478638779753,0.6490495894732664
s054,s027,7,0.0841813396703325,0.07435927224740543,0.6057230308968867
s054,s028,7,0.1360926811195717,0.09826105013805338,0.7828195748506794
s054,s029,7,0.4281091800180719,0.012327970799668785,0.7873400173845555
s054,s030,7,0.041211275015710765,0.061674631706593756,0.6088505977680946
s054,s031,7,0.03577183507238235,0.11465353129802432,0.6543405849253239
s054,s032,7,0.24243992049382826,0.0027517977000135227,0.7954356443405607
s054,s033,7,0.07149649011511312,0.002980833934278096,0.6461654348863621
s054,s034,7,0.12262835277942757,0.005379537365385904,0.7086043974648839
s054,s035,7,0.1571796061304171,0.04864818787289735,0.7126792239502132
s054,s036,7,0.05308334373826923,0.08684518017039543,0.5680247710571691
s054,s037,7,0.08227815657218776,0.010104728373528674,0.7702991556865953
s054,s038,7,0.0501493407132163,0.007205581110399005,0.734858824760476
s054,s039,7,0.08308571758923963,0.021395501004455215,0.7522531606907701
s054,s040,7,0.09285658271028413,0.055252004875868795,0.69017516841248
s054,s041,7,0.09217740508528245,0.015111303155332462,0.7105769115286742
s054,s042,7,0.19830023708582864,0.26999554368641804,0.7156067410750931
s054,s043,7,0.03584574130232191,0.09044840961218778,0.6744361325776924
s054,s044,7,0.0670648348894766,0.032583487465794744,0.7591423970295541
s054,s046,7,0.07948645641367738,0.0015065429491893693,0.6995804277918518
s054,s047,7,0.07500769729485375,0.0206135486979008,0.6702538913297568
s054,s048,7,0.06949313584044989,0.02962748787843395,0.6985825100992116
s054,s049,7,0.04359737665129411,0.07673535477063255,0.6509873978696866
s054,s050,7,0.08034316400849395,0.005562197734747393,0.6637965123503962
s054,s051,7,0.21826240316118767,0.024685617105952157,0.6785422499328428
s054,s052,7,0.21301353317051605,0.22270783561234328,0.6336438112460302
s054,s053,7,0.10612809888665793,0.0401709270327474,0.8155172313832993
s054,s055,7,0.129294011557294,0.09017468022677859,0.7711997015892605
s054,s056,7,0.05004924223281113,0.003551808263372464,0.7664038785795094
s054,s057,7,0.08490356049435414,0.10916485831595264,0.7392872174097032
s054,s002,8,0.39417200766414445,0.029412552004773117,0.7457115693543075
s054,s003,8,0.11731503109731833,0.0027765971185419428,0.678232179971496
s054,s004,8,0.1536666796988861,0.013436598703119536,0.6319926206481205
s054,s005,8,0.11144186712054972,0.02274310979542308,0.6040929913998793
s054,s007,8,0.205076063676791,0.0026861365109860998,0.587982975418937
s054,s008,8,0.22434600844297742,0.1474727030653189,0.7292002325215732
s054,s010,8,0.1590896274275821,0.04477836627910412,0.6778884623387899
s054,s011,8,0.1904000875350126,0.16513228389537654,0.660411335976994
s054,s012,8,0.08235414120279465,0.0757768161372701,0.7663838913370378
s054,s013,8,0.21048940448840575,0.012373108574949044,0.6719043441114232
s054,s015,8,0.1136298626435007,0.005706014459957074,0.6028184679898713
s054,s016,8,0.11972368837079657,0.06972794776990036,0.5935045823669013
s054,s017,8,0.24441314558192162,0.0032816927623953406,0.7754065902225975
s054,s018,8,0.15803863074526647,0.04065726866965939,0.7785020455655086
s054,s019,8,0.14932574934912135,0.0009315926668985999,0.686785484979408
s054,s020,8,0.1568964880980961,0.021317126396629894,0.7043631828888216
s054,s021,8,0.07629099745118052,0.0026955642385196573,0.652065754312535
s054,s022,8,0.19061803042167247,0.08293014684710386,0.6551665100507348
s054,s024,8,0.10626129859645776,0.10852971584289893,0.7471590446286259
s054,s025,8,0.11755413388570972,0.0768541551954266,0.635844705708584
s054,s026,8,0.13933344336186368,0.004099906093495792,0.49800322430559674
s054,s027,8,0.1303887172639159,0.03552819074627224,0.49813888726262495
s054,s028,8,0.2627693363847583,0.15625358900140107,0.7152366073381192
s054,s029,8,0.49606211150653906,0.0003450618858689968,0.7390275226933447
s054,s030,8,0.06165682622754422,0.08401152324077023,0.5211132887673403
s054,s031,8,0.11741728121518108,0.033835437455335564,0.6720125029287669
s054,s032,8,0.0916134728070708,0.0004757398410588587,0.7189359531602519
s054,s033,8,0.07529726647158175,0.00555312598016058,0.6138327640572091
s054,s034,8,0.23969144995123237,0.0027082366688177414,0.700115182486211
s054,s035,8,0.20491499305717645,0.013709645820101242,0.6866602173182071
s054,s036,8,0.06231108516486568,0.19000122210637632,0.6348126418973172
s054,s037,8,0.0884728208506789,1.211074526901244e-07,0.6680654467375469
s054,s038,8,0.08384078524484007,0.0043840968558563585,0.711671173063425
s054,s039,8,0.09732678894127754,0.030957504501129295,0.6502788831892562
s054,s040,8,0.09277371157384609,0.16044357054582084,0.7180149394644849
s054,s041,8,0.1605471410834265,0.14785316733124174,0.6338884792124497
s054,s042,8,0.23707364735149355,0.15502363132156122,0.5934362950417901
s054,s043,8,0.07732098780241983,0.07276625690374042,0.6656113035474381
s054,s044,8,0.11747757760412972,0.016732486879358095,0.6606565900427237
s054,s046,8,0.11157897197056338,0.014630411569994967,0.62110792009144
s054,s047,8,0.15581782653505816,0.07059276782878841,0.6801436384780416
s054,s048,8,0.1330344850002456,0.10620724777858893,0.7089345337438804
s054,s049,8,0.05947043105680335,0.0674980098257797,0.5505931295300847
s054,s050,8,0.1904331158862863,0.0025831430729410343,0.637631447208286
s054,s051,8,0.24588873992486718,0.001685418510182146,0.6516101642623627
s054,s052,8,0.3263758529816781,0.1987328436828017,0.6130812535863885
s054,s053,8,0.19667860873048781,0.056618308846819315,0.679298014190201
s054,s055,8,0.26128383519991744,0.07929532687882891,0.7898469786705068
s054,s056,8,0.10171768508353751,0.011077324567991757,0.7771061117870139
s054,s057,8,0.15658625062781828,0.12523909129255248,0.6664952651926633
s055,s002,5,0.06826339206379337,0.0005131324200446057,0.6890960900999203
s055,s003,5,0.03344803826545828,0.05317921083209281,0.7470072948923068
s055,s004,5,0.026688138045677483,0.005383798220454229,0.5478658491747468
s055,s005,5,0.02757055230005508,0.014790824004286265,0.7067229986871406
s055,s007,5,0.03135940585481751,0.006464944517035971,0.6507972665360455
s055,s008,5,0.0961988183726383,0.008638683022453528,0.7628936048601932
s055,s010,5,0.04975184147459238,0.0006195030623573822,0.5603819024354711
s055,s011,5,0.06924054896276391,0.13142538088869302,0.7421789838482626
s055,s012,5,0.08911801122624914,0.06870469745219587,0.7262544983512128
s055,s013,5,0.07022043397035639,0.11702251003379278,0.7242229816390567
s055,s015,5,0.0323591089437395,0.0022307178726008728,0.5714846709306949
s055,s016,5,0.011329846689264953,0.13672387249564946,0.6046421919832788
s055,s017,5,0.03909695548648428,7.576062890896282e-05,0.8238229083800463
s055,s018,5,0.017592394936430524,0.013238855009768388,0.7684828438453358
s055,s019,5,0.03440533466283429,0.0038210574151020435,0.6355325655521696
s055,s020,5,0.05134401091132157,0.02435846126487573,0.7243532274724352
s055,s021,5,0.023332312802416627,0.010709456615048301,0.5818048474839507
s055,s022,5,0.011893731235404728,0.15408206306167674,0.6813197693674232
s055,s024,5,0.014245676953122803,0.00022069139582378368,0.7855141335660023
s055,s025,5,0.01636609348803338,0.04492965751666139,0.8035827368196574
s055,s026,5,0.050705242437497494,0.16446025432452122,0.6162601755628495
s055,s027,5,0.028474190877583017,0.03573997969326581,0.5917396277432585
s055,s028,5,0.044982358236825275,5.510052625566996e-07,0.5760102518627246
s055,s029,5,0.03832519867851961,0.0004292976234730788,0.6747534536665711
s055,s030,5,0.014235996638257494,0.09297627782777541,0.6306151570698963
s055,s031,5,0.01365025397520049,0.09770262327349401,0.6663080924824614
s055,s032,5,0.04771077737411537,0.09933169655197861,0.7334803340432463
s055,s033,5,0.013055120158566913,0.008573394607861225,0.5172236046937287
s055,s034,5,0.04142510746446581,0.02038413852692228,0.7008315820909922
s055,s035,5,0.02930437492445784,0.10193538568423792,0.6652413365282026
s055,s036,5,0.01506625836693354,0.1852304325890558,0.6785244191487007
s055,s037,5,0.05697507045846223,0.008899562317603945,0.7001831425002402
s055,s038,5,0.024179799593040587,0.010867285520848187,0.6316587877770887
s055,s039,5,0.03744752200049905,0.01563530138073992,0.5950474368776073
s055,s040,5,0.01629145626809951,0.0043056419552557216,0.5708694072873859
s055,s041,5,0.06241673745016946,0.016579484714408448,0.6678686245630218
s055,s042,5,0.02489351957609428,0.00020051399085740585,0.5593644635016706
s055,s043,5,0.015589904534085713,0.21540703593428873,0.7239771068767983
s055,s044,5,0.013989255067405011,0.00716433869340673,0.7241574310491822
s055,s046,5,0.013864762986474337,0.0035124523348225066,0.6399803896044071
s055,s047,5,0.014502115171596636,0.013407689995117121,0.5228101935148627
s055,s048,5,0.08455046195887703,0.056076141429612564,0.7557644156607873
s055,s049,5,0.01811024913700593,0.01676630136816691,0.6381985546547596
s055,s050,5,0.021832170824726525,0.008647237468307522,0.4946738712612692
s055,s051,5,0.022889318364742076,0.030573401920785562,0.6863244990664085
s055,s052,5,0.021906428953355938,0.0028564800691033604,0.45882865492001446
s055,s053,5,0.047703359748223484,0.0033214189110484602,0.6256251444877741
s055,s054,5,0.05959096383713849,0.02850568805150879,0.6844288055603118
s055,s056,5,0.1443548505806142,0.15437836175610586,0.709197967429321
s055,s057,5,0.17804436707696514,0.11769026645588927,0.686840214742394
s055,s002,6,0.05289192284583581,0.00048302708077612057,0.6947064638466344
s055,s003,6,0.10610801297580309,0.12050378125805139,0.7381656066285848
s055,s004,6,0.04700795142596129,4.2167450274864254e-05,0.564433169342887
s055,s005,6,0.022190036034652055,0.013444411596943042,0.6050285521334697
s055,s007,6,0.02266849664639277,0.021318301570642767,0.6628552123722125
s055,s008,6,0.27419141838975986,0.014010296629690258,0.7398232071208067
s055,s010,6,0.057072065634700436,0.008360987892050987,0.5586106001862136
s055,s011,6,0.09967964611018908,0.22287792764909303,0.7037340019886216
s055,s012,6,0.0582436362436418,0.13096464113992792,0.7747693703058004
s055,s013,6,0.07940427807192682,0.10763042547055515,0.7024781963942258
s055,s015,6,0.050481189606296474,0.02518090177139512,0.5570920995219715
s055,s016,6,0.018250929764401846,0.08218665858345231,0.6014669995570424
s055,s017,6,0.04992717503090057,0.02498066706841363,0.7560448794642262
s055,s018,6,0.022532042397724675,0.03182989147259035,0.7772469233442864
s055,s019,6,0.028492564027111516,0.0014595825817347876,0.6097295285629057
s055,s020,6,0.06298993505907136,0.07764472854003467,0.6855416431926497
s055,s021,6,0.03303155497963403,0.014022932601591213,0.5385532055125241
s055,s022,6,0.0148208468558767,0.10900605517152198,0.6786960176655716
s055,s024,6,0.014000420631994043,0.0016895342163333728,0.7532024417128484
s055,s025,6,0.01994297422980387,0.06630966797835534,0.788126271557879
s055,s026,6,0.04035875394926146,0.067071403683258,0.5503682087266859
s055,s027,6,0.06385874525802969,0.10294616746468228,0.5432427153748413
s055,s028,6,0.05492560734600992,0.01057728671744303,0.6390630105899595
s055,s029,6,0.028270958455549382,0.0048429573982986,0.694884642241002
s055,s030,6,0.01882209713312055,0.09849627198758032,0.5686326450080644
s055,s031,6,0.012262413136650295,0.1272623422987859,0.660846415358074
s055,s032,6,0.06009598275495836,0.17913903943686954,0.7330067770253983
s055,s033,6,0.03226667815226962,0.007795507009521507,0.5129940598222915
s055,s034,6,0.08971986295437406,0.08084166261859121,0.7369287960354141
s055,s035,6,0.020439787192412195,0.04440328323644764,0.5959745879379961
s055,s036,6,0.011447760123824202,0.16028195595594127,0.6895903052393124
s055,s037,6,0.06757545963165738,0.10597506262409986,0.7463901268216245
s055,s038,6,0.02369536158018654,0.06621303621128957,0.6610038568972403
s055,s039,6,0.02583619903971719,0.0009552072125149839,0.6166443434841307
s055,s040,6,0.020074129150761025,0.0023149975290557836,0.5823936881404697
s055,s041,6,0.07677222230859608,0.020225159269550933,0.6612854574812651
s055,s042,6,0.04219861897742987,0.01245649809084451,0.6675335433706717
s055,s043,6,0.03078261838093428,0.19472468562320663,0.6860573467199338
s055,s044,6,0.011450609173390771,0.019629182535464782,0.6890920166374807
s055,s046,6,0.012910400655951195,0.005540077988211821,0.6314365302660021
s055,s047,6,0.01463126774807255,0.012312224127882342,0.48124878996747017
s055,s048,6,0.036637780559198065,0.002330209147624072,0.7138361447163537
s055,s049,6,0.02287262357528545,0.029283716913235794,0.5924623316057557
s055,s050,6,0.02074525918828422,0.004287825444560001,0.528868496426498
s055,s051,6,0.031828434837663996,0.010959910975104953,0.6862756523963676
s055,s052,6,0.0334765801651555,0.02520318130397159,0.4706311982440107
s055,s053,6,0.06299256471605874,0.0026943313073719767,0.6147386125266261
s055,s054,6,0.07062805178085449,0.004668376468633405,0.7536619808247269
s055,s056,6,0.34471244523172295,0.3306200651512861,0.7768917818499262
s055,s057,6,0.17320099253284993,0.13717916718901954,0.6869084084241968
s055,s002,7,0.11261720933540069,0.015576213802140011,0.6855183464326804
s055,s003,7,0.059543644535809154,0.05586701075467316,0.6259222028465071
s055,s004,7,0.04496084872546267,0.023408053908272285,0.4843268733655163
s055,s005,7,0.038627414685395996,0.021926586042837082,0.6318020849079671
s055,s007,7,0.044229780695233874,0.0003982174124245233,0.6398546124172031
s055,s008,7,0.27213091705260767,0.005989721601863651,0.7434879364428209
s055,s010,7,0.12305493978375892,0.009941660438551343,0.5553114456899647
s055,s011,7,0.11358344774979882,0.09518794099197908,0.6296336027336975
s055,s012,7,0.12284248952683936,0.07184394371036545,0.6842616871776163
s055,s013,7,0.13083077515094052,0.06189819451967372,0.6361906554431589
s055,s015,7,0.09791441313332774,0.0036444194309491387,0.5174520333005693
s055,s016,7,0.021591313174190087,0.09859319181983744,0.5173882852151052
s055,s017,7,0.06264074932727222,0.01980224065336339,0.7667096563983103
s055,s018,7,0.02127503169032255,0.0037496125978195897,0.6900434825357427
s055,s019,7,0.061328360224054954,0.00020455489489992437,0.585079490668353
s055,s020,7,0.11576679248479539,0.010393938114246777,0.6793585184235044
s055,s021,7,0.04572489458363424,3.722081442055092e-05,0.5732424205751138
s055,s022,7,0.02487015877847553,0.0493767990770209,0.5580609332816341
s055,s024,7,0.042974292119003325,0.003061341837898261,0.7354524367474752
s055,s025,7,0.032715102858167415,0.052296837815864944,0.8131720841713483
s055,s026,7,0.08134909629006794,0.12202692574246213,0.5815005350025422
s055,s027,7,0.07475003849175868,0.06535060557230729,0.5870708565558999
s055,s028,7,0.09669171380278974,0.0012442458441681013,0.5617120324093698
s055,s029,7,0.04374208832151701,0.020816642601745688,0.6695211331763046
s055,s030,7,0.03404882882254248,0.04103662454309699,0.544645616683556
s055,s031,7,0.011642837980143924,0.20481681949751704,0.696577921574473
s055,s032,7,0.06507818986242271,0.057906189267309845,0.6494693439240927
s055,s033,7,0.030928604248635787,0.008710760238492597,0.5180829113683378
s055,s034,7,0.10687988193813995,0.023195908166547412,0.6771788702342392
s055,s035,7,0.02219652774781801,0.01900813866271057,0.6413151408781199
s055,s036,7,0.032912930459492305,0.07700245471213144,0.5931484398931516
s055,s037,7,0.10863011698969151,0.07911915216503394,0.6833129555035732
s055,s038,7,0.043784075796354294,0.011894913945320206,0.5695462483245539
s055,s039,7,0.06160360510820386,5.446917947340755e-05,0.5735010635504317
s055,s040,7,0.03615102948064502,0.00833005522028366,0.47277777107407
s055,s041,7,0.07426808218207469,0.005758695985513964,0.6475095542923457
s055,s042,7,0.0725444465162157,0.007555457743871678,0.5624245186978251
s055,s043,7,0.049664045556777316,0.06874728687280938,0.5579632737878586
s055,s044,7,0.01886498259696557,0.0066160649724011965,0.650863090761944
s055,s046,7,0.05186569889559083,0.026621990268806458,0.628122600715373
s055,s047,7,0.028273539509462424,0.026303236534913958,0.470143013749406
s055,s048,7,0.13672731323309992,0.04123707776980895,0.692455146639578
s055,s049,7,0.026786269312056975,0.034518265581114406,0.5771104160888721
s055,s050,7,0.03167229021588148,0.007319690598319125,0.5097943106776063
s055,s051,7,0.029797994103609015,0.023578835114625066,0.6762055144030983
s055,s052,7,0.04726570845987031,0.007382231331444983,0.34340531711040423
s055,s053,7,0.08948346305104701,0.05179266955149155,0.5989728296241699
s055,s054,7,0.13909597686212855,0.08174906683476955,0.6651639032663506
s055,s056,7,0.2926949856511091,0.1308572323419657,0.7026232324834379
s055,s057,7,0.24457652493113732,0.10044555411107195,0.6316013046432543
s055,s002,8,0.06569767883743592,0.00506166470062266,0.6704910851401776
s055,s003,8,0.09285513670661788,0.12787000701335277,0.6377572290129399
s055,s004,8,0.048186763478552753,0.005421171257238061,0.5969948980158388
s055,s005,8,0.028602335615793218,0.04502955943459622,0.5710677049864693
s055,s007,8,0.0263420438450544,0.004404360425013327,0.6125056294622083
s055,s008,8,0.24724221287748802,0.0013647552954813703,0.6959568310486521
s055,s010,8,0.05160407346530225,0.013714089341161475,0.4864364632966199
s055,s011,8,0.08040600175437145,0.09292045620650911,0.5434761944328227
s055,s012,8,0.11417588613763137,0.09577915899114939,0.5886987780249338
s055,s013,8,0.08524666139921433,0.009295115570888853,0.632534955154161
s055,s015,8,0.042882441696669715,0.0003452236138355695,0.6324193000209873
s055,s016,8,0.012494223241170678,0.0023735887078474745,0.379546353963077
s055,s017,8,0.04950281844210834,0.019060981529315048,0.6836225027262829
s055,s018,8,0.01962685422439071,0.01643448032300869,0.6013232764533767
s055,s019,8,0.04082117561080764,0.0038161525159857803,0.5723717262685037
s055,s020,8,0.06151966338177403,0.10512414983917057,0.6120724460979633
s055,s021,8,0.030901326710119623,0.012136612748176824,0.5476690101107177
s055,s022,8,0.011292588207839573,0.0204430161215767,0.46006882316815234
s055,s024,8,0.01139535145390857,0.004115810926957709,0.6537771866023883
s055,s025,8,0.018431262383908662,0.030946124821835484,0.67755840727026
s055,s026,8,0.03663327563960146,9.797141943475714e-06,0.5630092109034559
s055,s027,8,0.05510215866984719,0.021631294630304818,0.5638212111788643
s055,s028,8,0.051434376249294284,0.0013618130361094814,0.5888734222059471
s055,s029,8,0.024919123625090477,0.005697206807239213,0.5946220495843968
s055,s030,8,0.01861257593430853,0.04600008226506166,0.4830738705953361
s055,s031,8,0.008146926653881574,0.034899282180978625,0.6782759274034689
s055,s032,8,0.09805501040801846,0.0063851034732535705,0.5710504506798494
s055,s033,8,0.02158340024265251,0.004911147986106948,0.3574382971228033
s055,s034,8,0.08625751270708923,0.022643273072467423,0.5850295618877094
s055,s035,8,0.019942171677699874,0.0062218728418144695,0.6606399595696945
s055,s036,8,0.01463897649090841,0.01614892492195933,0.43550758043326454
s055,s037,8,0.0690912884762091,0.15420908315963164,0.7400687782583883
s055,s038,8,0.02885687173914167,2.66777577054429e-05,0.5375087768690635
s055,s039,8,0.02276755662897953,0.07785898756480827,0.5453035894373605
s055,s040,8,0.03184949504476124,0.012155054346673506,0.4350760636802097
s055,s041,8,0.09626680260445537,0.09384819762491912,0.472657634512184
s055,s042,8,0.021246121521450907,0.010213347762347679,0.6743242312122086
s055,s043,8,0.02642755509097766,0.021556931667205143,0.4915593595194776
s055,s044,8,0.010308868767664348,0.00034651869068938603,0.6508120376559782
s055,s046,8,0.016092731165925325,0.005949903369692491,0.6334497887935772
s055,s047,8,0.016080782948358865,0.009152916091541655,0.47328494918592207
s055,s048,8,0.16571066156874645,0.0003908162520326438,0.7272184596026376
s055,s049,8,0.02415781846578202,0.0634522988100545,0.444143789556753
s055,s050,8,0.021006787172691863,0.019803980957719132,0.5465984631845392
s055,s051,8,0.036384407768536076,0.010285220292153422,0.6087269480390619
s055,s052,8,0.04045406210364035,0.004450029951182672,0.28539684788427877
s055,s053,8,0.07183583309756682,0.008570323152045587,0.5161591537850551
s055,s054,8,0.12952550431950507,8.382374551812324e-06,0.6548901870627538
s055,s056,8,0.2520669436830465,0.07264972990814055,0.5945970629544317
s055,s057,8,0.20349640380473713,0.10106017116323258,0.5591126226651388
s056,s002,5,0.14517801700208638,0.02377594162456914,0.6391958209231835
s056,s003,5,0.054991210819533135,0.0005550804706379427,0.683898503409614
s056,s004,5,0.04031895311339354,0.022680332403751113,0.5519097726076094
s056,s005,5,0.04063745387483889,0.0021971445382495277,0.44745023569797426
s056,s007,5,0.047595694579522264,0.007966745741486697,0.5511261699614186
s056,s008,5,0.07880730956784307,0.003273256360805921,0.5732228867869095
s056,s010,5,0.09299560440703822,0.01618601853117403,0.5849490681888765
s056,s011,5,0.12263332067585653,0.23455114216916886,0.7090745061661375
s056,s012,5,0.0683922788629755,0.04979401302565406,0.8131918139403979
s056,s013,5,0.13579410431242397,0.11765795692721695,0.6659658429326735
s056,s015,5,0.12143932554992004,0.03541958995264591,0.3790290778627755
s056,s016,5,0.01963172448740523,0.01693232959572086,0.5522357391994951
s056,s017,5,0.07488344520035166,2.6023799523837955e-05,0.6237087527303489
s056,s018,5,0.0576635078507718,0.1017913081831182,0.7159835239205021
s056,s019,5,0.051921698359154035,0.010213536885215287,0.4986659604164191
s056,s020,5,0.0771443931070759,0.05382551006470324,0.6025513695001555
s056,s021,5,0.0775481984260385,0.0015748297161464146,0.4667457557498287
s056,s022,5,0.022752730663278372,0.23580907464920534,0.7000685992515697
s056,s024,5,0.047523154803692486,0.005630753592860265,0.7346694125777162
s056,s025,5,0.03390802063453394,0.06197653154362747,0.6575613302877623
s056,s026,5,0.0637983769349194,0.10705276597309227,0.48979809220284887
s056,s027,5,0.0632974119650548,0.0015531240449401947,0.3726896988905036
s056,s028,5,0.05899910280447774,0.004602467387242383,0.6760339594809815
s056,s029,5,0.05572487642792156,0.02835700625459481,0.6008489626089474
s056,s030,5,0.02682453232025588,0.06943322035988635,0.5544098941621022
s056,s031,5,0.04797826784250629,0.016812182627119598,0.5390757933769785
s056,s032,5,0.10112595702710407,0.17674348062375464,0.6626231778742664
s056,s033,5,0.031036990601422586,0.025824343435843514,0.5915652859281344
s056,s034,5,0.06580257715160033,0.012943313671774266,0.7286484581051152
s056,s035,5,0.042635392190164906,5.2551753330071133e-05,0.4920735382409338
s056,s036,5,0.02759657801900879,0.24742021747928308,0.6698639936795012
s056,s037,5,0.043646135497638176,0.1379555881120236,0.6355830625183153
s056,s038,5,0.0487460734792344,0.08223526328370463,0.685298722564305
s056,s039,5,0.07379569810443116,0.03263354589534001,0.5876235574201133
s056,s040,5,0.053872169217880655,0.031289713319403195,0.659315384474247
s056,s041,5,0.05491341770712135,2.557694996368579e-06,0.6471243559455397
s056,s042,5,0.042334904474437156,0.027242353139949906,0.5965675590597258
s056,s043,5,0.04407768173523864,0.11582651532436988,0.6785507426718531
s056,s044,5,0.0319023507174456,0.06286229210177847,0.6580450167389993
s056,s046,5,0.03052235875774725,0.006371269364508615,0.49460966371285603
s056,s047,5,0.03210021580998527,0.010036550231513215,0.45146627274419066
s056,s048,5,0.08362562944633918,0.033128677873157736,0.5982870433145839
s056,s049,5,0.03746767796688036,0.12300445183639949,0.5079684621681041
s056,s050,5,0.08862531341098047,0.03604669542675506,0.59267890107649
s056,s051,5,0.038074890116434744,0.0044509397631413965,0.5529456160159913
s056,s052,5,0.037038763482000185,0.07114698906073004,0.4846171305934539
s056,s053,5,0.09022944507515322,0.0012030688780654195,0.6077456973681006
s056,s054,5,0.07603128469223172,0.003688095090044609,0.7071322769380032
s056,s055,5,0.16673846696627104,0.23363008654062753,0.696446390740696
s056,s057,5,0.11907611662843096,0.12838219453064081,0.7035615089875519
s056,s002,6,0.09209176678520249,0.006853426697754855,0.5974803271206305
s056,s003,6,0.11703523873382751,0.10051279416967893,0.7352354214217889
s056,s004,6,0.06812110577894892,0.01046910949276998,0.5606008807050592
s056,s005,6,0.19921693088464076,0.07054441901260501,0.5665420073627482
s056,s007,6,0.057682127850242966,0.021956422231975612,0.5268658598522886
s056,s008,6,0.2043825197479935,0.06645210470633395,0.7456242191152919
s056,s010,6,0.12491704281785843,3.512368663615497e-05,0.533241520187701
s056,s011,6,0.11505836219213836,0.3040906423572178,0.8512264881951703
s056,s012,6,0.2745534721887528,0.20486650484664898,0.90700252272226
s056,s013,6,0.2921533957171037,0.26750723197775633,0.7281836289622632
s056,s015,6,0.10415667288796404,2.9618096394756018e-05,0.438632401186138
s056,s016,6,0.03449224294210389,0.061020302334852686,0.5803359715766955
s056,s017,6,0.06781952715972231,0.04207415248568708,0.7371958333057173
s056,s018,6,0.10574060805353126,0.14937764463121977,0.8667389573693729
s056,s019,6,0.05915308447019363,0.05233091562710385,0.5610337993789052
s056,s020,6,0.21513612585144218,0.11201964540142147,0.7127488793694643
s056,s021,6,0.06653235437159123,2.0977209151706787e-05,0.4782059239965707
s056,s022,6,0.02869869681560688,0.35715986656451737,0.8253470935384957
s056,s024,6,0.04346922428475683,0.029285638075414126,0.6793062262601064
s056,s025,6,0.03646677981984303,0.17723847140903362,0.7543738716296012
s056,s026,6,0.09016212658543457,0.035945855940891024,0.449434960413194
s056,s027,6,0.09137567250444552,0.014619925914542063,0.44416227386367507
s056,s028,6,0.06501115110623026,0.02709627173566827,0.6970160583151093
s056,s029,6,0.07663631226470845,0.015548662698539918,0.6402588812205114
s056,s030,6,0.03986510524779646,0.19605331732595735,0.6450210039901327
s056,s031,6,0.02244908781489894,0.09773990272729666,0.68861392383764
s056,s032,6,0.09517457701880801,0.18380062756052495,0.7246024146714558
s056,s033,6,0.08012280885466894,8.413601090262687e-05,0.5048016334334737
s056,s034,6,0.10748441610670502,0.03910563651768355,0.7063961829189236
s056,s035,6,0.042597310636910336,0.013899457544613207,0.49750023366701107
s056,s036,6,0.04076387520075914,0.3548255535773951,0.8599149788271948
s056,s037,6,0.09418528687993505,0.1512861048813702,0.6903855327822245
s056,s038,6,0.0722285617357801,0.05247908586067842,0.5940308010233059
s056,s039,6,0.10218051568147803,0.002751418668677842,0.45608488637110495
s056,s040,6,0.06480220465444399,0.0003244483886454705,0.5239694687464189
s056,s041,6,0.15532088805799724,0.07882667475253408,0.7223385371823818
s056,s042,6,0.07033730014309555,3.8424659712463535e-05,0.5935166272365907
s056,s043,6,0.02525232831981445,0.2861892581574014,0.7623506051414818
s056,s044,6,0.04775308599637732,0.023014737569570815,0.6990228760264917
s056,s046,6,0.038940827802264245,0.008211050297235008,0.5335191850199301
s056,s047,6,0.03870845276334931,0.016214471503420157,0.4801792064825551
s056,s048,6,0.065631630986999,0.016275903013532943,0.6882198919385373
s056,s049,6,0.04500512962446836,0.16294001083004347,0.5676875289853758
s056,s050,6,0.13367242221392892,0.0018662946108234997,0.5076338395400914
s056,s051,6,0.039062321075014915,1.8077566472335988e-05,0.5643288706208112
s056,s052,6,0.1011763556737036,0.017242247237378217,0.34249144074383026
s056,s053,6,0.10794579759172171,0.012994090058831474,0.5858777577398141
s056,s054,6,0.13026058817667957,0.017301979315472636,0.668507711292238
s056,s055,6,0.3697875973759759,0.48313328102566316,0.8099566995956101
s056,s057,6,0.37648483629279217,0.3787898996477037,0.7625879204691548
s056,s002,7,0.1395128850028992,0.03632939590214918,0.603723466418271
s056,s003,7,0.1531899512853298,0.07702285331416957,0.7218178606040156
s056,s004,7,0.09555599812267218,0.0493762915061701,0.48217932501403205
s056,s005,7,0.1326897542202676,0.020095885163985038,0.5397135398945805
s056,s007,7,0.0630781704669556,0.028036668196021436,0.5421039893662487
s056,s008,7,0.14631124160778997,0.028206310091515138,0.6871568665861417
s056,s010,7,0.15574236950067297,0.00976032936070837,0.49808249459749304
s056,s011,7,0.1592512154294593,0.293983980842014,0.8152297275100291
s056,s012,7,0.1877457364711174,0.16931843716014916,0.9182341062399771
s056,s013,7,0.18406129129663842,0.22263326269641345,0.6897039148286425
s056,s015,7,0.10615050808851369,0.0020249228168672698,0.44085419468464987
s056,s016,7,0.05184959075441122,0.07253210079336993,0.59576929722811
s056,s017,7,0.07614042104951013,0.07635424700489023,0.7080203585964093
s056,s018,7,0.13120012470163647,0.10326829209342551,0.7737209296093228
s056,s019,7,0.07847966393345752,0.023290157449828066,0.5631838287866099
s056,s020,7,0.17270631318462598,0.1430765672855991,0.6939889973083998
s056,s021,7,0.09897734458910716,0.0017519554119197586,0.4840307880367471
s056,s022,7,0.04217156893997503,0.3686205253364371,0.7971324181630925
s056,s024,7,0.039354495889806454,0.0446715980809097,0.7171253512524258
s056,s025,7,0.05787682367989448,0.1101478928216871,0.70413252833572
s056,s026,7,0.10966255947719245,0.03241495268037071,0.45119473524644244
s056,s027,7,0.09139012079623308,0.0024142923555454656,0.3455496576710538
s056,s028,7,0.1006189677755179,0.010672844515228885,0.6521028701223558
s056,s029,7,0.099871259977163,0.027621826669428976,0.6080500985059832
s056,s030,7,0.05244775761100225,0.14555006192097297,0.6131642548973493
s056,s031,7,0.05741952514985589,0.04240883432287485,0.5848255884520043
s056,s032,7,0.1342927684052978,0.17849224958002158,0.6848009688216211
s056,s033,7,0.09540718443205626,0.0006529531514128051,0.5065366374454442
s056,s034,7,0.12478670836317998,0.05484397514888508,0.6858062279065766
s056,s035,7,0.06721526420369305,0.009182228953271416,0.4870833740881637
s056,s036,7,0.029115628149497072,0.4059502593953535,0.8169444178337302
s056,s037,7,0.07579966506838862,0.1201022223710958,0.678483364453335
s056,s038,7,0.08533184526776741,0.07217813032689488,0.6762380490747294
s056,s039,7,0.07027486740621025,0.030177191432378566,0.5214189027200413
s056,s040,7,0.065835813984118,0.023118464702486165,0.6063455497106899
s056,s041,7,0.1985477650509835,0.05026466760192983,0.6477664338332497
s056,s042,7,0.06106315742052509,0.008816015347428256,0.5228574638065526
s056,s043,7,0.03781576552892908,0.2939893427405622,0.8162337987145198
s056,s044,7,0.04011991194750023,0.031207848064566102,0.6900278984630898
s056,s046,7,0.029743423698039107,0.001090269741887609,0.47615413738999257
s056,s047,7,0.05229438807744945,0.01926627041230948,0.4420033005559435
s056,s048,7,0.0810650045061633,0.022583849249290133,0.6710339437588112
s056,s049,7,0.06241954686046666,0.05940931616441613,0.5361029951066508
s056,s050,7,0.13609019697655536,0.03854844877094371,0.5016807380057419
s056,s051,7,0.2901083608561387,6.658066044785671e-05,0.556015762034966
s056,s052,7,0.08187785934338655,0.031087764233596424,0.4532234767461406
s056,s053,7,0.08885800269695027,0.0011329521027411383,0.5484521017845534
s056,s054,7,0.15059778085149503,0.007322233719005389,0.6557757191283662
s056,s055,7,0.37921988258821676,0.4862496744546628,0.8117662268083718
s056,s057,7,0.3987974642994787,0.259830956541419,0.6987963128134179
s056,s002,8,0.1095371551150996,0.0009397515249115002,0.5855366219658779
s056,s003,8,0.10690633605819341,0.11936306397087312,0.723621045271063
s056,s004,8,0.08174319066718627,0.0017649965832982498,0.6457549952430502
s056,s005,8,0.06562755480458438,0.021313510772532598,0.5319579075208786
s056,s007,8,0.049549262334124516,0.023166449634866252,0.5991884018982196
s056,s008,8,0.2642257038016752,0.03408591194643265,0.6758494114329838
s056,s010,8,0.08187297325021552,0.013587403728375027,0.45064856586639035
s056,s011,8,0.1362736353793133,0.43254079171605453,0.7553543323680502
s056,s012,8,0.13849073408749235,0.20558082568354533,0.8445358961505138
s056,s013,8,0.09180073564366595,0.04823336475616941,0.7285849395786766
s056,s015,8,0.13176880568098348,0.025835529597094533,0.5943263095283312
s056,s016,8,0.022810893735851066,0.044345152428714195,0.5118010020739285
s056,s017,8,0.04259746348582604,0.0969503723208309,0.6729362205181615
s056,s018,8,0.1049455723163398,0.16773266686886534,0.7075145629087477
s056,s019,8,0.06419358584042802,0.00046246461612057746,0.5908440032541512
s056,s020,8,0.11308351142171712,0.18824529599047918,0.7808248757927808
s056,s021,8,0.06331198270927667,0.009420965739378116,0.46190975559051983
s056,s022,8,0.03043917010469871,0.18491551578039983,0.7413148403355105
s056,s024,8,0.03377228381453554,0.03135509110733686,0.6663853641586399
s056,s025,8,0.03495151914323893,0.06439808638942905,0.6455900069651602
s056,s026,8,0.07690628041142371,0.0007529465139783241,0.4651166185012627
s056,s027,8,0.12411947502051787,0.05751797779920368,0.49070133024642165
s056,s028,8,0.09126726594566092,0.08334021405898491,0.6764952185260954
s056,s029,8,0.056559734403543685,0.0026982878762127484,0.5439635794316211
s056,s030,8,0.03267662363502389,0.15181903933729526,0.5680369629768579
s056,s031,8,0.03741943925342626,0.047080426328392114,0.581009517782954
s056,s032,8,0.10011710124847444,0.09519869338133077,0.682552138379382
s056,s033,8,0.05786269310507092,0.013419074492896694,0.3978775278061912
s056,s034,8,0.07348856606613033,0.01878671055257601,0.5881853439060005
s056,s035,8,0.029805603877966148,0.002465679675378282,0.4975218230139567
s056,s036,8,0.031750052177954236,0.2606166925144807,0.7306683197926747
s056,s037,8,0.07305471144763397,0.08757232403102654,0.6781031922755808
s056,s038,8,0.05504627223101743,0.03861155509393316,0.4741764249685551
s056,s039,8,0.058212150931835925,0.008734754448411293,0.4462545200480414
s056,s040,8,0.045635528311531594,0.0015997795316379881,0.44186314150489914
s056,s041,8,0.10761833938641067,0.08805179487947154,0.563877705125114
s056,s042,8,0.05034266556321355,0.009327991563858783,0.6546783320633206
s056,s043,8,0.031204784984032296,0.2221462110192764,0.7015938557668034
s056,s044,8,0.030325546553145788,0.038229846037835,0.7068449074874207
s056,s046,8,0.030260908905727718,0.003791726942091839,0.5438517562805514
s056,s047,8,0.04681317995451992,0.009890465356195359,0.46251745088535834
s056,s048,8,0.05376127985468667,2.706015220875591e-05,0.7030712154035541
s056,s049,8,0.03184434150500485,0.037972548304040704,0.5018446202719086
s056,s050,8,0.0502490988080409,0.0018912164887911005,0.4756642398413831
s056,s051,8,0.028080285746556983,0.02014142969635973,0.5650826536756971
s056,s052,8,0.04317949108283331,0.0025217699561050516,0.2792126283392579
s056,s053,8,0.08395449578490628,0.017741102879827962,0.5091932793894843
s056,s054,8,0.0922235591687458,0.022838803733322557,0.6094665572768608
s056,s055,8,0.2777617893426402,0.2405036654370921,0.7520736086145068
s056,s057,8,0.26520823259159815,0.26509801478429584,0.6988009819168656
s057,s002,5,0.11003870545889877,0.04953824050433226,0.7378540944377542
s057,s003,5,0.10338573114067899,0.03511082538881598,0.7524518236980171
s057,s004,5,0.10890149782397893,0.01935715758972744,0.6953834902634015
s057,s005,5,0.05421363011359903,0.038206750869194055,0.6756938872754987
s057,s007,5,0.09914223361600809,0.019742600839312653,0.5738736477483476
s057,s008,5,0.0976159600975593,0.020298577447876432,0.6336991471649138
s057,s010,5,0.2818265893099089,5.258971068855495e-05,0.7257566296634445
s057,s011,5,0.16710980370001072,0.15075483283992025,0.7860697540894864
s057,s012,5,0.11490732762974323,0.15752319529977551,0.7853898848106948
s057,s013,5,0.3424322033434161,0.18105785053577125,0.8809343222273371
s057,s015,5,0.4432784619407394,0.022509895261994133,0.6543100022219206
s057,s016,5,0.04584491244299084,0.3067587048473906,0.8150367149600325
s057,s017,5,0.11004388823420094,0.058196604935682864,0.7906148311611697
s057,s018,5,0.18864110413128227,0.14944379629326981,0.7798064164162827
s057,s019,5,0.09025906923578632,0.0018655397144769206,0.6149511557079428
s057,s020,5,0.2197064940467049,0.0028767579979792537,0.7537585526187892
s057,s021,5,0.16174723053380055,0.02517272496048596,0.6717490061046563
s057,s022,5,0.08502363732801063,0.1984637760929276,0.7544305342459443
s057,s024,5,0.11726630149575755,0.013445358405154475,0.7325274399602429
s057,s025,5,0.09849974292356031,0.014200718885469393,0.6154590971053037
s057,s026,5,0.1291144095948592,0.007509798090094463,0.617170316955465
s057,s027,5,0.08707289381422285,0.14634950842624997,0.5863316060892861
s057,s028,5,0.12248768364590401,0.060572634678826,0.7939319321206895
s057,s029,5,0.14376210807775205,0.04028567763008817,0.7666678960862443
s057,s030,5,0.065326923081069,0.2942828763747073,0.7148507280506698
s057,s031,5,0.09136349949106477,0.022135510695601997,0.5764106342823001
s057,s032,5,0.25659507139110854,0.10500012894507978,0.8681752911913084
s057,s033,5,0.09459203561836198,0.004332221319160131,0.7172717583770595
s057,s034,5,0.08163576175482007,0.013123341975115483,0.6557373759031815
s057,s035,5,0.10030171354451596,0.0077940502628957116,0.5113802735297595
s057,s036,5,0.10476051994745009,0.16246401644518052,0.6891530905724554
s057,s037,5,0.25742245862387525,0.07806708400890144,0.620294124237521
s057,s038,5,0.1833023251325957,0.07269248445197056,0.6358267004184758
s057,s039,5,0.10977190860372771,0.07553462668905353,0.5817356804054801
s057,s040,5,0.11906322148762705,0.017182433211418636,0.5928459710878481
s057,s041,5,0.18582616653969253,0.016654320174940507,0.8344880085210947
s057,s042,5,0.1394020435751014,0.04893331923270945,0.6575922501405234
s057,s043,5,0.08096119194756786,0.13115562307927756,0.7143315776433992
s057,s044,5,0.12127564517515084,0.010428996935982784,0.7078785275377442
s057,s046,5,0.09352544441756154,0.019784377354970555,0.6560106162339705
s057,s047,5,0.16574379100462824,0.012085604741305227,0.5724113885617251
s057,s048,5,0.1385935628775358,0.028141250387382584,0.6260978016133066
s057,s049,5,0.0625153129178313,0.177371197509886,0.7367605311356529
s057,s050,5,0.16853153196916243,0.08259613211212101,0.6082998237208213
s057,s051,5,0.4450917990139015,0.02905527076602971,0.679192887192234
s057,s052,5,0.123663233429505,0.013256227862206472,0.5509203249436851
s057,s053,5,0.1794676757284037,0.357347378378564,0.7804046167494766
s057,s054,5,0.07807260078255303,0.06911738305701821,0.7004007419574706
s057,s055,5,0.16430199805609075,0.2464158595190539,0.7651804166847037
s057,s056,5,0.16875419212320283,0.15319393392006037,0.7965453524905567
s057,s002,6,0.09070248557198106,0.005647440202729177,0.7750019334118764
s057,s003,6,0.14740601103911036,0.02315673593638516,0.7890696656774692
s057,s004,6,0.09303704037886956,0.008732844991731784,0.6364844048419621
s057,s005,6,0.06880375324624943,0.04708769662453473,0.6780688552168108
s057,s007,6,0.1086921016551875,0.017130628561354798,0.6041793575464003
s057,s008,6,0.09938811011773244,0.022790649888423293,0.6826992359169415
s057,s010,6,0.2862787212895293,0.0061460784554542075,0.6562624574458816
s057,s011,6,0.19574809691899653,0.035550088498988094,0.7961403223064909
s057,s012,6,0.14876463214181704,0.11525997283752501,0.7794594503920356
s057,s013,6,0.22525278351762873,0.18203997644585576,0.8490438731895031
s057,s015,6,0.5687560113646851,0.005925037572277349,0.6036386445353739
s057,s016,6,0.03949571227189834,0.1363019797962328,0.6614071750597836
s057,s017,6,0.1496140159381214,0.02885149081875701,0.7784226145832442
s057,s018,6,0.19260619363300427,0.13996290662404556,0.7621835938934475
s057,s019,6,0.08528368055035739,0.014437437249316447,0.5865252096819124
s057,s020,6,0.16457951549324945,0.029977627508499943,0.7141603935448463
s057,s021,6,0.12467914181638212,0.05994985565342866,0.6616226358204373
s057,s022,6,0.08042571844340218,0.21655333957969553,0.7096013473274316
s057,s024,6,0.0679628685350943,0.03272690608141236,0.7294051422590774
s057,s025,6,0.10631668913955232,0.00041732491877899,0.6758284238095359
s057,s026,6,0.2211178552776619,0.10268408957226159,0.6477970183043573
s057,s027,6,0.11835489010489474,0.003900227862490582,0.5080404972156013
s057,s028,6,0.15348599603066312,0.025871128301098188,0.7010053122374466
s057,s029,6,0.29793239989307496,0.12647218085107353,0.7202119508145531
s057,s030,6,0.06965836782061234,0.2640596885209882,0.738977674819083
s057,s031,6,0.05551078644798581,0.009561358096234972,0.6472501344950763
s057,s032,6,0.2120724666500089,0.12014255122360865,0.8314568732922344
s057,s033,6,0.084582315536586,0.014688632243210686,0.5874229270499307
s057,s034,6,0.0788142649580036,0.01237172794478387,0.5701802949272258
s057,s035,6,0.08509517664010188,0.005108411727117049,0.5252574422921567
s057,s036,6,0.12960755254018808,0.13962933993217957,0.6591903744970627
s057,s037,6,0.2289450038540553,0.17902448512035432,0.7383410666799977
s057,s038,6,0.10959804916929687,0.00464708905416183,0.6244118415557613
s057,s039,6,0.10615059954384777,0.025615102953343908,0.5275205372638151
s057,s040,6,0.10522097104540526,0.0026935627605498827,0.495459143622221
s057,s041,6,0.1564074029290184,0.002172091791884083,0.74958741803942
s057,s042,6,0.15816608684468061,0.009015626844494012,0.66793859407422
s057,s043,6,0.05542748508954302,0.1916906387442315,0.6660932774907892
s057,s044,6,0.07720426369298873,0.0009638461065105179,0.7429572409059578
s057,s046,6,0.09989541231359732,0.005715707599799138,0.6686596573180684
s057,s047,6,0.12095997061138734,0.0398336154314855,0.5389420107182802
s057,s048,6,0.09290466581101434,0.0033313957287535354,0.6786796252797553
s057,s049,6,0.042575757157922604,0.08061368361128399,0.6812364764243339
s057,s050,6,0.1495206763340259,3.652404305865766e-05,0.6094313082051855
s057,s051,6,0.17959496690831422,0.0391431447696708,0.6405306324494207
s057,s052,6,0.14871487647444565,0.003908897743237353,0.380125064620091
s057,s053,6,0.22756721591206408,0.15712636951585962,0.7323003879384916
s057,s054,6,0.12226468542302714,0.0038293877091085467,0.6797212187912418
s057,s055,6,0.3665453907373126,0.27126248884636955,0.7457207589570424
s057,s056,6,0.17684183873648593,0.1702974994158902,0.7344015334278665
s057,s002,7,0.1016752597318431,5.15992313120139e-06,0.742724419079365
s057,s003,7,0.10247356216813952,0.0214076626769933,0.7411482991982561
s057,s004,7,0.0915156934232467,0.008999772930986537,0.6789782755557402
s057,s005,7,0.06104262670618992,0.07303830821570607,0.595307961253772
s057,s007,7,0.10970929376882899,0.0006241577603864438,0.5828189450773195
s057,s008,7,0.11591402858666117,0.0064503029741152015,0.6965626204061772
s057,s010,7,0.24485711424357992,0.003399638163918765,0.6314001240368681
s057,s011,7,0.24621986033087004,0.03582175829139564,0.729359753812953
s057,s012,7,0.14373329888161127,0.08939422038974827,0.7443333494655329
s057,s013,7,0.24130023009159116,0.146458184266348,0.780011286504457
s057,s015,7,0.6140998731934146,0.02121645769634359,0.5797548089810933
s057,s016,7,0.04900381539109725,0.0437387178854837,0.5751838899173823
s057,s017,7,0.12583860857199178,0.03562277463645916,0.7425658489023362
s057,s018,7,0.1760126053368063,0.1747760561469377,0.7340139432105415
s057,s019,7,0.08940137394870473,0.02478556074047815,0.5338332093151181
s057,s020,7,0.22597375106404854,0.05983458914361161,0.6284800113924054
s057,s021,7,0.14906958981123303,0.025506490185845422,0.6122138321208876
s057,s022,7,0.07659878455538931,0.13528531676607056,0.662693245811937
s057,s024,7,0.07626509624141779,0.0027271735322470896,0.6899359032880271
s057,s025,7,0.09610507266119858,0.006325531402266192,0.6250901907528065
s057,s026,7,0.12743239353911806,0.05791353405956598,0.5952238884999062
s057,s027,7,0.07784691563274707,0.029927304617041597,0.5197125402760995
s057,s028,7,0.18584957668059074,0.009504466978239107,0.6663580992335078
s057,s029,7,0.2127700563939375,0.1345934035063311,0.6854331083716811
s057,s030,7,0.059220823632269055,0.1712015801406463,0.6423645202901329
s057,s031,7,0.07380045379128043,0.004527532438875504,0.6573344931914887
s057,s032,7,0.27882630144433157,0.09770060781538295,0.7863808313218378
s057,s033,7,0.09437171383282485,0.023746480144102116,0.481031291383593
s057,s034,7,0.1423912530277763,0.010270549082847198,0.5588654444859993
s057,s035,7,0.14340915428906512,0.025042202563557853,0.4986826788511698
s057,s036,7,0.0977993281257,0.12428036964839059,0.5907760587488855
s057,s037,7,0.16922075309488874,0.1261279748109804,0.6917810154792948
s057,s038,7,0.14348224676970095,0.010405560018163578,0.569272989617022
s057,s039,7,0.0937654486537511,0.09249123559855378,0.5267201193848314
s057,s040,7,0.09848987789048233,0.0001327585084842089,0.5164197149811496
s057,s041,7,0.14490605692060018,5.881219696482167e-06,0.6718425476936787
s057,s042,7,0.09685144895391012,0.016024657127253684,0.6822250869959483
s057,s043,7,0.049079349094198976,0.19969119804119126,0.6148714618816727
s057,s044,7,0.06561703082922028,0.010018619952050452,0.6576576398961232
s057,s046,7,0.06690791105753312,0.002514303443783361,0.5917371244061004
s057,s047,7,0.13127311075908066,0.012030654009957288,0.45684733414074213
s057,s048,7,0.22231655075806836,0.0017067356440441173,0.6170965090725826
s057,s049,7,0.05124690024569119,0.06925564323549036,0.5970948777645656
s057,s050,7,0.10224749397657652,0.0024181501744130933,0.5879902018168934
s057,s051,7,0.15238071504968095,0.06149878618014698,0.696688442510181
s057,s052,7,0.12676330430484317,7.358436495757252e-05,0.368845973461322
s057,s053,7,0.28058973803683995,0.09942301435853498,0.7039383164350163
s057,s054,7,0.16786230424055312,0.0006307391706123496,0.6695443878635611
s057,s055,7,0.31029805763657253,0.2620481164055907,0.655171532368796
s057,s056,7,0.20667434879527138,0.07688838391550341,0.7271740214570191
s057,s002,8,0.05199599043466417,0.02611293587102557,0.6932146327086052
s057,s003,8,0.10600318184727853,0.09351876513148526,0.7000270088540874
s057,s004,8,0.03486249659296658,0.027061338686898154,0.605373378732512
s057,s005,8,0.0293632462329294,0.0161047152780633,0.6726248115326974
s057,s007,8,0.0699292798584615,0.0008754487812049117,0.5867862510807915
s057,s008,8,0.13316397315465392,0.026171492332554967,0.6413645773529111
s057,s010,8,0.10756243631648305,0.012789646700717208,0.6823508671410968
s057,s011,8,0.13852746272032734,0.19408306331640465,0.8071129886346287
s057,s012,8,0.09952413124318216,0.10710365104766438,0.7736156552280277
s057,s013,8,0.12394622574610746,0.16028001919956344,0.8420903865037205
s057,s015,8,0.7381841888290823,0.03900469490997598,0.655965621328929
s057,s016,8,0.017648942749540115,0.3004248157135232,0.7563943168427151
s057,s017,8,0.07397487137360319,0.027622205367749654,0.7606642095463095
s057,s018,8,0.14340464385044394,0.21565096533579348,0.7504768783824498
s057,s019,8,0.061794256502087114,0.03077988599360816,0.590694847675663
s057,s020,8,0.07981865660361774,0.0015106645114740802,0.7406929322223609
s057,s021,8,0.06215363684672187,0.0681843070473323,0.6556042852719778
s057,s022,8,0.026969869056920504,0.13439527018392292,0.6980029909832737
s057,s024,8,0.05293314028400629,0.00246588014059244,0.7069602885671159
s057,s025,8,0.05221812049298608,0.02733337861388021,0.6496475866974232
s057,s026,8,0.09045109037495191,0.028777094156203605,0.6314936910579729
s057,s027,8,0.08459664260279037,0.08613927383372764,0.5362882439883287
s057,s028,8,0.04874009409220097,0.01647058043603458,0.7160344176067251
s057,s029,8,0.16123627795525977,0.07089096492954601,0.690310233407711
s057,s030,8,0.04827838224202837,0.09628831412818759,0.7163791933148348
s057,s031,8,0.044928000795403766,0.08194876300709622,0.5951019092155108
s057,s032,8,0.13057596648195113,0.20096749388383825,0.8199040318862484
s057,s033,8,0.046500284073140746,0.03262637829934737,0.6229264260515897
s057,s034,8,0.05359511616366944,0.009534304588149705,0.5833460219154053
s057,s035,8,0.04957540621118551,0.0021687048043288566,0.48323422159039575
s057,s036,8,0.03429950555354144,0.16664333700529624,0.6666908514575963
s057,s037,8,0.10526675378832774,0.014138363504168545,0.6135725076095917
s057,s038,8,0.07140411596386508,0.0004909691386955419,0.5654735543214744
s057,s039,8,0.03312922887816389,0.03829427604698294,0.5122678946633108
s057,s040,8,0.06106171825840655,0.0018327800035984393,0.4617596128454944
s057,s041,8,0.0727803800376416,0.02600788206315406,0.7957034938594423
s057,s042,8,0.0973464162794217,0.010417175249300262,0.5674271868291989
s057,s043,8,0.04925655606200278,0.1369250004580511,0.6693482566001803
s057,s044,8,0.025379967542688,0.004809960862921748,0.6962655711252571
s057,s046,8,0.02066479856579259,0.08031146669607855,0.6250021820097368
s057,s047,8,0.06678363003593286,0.04215811825553016,0.40506727486577127
s057,s048,8,0.06548788263271782,0.0205943629192507,0.5994841064522177
s057,s049,8,0.02851188611295174,0.12629958363070581,0.7653361222417604
s057,s050,8,0.045921236089316086,0.0630631118940076,0.6031607605527324
s057,s051,8,0.07272672181439446,0.07516647225814886,0.7121633733464909
s057,s052,8,0.07677779508952985,0.0036522304110230145,0.4375991542288053
s057,s053,8,0.08458255969852055,0.16758214974235744,0.741961849659654
s057,s054,8,0.10467633274481931,0.09841382522413744,0.7113335017730027
s057,s055,8,0.21038083207307998,0.48496438445959794,0.7470090884157705
s057,s056,8,0.09491164524254166,0.20675099138758832,0.7497960972311869
